ISO-10303-21;
HEADER;
/* Generated by software containing ST-Developer
 * from STEP Tools, Inc. (www.steptools.com) 
 */
/* OPTION: using custom schema-name function */

FILE_DESCRIPTION(
/* description */ (''),
/* implementation_level */ '2;1');

FILE_NAME(
/* name */ '\X2\603B88C5914D\X0\.stp',
/* time_stamp */ '2026-09-22T10:37:22+08:00',
/* author */ (''),
/* organization */ (''),
/* preprocessor_version */ 'ST-DEVELOPER v16.7',
/* originating_system */ 'SIEMENS PLM Software NX 12.0',
/* authorisation */ '');

FILE_SCHEMA (('AUTOMOTIVE_DESIGN { 1 0 10303 214 3 1 1 1 }'));
ENDSEC;

DATA;
#10=CONTEXT_DEPENDENT_SHAPE_REPRESENTATION(#64,#198);
#11=CONTEXT_DEPENDENT_SHAPE_REPRESENTATION(#65,#200);
#12=CONTEXT_DEPENDENT_SHAPE_REPRESENTATION(#66,#201);
#13=CONTEXT_DEPENDENT_SHAPE_REPRESENTATION(#67,#202);
#14=CONTEXT_DEPENDENT_SHAPE_REPRESENTATION(#68,#204);
#15=CONTEXT_DEPENDENT_SHAPE_REPRESENTATION(#69,#205);
#16=CONTEXT_DEPENDENT_SHAPE_REPRESENTATION(#70,#206);
#17=CONTEXT_DEPENDENT_SHAPE_REPRESENTATION(#71,#207);
#18=CONTEXT_DEPENDENT_SHAPE_REPRESENTATION(#72,#208);
#19=CONTEXT_DEPENDENT_SHAPE_REPRESENTATION(#73,#209);
#20=CONTEXT_DEPENDENT_SHAPE_REPRESENTATION(#74,#210);
#21=CONTEXT_DEPENDENT_SHAPE_REPRESENTATION(#75,#211);
#22=CONTEXT_DEPENDENT_SHAPE_REPRESENTATION(#76,#212);
#23=CONTEXT_DEPENDENT_SHAPE_REPRESENTATION(#77,#213);
#24=CONTEXT_DEPENDENT_SHAPE_REPRESENTATION(#78,#214);
#25=CONTEXT_DEPENDENT_SHAPE_REPRESENTATION(#79,#215);
#26=CONTEXT_DEPENDENT_SHAPE_REPRESENTATION(#80,#216);
#27=CONTEXT_DEPENDENT_SHAPE_REPRESENTATION(#81,#217);
#28=CONTEXT_DEPENDENT_SHAPE_REPRESENTATION(#82,#218);
#29=CONTEXT_DEPENDENT_SHAPE_REPRESENTATION(#83,#219);
#30=CONTEXT_DEPENDENT_SHAPE_REPRESENTATION(#84,#220);
#31=CONTEXT_DEPENDENT_SHAPE_REPRESENTATION(#85,#221);
#32=CONTEXT_DEPENDENT_SHAPE_REPRESENTATION(#86,#222);
#33=CONTEXT_DEPENDENT_SHAPE_REPRESENTATION(#87,#223);
#34=CONTEXT_DEPENDENT_SHAPE_REPRESENTATION(#88,#224);
#35=CONTEXT_DEPENDENT_SHAPE_REPRESENTATION(#89,#225);
#36=CONTEXT_DEPENDENT_SHAPE_REPRESENTATION(#90,#226);
#37=NEXT_ASSEMBLY_USAGE_OCCURRENCE('1001',' ','X\X2\8F745F207D275668\X0\',
#245,#227,$);
#38=NEXT_ASSEMBLY_USAGE_OCCURRENCE('1002',' ','\X2\51B25934\X0\',#246,#230,
$);
#39=NEXT_ASSEMBLY_USAGE_OCCURRENCE('1003',' ','\X2\51B25934\X0\2',#246,
#229,$);
#40=NEXT_ASSEMBLY_USAGE_OCCURRENCE('1004',' ','\X2\51B25934\X0\3',#246,
#228,$);
#41=NEXT_ASSEMBLY_USAGE_OCCURRENCE('1005',' ','Z\X2\8F74\X0\42\X2\7535673A56FA5B9A67B6\X0\',
#247,#244,$);
#42=NEXT_ASSEMBLY_USAGE_OCCURRENCE('1006',' ','\X2\51B259346ED15757\X0\',
#247,#246,$);
#43=NEXT_ASSEMBLY_USAGE_OCCURRENCE('1007',' ','\X2\8FD052A85E7353F0\X0\',
#247,#243,$);
#44=NEXT_ASSEMBLY_USAGE_OCCURRENCE('1008',' ','\X2\524D6321677F\X0\',#247,
#245,$);
#45=NEXT_ASSEMBLY_USAGE_OCCURRENCE('1009',' ','\X2\540E6321677F\X0\',#247,
#242,$);
#46=NEXT_ASSEMBLY_USAGE_OCCURRENCE('1010',' ','\X2\7EB85E26\X0\',#247,#241,
$);
#47=NEXT_ASSEMBLY_USAGE_OCCURRENCE('1011',' ',
'KFL08_\X2\53675F0F68AF5F624E1D6746652F67B6\X0\',#247,#240,$);
#48=NEXT_ASSEMBLY_USAGE_OCCURRENCE('1012',' ',
'T8\X2\4E1D67467B8066136A21578B\X0\_L200',#247,#239,$);
#49=NEXT_ASSEMBLY_USAGE_OCCURRENCE('1013',' ',
'KFL08_\X2\53675F0F68AF5F624E1D6746652F67B6\X0\',#247,#240,$);
#50=NEXT_ASSEMBLY_USAGE_OCCURRENCE('1014',' ',
'KFL08_\X2\53675F0F68AF5F624E1D6746652F67B6\X0\',#247,#240,$);
#51=NEXT_ASSEMBLY_USAGE_OCCURRENCE('1015',' ',
'T8\X2\4E1D67467B8066136A21578B\X0\_L200',#247,#239,$);
#52=NEXT_ASSEMBLY_USAGE_OCCURRENCE('1016',' ',
'GT2_232MM\X2\540C6B655E267B8066136A21578B\X0\',#247,#238,$);
#53=NEXT_ASSEMBLY_USAGE_OCCURRENCE('1017',' ','\X2\6EDA7EB88F97\X0\',#247,
#237,$);
#54=NEXT_ASSEMBLY_USAGE_OCCURRENCE('1018',' ','\X2\6EDA7EB88F97\X0\2',#247,
#236,$);
#55=NEXT_ASSEMBLY_USAGE_OCCURRENCE('1019',' ','Y\X2\8F746EDA7EB88F976ED169FD\X0\',
#247,#235,$);
#56=NEXT_ASSEMBLY_USAGE_OCCURRENCE('1020',' ','608ZZ',#247,#234,$);
#57=NEXT_ASSEMBLY_USAGE_OCCURRENCE('1021',' ','Y\X2\8F746EDA7EB88F976ED169FD\X0\',
#247,#235,$);
#58=NEXT_ASSEMBLY_USAGE_OCCURRENCE('1022',' ','608ZZ',#247,#234,$);
#59=NEXT_ASSEMBLY_USAGE_OCCURRENCE('1023',' ','Y\X2\8F744ECE52A88F8A5F207D275668\X0\',
#247,#233,$);
#60=NEXT_ASSEMBLY_USAGE_OCCURRENCE('1024',' ','Y\X2\8F744ECE52A88F8A5F207D275668\X0\',
#247,#233,$);
#61=NEXT_ASSEMBLY_USAGE_OCCURRENCE('1025',' ','\X2\62535B54652F649157AB677F\X0\',
#247,#232,$);
#62=NEXT_ASSEMBLY_USAGE_OCCURRENCE('1026',' ','608ZZ',#247,#234,$);
#63=NEXT_ASSEMBLY_USAGE_OCCURRENCE('1027',' ','\X2\5BFC541167B6\X0\',#247,
#231,$);
#64=(
REPRESENTATION_RELATIONSHIP(' ',' ',#355,#373)
REPRESENTATION_RELATIONSHIP_WITH_TRANSFORMATION(#91)
SHAPE_REPRESENTATION_RELATIONSHIP()
);
#65=(
REPRESENTATION_RELATIONSHIP(' ',' ',#358,#374)
REPRESENTATION_RELATIONSHIP_WITH_TRANSFORMATION(#92)
SHAPE_REPRESENTATION_RELATIONSHIP()
);
#66=(
REPRESENTATION_RELATIONSHIP(' ',' ',#357,#374)
REPRESENTATION_RELATIONSHIP_WITH_TRANSFORMATION(#93)
SHAPE_REPRESENTATION_RELATIONSHIP()
);
#67=(
REPRESENTATION_RELATIONSHIP(' ',' ',#356,#374)
REPRESENTATION_RELATIONSHIP_WITH_TRANSFORMATION(#94)
SHAPE_REPRESENTATION_RELATIONSHIP()
);
#68=(
REPRESENTATION_RELATIONSHIP(' ',' ',#372,#375)
REPRESENTATION_RELATIONSHIP_WITH_TRANSFORMATION(#95)
SHAPE_REPRESENTATION_RELATIONSHIP()
);
#69=(
REPRESENTATION_RELATIONSHIP(' ',' ',#374,#375)
REPRESENTATION_RELATIONSHIP_WITH_TRANSFORMATION(#96)
SHAPE_REPRESENTATION_RELATIONSHIP()
);
#70=(
REPRESENTATION_RELATIONSHIP(' ',' ',#371,#375)
REPRESENTATION_RELATIONSHIP_WITH_TRANSFORMATION(#97)
SHAPE_REPRESENTATION_RELATIONSHIP()
);
#71=(
REPRESENTATION_RELATIONSHIP(' ',' ',#373,#375)
REPRESENTATION_RELATIONSHIP_WITH_TRANSFORMATION(#98)
SHAPE_REPRESENTATION_RELATIONSHIP()
);
#72=(
REPRESENTATION_RELATIONSHIP(' ',' ',#370,#375)
REPRESENTATION_RELATIONSHIP_WITH_TRANSFORMATION(#99)
SHAPE_REPRESENTATION_RELATIONSHIP()
);
#73=(
REPRESENTATION_RELATIONSHIP(' ',' ',#369,#375)
REPRESENTATION_RELATIONSHIP_WITH_TRANSFORMATION(#100)
SHAPE_REPRESENTATION_RELATIONSHIP()
);
#74=(
REPRESENTATION_RELATIONSHIP(' ',' ',#368,#375)
REPRESENTATION_RELATIONSHIP_WITH_TRANSFORMATION(#101)
SHAPE_REPRESENTATION_RELATIONSHIP()
);
#75=(
REPRESENTATION_RELATIONSHIP(' ',' ',#367,#375)
REPRESENTATION_RELATIONSHIP_WITH_TRANSFORMATION(#102)
SHAPE_REPRESENTATION_RELATIONSHIP()
);
#76=(
REPRESENTATION_RELATIONSHIP(' ',' ',#368,#375)
REPRESENTATION_RELATIONSHIP_WITH_TRANSFORMATION(#103)
SHAPE_REPRESENTATION_RELATIONSHIP()
);
#77=(
REPRESENTATION_RELATIONSHIP(' ',' ',#368,#375)
REPRESENTATION_RELATIONSHIP_WITH_TRANSFORMATION(#104)
SHAPE_REPRESENTATION_RELATIONSHIP()
);
#78=(
REPRESENTATION_RELATIONSHIP(' ',' ',#367,#375)
REPRESENTATION_RELATIONSHIP_WITH_TRANSFORMATION(#105)
SHAPE_REPRESENTATION_RELATIONSHIP()
);
#79=(
REPRESENTATION_RELATIONSHIP(' ',' ',#366,#375)
REPRESENTATION_RELATIONSHIP_WITH_TRANSFORMATION(#106)
SHAPE_REPRESENTATION_RELATIONSHIP()
);
#80=(
REPRESENTATION_RELATIONSHIP(' ',' ',#365,#375)
REPRESENTATION_RELATIONSHIP_WITH_TRANSFORMATION(#107)
SHAPE_REPRESENTATION_RELATIONSHIP()
);
#81=(
REPRESENTATION_RELATIONSHIP(' ',' ',#364,#375)
REPRESENTATION_RELATIONSHIP_WITH_TRANSFORMATION(#108)
SHAPE_REPRESENTATION_RELATIONSHIP()
);
#82=(
REPRESENTATION_RELATIONSHIP(' ',' ',#363,#375)
REPRESENTATION_RELATIONSHIP_WITH_TRANSFORMATION(#109)
SHAPE_REPRESENTATION_RELATIONSHIP()
);
#83=(
REPRESENTATION_RELATIONSHIP(' ',' ',#362,#375)
REPRESENTATION_RELATIONSHIP_WITH_TRANSFORMATION(#110)
SHAPE_REPRESENTATION_RELATIONSHIP()
);
#84=(
REPRESENTATION_RELATIONSHIP(' ',' ',#363,#375)
REPRESENTATION_RELATIONSHIP_WITH_TRANSFORMATION(#111)
SHAPE_REPRESENTATION_RELATIONSHIP()
);
#85=(
REPRESENTATION_RELATIONSHIP(' ',' ',#362,#375)
REPRESENTATION_RELATIONSHIP_WITH_TRANSFORMATION(#112)
SHAPE_REPRESENTATION_RELATIONSHIP()
);
#86=(
REPRESENTATION_RELATIONSHIP(' ',' ',#361,#375)
REPRESENTATION_RELATIONSHIP_WITH_TRANSFORMATION(#113)
SHAPE_REPRESENTATION_RELATIONSHIP()
);
#87=(
REPRESENTATION_RELATIONSHIP(' ',' ',#361,#375)
REPRESENTATION_RELATIONSHIP_WITH_TRANSFORMATION(#114)
SHAPE_REPRESENTATION_RELATIONSHIP()
);
#88=(
REPRESENTATION_RELATIONSHIP(' ',' ',#360,#375)
REPRESENTATION_RELATIONSHIP_WITH_TRANSFORMATION(#115)
SHAPE_REPRESENTATION_RELATIONSHIP()
);
#89=(
REPRESENTATION_RELATIONSHIP(' ',' ',#362,#375)
REPRESENTATION_RELATIONSHIP_WITH_TRANSFORMATION(#116)
SHAPE_REPRESENTATION_RELATIONSHIP()
);
#90=(
REPRESENTATION_RELATIONSHIP(' ',' ',#359,#375)
REPRESENTATION_RELATIONSHIP_WITH_TRANSFORMATION(#117)
SHAPE_REPRESENTATION_RELATIONSHIP()
);
#91=ITEM_DEFINED_TRANSFORMATION(' ',' ',#10674,#11764);
#92=ITEM_DEFINED_TRANSFORMATION(' ',' ',#10674,#11765);
#93=ITEM_DEFINED_TRANSFORMATION(' ',' ',#10674,#11766);
#94=ITEM_DEFINED_TRANSFORMATION(' ',' ',#10674,#11767);
#95=ITEM_DEFINED_TRANSFORMATION(' ',' ',#10674,#11768);
#96=ITEM_DEFINED_TRANSFORMATION(' ',' ',#10674,#11769);
#97=ITEM_DEFINED_TRANSFORMATION(' ',' ',#10674,#11770);
#98=ITEM_DEFINED_TRANSFORMATION(' ',' ',#10674,#11771);
#99=ITEM_DEFINED_TRANSFORMATION(' ',' ',#10674,#11772);
#100=ITEM_DEFINED_TRANSFORMATION(' ',' ',#10674,#11773);
#101=ITEM_DEFINED_TRANSFORMATION(' ',' ',#10674,#11774);
#102=ITEM_DEFINED_TRANSFORMATION(' ',' ',#10674,#11775);
#103=ITEM_DEFINED_TRANSFORMATION(' ',' ',#10674,#11776);
#104=ITEM_DEFINED_TRANSFORMATION(' ',' ',#10674,#11777);
#105=ITEM_DEFINED_TRANSFORMATION(' ',' ',#10674,#11778);
#106=ITEM_DEFINED_TRANSFORMATION(' ',' ',#10674,#11779);
#107=ITEM_DEFINED_TRANSFORMATION(' ',' ',#10674,#11780);
#108=ITEM_DEFINED_TRANSFORMATION(' ',' ',#10674,#11781);
#109=ITEM_DEFINED_TRANSFORMATION(' ',' ',#10674,#11782);
#110=ITEM_DEFINED_TRANSFORMATION(' ',' ',#10674,#11783);
#111=ITEM_DEFINED_TRANSFORMATION(' ',' ',#10674,#11784);
#112=ITEM_DEFINED_TRANSFORMATION(' ',' ',#10674,#11785);
#113=ITEM_DEFINED_TRANSFORMATION(' ',' ',#10674,#11786);
#114=ITEM_DEFINED_TRANSFORMATION(' ',' ',#10674,#11787);
#115=ITEM_DEFINED_TRANSFORMATION(' ',' ',#10674,#11788);
#116=ITEM_DEFINED_TRANSFORMATION(' ',' ',#10674,#11789);
#117=ITEM_DEFINED_TRANSFORMATION(' ',' ',#10674,#11790);
#118=SHAPE_REPRESENTATION_RELATIONSHIP('None',
'relationship between X\X2\8F745F207D275668\X0\-None and X\X2\8F745F207D275668\X0\-
None',#355,#138);
#119=SHAPE_REPRESENTATION_RELATIONSHIP('None',
'relationship between \X2\51B25934\X0\3-None and \X2\51B25934\X0\3-Non
e',#356,#139);
#120=SHAPE_REPRESENTATION_RELATIONSHIP('None',
'relationship between \X2\51B25934\X0\2-None and \X2\51B25934\X0\2-Non
e',#357,#140);
#121=SHAPE_REPRESENTATION_RELATIONSHIP('None',
'relationship between \X2\51B25934\X0\-None and \X2\51B25934\X0\-None',
#358,#141);
#122=SHAPE_REPRESENTATION_RELATIONSHIP('None',
'relationship between \X2\5BFC541167B6\X0\-None and \X2\5BFC541167B6\X0\-
None',#359,#142);
#123=SHAPE_REPRESENTATION_RELATIONSHIP('None',
'relationship between \X2\62535B54652F649157AB677F\X0\-None and \X2\62535B54652F649157AB677F\X0\-
None',#360,#143);
#124=SHAPE_REPRESENTATION_RELATIONSHIP('None',
'relationship between Y\X2\8F744ECE52A88F8A5F207D275668\X0\-None and Y
\X2\8F744ECE52A88F8A5F207D275668\X0\-None',#361,#144);
#125=SHAPE_REPRESENTATION_RELATIONSHIP('None',
'relationship between 608zz-None and 608zz-None',#362,#145);
#126=SHAPE_REPRESENTATION_RELATIONSHIP('None',
'relationship between Y\X2\8F746EDA7EB88F976ED169FD\X0\-None and Y\X2\8F746EDA7EB88F976ED169FD\X0\-
None',#363,#146);
#127=SHAPE_REPRESENTATION_RELATIONSHIP('None',
'relationship between \X2\6EDA7EB88F97\X0\2-None and \X2\6EDA7EB88F97\X0\2
-None',#364,#147);
#128=SHAPE_REPRESENTATION_RELATIONSHIP('None',
'relationship between \X2\6EDA7EB88F97\X0\-None and \X2\6EDA7EB88F97\X0\-
None',#365,#148);
#129=SHAPE_REPRESENTATION_RELATIONSHIP('None',
'relationship between GT2_232mm\X2\540C6B655E267B8066136A21578B\X0\-No
ne and GT2_232mm\X2\540C6B655E267B8066136A21578B\X0\-None',#366,#149);
#130=SHAPE_REPRESENTATION_RELATIONSHIP('None',
'relationship between T8\X2\4E1D67467B8066136A21578B\X0\_L200-None and
 T8\X2\4E1D67467B8066136A21578B\X0\_L200-None',#367,#150);
#131=SHAPE_REPRESENTATION_RELATIONSHIP('None',
'relationship between KFL08_\X2\53675F0F68AF5F624E1D6746652F67B6\X0\-N
one and KFL08_\X2\53675F0F68AF5F624E1D6746652F67B6\X0\-None',#368,#151);
#132=SHAPE_REPRESENTATION_RELATIONSHIP('None',
'relationship between \X2\7EB85E26\X0\-None and \X2\7EB85E26\X0\-None',
#369,#152);
#133=SHAPE_REPRESENTATION_RELATIONSHIP('None',
'relationship between \X2\540E6321677F\X0\-None and \X2\540E6321677F\X0\-
None',#370,#153);
#134=SHAPE_REPRESENTATION_RELATIONSHIP('None',
'relationship between \X2\8FD052A85E7353F0\X0\-None and \X2\8FD052A85E7353F0\X0\-
None',#371,#154);
#135=SHAPE_REPRESENTATION_RELATIONSHIP('None',
'relationship between Z\X2\8F74\X0\42\X2\7535673A56FA5B9A67B6\X0\-None
 and Z\X2\8F74\X0\42\X2\7535673A56FA5B9A67B6\X0\-None',#372,#155);
#136=SHAPE_REPRESENTATION_RELATIONSHIP('None',
'relationship between \X2\524D6321677F\X0\-None and \X2\524D6321677F\X0\-
None',#373,#156);
#137=SHAPE_REPRESENTATION_RELATIONSHIP('None',
'relationship between \X2\51B259346ED15757\X0\-None and \X2\51B259346ED15757\X0\-
None',#374,#157);
#138=ADVANCED_BREP_SHAPE_REPRESENTATION('X\X2\8F745F207D275668\X0\-Non
e',(#636,#637,#638),#17551);
#139=ADVANCED_BREP_SHAPE_REPRESENTATION('\X2\51B25934\X0\3-None',(#627),
#17550);
#140=ADVANCED_BREP_SHAPE_REPRESENTATION('\X2\51B25934\X0\2-None',(#626),
#17549);
#141=ADVANCED_BREP_SHAPE_REPRESENTATION('\X2\51B25934\X0\-None',(#625),
#17548);
#142=ADVANCED_BREP_SHAPE_REPRESENTATION('\X2\5BFC541167B6\X0\-None',(#655,
#656),#17547);
#143=ADVANCED_BREP_SHAPE_REPRESENTATION('\X2\62535B54652F649157AB677F\X0\-
None',(#651,#652,#653,#654),#17546);
#144=ADVANCED_BREP_SHAPE_REPRESENTATION('Y\X2\8F744ECE52A88F8A5F207D275668\X0\-
None',(#649,#650),#17545);
#145=ADVANCED_BREP_SHAPE_REPRESENTATION('608zz-None',(#648),#17544);
#146=ADVANCED_BREP_SHAPE_REPRESENTATION('Y\X2\8F746EDA7EB88F976ED169FD\X0\-
None',(#647),#17543);
#147=ADVANCED_BREP_SHAPE_REPRESENTATION('\X2\6EDA7EB88F97\X0\2-None',(#646),
#17542);
#148=ADVANCED_BREP_SHAPE_REPRESENTATION('\X2\6EDA7EB88F97\X0\-None',(#645),
#17541);
#149=ADVANCED_BREP_SHAPE_REPRESENTATION(
'GT2_232mm\X2\540C6B655E267B8066136A21578B\X0\-None',(#644),#17540);
#150=ADVANCED_BREP_SHAPE_REPRESENTATION(
'T8\X2\4E1D67467B8066136A21578B\X0\_L200-None',(#643),#17539);
#151=ADVANCED_BREP_SHAPE_REPRESENTATION(
'KFL08_\X2\53675F0F68AF5F624E1D6746652F67B6\X0\-None',(#642),#17538);
#152=ADVANCED_BREP_SHAPE_REPRESENTATION('\X2\7EB85E26\X0\-None',(#641),
#17537);
#153=ADVANCED_BREP_SHAPE_REPRESENTATION('\X2\540E6321677F\X0\-None',(#640),
#17536);
#154=ADVANCED_BREP_SHAPE_REPRESENTATION('\X2\8FD052A85E7353F0\X0\-None',
(#631,#632,#633,#634,#635),#17534);
#155=ADVANCED_BREP_SHAPE_REPRESENTATION('Z\X2\8F74\X0\42\X2\7535673A56FA5B9A67B6\X0\-
None',(#624),#17532);
#156=ADVANCED_BREP_SHAPE_REPRESENTATION('\X2\524D6321677F\X0\-None',(#639),
#17535);
#157=ADVANCED_BREP_SHAPE_REPRESENTATION('\X2\51B259346ED15757\X0\-None',
(#628,#629,#630),#17533);
#158=SHAPE_DEFINITION_REPRESENTATION(#179,#355);
#159=SHAPE_DEFINITION_REPRESENTATION(#180,#356);
#160=SHAPE_DEFINITION_REPRESENTATION(#181,#357);
#161=SHAPE_DEFINITION_REPRESENTATION(#182,#358);
#162=SHAPE_DEFINITION_REPRESENTATION(#183,#359);
#163=SHAPE_DEFINITION_REPRESENTATION(#184,#360);
#164=SHAPE_DEFINITION_REPRESENTATION(#185,#361);
#165=SHAPE_DEFINITION_REPRESENTATION(#186,#362);
#166=SHAPE_DEFINITION_REPRESENTATION(#187,#363);
#167=SHAPE_DEFINITION_REPRESENTATION(#188,#364);
#168=SHAPE_DEFINITION_REPRESENTATION(#189,#365);
#169=SHAPE_DEFINITION_REPRESENTATION(#190,#366);
#170=SHAPE_DEFINITION_REPRESENTATION(#191,#367);
#171=SHAPE_DEFINITION_REPRESENTATION(#192,#368);
#172=SHAPE_DEFINITION_REPRESENTATION(#193,#369);
#173=SHAPE_DEFINITION_REPRESENTATION(#194,#370);
#174=SHAPE_DEFINITION_REPRESENTATION(#195,#371);
#175=SHAPE_DEFINITION_REPRESENTATION(#196,#372);
#176=SHAPE_DEFINITION_REPRESENTATION(#197,#373);
#177=SHAPE_DEFINITION_REPRESENTATION(#199,#374);
#178=SHAPE_DEFINITION_REPRESENTATION(#203,#375);
#179=PRODUCT_DEFINITION_SHAPE('','',#227);
#180=PRODUCT_DEFINITION_SHAPE('','',#228);
#181=PRODUCT_DEFINITION_SHAPE('','',#229);
#182=PRODUCT_DEFINITION_SHAPE('','',#230);
#183=PRODUCT_DEFINITION_SHAPE('','',#231);
#184=PRODUCT_DEFINITION_SHAPE('','',#232);
#185=PRODUCT_DEFINITION_SHAPE('','',#233);
#186=PRODUCT_DEFINITION_SHAPE('','',#234);
#187=PRODUCT_DEFINITION_SHAPE('','',#235);
#188=PRODUCT_DEFINITION_SHAPE('','',#236);
#189=PRODUCT_DEFINITION_SHAPE('','',#237);
#190=PRODUCT_DEFINITION_SHAPE('','',#238);
#191=PRODUCT_DEFINITION_SHAPE('','',#239);
#192=PRODUCT_DEFINITION_SHAPE('','',#240);
#193=PRODUCT_DEFINITION_SHAPE('','',#241);
#194=PRODUCT_DEFINITION_SHAPE('','',#242);
#195=PRODUCT_DEFINITION_SHAPE('','',#243);
#196=PRODUCT_DEFINITION_SHAPE('','',#244);
#197=PRODUCT_DEFINITION_SHAPE('','',#245);
#198=PRODUCT_DEFINITION_SHAPE(' ','NAUO PRDDFN',#37);
#199=PRODUCT_DEFINITION_SHAPE('','',#246);
#200=PRODUCT_DEFINITION_SHAPE(' ','NAUO PRDDFN',#38);
#201=PRODUCT_DEFINITION_SHAPE(' ','NAUO PRDDFN',#39);
#202=PRODUCT_DEFINITION_SHAPE(' ','NAUO PRDDFN',#40);
#203=PRODUCT_DEFINITION_SHAPE('','',#247);
#204=PRODUCT_DEFINITION_SHAPE(' ','NAUO PRDDFN',#41);
#205=PRODUCT_DEFINITION_SHAPE(' ','NAUO PRDDFN',#42);
#206=PRODUCT_DEFINITION_SHAPE(' ','NAUO PRDDFN',#43);
#207=PRODUCT_DEFINITION_SHAPE(' ','NAUO PRDDFN',#44);
#208=PRODUCT_DEFINITION_SHAPE(' ','NAUO PRDDFN',#45);
#209=PRODUCT_DEFINITION_SHAPE(' ','NAUO PRDDFN',#46);
#210=PRODUCT_DEFINITION_SHAPE(' ','NAUO PRDDFN',#47);
#211=PRODUCT_DEFINITION_SHAPE(' ','NAUO PRDDFN',#48);
#212=PRODUCT_DEFINITION_SHAPE(' ','NAUO PRDDFN',#49);
#213=PRODUCT_DEFINITION_SHAPE(' ','NAUO PRDDFN',#50);
#214=PRODUCT_DEFINITION_SHAPE(' ','NAUO PRDDFN',#51);
#215=PRODUCT_DEFINITION_SHAPE(' ','NAUO PRDDFN',#52);
#216=PRODUCT_DEFINITION_SHAPE(' ','NAUO PRDDFN',#53);
#217=PRODUCT_DEFINITION_SHAPE(' ','NAUO PRDDFN',#54);
#218=PRODUCT_DEFINITION_SHAPE(' ','NAUO PRDDFN',#55);
#219=PRODUCT_DEFINITION_SHAPE(' ','NAUO PRDDFN',#56);
#220=PRODUCT_DEFINITION_SHAPE(' ','NAUO PRDDFN',#57);
#221=PRODUCT_DEFINITION_SHAPE(' ','NAUO PRDDFN',#58);
#222=PRODUCT_DEFINITION_SHAPE(' ','NAUO PRDDFN',#59);
#223=PRODUCT_DEFINITION_SHAPE(' ','NAUO PRDDFN',#60);
#224=PRODUCT_DEFINITION_SHAPE(' ','NAUO PRDDFN',#61);
#225=PRODUCT_DEFINITION_SHAPE(' ','NAUO PRDDFN',#62);
#226=PRODUCT_DEFINITION_SHAPE(' ','NAUO PRDDFN',#63);
#227=PRODUCT_DEFINITION(' ','',#269,#248);
#228=PRODUCT_DEFINITION(' ','',#270,#249);
#229=PRODUCT_DEFINITION(' ','',#271,#250);
#230=PRODUCT_DEFINITION(' ','',#272,#251);
#231=PRODUCT_DEFINITION(' ','',#273,#252);
#232=PRODUCT_DEFINITION(' ','',#274,#253);
#233=PRODUCT_DEFINITION(' ','',#275,#254);
#234=PRODUCT_DEFINITION(' ','',#276,#255);
#235=PRODUCT_DEFINITION(' ','',#277,#256);
#236=PRODUCT_DEFINITION(' ','',#278,#257);
#237=PRODUCT_DEFINITION(' ','',#279,#258);
#238=PRODUCT_DEFINITION(' ','',#280,#259);
#239=PRODUCT_DEFINITION(' ','',#281,#260);
#240=PRODUCT_DEFINITION(' ','',#282,#261);
#241=PRODUCT_DEFINITION(' ','',#283,#262);
#242=PRODUCT_DEFINITION(' ','',#284,#263);
#243=PRODUCT_DEFINITION(' ','',#285,#264);
#244=PRODUCT_DEFINITION(' ','',#286,#265);
#245=PRODUCT_DEFINITION(' ','',#287,#266);
#246=PRODUCT_DEFINITION(' ','',#288,#267);
#247=PRODUCT_DEFINITION(' ','',#289,#268);
#248=PRODUCT_DEFINITION_CONTEXT('part definition',#354,'design');
#249=PRODUCT_DEFINITION_CONTEXT('part definition',#354,'design');
#250=PRODUCT_DEFINITION_CONTEXT('part definition',#354,'design');
#251=PRODUCT_DEFINITION_CONTEXT('part definition',#354,'design');
#252=PRODUCT_DEFINITION_CONTEXT('part definition',#354,'design');
#253=PRODUCT_DEFINITION_CONTEXT('part definition',#354,'design');
#254=PRODUCT_DEFINITION_CONTEXT('part definition',#354,'design');
#255=PRODUCT_DEFINITION_CONTEXT('part definition',#354,'design');
#256=PRODUCT_DEFINITION_CONTEXT('part definition',#354,'design');
#257=PRODUCT_DEFINITION_CONTEXT('part definition',#354,'design');
#258=PRODUCT_DEFINITION_CONTEXT('part definition',#354,'design');
#259=PRODUCT_DEFINITION_CONTEXT('part definition',#354,'design');
#260=PRODUCT_DEFINITION_CONTEXT('part definition',#354,'design');
#261=PRODUCT_DEFINITION_CONTEXT('part definition',#354,'design');
#262=PRODUCT_DEFINITION_CONTEXT('part definition',#354,'design');
#263=PRODUCT_DEFINITION_CONTEXT('part definition',#354,'design');
#264=PRODUCT_DEFINITION_CONTEXT('part definition',#354,'design');
#265=PRODUCT_DEFINITION_CONTEXT('part definition',#354,'design');
#266=PRODUCT_DEFINITION_CONTEXT('part definition',#354,'design');
#267=PRODUCT_DEFINITION_CONTEXT('part definition',#354,'design');
#268=PRODUCT_DEFINITION_CONTEXT('part definition',#354,'design');
#269=PRODUCT_DEFINITION_FORMATION_WITH_SPECIFIED_SOURCE(' ',' ',#311,
 .NOT_KNOWN.);
#270=PRODUCT_DEFINITION_FORMATION_WITH_SPECIFIED_SOURCE(' ',' ',#312,
 .NOT_KNOWN.);
#271=PRODUCT_DEFINITION_FORMATION_WITH_SPECIFIED_SOURCE(' ',' ',#313,
 .NOT_KNOWN.);
#272=PRODUCT_DEFINITION_FORMATION_WITH_SPECIFIED_SOURCE(' ',' ',#314,
 .NOT_KNOWN.);
#273=PRODUCT_DEFINITION_FORMATION_WITH_SPECIFIED_SOURCE(' ',' ',#315,
 .NOT_KNOWN.);
#274=PRODUCT_DEFINITION_FORMATION_WITH_SPECIFIED_SOURCE(' ',' ',#316,
 .NOT_KNOWN.);
#275=PRODUCT_DEFINITION_FORMATION_WITH_SPECIFIED_SOURCE(' ',' ',#317,
 .NOT_KNOWN.);
#276=PRODUCT_DEFINITION_FORMATION_WITH_SPECIFIED_SOURCE(' ',' ',#318,
 .NOT_KNOWN.);
#277=PRODUCT_DEFINITION_FORMATION_WITH_SPECIFIED_SOURCE(' ',' ',#319,
 .NOT_KNOWN.);
#278=PRODUCT_DEFINITION_FORMATION_WITH_SPECIFIED_SOURCE(' ',' ',#320,
 .NOT_KNOWN.);
#279=PRODUCT_DEFINITION_FORMATION_WITH_SPECIFIED_SOURCE(' ',' ',#321,
 .NOT_KNOWN.);
#280=PRODUCT_DEFINITION_FORMATION_WITH_SPECIFIED_SOURCE(' ',' ',#322,
 .NOT_KNOWN.);
#281=PRODUCT_DEFINITION_FORMATION_WITH_SPECIFIED_SOURCE(' ',' ',#323,
 .NOT_KNOWN.);
#282=PRODUCT_DEFINITION_FORMATION_WITH_SPECIFIED_SOURCE(' ',' ',#324,
 .NOT_KNOWN.);
#283=PRODUCT_DEFINITION_FORMATION_WITH_SPECIFIED_SOURCE(' ',' ',#325,
 .NOT_KNOWN.);
#284=PRODUCT_DEFINITION_FORMATION_WITH_SPECIFIED_SOURCE(' ',' ',#326,
 .NOT_KNOWN.);
#285=PRODUCT_DEFINITION_FORMATION_WITH_SPECIFIED_SOURCE(' ',' ',#327,
 .NOT_KNOWN.);
#286=PRODUCT_DEFINITION_FORMATION_WITH_SPECIFIED_SOURCE(' ',' ',#328,
 .NOT_KNOWN.);
#287=PRODUCT_DEFINITION_FORMATION_WITH_SPECIFIED_SOURCE(' ',' ',#329,
 .NOT_KNOWN.);
#288=PRODUCT_DEFINITION_FORMATION_WITH_SPECIFIED_SOURCE(' ',' ',#330,
 .NOT_KNOWN.);
#289=PRODUCT_DEFINITION_FORMATION_WITH_SPECIFIED_SOURCE(' ',' ',#331,
 .NOT_KNOWN.);
#290=PRODUCT_RELATED_PRODUCT_CATEGORY('part','',(#311));
#291=PRODUCT_RELATED_PRODUCT_CATEGORY('part','',(#312));
#292=PRODUCT_RELATED_PRODUCT_CATEGORY('part','',(#313));
#293=PRODUCT_RELATED_PRODUCT_CATEGORY('part','',(#314));
#294=PRODUCT_RELATED_PRODUCT_CATEGORY('part','',(#315));
#295=PRODUCT_RELATED_PRODUCT_CATEGORY('part','',(#316));
#296=PRODUCT_RELATED_PRODUCT_CATEGORY('part','',(#317));
#297=PRODUCT_RELATED_PRODUCT_CATEGORY('part','',(#318));
#298=PRODUCT_RELATED_PRODUCT_CATEGORY('part','',(#319));
#299=PRODUCT_RELATED_PRODUCT_CATEGORY('part','',(#320));
#300=PRODUCT_RELATED_PRODUCT_CATEGORY('part','',(#321));
#301=PRODUCT_RELATED_PRODUCT_CATEGORY('part','',(#322));
#302=PRODUCT_RELATED_PRODUCT_CATEGORY('part','',(#323));
#303=PRODUCT_RELATED_PRODUCT_CATEGORY('part','',(#324));
#304=PRODUCT_RELATED_PRODUCT_CATEGORY('part','',(#325));
#305=PRODUCT_RELATED_PRODUCT_CATEGORY('part','',(#326));
#306=PRODUCT_RELATED_PRODUCT_CATEGORY('part','',(#327));
#307=PRODUCT_RELATED_PRODUCT_CATEGORY('part','',(#328));
#308=PRODUCT_RELATED_PRODUCT_CATEGORY('part','',(#329));
#309=PRODUCT_RELATED_PRODUCT_CATEGORY('part','',(#330));
#310=PRODUCT_RELATED_PRODUCT_CATEGORY('part','',(#331));
#311=PRODUCT('X\X2\8F745F207D275668\X0\','X\X2\8F745F207D275668\X0\',
' ',(#332));
#312=PRODUCT('\X2\51B25934\X0\3','\X2\51B25934\X0\3',' ',(#333));
#313=PRODUCT('\X2\51B25934\X0\2','\X2\51B25934\X0\2',' ',(#334));
#314=PRODUCT('\X2\51B25934\X0\','\X2\51B25934\X0\',' ',(#335));
#315=PRODUCT('\X2\5BFC541167B6\X0\','\X2\5BFC541167B6\X0\',' ',(#336));
#316=PRODUCT('\X2\62535B54652F649157AB677F\X0\','\X2\62535B54652F649157AB677F\X0\',
' ',(#337));
#317=PRODUCT('Y\X2\8F744ECE52A88F8A5F207D275668\X0\',
'Y\X2\8F744ECE52A88F8A5F207D275668\X0\',' ',(#338));
#318=PRODUCT('608zz','608zz',' ',(#339));
#319=PRODUCT('Y\X2\8F746EDA7EB88F976ED169FD\X0\','Y\X2\8F746EDA7EB88F976ED169FD\X0\',
' ',(#340));
#320=PRODUCT('\X2\6EDA7EB88F97\X0\2','\X2\6EDA7EB88F97\X0\2',' ',(#341));
#321=PRODUCT('\X2\6EDA7EB88F97\X0\','\X2\6EDA7EB88F97\X0\',' ',(#342));
#322=PRODUCT('GT2_232mm\X2\540C6B655E267B8066136A21578B\X0\',
'GT2_232mm\X2\540C6B655E267B8066136A21578B\X0\',' ',(#343));
#323=PRODUCT('T8\X2\4E1D67467B8066136A21578B\X0\_L200',
'T8\X2\4E1D67467B8066136A21578B\X0\_L200',' ',(#344));
#324=PRODUCT('KFL08_\X2\53675F0F68AF5F624E1D6746652F67B6\X0\',
'KFL08_\X2\53675F0F68AF5F624E1D6746652F67B6\X0\',' ',(#345));
#325=PRODUCT('\X2\7EB85E26\X0\','\X2\7EB85E26\X0\',' ',(#346));
#326=PRODUCT('\X2\540E6321677F\X0\','\X2\540E6321677F\X0\',' ',(#347));
#327=PRODUCT('\X2\8FD052A85E7353F0\X0\','\X2\8FD052A85E7353F0\X0\',' ',
(#348));
#328=PRODUCT('Z\X2\8F74\X0\42\X2\7535673A56FA5B9A67B6\X0\',
'Z\X2\8F74\X0\42\X2\7535673A56FA5B9A67B6\X0\',' ',(#349));
#329=PRODUCT('\X2\524D6321677F\X0\','\X2\524D6321677F\X0\',' ',(#350));
#330=PRODUCT('\X2\51B259346ED15757\X0\','\X2\51B259346ED15757\X0\',' ',
(#351));
#331=PRODUCT('\X2\603B88C5914D\X0\','\X2\603B88C5914D\X0\',' ',(#352));
#332=PRODUCT_CONTEXT(' ',#354,'mechanical');
#333=PRODUCT_CONTEXT(' ',#354,'mechanical');
#334=PRODUCT_CONTEXT(' ',#354,'mechanical');
#335=PRODUCT_CONTEXT(' ',#354,'mechanical');
#336=PRODUCT_CONTEXT(' ',#354,'mechanical');
#337=PRODUCT_CONTEXT(' ',#354,'mechanical');
#338=PRODUCT_CONTEXT(' ',#354,'mechanical');
#339=PRODUCT_CONTEXT(' ',#354,'mechanical');
#340=PRODUCT_CONTEXT(' ',#354,'mechanical');
#341=PRODUCT_CONTEXT(' ',#354,'mechanical');
#342=PRODUCT_CONTEXT(' ',#354,'mechanical');
#343=PRODUCT_CONTEXT(' ',#354,'mechanical');
#344=PRODUCT_CONTEXT(' ',#354,'mechanical');
#345=PRODUCT_CONTEXT(' ',#354,'mechanical');
#346=PRODUCT_CONTEXT(' ',#354,'mechanical');
#347=PRODUCT_CONTEXT(' ',#354,'mechanical');
#348=PRODUCT_CONTEXT(' ',#354,'mechanical');
#349=PRODUCT_CONTEXT(' ',#354,'mechanical');
#350=PRODUCT_CONTEXT(' ',#354,'mechanical');
#351=PRODUCT_CONTEXT(' ',#354,'mechanical');
#352=PRODUCT_CONTEXT(' ',#354,'mechanical');
#353=APPLICATION_PROTOCOL_DEFINITION('international standard',
'automotive_design',2010,#354);
#354=APPLICATION_CONTEXT(
'core data for automotive mechanical design processes');
#355=SHAPE_REPRESENTATION('X\X2\8F745F207D275668\X0\-None',(#10674),#17551);
#356=SHAPE_REPRESENTATION('\X2\51B25934\X0\3-None',(#10674),#17550);
#357=SHAPE_REPRESENTATION('\X2\51B25934\X0\2-None',(#10674),#17549);
#358=SHAPE_REPRESENTATION('\X2\51B25934\X0\-None',(#10674),#17548);
#359=SHAPE_REPRESENTATION('\X2\5BFC541167B6\X0\-None',(#10674),#17547);
#360=SHAPE_REPRESENTATION('\X2\62535B54652F649157AB677F\X0\-None',(#10674),
#17546);
#361=SHAPE_REPRESENTATION('Y\X2\8F744ECE52A88F8A5F207D275668\X0\-None',
(#10674),#17545);
#362=SHAPE_REPRESENTATION('608zz-None',(#10674),#17544);
#363=SHAPE_REPRESENTATION('Y\X2\8F746EDA7EB88F976ED169FD\X0\-None',(#10674),
#17543);
#364=SHAPE_REPRESENTATION('\X2\6EDA7EB88F97\X0\2-None',(#10674),#17542);
#365=SHAPE_REPRESENTATION('\X2\6EDA7EB88F97\X0\-None',(#10674),#17541);
#366=SHAPE_REPRESENTATION('GT2_232mm\X2\540C6B655E267B8066136A21578B\X0\-
None',(#10674),#17540);
#367=SHAPE_REPRESENTATION('T8\X2\4E1D67467B8066136A21578B\X0\_L200-Non
e',(#10674),#17539);
#368=SHAPE_REPRESENTATION('KFL08_\X2\53675F0F68AF5F624E1D6746652F67B6\X0\-
None',(#10674),#17538);
#369=SHAPE_REPRESENTATION('\X2\7EB85E26\X0\-None',(#10674),#17537);
#370=SHAPE_REPRESENTATION('\X2\540E6321677F\X0\-None',(#10674),#17536);
#371=SHAPE_REPRESENTATION('\X2\8FD052A85E7353F0\X0\-None',(#10674),#17534);
#372=SHAPE_REPRESENTATION('Z\X2\8F74\X0\42\X2\7535673A56FA5B9A67B6\X0\-
None',(#10674),#17532);
#373=SHAPE_REPRESENTATION('\X2\524D6321677F\X0\-None',(#10674,#11764),#17535);
#374=SHAPE_REPRESENTATION('\X2\51B259346ED15757\X0\-None',(#10674,#11765,
#11766,#11767),#17533);
#375=SHAPE_REPRESENTATION('\X2\603B88C5914D\X0\-none',(#10674,#11768,#11769,
#11770,#11771,#11772,#11773,#11774,#11775,#11776,#11777,#11778,#11779,#11780,
#11781,#11782,#11783,#11784,#11785,#11786,#11787,#11788,#11789,#11790),
#17531);
#376=ELLIPSE('',#11687,3.53553390593274,2.5);
#377=ELLIPSE('',#11688,3.53553390593274,2.5);
#378=ELLIPSE('',#11690,3.53553390593274,2.5);
#379=ELLIPSE('',#11692,3.53553390593274,2.5);
#380=INVISIBILITY((#413,#414));
#381=CONICAL_SURFACE('',#10718,2.1,45.0000000000001);
#382=CONICAL_SURFACE('',#10737,3.5,63.434948822922);
#383=CONICAL_SURFACE('',#10742,1.25,68.1985905136482);
#384=PRESENTATION_LAYER_ASSIGNMENT('1','Layer 1',(#624,#625,#626,#627,#628,
#629,#630,#631,#632,#633,#634,#635,#636,#637,#638,#639,#640,#641,#642,#643,
#644,#645,#646,#647,#648,#649,#650,#651,#652,#653,#654,#655,#656));
#385=STYLED_ITEM('',(#418),#624);
#386=STYLED_ITEM('',(#419),#625);
#387=STYLED_ITEM('',(#420),#626);
#388=STYLED_ITEM('',(#421),#627);
#389=STYLED_ITEM('',(#422),#628);
#390=STYLED_ITEM('',(#423),#629);
#391=STYLED_ITEM('',(#424),#630);
#392=STYLED_ITEM('',(#425),#631);
#393=STYLED_ITEM('',(#426),#632);
#394=STYLED_ITEM('',(#427),#633);
#395=STYLED_ITEM('',(#428),#634);
#396=STYLED_ITEM('',(#429),#635);
#397=STYLED_ITEM('',(#430),#636);
#398=STYLED_ITEM('',(#431),#637);
#399=STYLED_ITEM('',(#432),#638);
#400=STYLED_ITEM('',(#433),#639);
#401=STYLED_ITEM('',(#434),#640);
#402=STYLED_ITEM('',(#435),#641);
#403=STYLED_ITEM('',(#436),#642);
#404=STYLED_ITEM('',(#437),#643);
#405=STYLED_ITEM('',(#438),#644);
#406=STYLED_ITEM('',(#439),#645);
#407=STYLED_ITEM('',(#440),#646);
#408=STYLED_ITEM('',(#441),#647);
#409=STYLED_ITEM('',(#442),#648);
#410=STYLED_ITEM('',(#443),#649);
#411=STYLED_ITEM('',(#444),#650);
#412=STYLED_ITEM('',(#445),#651);
#413=STYLED_ITEM('',(#446),#652);
#414=STYLED_ITEM('',(#447),#653);
#415=STYLED_ITEM('',(#448),#654);
#416=STYLED_ITEM('',(#449),#655);
#417=STYLED_ITEM('',(#450),#656);
#418=PRESENTATION_STYLE_ASSIGNMENT((#451));
#419=PRESENTATION_STYLE_ASSIGNMENT((#452));
#420=PRESENTATION_STYLE_ASSIGNMENT((#453));
#421=PRESENTATION_STYLE_ASSIGNMENT((#454));
#422=PRESENTATION_STYLE_ASSIGNMENT((#455));
#423=PRESENTATION_STYLE_ASSIGNMENT((#456));
#424=PRESENTATION_STYLE_ASSIGNMENT((#457));
#425=PRESENTATION_STYLE_ASSIGNMENT((#458));
#426=PRESENTATION_STYLE_ASSIGNMENT((#459));
#427=PRESENTATION_STYLE_ASSIGNMENT((#460));
#428=PRESENTATION_STYLE_ASSIGNMENT((#461));
#429=PRESENTATION_STYLE_ASSIGNMENT((#462));
#430=PRESENTATION_STYLE_ASSIGNMENT((#463));
#431=PRESENTATION_STYLE_ASSIGNMENT((#464));
#432=PRESENTATION_STYLE_ASSIGNMENT((#465));
#433=PRESENTATION_STYLE_ASSIGNMENT((#466));
#434=PRESENTATION_STYLE_ASSIGNMENT((#467));
#435=PRESENTATION_STYLE_ASSIGNMENT((#468));
#436=PRESENTATION_STYLE_ASSIGNMENT((#469));
#437=PRESENTATION_STYLE_ASSIGNMENT((#470));
#438=PRESENTATION_STYLE_ASSIGNMENT((#471));
#439=PRESENTATION_STYLE_ASSIGNMENT((#472));
#440=PRESENTATION_STYLE_ASSIGNMENT((#473));
#441=PRESENTATION_STYLE_ASSIGNMENT((#474));
#442=PRESENTATION_STYLE_ASSIGNMENT((#475));
#443=PRESENTATION_STYLE_ASSIGNMENT((#476));
#444=PRESENTATION_STYLE_ASSIGNMENT((#477));
#445=PRESENTATION_STYLE_ASSIGNMENT((#478));
#446=PRESENTATION_STYLE_ASSIGNMENT((#479));
#447=PRESENTATION_STYLE_ASSIGNMENT((#480));
#448=PRESENTATION_STYLE_ASSIGNMENT((#481));
#449=PRESENTATION_STYLE_ASSIGNMENT((#482));
#450=PRESENTATION_STYLE_ASSIGNMENT((#483));
#451=SURFACE_STYLE_USAGE(.BOTH.,#484);
#452=SURFACE_STYLE_USAGE(.BOTH.,#485);
#453=SURFACE_STYLE_USAGE(.BOTH.,#486);
#454=SURFACE_STYLE_USAGE(.BOTH.,#487);
#455=SURFACE_STYLE_USAGE(.BOTH.,#488);
#456=SURFACE_STYLE_USAGE(.BOTH.,#489);
#457=SURFACE_STYLE_USAGE(.BOTH.,#490);
#458=SURFACE_STYLE_USAGE(.BOTH.,#491);
#459=SURFACE_STYLE_USAGE(.BOTH.,#492);
#460=SURFACE_STYLE_USAGE(.BOTH.,#493);
#461=SURFACE_STYLE_USAGE(.BOTH.,#494);
#462=SURFACE_STYLE_USAGE(.BOTH.,#495);
#463=SURFACE_STYLE_USAGE(.BOTH.,#496);
#464=SURFACE_STYLE_USAGE(.BOTH.,#497);
#465=SURFACE_STYLE_USAGE(.BOTH.,#498);
#466=SURFACE_STYLE_USAGE(.BOTH.,#499);
#467=SURFACE_STYLE_USAGE(.BOTH.,#500);
#468=SURFACE_STYLE_USAGE(.BOTH.,#501);
#469=SURFACE_STYLE_USAGE(.BOTH.,#502);
#470=SURFACE_STYLE_USAGE(.BOTH.,#503);
#471=SURFACE_STYLE_USAGE(.BOTH.,#504);
#472=SURFACE_STYLE_USAGE(.BOTH.,#505);
#473=SURFACE_STYLE_USAGE(.BOTH.,#506);
#474=SURFACE_STYLE_USAGE(.BOTH.,#507);
#475=SURFACE_STYLE_USAGE(.BOTH.,#508);
#476=SURFACE_STYLE_USAGE(.BOTH.,#509);
#477=SURFACE_STYLE_USAGE(.BOTH.,#510);
#478=SURFACE_STYLE_USAGE(.BOTH.,#511);
#479=SURFACE_STYLE_USAGE(.BOTH.,#512);
#480=SURFACE_STYLE_USAGE(.BOTH.,#513);
#481=SURFACE_STYLE_USAGE(.BOTH.,#514);
#482=SURFACE_STYLE_USAGE(.BOTH.,#515);
#483=SURFACE_STYLE_USAGE(.BOTH.,#516);
#484=SURFACE_SIDE_STYLE('',(#517));
#485=SURFACE_SIDE_STYLE('',(#518));
#486=SURFACE_SIDE_STYLE('',(#519));
#487=SURFACE_SIDE_STYLE('',(#520));
#488=SURFACE_SIDE_STYLE('',(#521));
#489=SURFACE_SIDE_STYLE('',(#522));
#490=SURFACE_SIDE_STYLE('',(#523));
#491=SURFACE_SIDE_STYLE('',(#524));
#492=SURFACE_SIDE_STYLE('',(#525));
#493=SURFACE_SIDE_STYLE('',(#526));
#494=SURFACE_SIDE_STYLE('',(#527));
#495=SURFACE_SIDE_STYLE('',(#528));
#496=SURFACE_SIDE_STYLE('',(#529));
#497=SURFACE_SIDE_STYLE('',(#530));
#498=SURFACE_SIDE_STYLE('',(#531));
#499=SURFACE_SIDE_STYLE('',(#532));
#500=SURFACE_SIDE_STYLE('',(#533));
#501=SURFACE_SIDE_STYLE('',(#534));
#502=SURFACE_SIDE_STYLE('',(#535));
#503=SURFACE_SIDE_STYLE('',(#536));
#504=SURFACE_SIDE_STYLE('',(#537));
#505=SURFACE_SIDE_STYLE('',(#538));
#506=SURFACE_SIDE_STYLE('',(#539));
#507=SURFACE_SIDE_STYLE('',(#540));
#508=SURFACE_SIDE_STYLE('',(#541));
#509=SURFACE_SIDE_STYLE('',(#542));
#510=SURFACE_SIDE_STYLE('',(#543));
#511=SURFACE_SIDE_STYLE('',(#544));
#512=SURFACE_SIDE_STYLE('',(#545));
#513=SURFACE_SIDE_STYLE('',(#546));
#514=SURFACE_SIDE_STYLE('',(#547));
#515=SURFACE_SIDE_STYLE('',(#548));
#516=SURFACE_SIDE_STYLE('',(#549));
#517=SURFACE_STYLE_FILL_AREA(#550);
#518=SURFACE_STYLE_FILL_AREA(#551);
#519=SURFACE_STYLE_FILL_AREA(#552);
#520=SURFACE_STYLE_FILL_AREA(#553);
#521=SURFACE_STYLE_FILL_AREA(#554);
#522=SURFACE_STYLE_FILL_AREA(#555);
#523=SURFACE_STYLE_FILL_AREA(#556);
#524=SURFACE_STYLE_FILL_AREA(#557);
#525=SURFACE_STYLE_FILL_AREA(#558);
#526=SURFACE_STYLE_FILL_AREA(#559);
#527=SURFACE_STYLE_FILL_AREA(#560);
#528=SURFACE_STYLE_FILL_AREA(#561);
#529=SURFACE_STYLE_FILL_AREA(#562);
#530=SURFACE_STYLE_FILL_AREA(#563);
#531=SURFACE_STYLE_FILL_AREA(#564);
#532=SURFACE_STYLE_FILL_AREA(#565);
#533=SURFACE_STYLE_FILL_AREA(#566);
#534=SURFACE_STYLE_FILL_AREA(#567);
#535=SURFACE_STYLE_FILL_AREA(#568);
#536=SURFACE_STYLE_FILL_AREA(#569);
#537=SURFACE_STYLE_FILL_AREA(#570);
#538=SURFACE_STYLE_FILL_AREA(#571);
#539=SURFACE_STYLE_FILL_AREA(#572);
#540=SURFACE_STYLE_FILL_AREA(#573);
#541=SURFACE_STYLE_FILL_AREA(#574);
#542=SURFACE_STYLE_FILL_AREA(#575);
#543=SURFACE_STYLE_FILL_AREA(#576);
#544=SURFACE_STYLE_FILL_AREA(#577);
#545=SURFACE_STYLE_FILL_AREA(#578);
#546=SURFACE_STYLE_FILL_AREA(#579);
#547=SURFACE_STYLE_FILL_AREA(#580);
#548=SURFACE_STYLE_FILL_AREA(#581);
#549=SURFACE_STYLE_FILL_AREA(#582);
#550=FILL_AREA_STYLE('',(#583));
#551=FILL_AREA_STYLE('',(#584));
#552=FILL_AREA_STYLE('',(#585));
#553=FILL_AREA_STYLE('',(#586));
#554=FILL_AREA_STYLE('',(#587));
#555=FILL_AREA_STYLE('',(#588));
#556=FILL_AREA_STYLE('',(#589));
#557=FILL_AREA_STYLE('',(#590));
#558=FILL_AREA_STYLE('',(#591));
#559=FILL_AREA_STYLE('',(#592));
#560=FILL_AREA_STYLE('',(#593));
#561=FILL_AREA_STYLE('',(#594));
#562=FILL_AREA_STYLE('',(#595));
#563=FILL_AREA_STYLE('',(#596));
#564=FILL_AREA_STYLE('',(#597));
#565=FILL_AREA_STYLE('',(#598));
#566=FILL_AREA_STYLE('',(#599));
#567=FILL_AREA_STYLE('',(#600));
#568=FILL_AREA_STYLE('',(#601));
#569=FILL_AREA_STYLE('',(#602));
#570=FILL_AREA_STYLE('',(#603));
#571=FILL_AREA_STYLE('',(#604));
#572=FILL_AREA_STYLE('',(#605));
#573=FILL_AREA_STYLE('',(#606));
#574=FILL_AREA_STYLE('',(#607));
#575=FILL_AREA_STYLE('',(#608));
#576=FILL_AREA_STYLE('',(#609));
#577=FILL_AREA_STYLE('',(#610));
#578=FILL_AREA_STYLE('',(#611));
#579=FILL_AREA_STYLE('',(#612));
#580=FILL_AREA_STYLE('',(#613));
#581=FILL_AREA_STYLE('',(#614));
#582=FILL_AREA_STYLE('',(#615));
#583=FILL_AREA_STYLE_COLOUR('',#616);
#584=FILL_AREA_STYLE_COLOUR('',#616);
#585=FILL_AREA_STYLE_COLOUR('',#617);
#586=FILL_AREA_STYLE_COLOUR('',#616);
#587=FILL_AREA_STYLE_COLOUR('',#616);
#588=FILL_AREA_STYLE_COLOUR('',#616);
#589=FILL_AREA_STYLE_COLOUR('',#616);
#590=FILL_AREA_STYLE_COLOUR('',#616);
#591=FILL_AREA_STYLE_COLOUR('',#616);
#592=FILL_AREA_STYLE_COLOUR('',#616);
#593=FILL_AREA_STYLE_COLOUR('',#616);
#594=FILL_AREA_STYLE_COLOUR('',#616);
#595=FILL_AREA_STYLE_COLOUR('',#616);
#596=FILL_AREA_STYLE_COLOUR('',#616);
#597=FILL_AREA_STYLE_COLOUR('',#616);
#598=FILL_AREA_STYLE_COLOUR('',#616);
#599=FILL_AREA_STYLE_COLOUR('',#616);
#600=FILL_AREA_STYLE_COLOUR('',#616);
#601=FILL_AREA_STYLE_COLOUR('',#616);
#602=FILL_AREA_STYLE_COLOUR('',#618);
#603=FILL_AREA_STYLE_COLOUR('',#619);
#604=FILL_AREA_STYLE_COLOUR('',#620);
#605=FILL_AREA_STYLE_COLOUR('',#620);
#606=FILL_AREA_STYLE_COLOUR('',#621);
#607=FILL_AREA_STYLE_COLOUR('',#622);
#608=FILL_AREA_STYLE_COLOUR('',#623);
#609=FILL_AREA_STYLE_COLOUR('',#623);
#610=FILL_AREA_STYLE_COLOUR('',#616);
#611=FILL_AREA_STYLE_COLOUR('',#616);
#612=FILL_AREA_STYLE_COLOUR('',#616);
#613=FILL_AREA_STYLE_COLOUR('',#616);
#614=FILL_AREA_STYLE_COLOUR('',#616);
#615=FILL_AREA_STYLE_COLOUR('',#616);
#616=COLOUR_RGB('Orange',1.,0.6,0.);
#617=COLOUR_RGB('Ash Gray',0.874494544899672,0.874494544899672,0.874494544899672);
#618=COLOUR_RGB('Strong Pine',0.533318074311437,0.733318074311437,0.43921568627451);
#619=COLOUR_RGB('Medium Aqua',0.752941176470588,0.890196078431372,0.874494544899672);
#620=COLOUR_RGB('Strong Stone',0.576470588235294,0.54508278019379,0.392156862745098);
#621=COLOUR_RGB('Strong Salmon',1.,0.6,0.6);
#622=COLOUR_RGB('Deep Sky',0.337239642938888,0.694102388036927,1.);
#623=COLOUR_RGB('Medium Ice',0.701960784313725,0.764705882352941,0.87843137254902);
#624=MANIFOLD_SOLID_BREP('',#657);
#625=MANIFOLD_SOLID_BREP('',#658);
#626=MANIFOLD_SOLID_BREP('',#659);
#627=MANIFOLD_SOLID_BREP('',#660);
#628=MANIFOLD_SOLID_BREP('',#661);
#629=MANIFOLD_SOLID_BREP('',#662);
#630=MANIFOLD_SOLID_BREP('',#663);
#631=MANIFOLD_SOLID_BREP('',#664);
#632=MANIFOLD_SOLID_BREP('',#665);
#633=MANIFOLD_SOLID_BREP('',#666);
#634=MANIFOLD_SOLID_BREP('',#667);
#635=MANIFOLD_SOLID_BREP('',#668);
#636=MANIFOLD_SOLID_BREP('',#669);
#637=MANIFOLD_SOLID_BREP('',#670);
#638=MANIFOLD_SOLID_BREP('',#671);
#639=MANIFOLD_SOLID_BREP('',#672);
#640=MANIFOLD_SOLID_BREP('',#673);
#641=MANIFOLD_SOLID_BREP('',#674);
#642=MANIFOLD_SOLID_BREP('',#675);
#643=MANIFOLD_SOLID_BREP('',#676);
#644=MANIFOLD_SOLID_BREP('',#677);
#645=MANIFOLD_SOLID_BREP('',#678);
#646=MANIFOLD_SOLID_BREP('',#679);
#647=MANIFOLD_SOLID_BREP('',#680);
#648=MANIFOLD_SOLID_BREP('',#681);
#649=MANIFOLD_SOLID_BREP('',#682);
#650=MANIFOLD_SOLID_BREP('',#683);
#651=MANIFOLD_SOLID_BREP('',#684);
#652=MANIFOLD_SOLID_BREP('',#685);
#653=MANIFOLD_SOLID_BREP('',#686);
#654=MANIFOLD_SOLID_BREP('',#687);
#655=MANIFOLD_SOLID_BREP('',#688);
#656=MANIFOLD_SOLID_BREP('',#689);
#657=CLOSED_SHELL('',(#2297,#2298,#2299,#2300,#2301,#2302,#2303,#2304,#2305,
#2306,#2307,#2308,#2309,#2310,#2311,#2312,#2313,#2314,#2315));
#658=CLOSED_SHELL('',(#2316,#2317,#2318,#2319));
#659=CLOSED_SHELL('',(#2320,#2321,#2322,#2323,#2324,#2325,#2326,#2327,#2328,
#2329,#2330,#2331));
#660=CLOSED_SHELL('',(#2332,#2333,#2334,#2335,#2336,#2337,#2338));
#661=CLOSED_SHELL('',(#2339,#2340,#2341,#2342,#2343,#2344,#2345,#2346,#2347,
#2348,#2349,#2350,#2351));
#662=CLOSED_SHELL('',(#2352,#2353,#2354,#2355,#2356));
#663=CLOSED_SHELL('',(#2357,#2358,#2359,#2360,#2361,#2362,#2363,#2364,#2365,
#2366,#2367,#2368,#2369,#2370,#2371,#2372,#2373,#2374,#2375,#2376,#2377,
#2378,#2379,#2380,#2381,#2382,#2383,#2384,#2385,#2386,#2387,#2388,#2389,
#2390,#2391,#2392,#2393,#2394,#2395,#2396,#2397,#2398,#2399,#2400,#2401,
#2402,#2403,#2404,#2405,#2406,#2407,#2408,#2409,#2410,#2411,#2412,#2413));
#664=CLOSED_SHELL('',(#2414,#2415,#2416,#2417,#2418,#2419,#2420,#2421,#2422,
#2423,#2424,#2425,#2426));
#665=CLOSED_SHELL('',(#2427,#2428,#2429,#2430,#2431,#2432,#2433,#2434,#2435,
#2436,#2437,#2438,#2439));
#666=CLOSED_SHELL('',(#2440,#2441,#2442,#2443,#2444,#2445,#2446,#2447,#2448,
#2449,#2450,#2451,#2452));
#667=CLOSED_SHELL('',(#2453,#2454,#2455,#2456,#2457,#2458,#2459,#2460,#2461,
#2462,#2463,#2464,#2465,#2466,#2467,#2468,#2469,#2470,#2471,#2472,#2473,
#2474,#2475,#2476,#2477,#2478,#2479,#2480,#2481,#2482,#2483,#2484,#2485,
#2486,#2487,#2488,#2489,#2490,#2491,#2492,#2493,#2494,#2495,#2496,#2497,
#2498,#2499,#2500,#2501,#2502,#2503,#2504,#2505,#2506,#2507,#2508,#2509,
#2510,#2511,#2512,#2513,#2514,#2515,#2516,#2517,#2518,#2519,#2520,#2521,
#2522,#2523,#2524,#2525,#2526,#2527,#2528,#2529,#2530,#2531));
#668=CLOSED_SHELL('',(#2532,#2533,#2534,#2535,#2536,#2537,#2538,#2539,#2540,
#2541,#2542,#2543,#2544));
#669=CLOSED_SHELL('',(#2545,#2546,#2547,#2548,#2549,#2550));
#670=CLOSED_SHELL('',(#2551,#2552,#2553));
#671=CLOSED_SHELL('',(#2554,#2555,#2556,#2557,#2558,#2559,#2560,#2561,#2562,
#2563,#2564,#2565,#2566));
#672=CLOSED_SHELL('',(#2567,#2568,#2569,#2570,#2571,#2572,#2573,#2574,#2575,
#2576,#2577,#2578,#2579,#2580,#2581,#2582,#2583,#2584,#2585,#2586,#2587,
#2588,#2589,#2590,#2591,#2592,#2593,#2594,#2595,#2596,#2597,#2598,#2599,
#2600,#2601,#2602,#2603,#2604,#2605,#2606,#2607,#2608));
#673=CLOSED_SHELL('',(#2609,#2610,#2611,#2612,#2613,#2614,#2615,#2616,#2617,
#2618,#2619,#2620,#2621,#2622,#2623,#2624,#2625,#2626,#2627,#2628,#2629,
#2630,#2631,#2632,#2633,#2634,#2635,#2636,#2637,#2638,#2639,#2640,#2641,
#2642,#2643,#2644,#2645,#2646,#2647,#2648,#2649,#2650,#2651,#2652));
#674=CLOSED_SHELL('',(#2653,#2654,#2655,#2656,#2657,#2658));
#675=CLOSED_SHELL('',(#2659,#2660,#2661,#2662,#2663,#2664,#2665,#2666,#2667,
#2668,#2669,#2670,#2671,#2672,#2673,#2674));
#676=CLOSED_SHELL('',(#2675,#2676,#2677));
#677=CLOSED_SHELL('',(#2678,#2679,#2680,#2681,#2682,#2683,#2684,#2685,#2686,
#2687));
#678=CLOSED_SHELL('',(#2688,#2689,#2690,#2691,#2692,#2693,#2694));
#679=CLOSED_SHELL('',(#2695,#2696,#2697,#2698,#2699,#2700,#2701));
#680=CLOSED_SHELL('',(#2702,#2703,#2704,#2705,#2706,#2707,#2708,#2709,#2710,
#2711,#2712,#2713,#2714,#2715,#2716,#2717,#2718,#2719,#2720,#2721,#2722,
#2723,#2724,#2725,#2726,#2727,#2728,#2729,#2730,#2731,#2732,#2733,#2734,
#2735));
#681=CLOSED_SHELL('',(#2736,#2737,#2738,#2739));
#682=CLOSED_SHELL('',(#2740,#2741,#2742,#2743,#2744,#2745,#2746,#2747,#2748,
#2749,#2750,#2751,#2752,#2753,#2754,#2755,#2756,#2757));
#683=CLOSED_SHELL('',(#2758,#2759,#2760,#2761,#2762,#2763,#2764,#2765));
#684=CLOSED_SHELL('',(#2766,#2767,#2768,#2769,#2770,#2771,#2772,#2773,#2774,
#2775,#2776,#2777,#2778,#2779,#2780,#2781));
#685=CLOSED_SHELL('',(#2782,#2783,#2784,#2785,#2786,#2787,#2788,#2789,#2790,
#2791,#2792,#2793,#2794));
#686=CLOSED_SHELL('',(#2795,#2796,#2797,#2798,#2799,#2800,#2801,#2802,#2803,
#2804,#2805,#2806,#2807));
#687=CLOSED_SHELL('',(#2808,#2809,#2810,#2811,#2812,#2813,#2814,#2815,#2816,
#2817,#2818,#2819,#2820,#2821,#2822,#2823,#2824,#2825,#2826,#2827,#2828,
#2829,#2830,#2831,#2832,#2833,#2834,#2835,#2836,#2837,#2838,#2839,#2840,
#2841,#2842,#2843));
#688=CLOSED_SHELL('',(#2844,#2845,#2846,#2847,#2848,#2849,#2850,#2851,#2852,
#2853,#2854,#2855,#2856,#2857,#2858,#2859,#2860,#2861));
#689=CLOSED_SHELL('',(#2862,#2863,#2864,#2865,#2866,#2867,#2868,#2869,#2870,
#2871,#2872,#2873,#2874,#2875,#2876,#2877,#2878,#2879,#2880,#2881,#2882,
#2883,#2884,#2885,#2886,#2887,#2888,#2889,#2890,#2891,#2892,#2893,#2894,
#2895,#2896,#2897,#2898,#2899,#2900,#2901,#2902));
#690=CYLINDRICAL_SURFACE('',#10680,1.5);
#691=CYLINDRICAL_SURFACE('',#10683,11.5);
#692=CYLINDRICAL_SURFACE('',#10686,1.5);
#693=CYLINDRICAL_SURFACE('',#10689,1.5);
#694=CYLINDRICAL_SURFACE('',#10693,1.5);
#695=CYLINDRICAL_SURFACE('',#10701,4.);
#696=CYLINDRICAL_SURFACE('',#10704,4.);
#697=CYLINDRICAL_SURFACE('',#10707,4.);
#698=CYLINDRICAL_SURFACE('',#10710,4.);
#699=CYLINDRICAL_SURFACE('',#10714,2.1);
#700=CYLINDRICAL_SURFACE('',#10721,5.5);
#701=CYLINDRICAL_SURFACE('',#10724,1.2);
#702=CYLINDRICAL_SURFACE('',#10729,5.15);
#703=CYLINDRICAL_SURFACE('',#10732,5.5);
#704=CYLINDRICAL_SURFACE('',#10736,3.5);
#705=CYLINDRICAL_SURFACE('',#10740,1.25);
#706=CYLINDRICAL_SURFACE('',#10745,3.25);
#707=CYLINDRICAL_SURFACE('',#10750,5.);
#708=CYLINDRICAL_SURFACE('',#10754,1.);
#709=CYLINDRICAL_SURFACE('',#10761,3.35);
#710=CYLINDRICAL_SURFACE('',#10764,1.5);
#711=CYLINDRICAL_SURFACE('',#10767,1.5);
#712=CYLINDRICAL_SURFACE('',#10770,1.5);
#713=CYLINDRICAL_SURFACE('',#10774,1.5);
#714=CYLINDRICAL_SURFACE('',#10779,5.5);
#715=CYLINDRICAL_SURFACE('',#10783,5.5);
#716=CYLINDRICAL_SURFACE('',#10787,5.25);
#717=CYLINDRICAL_SURFACE('',#10792,1.5);
#718=CYLINDRICAL_SURFACE('',#10795,1.5);
#719=CYLINDRICAL_SURFACE('',#10798,1.5);
#720=CYLINDRICAL_SURFACE('',#10801,5.);
#721=CYLINDRICAL_SURFACE('',#10804,1.5);
#722=CYLINDRICAL_SURFACE('',#10835,11.5);
#723=CYLINDRICAL_SURFACE('',#10848,5.625);
#724=CYLINDRICAL_SURFACE('',#10856,1.5);
#725=CYLINDRICAL_SURFACE('',#10859,1.5);
#726=CYLINDRICAL_SURFACE('',#10862,1.5);
#727=CYLINDRICAL_SURFACE('',#10865,1.5);
#728=CYLINDRICAL_SURFACE('',#10875,1.5);
#729=CYLINDRICAL_SURFACE('',#10881,1.5);
#730=CYLINDRICAL_SURFACE('',#10884,4.5);
#731=CYLINDRICAL_SURFACE('',#10887,2.5);
#732=CYLINDRICAL_SURFACE('',#10890,2.5);
#733=CYLINDRICAL_SURFACE('',#10897,1.5);
#734=CYLINDRICAL_SURFACE('',#10900,4.5);
#735=CYLINDRICAL_SURFACE('',#10904,1.5);
#736=CYLINDRICAL_SURFACE('',#10911,2.5);
#737=CYLINDRICAL_SURFACE('',#10914,2.5);
#738=CYLINDRICAL_SURFACE('',#10917,1.5);
#739=CYLINDRICAL_SURFACE('',#10920,1.5);
#740=CYLINDRICAL_SURFACE('',#10927,4.5);
#741=CYLINDRICAL_SURFACE('',#10933,2.5);
#742=CYLINDRICAL_SURFACE('',#10936,2.5);
#743=CYLINDRICAL_SURFACE('',#10952,4.5);
#744=CYLINDRICAL_SURFACE('',#10962,1.50000000000001);
#745=CYLINDRICAL_SURFACE('',#11000,1.5);
#746=CYLINDRICAL_SURFACE('',#11002,1.5);
#747=CYLINDRICAL_SURFACE('',#11004,1.5);
#748=CYLINDRICAL_SURFACE('',#11007,2.50000000000001);
#749=CYLINDRICAL_SURFACE('',#11009,2.5);
#750=CYLINDRICAL_SURFACE('',#11012,2.5);
#751=CYLINDRICAL_SURFACE('',#11015,2.5);
#752=CYLINDRICAL_SURFACE('',#11025,4.5);
#753=CYLINDRICAL_SURFACE('',#11027,7.5);
#754=CYLINDRICAL_SURFACE('',#11031,7.5);
#755=CYLINDRICAL_SURFACE('',#11033,7.5);
#756=CYLINDRICAL_SURFACE('',#11037,7.5);
#757=CYLINDRICAL_SURFACE('',#11038,1.5);
#758=CYLINDRICAL_SURFACE('',#11039,1.5);
#759=CYLINDRICAL_SURFACE('',#11040,1.5);
#760=CYLINDRICAL_SURFACE('',#11041,1.5);
#761=CYLINDRICAL_SURFACE('',#11053,11.);
#762=CYLINDRICAL_SURFACE('',#11060,5.);
#763=CYLINDRICAL_SURFACE('',#11061,1.5);
#764=CYLINDRICAL_SURFACE('',#11062,1.5);
#765=CYLINDRICAL_SURFACE('',#11063,1.5);
#766=CYLINDRICAL_SURFACE('',#11064,1.5);
#767=CYLINDRICAL_SURFACE('',#11070,1.5);
#768=CYLINDRICAL_SURFACE('',#11073,4.5);
#769=CYLINDRICAL_SURFACE('',#11077,1.5);
#770=CYLINDRICAL_SURFACE('',#11084,2.5);
#771=CYLINDRICAL_SURFACE('',#11087,2.5);
#772=CYLINDRICAL_SURFACE('',#11092,4.);
#773=CYLINDRICAL_SURFACE('',#11098,1.5);
#774=CYLINDRICAL_SURFACE('',#11103,4.);
#775=CYLINDRICAL_SURFACE('',#11106,1.5);
#776=CYLINDRICAL_SURFACE('',#11110,4.);
#777=CYLINDRICAL_SURFACE('',#11114,1.5);
#778=CYLINDRICAL_SURFACE('',#11117,4.);
#779=CYLINDRICAL_SURFACE('',#11120,2.75);
#780=CYLINDRICAL_SURFACE('',#11125,10.);
#781=CYLINDRICAL_SURFACE('',#11191,2.5);
#782=CYLINDRICAL_SURFACE('',#11192,2.5);
#783=CYLINDRICAL_SURFACE('',#11193,1.5);
#784=CYLINDRICAL_SURFACE('',#11194,1.5);
#785=CYLINDRICAL_SURFACE('',#11195,12.5);
#786=CYLINDRICAL_SURFACE('',#11196,1.5);
#787=CYLINDRICAL_SURFACE('',#11197,1.5);
#788=CYLINDRICAL_SURFACE('',#11200,13.25);
#789=CYLINDRICAL_SURFACE('',#11204,6.00000000000002);
#790=CYLINDRICAL_SURFACE('',#11210,6.);
#791=CYLINDRICAL_SURFACE('',#11213,2.3);
#792=CYLINDRICAL_SURFACE('',#11214,2.3);
#793=CYLINDRICAL_SURFACE('',#11215,2.5);
#794=CYLINDRICAL_SURFACE('',#11216,1.5);
#795=CYLINDRICAL_SURFACE('',#11217,1.5);
#796=CYLINDRICAL_SURFACE('',#11218,1.5);
#797=CYLINDRICAL_SURFACE('',#11219,12.5);
#798=CYLINDRICAL_SURFACE('',#11220,1.5);
#799=CYLINDRICAL_SURFACE('',#11221,1.5);
#800=CYLINDRICAL_SURFACE('',#11222,1.5);
#801=CYLINDRICAL_SURFACE('',#11223,1.5);
#802=CYLINDRICAL_SURFACE('',#11224,1.5);
#803=CYLINDRICAL_SURFACE('',#11225,1.5);
#804=CYLINDRICAL_SURFACE('',#11226,1.5);
#805=CYLINDRICAL_SURFACE('',#11227,1.5);
#806=CYLINDRICAL_SURFACE('',#11228,1.5);
#807=CYLINDRICAL_SURFACE('',#11229,1.5);
#808=CYLINDRICAL_SURFACE('',#11230,1.5);
#809=CYLINDRICAL_SURFACE('',#11231,1.5);
#810=CYLINDRICAL_SURFACE('',#11232,1.5);
#811=CYLINDRICAL_SURFACE('',#11279,13.25);
#812=CYLINDRICAL_SURFACE('',#11284,2.5);
#813=CYLINDRICAL_SURFACE('',#11285,2.5);
#814=CYLINDRICAL_SURFACE('',#11288,13.25);
#815=CYLINDRICAL_SURFACE('',#11292,6.00000000000001);
#816=CYLINDRICAL_SURFACE('',#11299,6.);
#817=CYLINDRICAL_SURFACE('',#11301,2.3);
#818=CYLINDRICAL_SURFACE('',#11302,2.3);
#819=CYLINDRICAL_SURFACE('',#11306,6.00000000000002);
#820=CYLINDRICAL_SURFACE('',#11314,6.);
#821=CYLINDRICAL_SURFACE('',#11315,2.3);
#822=CYLINDRICAL_SURFACE('',#11316,2.3);
#823=CYLINDRICAL_SURFACE('',#11317,2.5);
#824=CYLINDRICAL_SURFACE('',#11319,11.);
#825=CYLINDRICAL_SURFACE('',#11322,4.5);
#826=CYLINDRICAL_SURFACE('',#11323,1.5);
#827=CYLINDRICAL_SURFACE('',#11324,1.5);
#828=CYLINDRICAL_SURFACE('',#11325,1.5);
#829=CYLINDRICAL_SURFACE('',#11326,1.5);
#830=CYLINDRICAL_SURFACE('',#11327,1.5);
#831=CYLINDRICAL_SURFACE('',#11328,1.5);
#832=CYLINDRICAL_SURFACE('',#11329,1.5);
#833=CYLINDRICAL_SURFACE('',#11330,1.5);
#834=CYLINDRICAL_SURFACE('',#11331,1.5);
#835=CYLINDRICAL_SURFACE('',#11332,1.5);
#836=CYLINDRICAL_SURFACE('',#11346,5.5);
#837=CYLINDRICAL_SURFACE('',#11352,12.9);
#838=CYLINDRICAL_SURFACE('',#11355,2.6);
#839=CYLINDRICAL_SURFACE('',#11358,5.5);
#840=CYLINDRICAL_SURFACE('',#11361,2.6);
#841=CYLINDRICAL_SURFACE('',#11368,6.1);
#842=CYLINDRICAL_SURFACE('',#11371,4.);
#843=CYLINDRICAL_SURFACE('',#11374,4.);
#844=CYLINDRICAL_SURFACE('',#11380,6.);
#845=CYLINDRICAL_SURFACE('',#11385,7.);
#846=CYLINDRICAL_SURFACE('',#11389,7.);
#847=CYLINDRICAL_SURFACE('',#11392,6.);
#848=CYLINDRICAL_SURFACE('',#11397,4.);
#849=CYLINDRICAL_SURFACE('',#11401,9.5);
#850=CYLINDRICAL_SURFACE('',#11407,4.);
#851=CYLINDRICAL_SURFACE('',#11410,4.);
#852=CYLINDRICAL_SURFACE('',#11414,9.5);
#853=CYLINDRICAL_SURFACE('',#11420,4.);
#854=CYLINDRICAL_SURFACE('',#11447,1.5);
#855=CYLINDRICAL_SURFACE('',#11449,1.5);
#856=CYLINDRICAL_SURFACE('',#11452,1.5);
#857=CYLINDRICAL_SURFACE('',#11454,1.5);
#858=CYLINDRICAL_SURFACE('',#11457,2.495);
#859=CYLINDRICAL_SURFACE('',#11460,2.495);
#860=CYLINDRICAL_SURFACE('',#11463,2.495);
#861=CYLINDRICAL_SURFACE('',#11466,2.495);
#862=CYLINDRICAL_SURFACE('',#11468,1.25);
#863=CYLINDRICAL_SURFACE('',#11471,1.25);
#864=CYLINDRICAL_SURFACE('',#11474,3.);
#865=CYLINDRICAL_SURFACE('',#11477,3.);
#866=CYLINDRICAL_SURFACE('',#11481,11.);
#867=CYLINDRICAL_SURFACE('',#11484,4.);
#868=CYLINDRICAL_SURFACE('',#11507,2.25);
#869=CYLINDRICAL_SURFACE('',#11509,1.5);
#870=CYLINDRICAL_SURFACE('',#11510,1.5);
#871=CYLINDRICAL_SURFACE('',#11514,11.);
#872=CYLINDRICAL_SURFACE('',#11521,2.25);
#873=CYLINDRICAL_SURFACE('',#11536,1.5);
#874=CYLINDRICAL_SURFACE('',#11546,5.625);
#875=CYLINDRICAL_SURFACE('',#11548,3.375);
#876=CYLINDRICAL_SURFACE('',#11550,1.5);
#877=CYLINDRICAL_SURFACE('',#11553,2.75);
#878=CYLINDRICAL_SURFACE('',#11556,2.75);
#879=CYLINDRICAL_SURFACE('',#11563,1.5);
#880=CYLINDRICAL_SURFACE('',#11568,4.5);
#881=CYLINDRICAL_SURFACE('',#11572,1.5);
#882=CYLINDRICAL_SURFACE('',#11575,2.5);
#883=CYLINDRICAL_SURFACE('',#11578,2.5);
#884=CYLINDRICAL_SURFACE('',#11582,1.5);
#885=CYLINDRICAL_SURFACE('',#11588,4.5);
#886=CYLINDRICAL_SURFACE('',#11591,1.5);
#887=CYLINDRICAL_SURFACE('',#11599,2.5);
#888=CYLINDRICAL_SURFACE('',#11602,2.5);
#889=CYLINDRICAL_SURFACE('',#11622,5.);
#890=CYLINDRICAL_SURFACE('',#11631,11.25);
#891=CYLINDRICAL_SURFACE('',#11637,1.5);
#892=CYLINDRICAL_SURFACE('',#11638,1.5);
#893=CYLINDRICAL_SURFACE('',#11639,1.5);
#894=CYLINDRICAL_SURFACE('',#11640,1.5);
#895=CYLINDRICAL_SURFACE('',#11645,7.625);
#896=CYLINDRICAL_SURFACE('',#11646,1.5);
#897=CYLINDRICAL_SURFACE('',#11647,1.5);
#898=CYLINDRICAL_SURFACE('',#11651,1.5);
#899=CYLINDRICAL_SURFACE('',#11658,1.5);
#900=CYLINDRICAL_SURFACE('',#11661,1.5);
#901=CYLINDRICAL_SURFACE('',#11683,1.5);
#902=CYLINDRICAL_SURFACE('',#11684,1.5);
#903=CYLINDRICAL_SURFACE('',#11685,1.5);
#904=CYLINDRICAL_SURFACE('',#11686,1.5);
#905=CYLINDRICAL_SURFACE('',#11689,2.5);
#906=CYLINDRICAL_SURFACE('',#11691,2.5);
#907=CYLINDRICAL_SURFACE('',#11693,2.5);
#908=CYLINDRICAL_SURFACE('',#11694,2.5);
#909=CYLINDRICAL_SURFACE('',#11697,1.5);
#910=CYLINDRICAL_SURFACE('',#11700,1.5);
#911=CYLINDRICAL_SURFACE('',#11703,1.5);
#912=CYLINDRICAL_SURFACE('',#11706,1.5);
#913=CYLINDRICAL_SURFACE('',#11718,1.5);
#914=CYLINDRICAL_SURFACE('',#11721,1.5);
#915=CYLINDRICAL_SURFACE('',#11732,1.5);
#916=CYLINDRICAL_SURFACE('',#11734,1.5);
#917=CYLINDRICAL_SURFACE('',#11737,1.5);
#918=CYLINDRICAL_SURFACE('',#11740,1.5);
#919=CYLINDRICAL_SURFACE('',#11743,1.5);
#920=CYLINDRICAL_SURFACE('',#11746,1.5);
#921=CYLINDRICAL_SURFACE('',#11755,3.);
#922=CYLINDRICAL_SURFACE('',#11758,3.);
#923=FACE_BOUND('',#3543,.T.);
#924=FACE_BOUND('',#3544,.T.);
#925=FACE_BOUND('',#3545,.T.);
#926=FACE_BOUND('',#3546,.T.);
#927=FACE_BOUND('',#3547,.T.);
#928=FACE_BOUND('',#3548,.T.);
#929=FACE_BOUND('',#3549,.T.);
#930=FACE_BOUND('',#3550,.T.);
#931=FACE_BOUND('',#3552,.T.);
#932=FACE_BOUND('',#3553,.T.);
#933=FACE_BOUND('',#3554,.T.);
#934=FACE_BOUND('',#3555,.T.);
#935=FACE_BOUND('',#3556,.T.);
#936=FACE_BOUND('',#3557,.T.);
#937=FACE_BOUND('',#3558,.T.);
#938=FACE_BOUND('',#3559,.T.);
#939=FACE_BOUND('',#3560,.T.);
#940=FACE_BOUND('',#3561,.T.);
#941=FACE_BOUND('',#3562,.T.);
#942=FACE_BOUND('',#3563,.T.);
#943=FACE_BOUND('',#3564,.T.);
#944=FACE_BOUND('',#3565,.T.);
#945=FACE_BOUND('',#3566,.T.);
#946=FACE_BOUND('',#3567,.T.);
#947=FACE_BOUND('',#3568,.T.);
#948=FACE_BOUND('',#3569,.T.);
#949=FACE_BOUND('',#3570,.T.);
#950=FACE_BOUND('',#3571,.T.);
#951=FACE_BOUND('',#3572,.T.);
#952=FACE_BOUND('',#3573,.T.);
#953=FACE_BOUND('',#3574,.T.);
#954=FACE_BOUND('',#3575,.T.);
#955=FACE_BOUND('',#3576,.T.);
#956=FACE_BOUND('',#3577,.T.);
#957=FACE_BOUND('',#3578,.T.);
#958=FACE_BOUND('',#3579,.T.);
#959=FACE_BOUND('',#3580,.T.);
#960=FACE_BOUND('',#3581,.T.);
#961=FACE_BOUND('',#3582,.T.);
#962=FACE_BOUND('',#3583,.T.);
#963=FACE_BOUND('',#3586,.T.);
#964=FACE_BOUND('',#3587,.T.);
#965=FACE_BOUND('',#3588,.T.);
#966=FACE_BOUND('',#3589,.T.);
#967=FACE_BOUND('',#3590,.T.);
#968=FACE_BOUND('',#3591,.T.);
#969=FACE_BOUND('',#3592,.T.);
#970=FACE_BOUND('',#3593,.T.);
#971=FACE_BOUND('',#3594,.T.);
#972=FACE_BOUND('',#3595,.T.);
#973=FACE_BOUND('',#3596,.T.);
#974=FACE_BOUND('',#3597,.T.);
#975=FACE_BOUND('',#3598,.T.);
#976=FACE_BOUND('',#3599,.T.);
#977=FACE_BOUND('',#3600,.T.);
#978=FACE_BOUND('',#3601,.T.);
#979=FACE_BOUND('',#3602,.T.);
#980=FACE_BOUND('',#3603,.T.);
#981=FACE_BOUND('',#3604,.T.);
#982=FACE_BOUND('',#3605,.T.);
#983=FACE_BOUND('',#3606,.T.);
#984=FACE_BOUND('',#3607,.T.);
#985=FACE_BOUND('',#3608,.T.);
#986=FACE_BOUND('',#3609,.T.);
#987=FACE_BOUND('',#3610,.T.);
#988=FACE_BOUND('',#3611,.T.);
#989=FACE_BOUND('',#3612,.T.);
#990=FACE_BOUND('',#3613,.T.);
#991=FACE_BOUND('',#3614,.T.);
#992=FACE_BOUND('',#3615,.T.);
#993=FACE_BOUND('',#3616,.T.);
#994=FACE_BOUND('',#3617,.T.);
#995=FACE_BOUND('',#3618,.T.);
#996=FACE_BOUND('',#3619,.T.);
#997=FACE_BOUND('',#3621,.T.);
#998=FACE_BOUND('',#3622,.T.);
#999=FACE_BOUND('',#3627,.T.);
#1000=FACE_BOUND('',#3628,.T.);
#1001=FACE_BOUND('',#3629,.T.);
#1002=FACE_BOUND('',#3630,.T.);
#1003=FACE_BOUND('',#3631,.T.);
#1004=FACE_BOUND('',#3632,.T.);
#1005=FACE_BOUND('',#3633,.T.);
#1006=FACE_BOUND('',#3634,.T.);
#1007=FACE_BOUND('',#3636,.T.);
#1008=FACE_BOUND('',#3637,.T.);
#1009=FACE_BOUND('',#3638,.T.);
#1010=FACE_BOUND('',#3639,.T.);
#1011=FACE_BOUND('',#3640,.T.);
#1012=FACE_BOUND('',#3641,.T.);
#1013=FACE_BOUND('',#3642,.T.);
#1014=FACE_BOUND('',#3643,.T.);
#1015=FACE_BOUND('',#3644,.T.);
#1016=FACE_BOUND('',#3645,.T.);
#1017=FACE_BOUND('',#3646,.T.);
#1018=FACE_BOUND('',#3647,.T.);
#1019=FACE_BOUND('',#3648,.T.);
#1020=FACE_BOUND('',#3649,.T.);
#1021=FACE_BOUND('',#3650,.T.);
#1022=FACE_BOUND('',#3651,.T.);
#1023=FACE_BOUND('',#3652,.T.);
#1024=FACE_BOUND('',#3653,.T.);
#1025=FACE_BOUND('',#3654,.T.);
#1026=FACE_BOUND('',#3655,.T.);
#1027=FACE_BOUND('',#3657,.T.);
#1028=FACE_BOUND('',#3658,.T.);
#1029=FACE_BOUND('',#3659,.T.);
#1030=FACE_BOUND('',#3660,.T.);
#1031=FACE_BOUND('',#3662,.T.);
#1032=FACE_BOUND('',#3663,.T.);
#1033=FACE_BOUND('',#3664,.T.);
#1034=FACE_BOUND('',#3665,.T.);
#1035=FACE_BOUND('',#3666,.T.);
#1036=FACE_BOUND('',#3667,.T.);
#1037=FACE_BOUND('',#3668,.T.);
#1038=FACE_BOUND('',#3669,.T.);
#1039=FACE_BOUND('',#3670,.T.);
#1040=FACE_BOUND('',#3671,.T.);
#1041=FACE_BOUND('',#3698,.T.);
#1042=FACE_BOUND('',#3699,.T.);
#1043=FACE_BOUND('',#3700,.T.);
#1044=FACE_BOUND('',#3701,.T.);
#1045=FACE_BOUND('',#3702,.T.);
#1046=FACE_BOUND('',#3703,.T.);
#1047=FACE_BOUND('',#3704,.T.);
#1048=FACE_BOUND('',#3705,.T.);
#1049=FACE_BOUND('',#3706,.T.);
#1050=FACE_BOUND('',#3707,.T.);
#1051=FACE_BOUND('',#3708,.T.);
#1052=FACE_BOUND('',#3709,.T.);
#1053=FACE_BOUND('',#3710,.T.);
#1054=FACE_BOUND('',#3711,.T.);
#1055=FACE_BOUND('',#3712,.T.);
#1056=FACE_BOUND('',#3713,.T.);
#1057=FACE_BOUND('',#3723,.T.);
#1058=FACE_BOUND('',#3724,.T.);
#1059=FACE_BOUND('',#3725,.T.);
#1060=FACE_BOUND('',#3726,.T.);
#1061=FACE_BOUND('',#3727,.T.);
#1062=FACE_BOUND('',#3728,.T.);
#1063=FACE_BOUND('',#3729,.T.);
#1064=FACE_BOUND('',#3730,.T.);
#1065=FACE_BOUND('',#3732,.T.);
#1066=FACE_BOUND('',#3733,.T.);
#1067=FACE_BOUND('',#3735,.T.);
#1068=FACE_BOUND('',#3736,.T.);
#1069=FACE_BOUND('',#3738,.T.);
#1070=FACE_BOUND('',#3739,.T.);
#1071=FACE_BOUND('',#3741,.T.);
#1072=FACE_BOUND('',#3742,.T.);
#1073=FACE_BOUND('',#3746,.T.);
#1074=FACE_BOUND('',#3747,.T.);
#1075=FACE_BOUND('',#3748,.T.);
#1076=FACE_BOUND('',#3749,.T.);
#1077=FACE_BOUND('',#3750,.T.);
#1078=FACE_BOUND('',#3751,.T.);
#1079=FACE_BOUND('',#3755,.T.);
#1080=FACE_BOUND('',#3756,.T.);
#1081=FACE_BOUND('',#3758,.T.);
#1082=FACE_BOUND('',#3759,.T.);
#1083=FACE_BOUND('',#3760,.T.);
#1084=FACE_BOUND('',#3761,.T.);
#1085=FACE_BOUND('',#3762,.T.);
#1086=FACE_BOUND('',#3763,.T.);
#1087=FACE_BOUND('',#3764,.T.);
#1088=FACE_BOUND('',#3765,.T.);
#1089=FACE_BOUND('',#3766,.T.);
#1090=FACE_BOUND('',#3767,.T.);
#1091=FACE_BOUND('',#3768,.T.);
#1092=FACE_BOUND('',#3769,.T.);
#1093=FACE_BOUND('',#3770,.T.);
#1094=FACE_BOUND('',#3771,.T.);
#1095=FACE_BOUND('',#3775,.T.);
#1096=FACE_BOUND('',#3776,.T.);
#1097=FACE_BOUND('',#3777,.T.);
#1098=FACE_BOUND('',#3778,.T.);
#1099=FACE_BOUND('',#3780,.T.);
#1100=FACE_BOUND('',#3781,.T.);
#1101=FACE_BOUND('',#3782,.T.);
#1102=FACE_BOUND('',#3783,.T.);
#1103=FACE_BOUND('',#3784,.T.);
#1104=FACE_BOUND('',#3785,.T.);
#1105=FACE_BOUND('',#3786,.T.);
#1106=FACE_BOUND('',#3787,.T.);
#1107=FACE_BOUND('',#3788,.T.);
#1108=FACE_BOUND('',#3789,.T.);
#1109=FACE_BOUND('',#3790,.T.);
#1110=FACE_BOUND('',#3791,.T.);
#1111=FACE_BOUND('',#3792,.T.);
#1112=FACE_BOUND('',#3793,.T.);
#1113=FACE_BOUND('',#3794,.T.);
#1114=FACE_BOUND('',#3795,.T.);
#1115=FACE_BOUND('',#3796,.T.);
#1116=FACE_BOUND('',#3797,.T.);
#1117=FACE_BOUND('',#3798,.T.);
#1118=FACE_BOUND('',#3799,.T.);
#1119=FACE_BOUND('',#3800,.T.);
#1120=FACE_BOUND('',#3801,.T.);
#1121=FACE_BOUND('',#3806,.T.);
#1122=FACE_BOUND('',#3807,.T.);
#1123=FACE_BOUND('',#3808,.T.);
#1124=FACE_BOUND('',#3809,.T.);
#1125=FACE_BOUND('',#3810,.T.);
#1126=FACE_BOUND('',#3811,.T.);
#1127=FACE_BOUND('',#3812,.T.);
#1128=FACE_BOUND('',#3813,.T.);
#1129=FACE_BOUND('',#3814,.T.);
#1130=FACE_BOUND('',#3815,.T.);
#1131=FACE_BOUND('',#3816,.T.);
#1132=FACE_BOUND('',#3817,.T.);
#1133=FACE_BOUND('',#3818,.T.);
#1134=FACE_BOUND('',#3819,.T.);
#1135=FACE_BOUND('',#3820,.T.);
#1136=FACE_BOUND('',#3821,.T.);
#1137=FACE_BOUND('',#3822,.T.);
#1138=FACE_BOUND('',#3823,.T.);
#1139=FACE_BOUND('',#3824,.T.);
#1140=FACE_BOUND('',#3825,.T.);
#1141=FACE_BOUND('',#3826,.T.);
#1142=FACE_BOUND('',#3827,.T.);
#1143=FACE_BOUND('',#3828,.T.);
#1144=FACE_BOUND('',#3829,.T.);
#1145=FACE_BOUND('',#3830,.T.);
#1146=FACE_BOUND('',#3831,.T.);
#1147=FACE_BOUND('',#3832,.T.);
#1148=FACE_BOUND('',#3833,.T.);
#1149=FACE_BOUND('',#3834,.T.);
#1150=FACE_BOUND('',#3835,.T.);
#1151=FACE_BOUND('',#3836,.T.);
#1152=FACE_BOUND('',#3837,.T.);
#1153=FACE_BOUND('',#3838,.T.);
#1154=FACE_BOUND('',#3839,.T.);
#1155=FACE_BOUND('',#3840,.T.);
#1156=FACE_BOUND('',#3841,.T.);
#1157=FACE_BOUND('',#3842,.T.);
#1158=FACE_BOUND('',#3843,.T.);
#1159=FACE_BOUND('',#3844,.T.);
#1160=FACE_BOUND('',#3845,.T.);
#1161=FACE_BOUND('',#3846,.T.);
#1162=FACE_BOUND('',#3847,.T.);
#1163=FACE_BOUND('',#3848,.T.);
#1164=FACE_BOUND('',#3849,.T.);
#1165=FACE_BOUND('',#3850,.T.);
#1166=FACE_BOUND('',#3851,.T.);
#1167=FACE_BOUND('',#3852,.T.);
#1168=FACE_BOUND('',#3853,.T.);
#1169=FACE_BOUND('',#3864,.T.);
#1170=FACE_BOUND('',#3865,.T.);
#1171=FACE_BOUND('',#3872,.T.);
#1172=FACE_BOUND('',#3873,.T.);
#1173=FACE_BOUND('',#3880,.T.);
#1174=FACE_BOUND('',#3881,.T.);
#1175=FACE_BOUND('',#3888,.T.);
#1176=FACE_BOUND('',#3889,.T.);
#1177=FACE_BOUND('',#3890,.T.);
#1178=FACE_BOUND('',#3891,.T.);
#1179=FACE_BOUND('',#3892,.T.);
#1180=FACE_BOUND('',#3893,.T.);
#1181=FACE_BOUND('',#3894,.T.);
#1182=FACE_BOUND('',#3895,.T.);
#1183=FACE_BOUND('',#3896,.T.);
#1184=FACE_BOUND('',#3897,.T.);
#1185=FACE_BOUND('',#3898,.T.);
#1186=FACE_BOUND('',#3899,.T.);
#1187=FACE_BOUND('',#3900,.T.);
#1188=FACE_BOUND('',#3901,.T.);
#1189=FACE_BOUND('',#3902,.T.);
#1190=FACE_BOUND('',#3903,.T.);
#1191=FACE_BOUND('',#3904,.T.);
#1192=FACE_BOUND('',#3905,.T.);
#1193=FACE_BOUND('',#3906,.T.);
#1194=FACE_BOUND('',#3907,.T.);
#1195=FACE_BOUND('',#3908,.T.);
#1196=FACE_BOUND('',#3909,.T.);
#1197=FACE_BOUND('',#3910,.T.);
#1198=FACE_BOUND('',#3911,.T.);
#1199=FACE_BOUND('',#3918,.T.);
#1200=FACE_BOUND('',#3919,.T.);
#1201=FACE_BOUND('',#3920,.T.);
#1202=FACE_BOUND('',#3921,.T.);
#1203=FACE_BOUND('',#3922,.T.);
#1204=FACE_BOUND('',#3923,.T.);
#1205=FACE_BOUND('',#3924,.T.);
#1206=FACE_BOUND('',#3925,.T.);
#1207=FACE_BOUND('',#3926,.T.);
#1208=FACE_BOUND('',#3927,.T.);
#1209=FACE_BOUND('',#3928,.T.);
#1210=FACE_BOUND('',#3929,.T.);
#1211=FACE_BOUND('',#3930,.T.);
#1212=FACE_BOUND('',#3931,.T.);
#1213=FACE_BOUND('',#3932,.T.);
#1214=FACE_BOUND('',#3933,.T.);
#1215=FACE_BOUND('',#3934,.T.);
#1216=FACE_BOUND('',#3935,.T.);
#1217=FACE_BOUND('',#3936,.T.);
#1218=FACE_BOUND('',#3937,.T.);
#1219=FACE_BOUND('',#3938,.T.);
#1220=FACE_BOUND('',#3939,.T.);
#1221=FACE_BOUND('',#3940,.T.);
#1222=FACE_BOUND('',#3941,.T.);
#1223=FACE_BOUND('',#3942,.T.);
#1224=FACE_BOUND('',#3943,.T.);
#1225=FACE_BOUND('',#3946,.T.);
#1226=FACE_BOUND('',#3947,.T.);
#1227=FACE_BOUND('',#3948,.T.);
#1228=FACE_BOUND('',#3949,.T.);
#1229=FACE_BOUND('',#3950,.T.);
#1230=FACE_BOUND('',#3951,.T.);
#1231=FACE_BOUND('',#3952,.T.);
#1232=FACE_BOUND('',#3953,.T.);
#1233=FACE_BOUND('',#3954,.T.);
#1234=FACE_BOUND('',#3955,.T.);
#1235=FACE_BOUND('',#3956,.T.);
#1236=FACE_BOUND('',#3957,.T.);
#1237=FACE_BOUND('',#3958,.T.);
#1238=FACE_BOUND('',#3959,.T.);
#1239=FACE_BOUND('',#3960,.T.);
#1240=FACE_BOUND('',#3961,.T.);
#1241=FACE_BOUND('',#3962,.T.);
#1242=FACE_BOUND('',#3963,.T.);
#1243=FACE_BOUND('',#3964,.T.);
#1244=FACE_BOUND('',#3965,.T.);
#1245=FACE_BOUND('',#3966,.T.);
#1246=FACE_BOUND('',#3967,.T.);
#1247=FACE_BOUND('',#3968,.T.);
#1248=FACE_BOUND('',#3969,.T.);
#1249=FACE_BOUND('',#3970,.T.);
#1250=FACE_BOUND('',#3971,.T.);
#1251=FACE_BOUND('',#3975,.T.);
#1252=FACE_BOUND('',#3976,.T.);
#1253=FACE_BOUND('',#3977,.T.);
#1254=FACE_BOUND('',#3978,.T.);
#1255=FACE_BOUND('',#3980,.T.);
#1256=FACE_BOUND('',#3981,.T.);
#1257=FACE_BOUND('',#3982,.T.);
#1258=FACE_BOUND('',#3983,.T.);
#1259=FACE_BOUND('',#3984,.T.);
#1260=FACE_BOUND('',#3985,.T.);
#1261=FACE_BOUND('',#3986,.T.);
#1262=FACE_BOUND('',#3987,.T.);
#1263=FACE_BOUND('',#3988,.T.);
#1264=FACE_BOUND('',#3989,.T.);
#1265=FACE_BOUND('',#3990,.T.);
#1266=FACE_BOUND('',#3991,.T.);
#1267=FACE_BOUND('',#3992,.T.);
#1268=FACE_BOUND('',#3993,.T.);
#1269=FACE_BOUND('',#3994,.T.);
#1270=FACE_BOUND('',#3995,.T.);
#1271=FACE_BOUND('',#3996,.T.);
#1272=FACE_BOUND('',#3997,.T.);
#1273=FACE_BOUND('',#4004,.T.);
#1274=FACE_BOUND('',#4005,.T.);
#1275=FACE_BOUND('',#4009,.T.);
#1276=FACE_BOUND('',#4010,.T.);
#1277=FACE_BOUND('',#4014,.T.);
#1278=FACE_BOUND('',#4015,.T.);
#1279=FACE_BOUND('',#4017,.T.);
#1280=FACE_BOUND('',#4018,.T.);
#1281=FACE_BOUND('',#4019,.T.);
#1282=FACE_BOUND('',#4020,.T.);
#1283=FACE_BOUND('',#4021,.T.);
#1284=FACE_BOUND('',#4022,.T.);
#1285=FACE_BOUND('',#4023,.T.);
#1286=FACE_BOUND('',#4024,.T.);
#1287=FACE_BOUND('',#4026,.T.);
#1288=FACE_BOUND('',#4027,.T.);
#1289=FACE_BOUND('',#4028,.T.);
#1290=FACE_BOUND('',#4029,.T.);
#1291=FACE_BOUND('',#4030,.T.);
#1292=FACE_BOUND('',#4031,.T.);
#1293=FACE_BOUND('',#4032,.T.);
#1294=FACE_BOUND('',#4033,.T.);
#1295=FACE_BOUND('',#4034,.T.);
#1296=FACE_BOUND('',#4035,.T.);
#1297=FACE_BOUND('',#4036,.T.);
#1298=FACE_BOUND('',#4037,.T.);
#1299=FACE_BOUND('',#4038,.T.);
#1300=FACE_BOUND('',#4039,.T.);
#1301=FACE_BOUND('',#4040,.T.);
#1302=FACE_BOUND('',#4041,.T.);
#1303=FACE_BOUND('',#4042,.T.);
#1304=FACE_BOUND('',#4043,.T.);
#1305=FACE_BOUND('',#4044,.T.);
#1306=FACE_BOUND('',#4045,.T.);
#1307=FACE_BOUND('',#4046,.T.);
#1308=FACE_BOUND('',#4047,.T.);
#1309=FACE_BOUND('',#4048,.T.);
#1310=FACE_BOUND('',#4049,.T.);
#1311=FACE_BOUND('',#4050,.T.);
#1312=FACE_BOUND('',#4051,.T.);
#1313=FACE_BOUND('',#4052,.T.);
#1314=FACE_BOUND('',#4053,.T.);
#1315=FACE_BOUND('',#4054,.T.);
#1316=FACE_BOUND('',#4055,.T.);
#1317=FACE_BOUND('',#4056,.T.);
#1318=FACE_BOUND('',#4057,.T.);
#1319=FACE_BOUND('',#4058,.T.);
#1320=FACE_BOUND('',#4059,.T.);
#1321=FACE_BOUND('',#4060,.T.);
#1322=FACE_BOUND('',#4061,.T.);
#1323=FACE_BOUND('',#4062,.T.);
#1324=FACE_BOUND('',#4063,.T.);
#1325=FACE_BOUND('',#4064,.T.);
#1326=FACE_BOUND('',#4065,.T.);
#1327=FACE_BOUND('',#4066,.T.);
#1328=FACE_BOUND('',#4067,.T.);
#1329=FACE_BOUND('',#4068,.T.);
#1330=FACE_BOUND('',#4069,.T.);
#1331=FACE_BOUND('',#4070,.T.);
#1332=FACE_BOUND('',#4071,.T.);
#1333=FACE_BOUND('',#4072,.T.);
#1334=FACE_BOUND('',#4073,.T.);
#1335=FACE_BOUND('',#4074,.T.);
#1336=FACE_BOUND('',#4075,.T.);
#1337=FACE_BOUND('',#4076,.T.);
#1338=FACE_BOUND('',#4077,.T.);
#1339=FACE_BOUND('',#4078,.T.);
#1340=FACE_BOUND('',#4079,.T.);
#1341=FACE_BOUND('',#4080,.T.);
#1342=FACE_BOUND('',#4081,.T.);
#1343=FACE_BOUND('',#4082,.T.);
#1344=FACE_BOUND('',#4083,.T.);
#1345=FACE_BOUND('',#4084,.T.);
#1346=FACE_BOUND('',#4085,.T.);
#1347=FACE_BOUND('',#4090,.T.);
#1348=FACE_BOUND('',#4091,.T.);
#1349=FACE_BOUND('',#4092,.T.);
#1350=FACE_BOUND('',#4093,.T.);
#1351=FACE_BOUND('',#4094,.T.);
#1352=FACE_BOUND('',#4095,.T.);
#1353=FACE_BOUND('',#4096,.T.);
#1354=FACE_BOUND('',#4097,.T.);
#1355=FACE_BOUND('',#4098,.T.);
#1356=FACE_BOUND('',#4099,.T.);
#1357=FACE_BOUND('',#4100,.T.);
#1358=FACE_BOUND('',#4101,.T.);
#1359=FACE_BOUND('',#4102,.T.);
#1360=FACE_BOUND('',#4103,.T.);
#1361=FACE_BOUND('',#4104,.T.);
#1362=FACE_BOUND('',#4105,.T.);
#1363=FACE_BOUND('',#4106,.T.);
#1364=FACE_BOUND('',#4107,.T.);
#1365=FACE_BOUND('',#4111,.T.);
#1366=FACE_BOUND('',#4112,.T.);
#1367=FACE_BOUND('',#4116,.T.);
#1368=FACE_BOUND('',#4117,.T.);
#1369=FACE_BOUND('',#4118,.T.);
#1370=FACE_BOUND('',#4119,.T.);
#1371=FACE_BOUND('',#4120,.T.);
#1372=FACE_BOUND('',#4121,.T.);
#1373=FACE_BOUND('',#4122,.T.);
#1374=FACE_BOUND('',#4123,.T.);
#1375=FACE_BOUND('',#4124,.T.);
#1376=FACE_BOUND('',#4125,.T.);
#1377=FACE_BOUND('',#4126,.T.);
#1378=FACE_BOUND('',#4127,.T.);
#1379=FACE_BOUND('',#4128,.T.);
#1380=FACE_BOUND('',#4129,.T.);
#1381=FACE_BOUND('',#4130,.T.);
#1382=FACE_BOUND('',#4131,.T.);
#1383=FACE_BOUND('',#4132,.T.);
#1384=FACE_BOUND('',#4133,.T.);
#1385=FACE_BOUND('',#4134,.T.);
#1386=FACE_BOUND('',#4135,.T.);
#1387=FACE_BOUND('',#4136,.T.);
#1388=FACE_BOUND('',#4137,.T.);
#1389=FACE_BOUND('',#4138,.T.);
#1390=FACE_BOUND('',#4139,.T.);
#1391=FACE_BOUND('',#4140,.T.);
#1392=FACE_BOUND('',#4141,.T.);
#1393=FACE_BOUND('',#4142,.T.);
#1394=FACE_BOUND('',#4143,.T.);
#1395=FACE_BOUND('',#4144,.T.);
#1396=FACE_BOUND('',#4145,.T.);
#1397=FACE_BOUND('',#4146,.T.);
#1398=FACE_BOUND('',#4147,.T.);
#1399=FACE_BOUND('',#4148,.T.);
#1400=FACE_BOUND('',#4149,.T.);
#1401=FACE_BOUND('',#4150,.T.);
#1402=FACE_BOUND('',#4151,.T.);
#1403=FACE_BOUND('',#4152,.T.);
#1404=FACE_BOUND('',#4153,.T.);
#1405=FACE_BOUND('',#4154,.T.);
#1406=FACE_BOUND('',#4155,.T.);
#1407=FACE_BOUND('',#4156,.T.);
#1408=FACE_BOUND('',#4157,.T.);
#1409=FACE_BOUND('',#4158,.T.);
#1410=FACE_BOUND('',#4159,.T.);
#1411=FACE_BOUND('',#4160,.T.);
#1412=FACE_BOUND('',#4161,.T.);
#1413=FACE_BOUND('',#4162,.T.);
#1414=FACE_BOUND('',#4163,.T.);
#1415=FACE_BOUND('',#4164,.T.);
#1416=FACE_BOUND('',#4165,.T.);
#1417=FACE_BOUND('',#4166,.T.);
#1418=FACE_BOUND('',#4167,.T.);
#1419=FACE_BOUND('',#4168,.T.);
#1420=FACE_BOUND('',#4169,.T.);
#1421=FACE_BOUND('',#4170,.T.);
#1422=FACE_BOUND('',#4171,.T.);
#1423=FACE_BOUND('',#4172,.T.);
#1424=FACE_BOUND('',#4173,.T.);
#1425=FACE_BOUND('',#4174,.T.);
#1426=FACE_BOUND('',#4175,.T.);
#1427=FACE_BOUND('',#4176,.T.);
#1428=FACE_BOUND('',#4177,.T.);
#1429=FACE_BOUND('',#4178,.T.);
#1430=FACE_BOUND('',#4179,.T.);
#1431=FACE_BOUND('',#4180,.T.);
#1432=FACE_BOUND('',#4181,.T.);
#1433=FACE_BOUND('',#4182,.T.);
#1434=FACE_BOUND('',#4183,.T.);
#1435=FACE_BOUND('',#4184,.T.);
#1436=FACE_BOUND('',#4185,.T.);
#1437=FACE_BOUND('',#4186,.T.);
#1438=FACE_BOUND('',#4187,.T.);
#1439=FACE_BOUND('',#4188,.T.);
#1440=FACE_BOUND('',#4189,.T.);
#1441=FACE_BOUND('',#4190,.T.);
#1442=FACE_BOUND('',#4191,.T.);
#1443=FACE_BOUND('',#4192,.T.);
#1444=FACE_BOUND('',#4193,.T.);
#1445=FACE_BOUND('',#4194,.T.);
#1446=FACE_BOUND('',#4195,.T.);
#1447=FACE_BOUND('',#4200,.T.);
#1448=FACE_BOUND('',#4201,.T.);
#1449=FACE_BOUND('',#4202,.T.);
#1450=FACE_BOUND('',#4203,.T.);
#1451=FACE_BOUND('',#4204,.T.);
#1452=FACE_BOUND('',#4205,.T.);
#1453=FACE_BOUND('',#4206,.T.);
#1454=FACE_BOUND('',#4207,.T.);
#1455=FACE_BOUND('',#4211,.T.);
#1456=FACE_BOUND('',#4212,.T.);
#1457=FACE_BOUND('',#4216,.T.);
#1458=FACE_BOUND('',#4217,.T.);
#1459=FACE_BOUND('',#4218,.T.);
#1460=FACE_BOUND('',#4219,.T.);
#1461=FACE_BOUND('',#4220,.T.);
#1462=FACE_BOUND('',#4221,.T.);
#1463=FACE_BOUND('',#4225,.T.);
#1464=FACE_BOUND('',#4226,.T.);
#1465=FACE_BOUND('',#4230,.T.);
#1466=FACE_BOUND('',#4231,.T.);
#1467=FACE_BOUND('',#4232,.T.);
#1468=FACE_BOUND('',#4233,.T.);
#1469=FACE_BOUND('',#4234,.T.);
#1470=FACE_BOUND('',#4235,.T.);
#1471=FACE_BOUND('',#4236,.T.);
#1472=FACE_BOUND('',#4237,.T.);
#1473=FACE_BOUND('',#4238,.T.);
#1474=FACE_BOUND('',#4239,.T.);
#1475=FACE_BOUND('',#4240,.T.);
#1476=FACE_BOUND('',#4241,.T.);
#1477=FACE_BOUND('',#4242,.T.);
#1478=FACE_BOUND('',#4243,.T.);
#1479=FACE_BOUND('',#4244,.T.);
#1480=FACE_BOUND('',#4245,.T.);
#1481=FACE_BOUND('',#4246,.T.);
#1482=FACE_BOUND('',#4247,.T.);
#1483=FACE_BOUND('',#4248,.T.);
#1484=FACE_BOUND('',#4249,.T.);
#1485=FACE_BOUND('',#4250,.T.);
#1486=FACE_BOUND('',#4251,.T.);
#1487=FACE_BOUND('',#4252,.T.);
#1488=FACE_BOUND('',#4253,.T.);
#1489=FACE_BOUND('',#4254,.T.);
#1490=FACE_BOUND('',#4255,.T.);
#1491=FACE_BOUND('',#4256,.T.);
#1492=FACE_BOUND('',#4257,.T.);
#1493=FACE_BOUND('',#4258,.T.);
#1494=FACE_BOUND('',#4259,.T.);
#1495=FACE_BOUND('',#4260,.T.);
#1496=FACE_BOUND('',#4261,.T.);
#1497=FACE_BOUND('',#4268,.T.);
#1498=FACE_BOUND('',#4269,.T.);
#1499=FACE_BOUND('',#4274,.T.);
#1500=FACE_BOUND('',#4275,.T.);
#1501=FACE_BOUND('',#4277,.T.);
#1502=FACE_BOUND('',#4278,.T.);
#1503=FACE_BOUND('',#4280,.T.);
#1504=FACE_BOUND('',#4281,.T.);
#1505=FACE_BOUND('',#4282,.T.);
#1506=FACE_BOUND('',#4283,.T.);
#1507=FACE_BOUND('',#4284,.T.);
#1508=FACE_BOUND('',#4285,.T.);
#1509=FACE_BOUND('',#4286,.T.);
#1510=FACE_BOUND('',#4287,.T.);
#1511=FACE_BOUND('',#4288,.T.);
#1512=FACE_BOUND('',#4289,.T.);
#1513=FACE_BOUND('',#4290,.T.);
#1514=FACE_BOUND('',#4291,.T.);
#1515=FACE_BOUND('',#4292,.T.);
#1516=FACE_BOUND('',#4293,.T.);
#1517=FACE_BOUND('',#4294,.T.);
#1518=FACE_BOUND('',#4295,.T.);
#1519=FACE_BOUND('',#4296,.T.);
#1520=FACE_BOUND('',#4297,.T.);
#1521=FACE_BOUND('',#4308,.T.);
#1522=FACE_BOUND('',#4309,.T.);
#1523=FACE_BOUND('',#4310,.T.);
#1524=FACE_BOUND('',#4311,.T.);
#1525=FACE_BOUND('',#4312,.T.);
#1526=FACE_BOUND('',#4313,.T.);
#1527=FACE_BOUND('',#4315,.T.);
#1528=FACE_BOUND('',#4316,.T.);
#1529=FACE_BOUND('',#4317,.T.);
#1530=FACE_BOUND('',#4318,.T.);
#1531=FACE_BOUND('',#4319,.T.);
#1532=FACE_BOUND('',#4320,.T.);
#1533=FACE_BOUND('',#4322,.T.);
#1534=FACE_BOUND('',#4323,.T.);
#1535=FACE_BOUND('',#4324,.T.);
#1536=FACE_BOUND('',#4325,.T.);
#1537=FACE_BOUND('',#4327,.T.);
#1538=FACE_BOUND('',#4328,.T.);
#1539=FACE_BOUND('',#4329,.T.);
#1540=FACE_BOUND('',#4330,.T.);
#1541=FACE_BOUND('',#4331,.T.);
#1542=FACE_BOUND('',#4332,.T.);
#1543=FACE_BOUND('',#4334,.T.);
#1544=FACE_BOUND('',#4335,.T.);
#1545=FACE_BOUND('',#4337,.T.);
#1546=FACE_BOUND('',#4338,.T.);
#1547=FACE_BOUND('',#4339,.T.);
#1548=FACE_BOUND('',#4340,.T.);
#1549=FACE_BOUND('',#4341,.T.);
#1550=FACE_BOUND('',#4342,.T.);
#1551=FACE_BOUND('',#4343,.T.);
#1552=FACE_BOUND('',#4344,.T.);
#1553=FACE_BOUND('',#4345,.T.);
#1554=FACE_BOUND('',#4346,.T.);
#1555=FACE_BOUND('',#4347,.T.);
#1556=FACE_BOUND('',#4348,.T.);
#1557=FACE_BOUND('',#4353,.T.);
#1558=FACE_BOUND('',#4354,.T.);
#1559=FACE_BOUND('',#4358,.T.);
#1560=FACE_BOUND('',#4359,.T.);
#1561=FACE_BOUND('',#4361,.T.);
#1562=FACE_BOUND('',#4362,.T.);
#1563=FACE_BOUND('',#4363,.T.);
#1564=FACE_BOUND('',#4364,.T.);
#1565=FACE_BOUND('',#4366,.T.);
#1566=FACE_BOUND('',#4367,.T.);
#1567=FACE_BOUND('',#4368,.T.);
#1568=FACE_BOUND('',#4369,.T.);
#1569=FACE_BOUND('',#4370,.T.);
#1570=FACE_BOUND('',#4371,.T.);
#1571=FACE_BOUND('',#4372,.T.);
#1572=FACE_BOUND('',#4373,.T.);
#1573=FACE_BOUND('',#4374,.T.);
#1574=FACE_BOUND('',#4375,.T.);
#1575=FACE_BOUND('',#4376,.T.);
#1576=FACE_BOUND('',#4377,.T.);
#1577=FACE_BOUND('',#4378,.T.);
#1578=FACE_BOUND('',#4379,.T.);
#1579=FACE_BOUND('',#4380,.T.);
#1580=FACE_BOUND('',#4381,.T.);
#1581=FACE_BOUND('',#4382,.T.);
#1582=FACE_BOUND('',#4383,.T.);
#1583=FACE_BOUND('',#4384,.T.);
#1584=FACE_BOUND('',#4385,.T.);
#1585=FACE_BOUND('',#4386,.T.);
#1586=FACE_BOUND('',#4387,.T.);
#1587=FACE_BOUND('',#4389,.T.);
#1588=FACE_BOUND('',#4390,.T.);
#1589=FACE_BOUND('',#4392,.T.);
#1590=FACE_BOUND('',#4393,.T.);
#1591=FACE_BOUND('',#4395,.T.);
#1592=FACE_BOUND('',#4396,.T.);
#1593=FACE_BOUND('',#4398,.T.);
#1594=FACE_BOUND('',#4399,.T.);
#1595=FACE_BOUND('',#4400,.T.);
#1596=FACE_BOUND('',#4401,.T.);
#1597=FACE_BOUND('',#4402,.T.);
#1598=FACE_BOUND('',#4403,.T.);
#1599=FACE_BOUND('',#4404,.T.);
#1600=FACE_BOUND('',#4405,.T.);
#1601=FACE_BOUND('',#4408,.T.);
#1602=FACE_BOUND('',#4409,.T.);
#1603=FACE_BOUND('',#4411,.T.);
#1604=FACE_BOUND('',#4412,.T.);
#1605=FACE_BOUND('',#4414,.T.);
#1606=FACE_BOUND('',#4415,.T.);
#1607=FACE_BOUND('',#4416,.T.);
#1608=FACE_BOUND('',#4418,.T.);
#1609=FACE_BOUND('',#4419,.T.);
#1610=FACE_BOUND('',#4425,.T.);
#1611=FACE_BOUND('',#4426,.T.);
#1612=FACE_BOUND('',#4428,.T.);
#1613=FACE_BOUND('',#4429,.T.);
#1614=FACE_BOUND('',#4430,.T.);
#1615=FACE_BOUND('',#4431,.T.);
#1616=FACE_BOUND('',#4435,.T.);
#1617=FACE_BOUND('',#4436,.T.);
#1618=FACE_BOUND('',#4439,.T.);
#1619=FACE_BOUND('',#4440,.T.);
#1620=FACE_BOUND('',#4442,.T.);
#1621=FACE_BOUND('',#4443,.T.);
#1622=FACE_BOUND('',#4444,.T.);
#1623=FACE_BOUND('',#4445,.T.);
#1624=FACE_BOUND('',#4447,.T.);
#1625=FACE_BOUND('',#4448,.T.);
#1626=FACE_BOUND('',#4449,.T.);
#1627=FACE_BOUND('',#4450,.T.);
#1628=FACE_BOUND('',#4451,.T.);
#1629=FACE_BOUND('',#4452,.T.);
#1630=FACE_BOUND('',#4459,.T.);
#1631=FACE_BOUND('',#4460,.T.);
#1632=FACE_BOUND('',#4461,.T.);
#1633=FACE_BOUND('',#4462,.T.);
#1634=FACE_BOUND('',#4463,.T.);
#1635=FACE_BOUND('',#4464,.T.);
#1636=FACE_BOUND('',#4465,.T.);
#1637=FACE_BOUND('',#4466,.T.);
#1638=FACE_BOUND('',#4467,.T.);
#1639=FACE_BOUND('',#4468,.T.);
#1640=FACE_BOUND('',#4469,.T.);
#1641=FACE_BOUND('',#4470,.T.);
#1642=FACE_BOUND('',#4471,.T.);
#1643=FACE_BOUND('',#4472,.T.);
#1644=FACE_BOUND('',#4473,.T.);
#1645=FACE_BOUND('',#4474,.T.);
#1646=FACE_BOUND('',#4475,.T.);
#1647=FACE_BOUND('',#4476,.T.);
#1648=FACE_BOUND('',#4480,.T.);
#1649=FACE_BOUND('',#4481,.T.);
#1650=FACE_BOUND('',#4483,.T.);
#1651=FACE_BOUND('',#4484,.T.);
#1652=FACE_BOUND('',#4485,.T.);
#1653=FACE_BOUND('',#4486,.T.);
#1654=FACE_BOUND('',#4487,.T.);
#1655=FACE_BOUND('',#4488,.T.);
#1656=FACE_BOUND('',#4489,.T.);
#1657=FACE_BOUND('',#4490,.T.);
#1658=FACE_BOUND('',#4491,.T.);
#1659=FACE_BOUND('',#4492,.T.);
#1660=FACE_BOUND('',#4493,.T.);
#1661=FACE_BOUND('',#4494,.T.);
#1662=FACE_BOUND('',#4495,.T.);
#1663=FACE_BOUND('',#4496,.T.);
#1664=FACE_BOUND('',#4497,.T.);
#1665=FACE_BOUND('',#4498,.T.);
#1666=FACE_BOUND('',#4502,.T.);
#1667=FACE_BOUND('',#4503,.T.);
#1668=FACE_BOUND('',#4504,.T.);
#1669=FACE_BOUND('',#4505,.T.);
#1670=FACE_BOUND('',#4507,.T.);
#1671=FACE_BOUND('',#4508,.T.);
#1672=FACE_BOUND('',#4509,.T.);
#1673=FACE_BOUND('',#4510,.T.);
#1674=FACE_BOUND('',#4511,.T.);
#1675=FACE_BOUND('',#4512,.T.);
#1676=FACE_BOUND('',#4513,.T.);
#1677=FACE_BOUND('',#4514,.T.);
#1678=FACE_BOUND('',#4515,.T.);
#1679=FACE_BOUND('',#4516,.T.);
#1680=FACE_BOUND('',#4517,.T.);
#1681=FACE_BOUND('',#4518,.T.);
#1682=FACE_BOUND('',#4519,.T.);
#1683=FACE_BOUND('',#4520,.T.);
#1684=FACE_BOUND('',#4521,.T.);
#1685=FACE_BOUND('',#4522,.T.);
#1686=FACE_BOUND('',#4523,.T.);
#1687=FACE_BOUND('',#4524,.T.);
#1688=FACE_BOUND('',#4525,.T.);
#1689=FACE_BOUND('',#4526,.T.);
#1690=FACE_BOUND('',#4527,.T.);
#1691=FACE_BOUND('',#4528,.T.);
#1692=FACE_BOUND('',#4531,.T.);
#1693=FACE_BOUND('',#4532,.T.);
#1694=FACE_BOUND('',#4533,.T.);
#1695=FACE_BOUND('',#4534,.T.);
#1696=FACE_BOUND('',#4535,.T.);
#1697=FACE_BOUND('',#4536,.T.);
#1698=FACE_BOUND('',#4537,.T.);
#1699=FACE_BOUND('',#4538,.T.);
#1700=FACE_BOUND('',#4541,.T.);
#1701=FACE_BOUND('',#4542,.T.);
#1702=FACE_BOUND('',#4543,.T.);
#1703=FACE_BOUND('',#4544,.T.);
#1704=FACE_BOUND('',#4545,.T.);
#1705=FACE_BOUND('',#4546,.T.);
#1706=FACE_BOUND('',#4547,.T.);
#1707=FACE_BOUND('',#4548,.T.);
#1708=FACE_BOUND('',#4549,.T.);
#1709=FACE_BOUND('',#4550,.T.);
#1710=FACE_BOUND('',#4551,.T.);
#1711=FACE_BOUND('',#4552,.T.);
#1712=FACE_BOUND('',#4553,.T.);
#1713=FACE_BOUND('',#4554,.T.);
#1714=FACE_BOUND('',#4555,.T.);
#1715=FACE_BOUND('',#4556,.T.);
#1716=FACE_BOUND('',#4557,.T.);
#1717=FACE_BOUND('',#4558,.T.);
#1718=FACE_BOUND('',#4559,.T.);
#1719=FACE_BOUND('',#4560,.T.);
#1720=FACE_BOUND('',#4561,.T.);
#1721=FACE_BOUND('',#4562,.T.);
#1722=FACE_BOUND('',#4563,.T.);
#1723=FACE_BOUND('',#4564,.T.);
#1724=FACE_BOUND('',#4565,.T.);
#1725=FACE_BOUND('',#4566,.T.);
#1726=FACE_BOUND('',#4571,.T.);
#1727=FACE_BOUND('',#4572,.T.);
#1728=FACE_BOUND('',#4573,.T.);
#1729=FACE_BOUND('',#4574,.T.);
#1730=FACE_BOUND('',#4575,.T.);
#1731=FACE_BOUND('',#4576,.T.);
#1732=FACE_BOUND('',#4579,.T.);
#1733=FACE_BOUND('',#4580,.T.);
#1734=FACE_BOUND('',#4585,.T.);
#1735=FACE_BOUND('',#4586,.T.);
#1736=FACE_BOUND('',#4587,.T.);
#1737=FACE_BOUND('',#4588,.T.);
#1738=FACE_BOUND('',#4590,.T.);
#1739=FACE_BOUND('',#4591,.T.);
#1740=FACE_BOUND('',#4596,.T.);
#1741=FACE_BOUND('',#4597,.T.);
#1742=FACE_BOUND('',#4598,.T.);
#1743=FACE_BOUND('',#4599,.T.);
#1744=FACE_BOUND('',#4600,.T.);
#1745=FACE_BOUND('',#4602,.T.);
#1746=FACE_BOUND('',#4603,.T.);
#1747=FACE_BOUND('',#4604,.T.);
#1748=FACE_BOUND('',#4605,.T.);
#1749=FACE_BOUND('',#4606,.T.);
#1750=FACE_BOUND('',#4609,.T.);
#1751=FACE_BOUND('',#4610,.T.);
#1752=FACE_BOUND('',#4612,.T.);
#1753=FACE_BOUND('',#4613,.T.);
#1754=FACE_BOUND('',#4614,.T.);
#1755=FACE_BOUND('',#4615,.T.);
#1756=FACE_BOUND('',#4616,.T.);
#1757=FACE_BOUND('',#4617,.T.);
#1758=FACE_BOUND('',#4618,.T.);
#1759=FACE_BOUND('',#4619,.T.);
#1760=FACE_BOUND('',#4624,.T.);
#1761=FACE_BOUND('',#4625,.T.);
#1762=FACE_BOUND('',#4626,.T.);
#1763=FACE_BOUND('',#4627,.T.);
#1764=FACE_BOUND('',#4628,.T.);
#1765=FACE_BOUND('',#4629,.T.);
#1766=FACE_BOUND('',#4630,.T.);
#1767=FACE_BOUND('',#4631,.T.);
#1768=FACE_BOUND('',#4633,.T.);
#1769=FACE_BOUND('',#4634,.T.);
#1770=FACE_BOUND('',#4635,.T.);
#1771=FACE_BOUND('',#4636,.T.);
#1772=FACE_BOUND('',#4637,.T.);
#1773=FACE_BOUND('',#4641,.T.);
#1774=FACE_BOUND('',#4642,.T.);
#1775=FACE_BOUND('',#4644,.T.);
#1776=FACE_BOUND('',#4645,.T.);
#1777=FACE_BOUND('',#4646,.T.);
#1778=FACE_BOUND('',#4647,.T.);
#1779=FACE_BOUND('',#4648,.T.);
#1780=FACE_BOUND('',#4650,.T.);
#1781=FACE_BOUND('',#4651,.T.);
#1782=FACE_BOUND('',#4652,.T.);
#1783=FACE_BOUND('',#4653,.T.);
#1784=FACE_BOUND('',#4654,.T.);
#1785=FACE_BOUND('',#4656,.T.);
#1786=FACE_BOUND('',#4657,.T.);
#1787=FACE_BOUND('',#4658,.T.);
#1788=FACE_BOUND('',#4659,.T.);
#1789=FACE_BOUND('',#4660,.T.);
#1790=FACE_BOUND('',#4661,.T.);
#1791=FACE_BOUND('',#4662,.T.);
#1792=FACE_BOUND('',#4663,.T.);
#1793=FACE_BOUND('',#4664,.T.);
#1794=FACE_BOUND('',#4666,.T.);
#1795=FACE_BOUND('',#4667,.T.);
#1796=FACE_BOUND('',#4668,.T.);
#1797=FACE_BOUND('',#4669,.T.);
#1798=FACE_BOUND('',#4670,.T.);
#1799=FACE_BOUND('',#4671,.T.);
#1800=FACE_BOUND('',#4672,.T.);
#1801=FACE_BOUND('',#4674,.T.);
#1802=FACE_BOUND('',#4675,.T.);
#1803=FACE_BOUND('',#4676,.T.);
#1804=FACE_BOUND('',#4677,.T.);
#1805=FACE_BOUND('',#4678,.T.);
#1806=FACE_BOUND('',#4679,.T.);
#1807=FACE_BOUND('',#4680,.T.);
#1808=FACE_BOUND('',#4681,.T.);
#1809=FACE_BOUND('',#4682,.T.);
#1810=FACE_BOUND('',#4683,.T.);
#1811=FACE_BOUND('',#4687,.T.);
#1812=FACE_BOUND('',#4688,.T.);
#1813=FACE_BOUND('',#4697,.T.);
#1814=FACE_BOUND('',#4698,.T.);
#1815=FACE_BOUND('',#4699,.T.);
#1816=FACE_BOUND('',#4700,.T.);
#1817=FACE_BOUND('',#4701,.T.);
#1818=CIRCLE('',#10678,1.5);
#1819=CIRCLE('',#10679,1.5);
#1820=CIRCLE('',#10681,11.5);
#1821=CIRCLE('',#10682,11.5);
#1822=CIRCLE('',#10684,1.5);
#1823=CIRCLE('',#10685,1.5);
#1824=CIRCLE('',#10687,1.5);
#1825=CIRCLE('',#10688,1.5);
#1826=CIRCLE('',#10691,1.5);
#1827=CIRCLE('',#10692,1.5);
#1828=CIRCLE('',#10695,4.);
#1829=CIRCLE('',#10696,4.);
#1830=CIRCLE('',#10697,4.);
#1831=CIRCLE('',#10698,4.);
#1832=CIRCLE('',#10700,4.);
#1833=CIRCLE('',#10703,4.);
#1834=CIRCLE('',#10706,4.);
#1835=CIRCLE('',#10709,4.);
#1836=CIRCLE('',#10712,2.1);
#1837=CIRCLE('',#10713,2.1);
#1838=CIRCLE('',#10716,0.55);
#1839=CIRCLE('',#10719,5.5);
#1840=CIRCLE('',#10720,5.5);
#1841=CIRCLE('',#10722,1.2);
#1842=CIRCLE('',#10723,1.2);
#1843=CIRCLE('',#10725,5.15);
#1844=CIRCLE('',#10728,5.15);
#1845=CIRCLE('',#10730,5.5);
#1846=CIRCLE('',#10731,5.5);
#1847=CIRCLE('',#10734,3.5);
#1848=CIRCLE('',#10735,3.5);
#1849=CIRCLE('',#10738,1.25);
#1850=CIRCLE('',#10739,1.25);
#1851=CIRCLE('',#10743,3.25);
#1852=CIRCLE('',#10744,3.25);
#1853=CIRCLE('',#10746,1.);
#1854=CIRCLE('',#10748,5.);
#1855=CIRCLE('',#10749,5.);
#1856=CIRCLE('',#10753,1.);
#1857=CIRCLE('',#10759,3.35);
#1858=CIRCLE('',#10760,3.35);
#1859=CIRCLE('',#10762,1.5);
#1860=CIRCLE('',#10763,1.5);
#1861=CIRCLE('',#10765,1.5);
#1862=CIRCLE('',#10766,1.5);
#1863=CIRCLE('',#10768,1.5);
#1864=CIRCLE('',#10769,1.5);
#1865=CIRCLE('',#10772,1.5);
#1866=CIRCLE('',#10773,1.5);
#1867=CIRCLE('',#10775,5.5);
#1868=CIRCLE('',#10778,5.5);
#1869=CIRCLE('',#10781,5.5);
#1870=CIRCLE('',#10782,5.5);
#1871=CIRCLE('',#10785,5.25);
#1872=CIRCLE('',#10786,5.25);
#1873=CIRCLE('',#10790,1.5);
#1874=CIRCLE('',#10791,1.5);
#1875=CIRCLE('',#10793,1.5);
#1876=CIRCLE('',#10794,1.5);
#1877=CIRCLE('',#10796,1.5);
#1878=CIRCLE('',#10797,1.5);
#1879=CIRCLE('',#10799,5.);
#1880=CIRCLE('',#10800,5.);
#1881=CIRCLE('',#10802,1.5);
#1882=CIRCLE('',#10803,1.5);
#1883=CIRCLE('',#10831,11.5);
#1884=CIRCLE('',#10834,11.5);
#1885=CIRCLE('',#10846,5.625);
#1886=CIRCLE('',#10847,5.625);
#1887=CIRCLE('',#10849,1.5);
#1888=CIRCLE('',#10850,1.5);
#1889=CIRCLE('',#10851,1.5);
#1890=CIRCLE('',#10852,1.5);
#1891=CIRCLE('',#10855,1.5);
#1892=CIRCLE('',#10858,1.5);
#1893=CIRCLE('',#10861,1.5);
#1894=CIRCLE('',#10864,1.5);
#1895=CIRCLE('',#10869,4.5);
#1896=CIRCLE('',#10870,2.5);
#1897=CIRCLE('',#10871,2.5);
#1898=CIRCLE('',#10873,1.5);
#1899=CIRCLE('',#10874,1.5);
#1900=CIRCLE('',#10879,1.5);
#1901=CIRCLE('',#10880,1.5);
#1902=CIRCLE('',#10883,4.5);
#1903=CIRCLE('',#10886,2.5);
#1904=CIRCLE('',#10889,2.5);
#1905=CIRCLE('',#10895,1.5);
#1906=CIRCLE('',#10896,1.5);
#1907=CIRCLE('',#10898,4.5);
#1908=CIRCLE('',#10899,4.5);
#1909=CIRCLE('',#10902,1.5);
#1910=CIRCLE('',#10903,1.5);
#1911=CIRCLE('',#10905,2.5);
#1912=CIRCLE('',#10906,2.5);
#1913=CIRCLE('',#10909,2.5);
#1914=CIRCLE('',#10912,2.5);
#1915=CIRCLE('',#10915,1.5);
#1916=CIRCLE('',#10916,1.5);
#1917=CIRCLE('',#10918,1.5);
#1918=CIRCLE('',#10919,1.5);
#1919=CIRCLE('',#10925,4.5);
#1920=CIRCLE('',#10926,4.5);
#1921=CIRCLE('',#10928,2.5);
#1922=CIRCLE('',#10929,2.5);
#1923=CIRCLE('',#10932,2.5);
#1924=CIRCLE('',#10935,2.5);
#1925=CIRCLE('',#10938,2.50000000000001);
#1926=CIRCLE('',#10939,2.5);
#1927=CIRCLE('',#10940,2.5);
#1928=CIRCLE('',#10941,2.5);
#1929=CIRCLE('',#10943,1.5);
#1930=CIRCLE('',#10944,1.5);
#1931=CIRCLE('',#10945,1.5);
#1932=CIRCLE('',#10946,1.5);
#1933=CIRCLE('',#10947,7.5);
#1934=CIRCLE('',#10948,7.5);
#1935=CIRCLE('',#10950,4.5);
#1936=CIRCLE('',#10951,4.5);
#1937=CIRCLE('',#10953,1.5);
#1938=CIRCLE('',#10954,1.5);
#1939=CIRCLE('',#10955,1.5);
#1940=CIRCLE('',#10956,1.5);
#1941=CIRCLE('',#10957,7.5);
#1942=CIRCLE('',#10958,7.5);
#1943=CIRCLE('',#10960,1.50000000000001);
#1944=CIRCLE('',#10961,1.50000000000001);
#1945=CIRCLE('',#10981,1.5);
#1946=CIRCLE('',#10989,1.5);
#1947=CIRCLE('',#10997,1.5);
#1948=CIRCLE('',#10999,1.5);
#1949=CIRCLE('',#11001,1.5);
#1950=CIRCLE('',#11003,1.5);
#1951=CIRCLE('',#11005,2.50000000000001);
#1952=CIRCLE('',#11008,2.5);
#1953=CIRCLE('',#11011,2.5);
#1954=CIRCLE('',#11014,2.5);
#1955=CIRCLE('',#11023,4.5);
#1956=CIRCLE('',#11024,4.5);
#1957=CIRCLE('',#11026,7.5);
#1958=CIRCLE('',#11029,7.5);
#1959=CIRCLE('',#11032,7.5);
#1960=CIRCLE('',#11035,7.5);
#1961=CIRCLE('',#11044,1.5);
#1962=CIRCLE('',#11045,1.5);
#1963=CIRCLE('',#11046,1.5);
#1964=CIRCLE('',#11047,1.5);
#1965=CIRCLE('',#11048,5.);
#1966=CIRCLE('',#11050,11.);
#1967=CIRCLE('',#11052,11.);
#1968=CIRCLE('',#11054,1.5);
#1969=CIRCLE('',#11055,1.5);
#1970=CIRCLE('',#11056,1.5);
#1971=CIRCLE('',#11057,1.5);
#1972=CIRCLE('',#11058,5.);
#1973=CIRCLE('',#11068,1.5);
#1974=CIRCLE('',#11069,1.5);
#1975=CIRCLE('',#11071,4.5);
#1976=CIRCLE('',#11072,4.5);
#1977=CIRCLE('',#11075,1.5);
#1978=CIRCLE('',#11076,1.5);
#1979=CIRCLE('',#11078,2.5);
#1980=CIRCLE('',#11079,2.5);
#1981=CIRCLE('',#11082,2.5);
#1982=CIRCLE('',#11085,2.5);
#1983=CIRCLE('',#11090,4.);
#1984=CIRCLE('',#11091,4.);
#1985=CIRCLE('',#11096,1.5);
#1986=CIRCLE('',#11097,1.5);
#1987=CIRCLE('',#11101,4.);
#1988=CIRCLE('',#11102,4.);
#1989=CIRCLE('',#11104,1.5);
#1990=CIRCLE('',#11105,1.5);
#1991=CIRCLE('',#11108,4.);
#1992=CIRCLE('',#11109,4.);
#1993=CIRCLE('',#11112,1.5);
#1994=CIRCLE('',#11113,1.5);
#1995=CIRCLE('',#11115,4.);
#1996=CIRCLE('',#11116,4.);
#1997=CIRCLE('',#11118,2.75);
#1998=CIRCLE('',#11119,2.75);
#1999=CIRCLE('',#11123,10.);
#2000=CIRCLE('',#11124,10.);
#2001=CIRCLE('',#11128,1.5);
#2002=CIRCLE('',#11129,1.5);
#2003=CIRCLE('',#11130,1.5);
#2004=CIRCLE('',#11131,1.5);
#2005=CIRCLE('',#11132,1.5);
#2006=CIRCLE('',#11133,1.5);
#2007=CIRCLE('',#11134,1.5);
#2008=CIRCLE('',#11135,1.5);
#2009=CIRCLE('',#11136,1.5);
#2010=CIRCLE('',#11137,1.5);
#2011=CIRCLE('',#11138,1.5);
#2012=CIRCLE('',#11139,1.5);
#2013=CIRCLE('',#11140,1.5);
#2014=CIRCLE('',#11141,12.5);
#2015=CIRCLE('',#11142,1.5);
#2016=CIRCLE('',#11143,1.5);
#2017=CIRCLE('',#11144,1.5);
#2018=CIRCLE('',#11145,2.5);
#2019=CIRCLE('',#11146,2.3);
#2020=CIRCLE('',#11147,13.25);
#2021=CIRCLE('',#11148,1.5);
#2022=CIRCLE('',#11149,1.5);
#2023=CIRCLE('',#11150,12.5);
#2024=CIRCLE('',#11151,1.5);
#2025=CIRCLE('',#11152,1.5);
#2026=CIRCLE('',#11153,2.5);
#2027=CIRCLE('',#11154,2.5);
#2028=CIRCLE('',#11155,2.3);
#2029=CIRCLE('',#11157,1.5);
#2030=CIRCLE('',#11158,1.5);
#2031=CIRCLE('',#11159,1.5);
#2032=CIRCLE('',#11160,1.5);
#2033=CIRCLE('',#11161,1.5);
#2034=CIRCLE('',#11162,1.5);
#2035=CIRCLE('',#11163,1.5);
#2036=CIRCLE('',#11164,1.5);
#2037=CIRCLE('',#11165,1.5);
#2038=CIRCLE('',#11166,1.5);
#2039=CIRCLE('',#11167,1.5);
#2040=CIRCLE('',#11168,1.5);
#2041=CIRCLE('',#11169,1.5);
#2042=CIRCLE('',#11170,12.5);
#2043=CIRCLE('',#11171,1.5);
#2044=CIRCLE('',#11172,1.5);
#2045=CIRCLE('',#11173,1.5);
#2046=CIRCLE('',#11174,2.5);
#2047=CIRCLE('',#11175,1.5);
#2048=CIRCLE('',#11176,1.5);
#2049=CIRCLE('',#11177,12.5);
#2050=CIRCLE('',#11178,1.5);
#2051=CIRCLE('',#11179,1.5);
#2052=CIRCLE('',#11180,2.5);
#2053=CIRCLE('',#11181,2.5);
#2054=CIRCLE('',#11182,6.00000000000002);
#2055=CIRCLE('',#11183,13.25);
#2056=CIRCLE('',#11184,6.);
#2057=CIRCLE('',#11185,13.25);
#2058=CIRCLE('',#11198,13.25);
#2059=CIRCLE('',#11199,13.25);
#2060=CIRCLE('',#11201,2.3);
#2061=CIRCLE('',#11202,6.00000000000002);
#2062=CIRCLE('',#11207,2.3);
#2063=CIRCLE('',#11208,6.);
#2064=CIRCLE('',#11233,1.5);
#2065=CIRCLE('',#11234,1.5);
#2066=CIRCLE('',#11235,1.5);
#2067=CIRCLE('',#11236,1.5);
#2068=CIRCLE('',#11237,1.5);
#2069=CIRCLE('',#11238,1.5);
#2070=CIRCLE('',#11239,1.5);
#2071=CIRCLE('',#11240,1.5);
#2072=CIRCLE('',#11241,1.5);
#2073=CIRCLE('',#11242,1.5);
#2074=CIRCLE('',#11243,4.5);
#2075=CIRCLE('',#11244,2.5);
#2076=CIRCLE('',#11245,2.3);
#2077=CIRCLE('',#11246,2.3);
#2078=CIRCLE('',#11247,13.25);
#2079=CIRCLE('',#11248,2.5);
#2080=CIRCLE('',#11249,2.5);
#2081=CIRCLE('',#11250,13.25);
#2082=CIRCLE('',#11251,2.3);
#2083=CIRCLE('',#11252,2.3);
#2084=CIRCLE('',#11254,1.5);
#2085=CIRCLE('',#11255,1.5);
#2086=CIRCLE('',#11256,1.5);
#2087=CIRCLE('',#11257,1.5);
#2088=CIRCLE('',#11258,1.5);
#2089=CIRCLE('',#11259,1.5);
#2090=CIRCLE('',#11260,1.5);
#2091=CIRCLE('',#11261,1.5);
#2092=CIRCLE('',#11262,1.5);
#2093=CIRCLE('',#11263,1.5);
#2094=CIRCLE('',#11264,11.);
#2095=CIRCLE('',#11265,2.5);
#2096=CIRCLE('',#11266,2.5);
#2097=CIRCLE('',#11267,2.5);
#2098=CIRCLE('',#11268,6.00000000000001);
#2099=CIRCLE('',#11269,13.25);
#2100=CIRCLE('',#11270,6.);
#2101=CIRCLE('',#11271,13.25);
#2102=CIRCLE('',#11272,13.25);
#2103=CIRCLE('',#11273,6.);
#2104=CIRCLE('',#11274,13.25);
#2105=CIRCLE('',#11275,6.00000000000002);
#2106=CIRCLE('',#11277,13.25);
#2107=CIRCLE('',#11278,13.25);
#2108=CIRCLE('',#11286,13.25);
#2109=CIRCLE('',#11287,13.25);
#2110=CIRCLE('',#11289,2.3);
#2111=CIRCLE('',#11290,6.00000000000001);
#2112=CIRCLE('',#11295,2.3);
#2113=CIRCLE('',#11296,6.);
#2114=CIRCLE('',#11303,2.3);
#2115=CIRCLE('',#11304,6.00000000000002);
#2116=CIRCLE('',#11309,2.3);
#2117=CIRCLE('',#11310,6.);
#2118=CIRCLE('',#11318,11.);
#2119=CIRCLE('',#11320,4.5);
#2120=CIRCLE('',#11339,2.6);
#2121=CIRCLE('',#11340,12.9);
#2122=CIRCLE('',#11341,5.5);
#2123=CIRCLE('',#11345,5.5);
#2124=CIRCLE('',#11348,12.9);
#2125=CIRCLE('',#11349,12.9);
#2126=CIRCLE('',#11350,12.9);
#2127=CIRCLE('',#11351,12.9);
#2128=CIRCLE('',#11354,2.6);
#2129=CIRCLE('',#11356,5.5);
#2130=CIRCLE('',#11357,5.5);
#2131=CIRCLE('',#11359,2.6);
#2132=CIRCLE('',#11360,2.6);
#2133=CIRCLE('',#11362,4.);
#2134=CIRCLE('',#11365,6.1);
#2135=CIRCLE('',#11367,6.1);
#2136=CIRCLE('',#11369,4.);
#2137=CIRCLE('',#11372,4.);
#2138=CIRCLE('',#11373,4.);
#2139=CIRCLE('',#11378,6.);
#2140=CIRCLE('',#11379,6.);
#2141=CIRCLE('',#11383,7.);
#2142=CIRCLE('',#11384,7.);
#2143=CIRCLE('',#11387,7.);
#2144=CIRCLE('',#11388,7.);
#2145=CIRCLE('',#11390,6.);
#2146=CIRCLE('',#11391,6.);
#2147=CIRCLE('',#11395,4.);
#2148=CIRCLE('',#11396,4.);
#2149=CIRCLE('',#11399,9.5);
#2150=CIRCLE('',#11400,9.5);
#2151=CIRCLE('',#11403,4.);
#2152=CIRCLE('',#11405,4.);
#2153=CIRCLE('',#11408,4.);
#2154=CIRCLE('',#11409,4.);
#2155=CIRCLE('',#11412,9.5);
#2156=CIRCLE('',#11413,9.5);
#2157=CIRCLE('',#11416,4.);
#2158=CIRCLE('',#11418,4.);
#2159=CIRCLE('',#11422,3.);
#2160=CIRCLE('',#11423,3.);
#2161=CIRCLE('',#11424,1.5);
#2162=CIRCLE('',#11425,1.5);
#2163=CIRCLE('',#11426,1.5);
#2164=CIRCLE('',#11427,1.5);
#2165=CIRCLE('',#11429,2.495);
#2166=CIRCLE('',#11430,2.495);
#2167=CIRCLE('',#11431,2.495);
#2168=CIRCLE('',#11432,2.495);
#2169=CIRCLE('',#11438,1.25);
#2170=CIRCLE('',#11443,1.25);
#2171=CIRCLE('',#11446,1.5);
#2172=CIRCLE('',#11448,1.5);
#2173=CIRCLE('',#11451,1.5);
#2174=CIRCLE('',#11453,1.5);
#2175=CIRCLE('',#11455,2.495);
#2176=CIRCLE('',#11458,2.495);
#2177=CIRCLE('',#11461,2.495);
#2178=CIRCLE('',#11464,2.495);
#2179=CIRCLE('',#11467,1.25);
#2180=CIRCLE('',#11470,1.25);
#2181=CIRCLE('',#11473,3.);
#2182=CIRCLE('',#11476,3.);
#2183=CIRCLE('',#11479,11.);
#2184=CIRCLE('',#11480,11.);
#2185=CIRCLE('',#11482,4.);
#2186=CIRCLE('',#11483,4.);
#2187=CIRCLE('',#11489,2.25);
#2188=CIRCLE('',#11492,1.5);
#2189=CIRCLE('',#11495,1.5);
#2190=CIRCLE('',#11496,1.5);
#2191=CIRCLE('',#11499,1.5);
#2192=CIRCLE('',#11506,2.25);
#2193=CIRCLE('',#11512,11.);
#2194=CIRCLE('',#11513,11.);
#2195=CIRCLE('',#11516,2.25);
#2196=CIRCLE('',#11520,2.25);
#2197=CIRCLE('',#11523,3.375);
#2198=CIRCLE('',#11524,2.75);
#2199=CIRCLE('',#11525,2.75);
#2200=CIRCLE('',#11527,5.625);
#2201=CIRCLE('',#11528,2.75);
#2202=CIRCLE('',#11529,5.625);
#2203=CIRCLE('',#11530,3.375);
#2204=CIRCLE('',#11531,5.625);
#2205=CIRCLE('',#11532,2.75);
#2206=CIRCLE('',#11534,1.5);
#2207=CIRCLE('',#11535,1.5);
#2208=CIRCLE('',#11537,5.625);
#2209=CIRCLE('',#11538,1.5);
#2210=CIRCLE('',#11544,5.625);
#2211=CIRCLE('',#11545,5.625);
#2212=CIRCLE('',#11549,1.5);
#2213=CIRCLE('',#11551,2.75);
#2214=CIRCLE('',#11554,2.75);
#2215=CIRCLE('',#11557,4.5);
#2216=CIRCLE('',#11558,2.5);
#2217=CIRCLE('',#11559,2.5);
#2218=CIRCLE('',#11561,1.5);
#2219=CIRCLE('',#11562,1.5);
#2220=CIRCLE('',#11567,4.5);
#2221=CIRCLE('',#11570,1.5);
#2222=CIRCLE('',#11571,1.5);
#2223=CIRCLE('',#11574,2.5);
#2224=CIRCLE('',#11577,2.5);
#2225=CIRCLE('',#11580,1.5);
#2226=CIRCLE('',#11581,1.5);
#2227=CIRCLE('',#11586,4.5);
#2228=CIRCLE('',#11587,4.5);
#2229=CIRCLE('',#11589,1.5);
#2230=CIRCLE('',#11590,1.5);
#2231=CIRCLE('',#11593,2.5);
#2232=CIRCLE('',#11594,2.5);
#2233=CIRCLE('',#11597,2.5);
#2234=CIRCLE('',#11600,2.5);
#2235=CIRCLE('',#11603,1.5);
#2236=CIRCLE('',#11604,1.5);
#2237=CIRCLE('',#11605,1.5);
#2238=CIRCLE('',#11610,1.5);
#2239=CIRCLE('',#11611,7.625);
#2240=CIRCLE('',#11612,1.5);
#2241=CIRCLE('',#11614,1.5);
#2242=CIRCLE('',#11615,1.5);
#2243=CIRCLE('',#11616,7.625);
#2244=CIRCLE('',#11620,5.);
#2245=CIRCLE('',#11621,5.);
#2246=CIRCLE('',#11623,1.5);
#2247=CIRCLE('',#11624,1.5);
#2248=CIRCLE('',#11625,1.5);
#2249=CIRCLE('',#11626,1.5);
#2250=CIRCLE('',#11628,11.25);
#2251=CIRCLE('',#11630,11.25);
#2252=CIRCLE('',#11632,1.5);
#2253=CIRCLE('',#11633,1.5);
#2254=CIRCLE('',#11634,1.5);
#2255=CIRCLE('',#11635,1.5);
#2256=CIRCLE('',#11650,1.5);
#2257=CIRCLE('',#11657,1.5);
#2258=CIRCLE('',#11660,1.5);
#2259=CIRCLE('',#11666,1.5);
#2260=CIRCLE('',#11667,1.5);
#2261=CIRCLE('',#11668,1.5);
#2262=CIRCLE('',#11669,1.5);
#2263=CIRCLE('',#11672,1.5);
#2264=CIRCLE('',#11673,1.5);
#2265=CIRCLE('',#11674,1.5);
#2266=CIRCLE('',#11675,1.5);
#2267=CIRCLE('',#11676,2.5);
#2268=CIRCLE('',#11677,2.5);
#2269=CIRCLE('',#11695,1.5);
#2270=CIRCLE('',#11696,1.5);
#2271=CIRCLE('',#11698,1.5);
#2272=CIRCLE('',#11699,1.5);
#2273=CIRCLE('',#11701,1.5);
#2274=CIRCLE('',#11702,1.5);
#2275=CIRCLE('',#11704,1.5);
#2276=CIRCLE('',#11705,1.5);
#2277=CIRCLE('',#11708,1.5);
#2278=CIRCLE('',#11709,1.5);
#2279=CIRCLE('',#11710,1.5);
#2280=CIRCLE('',#11711,1.5);
#2281=CIRCLE('',#11712,3.);
#2282=CIRCLE('',#11717,1.5);
#2283=CIRCLE('',#11720,1.5);
#2284=CIRCLE('',#11724,3.);
#2285=CIRCLE('',#11725,1.5);
#2286=CIRCLE('',#11726,1.5);
#2287=CIRCLE('',#11727,1.5);
#2288=CIRCLE('',#11728,1.5);
#2289=CIRCLE('',#11731,1.5);
#2290=CIRCLE('',#11733,1.5);
#2291=CIRCLE('',#11736,1.5);
#2292=CIRCLE('',#11739,1.5);
#2293=CIRCLE('',#11742,1.5);
#2294=CIRCLE('',#11745,1.5);
#2295=CIRCLE('',#11753,3.);
#2296=CIRCLE('',#11756,3.);
#2297=ADVANCED_FACE('',(#3273),#2903,.F.);
#2298=ADVANCED_FACE('',(#3274),#2904,.F.);
#2299=ADVANCED_FACE('',(#3275),#2905,.F.);
#2300=ADVANCED_FACE('',(#923,#924),#690,.F.);
#2301=ADVANCED_FACE('',(#925,#926),#691,.F.);
#2302=ADVANCED_FACE('',(#927,#928),#692,.F.);
#2303=ADVANCED_FACE('',(#929,#930),#693,.F.);
#2304=ADVANCED_FACE('',(#3276),#2906,.F.);
#2305=ADVANCED_FACE('',(#931,#932),#694,.F.);
#2306=ADVANCED_FACE('',(#933,#934,#935,#936,#937,#938),#2907,.T.);
#2307=ADVANCED_FACE('',(#939,#940,#941,#942,#943,#944),#2908,.F.);
#2308=ADVANCED_FACE('',(#945,#946),#695,.F.);
#2309=ADVANCED_FACE('',(#947,#948),#2909,.F.);
#2310=ADVANCED_FACE('',(#949,#950),#696,.F.);
#2311=ADVANCED_FACE('',(#951,#952),#2910,.F.);
#2312=ADVANCED_FACE('',(#953,#954),#697,.F.);
#2313=ADVANCED_FACE('',(#955,#956),#2911,.F.);
#2314=ADVANCED_FACE('',(#957,#958),#698,.F.);
#2315=ADVANCED_FACE('',(#959,#960),#2912,.F.);
#2316=ADVANCED_FACE('',(#961,#962),#699,.T.);
#2317=ADVANCED_FACE('',(#3277),#2913,.T.);
#2318=ADVANCED_FACE('',(#3278),#2914,.F.);
#2319=ADVANCED_FACE('',(#963,#964),#381,.T.);
#2320=ADVANCED_FACE('',(#965,#966),#700,.T.);
#2321=ADVANCED_FACE('',(#967,#968),#701,.F.);
#2322=ADVANCED_FACE('',(#969,#970),#2915,.T.);
#2323=ADVANCED_FACE('',(#971,#972),#2916,.F.);
#2324=ADVANCED_FACE('',(#973,#974),#702,.T.);
#2325=ADVANCED_FACE('',(#975,#976),#703,.T.);
#2326=ADVANCED_FACE('',(#977,#978),#2917,.F.);
#2327=ADVANCED_FACE('',(#979,#980),#704,.T.);
#2328=ADVANCED_FACE('',(#981,#982),#382,.T.);
#2329=ADVANCED_FACE('',(#983,#984),#705,.T.);
#2330=ADVANCED_FACE('',(#985,#986),#2918,.T.);
#2331=ADVANCED_FACE('',(#987,#988),#383,.T.);
#2332=ADVANCED_FACE('',(#989,#990),#706,.T.);
#2333=ADVANCED_FACE('',(#991,#992),#2919,.F.);
#2334=ADVANCED_FACE('',(#993,#994),#707,.T.);
#2335=ADVANCED_FACE('',(#995,#996),#2920,.F.);
#2336=ADVANCED_FACE('',(#3279),#2921,.T.);
#2337=ADVANCED_FACE('',(#997,#998),#708,.T.);
#2338=ADVANCED_FACE('',(#3280),#2922,.F.);
#2339=ADVANCED_FACE('',(#3281),#2923,.F.);
#2340=ADVANCED_FACE('',(#3282),#2924,.F.);
#2341=ADVANCED_FACE('',(#3283),#2925,.F.);
#2342=ADVANCED_FACE('',(#999,#1000),#709,.F.);
#2343=ADVANCED_FACE('',(#1001,#1002),#710,.F.);
#2344=ADVANCED_FACE('',(#1003,#1004),#711,.F.);
#2345=ADVANCED_FACE('',(#1005,#1006),#712,.F.);
#2346=ADVANCED_FACE('',(#3284),#2926,.F.);
#2347=ADVANCED_FACE('',(#1007,#1008),#713,.F.);
#2348=ADVANCED_FACE('',(#1009,#1010,#1011,#1012,#1013,#1014),#2927,.T.);
#2349=ADVANCED_FACE('',(#1015,#1016,#1017,#1018,#1019,#1020),#2928,.F.);
#2350=ADVANCED_FACE('',(#1021,#1022),#714,.T.);
#2351=ADVANCED_FACE('',(#1023,#1024),#2929,.F.);
#2352=ADVANCED_FACE('',(#1025,#1026),#715,.T.);
#2353=ADVANCED_FACE('',(#3285),#2930,.F.);
#2354=ADVANCED_FACE('',(#1027,#1028),#716,.F.);
#2355=ADVANCED_FACE('',(#1029,#1030),#2931,.T.);
#2356=ADVANCED_FACE('',(#3286),#2932,.T.);
#2357=ADVANCED_FACE('',(#1031,#1032),#717,.F.);
#2358=ADVANCED_FACE('',(#1033,#1034),#718,.F.);
#2359=ADVANCED_FACE('',(#1035,#1036),#719,.F.);
#2360=ADVANCED_FACE('',(#1037,#1038),#720,.F.);
#2361=ADVANCED_FACE('',(#1039,#1040),#721,.F.);
#2362=ADVANCED_FACE('',(#3287),#2933,.F.);
#2363=ADVANCED_FACE('',(#3288),#2934,.F.);
#2364=ADVANCED_FACE('',(#3289),#2935,.F.);
#2365=ADVANCED_FACE('',(#3290),#2936,.F.);
#2366=ADVANCED_FACE('',(#3291),#2937,.F.);
#2367=ADVANCED_FACE('',(#3292),#2938,.F.);
#2368=ADVANCED_FACE('',(#3293),#2939,.F.);
#2369=ADVANCED_FACE('',(#3294),#2940,.F.);
#2370=ADVANCED_FACE('',(#3295),#2941,.F.);
#2371=ADVANCED_FACE('',(#3296),#2942,.F.);
#2372=ADVANCED_FACE('',(#3297),#2943,.F.);
#2373=ADVANCED_FACE('',(#3298),#2944,.F.);
#2374=ADVANCED_FACE('',(#3299),#2945,.F.);
#2375=ADVANCED_FACE('',(#3300),#2946,.F.);
#2376=ADVANCED_FACE('',(#3301),#2947,.F.);
#2377=ADVANCED_FACE('',(#3302),#2948,.F.);
#2378=ADVANCED_FACE('',(#3303),#2949,.F.);
#2379=ADVANCED_FACE('',(#3304),#2950,.F.);
#2380=ADVANCED_FACE('',(#3305),#2951,.F.);
#2381=ADVANCED_FACE('',(#3306),#2952,.F.);
#2382=ADVANCED_FACE('',(#3307),#2953,.F.);
#2383=ADVANCED_FACE('',(#3308),#2954,.F.);
#2384=ADVANCED_FACE('',(#3309),#2955,.F.);
#2385=ADVANCED_FACE('',(#3310),#2956,.F.);
#2386=ADVANCED_FACE('',(#3311),#2957,.F.);
#2387=ADVANCED_FACE('',(#3312),#2958,.F.);
#2388=ADVANCED_FACE('',(#1041,#1042,#1043,#1044,#1045,#1046),#2959,.T.);
#2389=ADVANCED_FACE('',(#1047,#1048),#2960,.F.);
#2390=ADVANCED_FACE('',(#1049,#1050),#722,.F.);
#2391=ADVANCED_FACE('',(#1051,#1052,#1053,#1054,#1055,#1056),#2961,.T.);
#2392=ADVANCED_FACE('',(#3313),#2962,.T.);
#2393=ADVANCED_FACE('',(#3314),#2963,.T.);
#2394=ADVANCED_FACE('',(#3315),#2964,.T.);
#2395=ADVANCED_FACE('',(#3316),#2965,.T.);
#2396=ADVANCED_FACE('',(#3317),#2966,.T.);
#2397=ADVANCED_FACE('',(#3318),#2967,.T.);
#2398=ADVANCED_FACE('',(#3319),#2968,.T.);
#2399=ADVANCED_FACE('',(#3320),#2969,.T.);
#2400=ADVANCED_FACE('',(#3321),#2970,.T.);
#2401=ADVANCED_FACE('',(#1057,#1058),#723,.F.);
#2402=ADVANCED_FACE('',(#1059,#1060,#1061,#1062,#1063,#1064),#2971,.T.);
#2403=ADVANCED_FACE('',(#3322),#2972,.F.);
#2404=ADVANCED_FACE('',(#1065,#1066),#724,.F.);
#2405=ADVANCED_FACE('',(#3323),#2973,.T.);
#2406=ADVANCED_FACE('',(#1067,#1068),#725,.F.);
#2407=ADVANCED_FACE('',(#3324),#2974,.T.);
#2408=ADVANCED_FACE('',(#1069,#1070),#726,.F.);
#2409=ADVANCED_FACE('',(#3325),#2975,.T.);
#2410=ADVANCED_FACE('',(#1071,#1072),#727,.F.);
#2411=ADVANCED_FACE('',(#3326),#2976,.T.);
#2412=ADVANCED_FACE('',(#3327),#2977,.F.);
#2413=ADVANCED_FACE('',(#3328),#2978,.F.);
#2414=ADVANCED_FACE('',(#1073,#1074,#1075,#1076),#2979,.T.);
#2415=ADVANCED_FACE('',(#1077,#1078),#728,.F.);
#2416=ADVANCED_FACE('',(#3329),#2980,.F.);
#2417=ADVANCED_FACE('',(#3330),#2981,.F.);
#2418=ADVANCED_FACE('',(#3331),#2982,.F.);
#2419=ADVANCED_FACE('',(#1079,#1080),#729,.F.);
#2420=ADVANCED_FACE('',(#3332),#2983,.F.);
#2421=ADVANCED_FACE('',(#1081,#1082),#730,.F.);
#2422=ADVANCED_FACE('',(#1083,#1084,#1085,#1086),#2984,.F.);
#2423=ADVANCED_FACE('',(#1087,#1088),#731,.F.);
#2424=ADVANCED_FACE('',(#1089,#1090),#2985,.F.);
#2425=ADVANCED_FACE('',(#1091,#1092),#732,.F.);
#2426=ADVANCED_FACE('',(#1093,#1094),#2986,.T.);
#2427=ADVANCED_FACE('',(#3333),#2987,.F.);
#2428=ADVANCED_FACE('',(#3334),#2988,.F.);
#2429=ADVANCED_FACE('',(#3335),#2989,.F.);
#2430=ADVANCED_FACE('',(#1095,#1096),#733,.F.);
#2431=ADVANCED_FACE('',(#1097,#1098),#734,.F.);
#2432=ADVANCED_FACE('',(#3336),#2990,.F.);
#2433=ADVANCED_FACE('',(#1099,#1100),#735,.F.);
#2434=ADVANCED_FACE('',(#1101,#1102,#1103,#1104),#2991,.F.);
#2435=ADVANCED_FACE('',(#1105,#1106,#1107,#1108),#2992,.T.);
#2436=ADVANCED_FACE('',(#1109,#1110),#2993,.F.);
#2437=ADVANCED_FACE('',(#1111,#1112),#736,.F.);
#2438=ADVANCED_FACE('',(#1113,#1114),#2994,.F.);
#2439=ADVANCED_FACE('',(#1115,#1116),#737,.F.);
#2440=ADVANCED_FACE('',(#1117,#1118),#738,.F.);
#2441=ADVANCED_FACE('',(#1119,#1120),#739,.F.);
#2442=ADVANCED_FACE('',(#3337),#2995,.F.);
#2443=ADVANCED_FACE('',(#3338),#2996,.F.);
#2444=ADVANCED_FACE('',(#3339),#2997,.F.);
#2445=ADVANCED_FACE('',(#3340),#2998,.F.);
#2446=ADVANCED_FACE('',(#1121,#1122),#740,.F.);
#2447=ADVANCED_FACE('',(#1123,#1124,#1125,#1126),#2999,.T.);
#2448=ADVANCED_FACE('',(#1127,#1128,#1129,#1130),#3000,.F.);
#2449=ADVANCED_FACE('',(#1131,#1132),#741,.F.);
#2450=ADVANCED_FACE('',(#1133,#1134),#3001,.T.);
#2451=ADVANCED_FACE('',(#1135,#1136),#742,.F.);
#2452=ADVANCED_FACE('',(#1137,#1138),#3002,.T.);
#2453=ADVANCED_FACE('',(#1139,#1140,#1141,#1142,#1143,#1144),#3003,.F.);
#2454=ADVANCED_FACE('',(#1145,#1146,#1147,#1148,#1149,#1150,#1151),#3004,
 .F.);
#2455=ADVANCED_FACE('',(#1152,#1153),#743,.F.);
#2456=ADVANCED_FACE('',(#1154,#1155,#1156,#1157,#1158,#1159,#1160),#3005,
 .F.);
#2457=ADVANCED_FACE('',(#1161,#1162),#744,.F.);
#2458=ADVANCED_FACE('',(#1163,#1164,#1165,#1166,#1167,#1168),#3006,.T.);
#2459=ADVANCED_FACE('',(#3341),#3007,.F.);
#2460=ADVANCED_FACE('',(#3342),#3008,.F.);
#2461=ADVANCED_FACE('',(#3343),#3009,.F.);
#2462=ADVANCED_FACE('',(#3344),#3010,.F.);
#2463=ADVANCED_FACE('',(#3345),#3011,.T.);
#2464=ADVANCED_FACE('',(#3346),#3012,.T.);
#2465=ADVANCED_FACE('',(#3347),#3013,.T.);
#2466=ADVANCED_FACE('',(#3348),#3014,.T.);
#2467=ADVANCED_FACE('',(#3349),#3015,.T.);
#2468=ADVANCED_FACE('',(#3350),#3016,.T.);
#2469=ADVANCED_FACE('',(#1169,#1170),#3017,.T.);
#2470=ADVANCED_FACE('',(#3351),#3018,.T.);
#2471=ADVANCED_FACE('',(#3352),#3019,.T.);
#2472=ADVANCED_FACE('',(#3353),#3020,.T.);
#2473=ADVANCED_FACE('',(#3354),#3021,.T.);
#2474=ADVANCED_FACE('',(#3355),#3022,.T.);
#2475=ADVANCED_FACE('',(#3356),#3023,.T.);
#2476=ADVANCED_FACE('',(#1171,#1172),#3024,.T.);
#2477=ADVANCED_FACE('',(#3357),#3025,.T.);
#2478=ADVANCED_FACE('',(#3358),#3026,.T.);
#2479=ADVANCED_FACE('',(#3359),#3027,.T.);
#2480=ADVANCED_FACE('',(#3360),#3028,.T.);
#2481=ADVANCED_FACE('',(#3361),#3029,.T.);
#2482=ADVANCED_FACE('',(#3362),#3030,.T.);
#2483=ADVANCED_FACE('',(#1173,#1174),#3031,.T.);
#2484=ADVANCED_FACE('',(#3363),#3032,.F.);
#2485=ADVANCED_FACE('',(#3364),#3033,.F.);
#2486=ADVANCED_FACE('',(#3365),#3034,.F.);
#2487=ADVANCED_FACE('',(#3366),#3035,.F.);
#2488=ADVANCED_FACE('',(#3367),#3036,.F.);
#2489=ADVANCED_FACE('',(#3368),#3037,.F.);
#2490=ADVANCED_FACE('',(#1175,#1176),#3038,.F.);
#2491=ADVANCED_FACE('',(#1177,#1178),#745,.F.);
#2492=ADVANCED_FACE('',(#1179,#1180),#746,.F.);
#2493=ADVANCED_FACE('',(#1181,#1182),#747,.F.);
#2494=ADVANCED_FACE('',(#1183,#1184),#3039,.T.);
#2495=ADVANCED_FACE('',(#1185,#1186),#748,.F.);
#2496=ADVANCED_FACE('',(#1187,#1188),#749,.F.);
#2497=ADVANCED_FACE('',(#1189,#1190),#3040,.F.);
#2498=ADVANCED_FACE('',(#1191,#1192),#750,.F.);
#2499=ADVANCED_FACE('',(#1193,#1194),#3041,.F.);
#2500=ADVANCED_FACE('',(#1195,#1196),#751,.F.);
#2501=ADVANCED_FACE('',(#1197,#1198),#3042,.F.);
#2502=ADVANCED_FACE('',(#3369),#3043,.F.);
#2503=ADVANCED_FACE('',(#3370),#3044,.F.);
#2504=ADVANCED_FACE('',(#3371),#3045,.F.);
#2505=ADVANCED_FACE('',(#3372),#3046,.T.);
#2506=ADVANCED_FACE('',(#3373),#3047,.T.);
#2507=ADVANCED_FACE('',(#3374),#3048,.T.);
#2508=ADVANCED_FACE('',(#1199,#1200),#752,.F.);
#2509=ADVANCED_FACE('',(#1201,#1202),#753,.F.);
#2510=ADVANCED_FACE('',(#1203,#1204),#3049,.F.);
#2511=ADVANCED_FACE('',(#1205,#1206),#3050,.T.);
#2512=ADVANCED_FACE('',(#1207,#1208),#754,.F.);
#2513=ADVANCED_FACE('',(#1209,#1210),#755,.F.);
#2514=ADVANCED_FACE('',(#1211,#1212),#3051,.F.);
#2515=ADVANCED_FACE('',(#1213,#1214),#3052,.T.);
#2516=ADVANCED_FACE('',(#1215,#1216),#756,.F.);
#2517=ADVANCED_FACE('',(#1217,#1218),#757,.F.);
#2518=ADVANCED_FACE('',(#1219,#1220),#758,.F.);
#2519=ADVANCED_FACE('',(#1221,#1222),#759,.F.);
#2520=ADVANCED_FACE('',(#1223,#1224),#760,.F.);
#2521=ADVANCED_FACE('',(#3375),#3053,.T.);
#2522=ADVANCED_FACE('',(#3376),#3054,.T.);
#2523=ADVANCED_FACE('',(#1225,#1226,#1227,#1228,#1229,#1230),#3055,.F.);
#2524=ADVANCED_FACE('',(#1231,#1232),#3056,.T.);
#2525=ADVANCED_FACE('',(#1233,#1234),#761,.F.);
#2526=ADVANCED_FACE('',(#1235,#1236,#1237,#1238,#1239,#1240),#3057,.T.);
#2527=ADVANCED_FACE('',(#1241,#1242),#762,.F.);
#2528=ADVANCED_FACE('',(#1243,#1244),#763,.F.);
#2529=ADVANCED_FACE('',(#1245,#1246),#764,.F.);
#2530=ADVANCED_FACE('',(#1247,#1248),#765,.F.);
#2531=ADVANCED_FACE('',(#1249,#1250),#766,.F.);
#2532=ADVANCED_FACE('',(#3377),#3058,.T.);
#2533=ADVANCED_FACE('',(#3378),#3059,.T.);
#2534=ADVANCED_FACE('',(#3379),#3060,.T.);
#2535=ADVANCED_FACE('',(#1251,#1252),#767,.F.);
#2536=ADVANCED_FACE('',(#1253,#1254),#768,.F.);
#2537=ADVANCED_FACE('',(#3380),#3061,.T.);
#2538=ADVANCED_FACE('',(#1255,#1256),#769,.F.);
#2539=ADVANCED_FACE('',(#1257,#1258,#1259,#1260),#3062,.F.);
#2540=ADVANCED_FACE('',(#1261,#1262,#1263,#1264),#3063,.T.);
#2541=ADVANCED_FACE('',(#1265,#1266),#3064,.F.);
#2542=ADVANCED_FACE('',(#1267,#1268),#770,.F.);
#2543=ADVANCED_FACE('',(#1269,#1270),#3065,.F.);
#2544=ADVANCED_FACE('',(#1271,#1272),#771,.F.);
#2545=ADVANCED_FACE('',(#3381),#3066,.T.);
#2546=ADVANCED_FACE('',(#3382),#3067,.T.);
#2547=ADVANCED_FACE('',(#3383),#772,.T.);
#2548=ADVANCED_FACE('',(#3384),#3068,.T.);
#2549=ADVANCED_FACE('',(#3385),#3069,.F.);
#2550=ADVANCED_FACE('',(#3386),#3070,.T.);
#2551=ADVANCED_FACE('',(#1273,#1274),#773,.T.);
#2552=ADVANCED_FACE('',(#3387),#3071,.T.);
#2553=ADVANCED_FACE('',(#3388),#3072,.F.);
#2554=ADVANCED_FACE('',(#3389),#774,.T.);
#2555=ADVANCED_FACE('',(#1275,#1276),#775,.F.);
#2556=ADVANCED_FACE('',(#3390),#3073,.T.);
#2557=ADVANCED_FACE('',(#3391),#776,.T.);
#2558=ADVANCED_FACE('',(#3392),#3074,.T.);
#2559=ADVANCED_FACE('',(#1277,#1278),#777,.F.);
#2560=ADVANCED_FACE('',(#3393),#778,.T.);
#2561=ADVANCED_FACE('',(#1279,#1280),#779,.F.);
#2562=ADVANCED_FACE('',(#1281,#1282,#1283),#3075,.F.);
#2563=ADVANCED_FACE('',(#1284,#1285,#1286),#3076,.T.);
#2564=ADVANCED_FACE('',(#3394),#780,.F.);
#2565=ADVANCED_FACE('',(#1287,#1288),#3077,.F.);
#2566=ADVANCED_FACE('',(#1289,#1290),#3078,.T.);
#2567=ADVANCED_FACE('',(#1291,#1292,#1293,#1294,#1295,#1296,#1297,#1298,
#1299,#1300,#1301,#1302,#1303,#1304,#1305,#1306,#1307,#1308,#1309,#1310,
#1311,#1312,#1313,#1314,#1315,#1316,#1317,#1318,#1319),#3079,.F.);
#2568=ADVANCED_FACE('',(#1320,#1321,#1322,#1323,#1324,#1325,#1326,#1327,
#1328,#1329,#1330,#1331,#1332,#1333,#1334,#1335,#1336,#1337,#1338,#1339,
#1340,#1341,#1342,#1343,#1344,#1345,#1346),#3080,.T.);
#2569=ADVANCED_FACE('',(#3395),#3081,.F.);
#2570=ADVANCED_FACE('',(#3396),#3082,.F.);
#2571=ADVANCED_FACE('',(#3397),#3083,.F.);
#2572=ADVANCED_FACE('',(#3398),#3084,.F.);
#2573=ADVANCED_FACE('',(#1347,#1348),#781,.F.);
#2574=ADVANCED_FACE('',(#1349,#1350),#782,.F.);
#2575=ADVANCED_FACE('',(#1351,#1352),#783,.F.);
#2576=ADVANCED_FACE('',(#1353,#1354),#784,.F.);
#2577=ADVANCED_FACE('',(#1355,#1356),#785,.F.);
#2578=ADVANCED_FACE('',(#1357,#1358),#786,.F.);
#2579=ADVANCED_FACE('',(#1359,#1360),#787,.F.);
#2580=ADVANCED_FACE('',(#1361,#1362),#788,.F.);
#2581=ADVANCED_FACE('',(#1363,#1364),#3085,.F.);
#2582=ADVANCED_FACE('',(#3399),#789,.F.);
#2583=ADVANCED_FACE('',(#3400),#3086,.F.);
#2584=ADVANCED_FACE('',(#3401),#3087,.F.);
#2585=ADVANCED_FACE('',(#1365,#1366),#3088,.F.);
#2586=ADVANCED_FACE('',(#3402),#790,.F.);
#2587=ADVANCED_FACE('',(#3403),#3089,.F.);
#2588=ADVANCED_FACE('',(#3404),#3090,.F.);
#2589=ADVANCED_FACE('',(#1367,#1368),#791,.F.);
#2590=ADVANCED_FACE('',(#1369,#1370),#792,.F.);
#2591=ADVANCED_FACE('',(#1371,#1372),#793,.F.);
#2592=ADVANCED_FACE('',(#1373,#1374),#794,.F.);
#2593=ADVANCED_FACE('',(#1375,#1376),#795,.F.);
#2594=ADVANCED_FACE('',(#1377,#1378),#796,.F.);
#2595=ADVANCED_FACE('',(#1379,#1380),#797,.F.);
#2596=ADVANCED_FACE('',(#1381,#1382),#798,.F.);
#2597=ADVANCED_FACE('',(#1383,#1384),#799,.F.);
#2598=ADVANCED_FACE('',(#1385,#1386),#800,.F.);
#2599=ADVANCED_FACE('',(#1387,#1388),#801,.F.);
#2600=ADVANCED_FACE('',(#1389,#1390),#802,.F.);
#2601=ADVANCED_FACE('',(#1391,#1392),#803,.F.);
#2602=ADVANCED_FACE('',(#1393,#1394),#804,.F.);
#2603=ADVANCED_FACE('',(#1395,#1396),#805,.F.);
#2604=ADVANCED_FACE('',(#1397,#1398),#806,.F.);
#2605=ADVANCED_FACE('',(#1399,#1400),#807,.F.);
#2606=ADVANCED_FACE('',(#1401,#1402),#808,.F.);
#2607=ADVANCED_FACE('',(#1403,#1404),#809,.F.);
#2608=ADVANCED_FACE('',(#1405,#1406),#810,.F.);
#2609=ADVANCED_FACE('',(#1407,#1408,#1409,#1410,#1411,#1412,#1413,#1414,
#1415,#1416,#1417,#1418,#1419,#1420,#1421,#1422,#1423,#1424,#1425,#1426,
#1427),#3091,.T.);
#2610=ADVANCED_FACE('',(#1428,#1429,#1430,#1431,#1432,#1433,#1434,#1435,
#1436,#1437,#1438,#1439,#1440,#1441,#1442,#1443,#1444),#3092,.F.);
#2611=ADVANCED_FACE('',(#1445,#1446),#811,.F.);
#2612=ADVANCED_FACE('',(#3405),#3093,.F.);
#2613=ADVANCED_FACE('',(#3406),#3094,.F.);
#2614=ADVANCED_FACE('',(#3407),#3095,.F.);
#2615=ADVANCED_FACE('',(#3408),#3096,.F.);
#2616=ADVANCED_FACE('',(#1447,#1448),#812,.F.);
#2617=ADVANCED_FACE('',(#1449,#1450),#813,.F.);
#2618=ADVANCED_FACE('',(#1451,#1452),#814,.F.);
#2619=ADVANCED_FACE('',(#1453,#1454),#3097,.F.);
#2620=ADVANCED_FACE('',(#3409),#815,.F.);
#2621=ADVANCED_FACE('',(#3410),#3098,.T.);
#2622=ADVANCED_FACE('',(#3411),#3099,.T.);
#2623=ADVANCED_FACE('',(#1455,#1456),#3100,.F.);
#2624=ADVANCED_FACE('',(#3412),#3101,.T.);
#2625=ADVANCED_FACE('',(#3413),#816,.F.);
#2626=ADVANCED_FACE('',(#3414),#3102,.T.);
#2627=ADVANCED_FACE('',(#1457,#1458),#817,.F.);
#2628=ADVANCED_FACE('',(#1459,#1460),#818,.F.);
#2629=ADVANCED_FACE('',(#1461,#1462),#3103,.T.);
#2630=ADVANCED_FACE('',(#3415),#819,.F.);
#2631=ADVANCED_FACE('',(#3416),#3104,.F.);
#2632=ADVANCED_FACE('',(#3417),#3105,.F.);
#2633=ADVANCED_FACE('',(#1463,#1464),#3106,.T.);
#2634=ADVANCED_FACE('',(#3418),#3107,.F.);
#2635=ADVANCED_FACE('',(#3419),#3108,.F.);
#2636=ADVANCED_FACE('',(#3420),#820,.F.);
#2637=ADVANCED_FACE('',(#1465,#1466),#821,.F.);
#2638=ADVANCED_FACE('',(#1467,#1468),#822,.F.);
#2639=ADVANCED_FACE('',(#1469,#1470),#823,.F.);
#2640=ADVANCED_FACE('',(#1471,#1472),#824,.F.);
#2641=ADVANCED_FACE('',(#1473,#1474),#3109,.F.);
#2642=ADVANCED_FACE('',(#1475,#1476),#825,.F.);
#2643=ADVANCED_FACE('',(#1477,#1478),#826,.F.);
#2644=ADVANCED_FACE('',(#1479,#1480),#827,.F.);
#2645=ADVANCED_FACE('',(#1481,#1482),#828,.F.);
#2646=ADVANCED_FACE('',(#1483,#1484),#829,.F.);
#2647=ADVANCED_FACE('',(#1485,#1486),#830,.F.);
#2648=ADVANCED_FACE('',(#1487,#1488),#831,.F.);
#2649=ADVANCED_FACE('',(#1489,#1490),#832,.F.);
#2650=ADVANCED_FACE('',(#1491,#1492),#833,.F.);
#2651=ADVANCED_FACE('',(#1493,#1494),#834,.F.);
#2652=ADVANCED_FACE('',(#1495,#1496),#835,.F.);
#2653=ADVANCED_FACE('',(#3421),#3110,.T.);
#2654=ADVANCED_FACE('',(#3422),#3111,.T.);
#2655=ADVANCED_FACE('',(#3423),#3112,.T.);
#2656=ADVANCED_FACE('',(#3424),#3113,.T.);
#2657=ADVANCED_FACE('',(#3425),#3114,.F.);
#2658=ADVANCED_FACE('',(#3426),#3115,.T.);
#2659=ADVANCED_FACE('',(#1497,#1498),#3116,.F.);
#2660=ADVANCED_FACE('',(#3427),#3117,.F.);
#2661=ADVANCED_FACE('',(#3428),#3118,.F.);
#2662=ADVANCED_FACE('',(#3429),#836,.T.);
#2663=ADVANCED_FACE('',(#3430),#3119,.F.);
#2664=ADVANCED_FACE('',(#1499,#1500),#837,.T.);
#2665=ADVANCED_FACE('',(#3431),#3120,.F.);
#2666=ADVANCED_FACE('',(#1501,#1502),#838,.F.);
#2667=ADVANCED_FACE('',(#3432),#839,.T.);
#2668=ADVANCED_FACE('',(#1503,#1504),#840,.F.);
#2669=ADVANCED_FACE('',(#1505,#1506,#1507,#1508),#3121,.T.);
#2670=ADVANCED_FACE('',(#1509,#1510),#3122,.F.);
#2671=ADVANCED_FACE('',(#1511,#1512),#3123,.T.);
#2672=ADVANCED_FACE('',(#1513,#1514),#841,.T.);
#2673=ADVANCED_FACE('',(#1515,#1516),#3124,.F.);
#2674=ADVANCED_FACE('',(#1517,#1518),#842,.F.);
#2675=ADVANCED_FACE('',(#1519,#1520),#843,.T.);
#2676=ADVANCED_FACE('',(#3433),#3125,.T.);
#2677=ADVANCED_FACE('',(#3434),#3126,.F.);
#2678=ADVANCED_FACE('',(#3435),#3127,.T.);
#2679=ADVANCED_FACE('',(#3436),#844,.F.);
#2680=ADVANCED_FACE('',(#3437),#3128,.T.);
#2681=ADVANCED_FACE('',(#3438),#3129,.F.);
#2682=ADVANCED_FACE('',(#3439),#845,.T.);
#2683=ADVANCED_FACE('',(#3440),#3130,.F.);
#2684=ADVANCED_FACE('',(#3441),#846,.T.);
#2685=ADVANCED_FACE('',(#3442),#847,.F.);
#2686=ADVANCED_FACE('',(#1521,#1522),#3131,.T.);
#2687=ADVANCED_FACE('',(#1523,#1524),#3132,.F.);
#2688=ADVANCED_FACE('',(#1525,#1526),#848,.T.);
#2689=ADVANCED_FACE('',(#3443),#3133,.T.);
#2690=ADVANCED_FACE('',(#1527,#1528),#849,.T.);
#2691=ADVANCED_FACE('',(#1529,#1530),#3134,.F.);
#2692=ADVANCED_FACE('',(#1531,#1532),#3135,.T.);
#2693=ADVANCED_FACE('',(#3444),#3136,.F.);
#2694=ADVANCED_FACE('',(#1533,#1534),#850,.T.);
#2695=ADVANCED_FACE('',(#1535,#1536),#851,.T.);
#2696=ADVANCED_FACE('',(#3445),#3137,.T.);
#2697=ADVANCED_FACE('',(#1537,#1538),#852,.T.);
#2698=ADVANCED_FACE('',(#1539,#1540),#3138,.F.);
#2699=ADVANCED_FACE('',(#1541,#1542),#3139,.T.);
#2700=ADVANCED_FACE('',(#3446),#3140,.F.);
#2701=ADVANCED_FACE('',(#1543,#1544),#853,.T.);
#2702=ADVANCED_FACE('',(#3447),#3141,.T.);
#2703=ADVANCED_FACE('',(#1545,#1546,#1547,#1548,#1549,#1550,#1551),#3142,
 .F.);
#2704=ADVANCED_FACE('',(#1552,#1553,#1554,#1555,#1556),#3143,.F.);
#2705=ADVANCED_FACE('',(#3448),#3144,.F.);
#2706=ADVANCED_FACE('',(#3449),#3145,.F.);
#2707=ADVANCED_FACE('',(#3450),#3146,.F.);
#2708=ADVANCED_FACE('',(#3451),#3147,.F.);
#2709=ADVANCED_FACE('',(#1557,#1558),#3148,.T.);
#2710=ADVANCED_FACE('',(#3452),#3149,.F.);
#2711=ADVANCED_FACE('',(#3453),#3150,.F.);
#2712=ADVANCED_FACE('',(#3454),#3151,.F.);
#2713=ADVANCED_FACE('',(#1559,#1560),#3152,.T.);
#2714=ADVANCED_FACE('',(#3455),#3153,.T.);
#2715=ADVANCED_FACE('',(#1561,#1562),#854,.F.);
#2716=ADVANCED_FACE('',(#1563,#1564),#855,.F.);
#2717=ADVANCED_FACE('',(#3456),#3154,.T.);
#2718=ADVANCED_FACE('',(#1565,#1566),#856,.F.);
#2719=ADVANCED_FACE('',(#1567,#1568),#857,.F.);
#2720=ADVANCED_FACE('',(#1569,#1570),#3155,.F.);
#2721=ADVANCED_FACE('',(#1571,#1572),#858,.F.);
#2722=ADVANCED_FACE('',(#1573,#1574),#3156,.F.);
#2723=ADVANCED_FACE('',(#1575,#1576),#859,.F.);
#2724=ADVANCED_FACE('',(#1577,#1578),#3157,.F.);
#2725=ADVANCED_FACE('',(#1579,#1580),#860,.F.);
#2726=ADVANCED_FACE('',(#1581,#1582),#3158,.F.);
#2727=ADVANCED_FACE('',(#1583,#1584),#861,.F.);
#2728=ADVANCED_FACE('',(#1585,#1586),#862,.F.);
#2729=ADVANCED_FACE('',(#3457),#3159,.T.);
#2730=ADVANCED_FACE('',(#1587,#1588),#863,.F.);
#2731=ADVANCED_FACE('',(#3458),#3160,.T.);
#2732=ADVANCED_FACE('',(#1589,#1590),#864,.F.);
#2733=ADVANCED_FACE('',(#3459),#3161,.T.);
#2734=ADVANCED_FACE('',(#1591,#1592),#865,.F.);
#2735=ADVANCED_FACE('',(#3460),#3162,.T.);
#2736=ADVANCED_FACE('',(#1593,#1594),#866,.T.);
#2737=ADVANCED_FACE('',(#1595,#1596),#867,.F.);
#2738=ADVANCED_FACE('',(#1597,#1598),#3163,.T.);
#2739=ADVANCED_FACE('',(#1599,#1600),#3164,.F.);
#2740=ADVANCED_FACE('',(#3461),#3165,.F.);
#2741=ADVANCED_FACE('',(#3462),#3166,.F.);
#2742=ADVANCED_FACE('',(#1601,#1602),#3167,.T.);
#2743=ADVANCED_FACE('',(#3463),#3168,.T.);
#2744=ADVANCED_FACE('',(#1603,#1604),#3169,.T.);
#2745=ADVANCED_FACE('',(#3464),#3170,.T.);
#2746=ADVANCED_FACE('',(#1605,#1606,#1607),#3171,.T.);
#2747=ADVANCED_FACE('',(#3465),#3172,.T.);
#2748=ADVANCED_FACE('',(#1608,#1609),#3173,.T.);
#2749=ADVANCED_FACE('',(#3466),#3174,.T.);
#2750=ADVANCED_FACE('',(#3467),#3175,.T.);
#2751=ADVANCED_FACE('',(#3468),#3176,.F.);
#2752=ADVANCED_FACE('',(#3469),#3177,.F.);
#2753=ADVANCED_FACE('',(#3470),#3178,.T.);
#2754=ADVANCED_FACE('',(#1610,#1611),#868,.T.);
#2755=ADVANCED_FACE('',(#3471),#3179,.T.);
#2756=ADVANCED_FACE('',(#1612,#1613),#869,.F.);
#2757=ADVANCED_FACE('',(#1614,#1615),#870,.F.);
#2758=ADVANCED_FACE('',(#3472),#3180,.F.);
#2759=ADVANCED_FACE('',(#3473),#871,.F.);
#2760=ADVANCED_FACE('',(#3474),#3181,.F.);
#2761=ADVANCED_FACE('',(#1616,#1617),#3182,.F.);
#2762=ADVANCED_FACE('',(#3475),#3183,.F.);
#2763=ADVANCED_FACE('',(#3476),#3184,.T.);
#2764=ADVANCED_FACE('',(#1618,#1619),#872,.T.);
#2765=ADVANCED_FACE('',(#3477),#3185,.F.);
#2766=ADVANCED_FACE('',(#1620,#1621,#1622,#1623),#3186,.F.);
#2767=ADVANCED_FACE('',(#3478),#3187,.T.);
#2768=ADVANCED_FACE('',(#1624,#1625),#873,.F.);
#2769=ADVANCED_FACE('',(#1626,#1627,#1628,#1629),#3188,.F.);
#2770=ADVANCED_FACE('',(#3479),#3189,.T.);
#2771=ADVANCED_FACE('',(#3480),#3190,.F.);
#2772=ADVANCED_FACE('',(#3481),#3191,.F.);
#2773=ADVANCED_FACE('',(#3482),#3192,.F.);
#2774=ADVANCED_FACE('',(#3483),#874,.F.);
#2775=ADVANCED_FACE('',(#3484),#3193,.T.);
#2776=ADVANCED_FACE('',(#1630,#1631),#875,.F.);
#2777=ADVANCED_FACE('',(#1632,#1633),#876,.F.);
#2778=ADVANCED_FACE('',(#1634,#1635),#3194,.T.);
#2779=ADVANCED_FACE('',(#1636,#1637),#877,.F.);
#2780=ADVANCED_FACE('',(#1638,#1639),#3195,.F.);
#2781=ADVANCED_FACE('',(#1640,#1641),#878,.F.);
#2782=ADVANCED_FACE('',(#1642,#1643,#1644,#1645),#3196,.T.);
#2783=ADVANCED_FACE('',(#1646,#1647),#879,.F.);
#2784=ADVANCED_FACE('',(#3485),#3197,.F.);
#2785=ADVANCED_FACE('',(#3486),#3198,.F.);
#2786=ADVANCED_FACE('',(#3487),#3199,.F.);
#2787=ADVANCED_FACE('',(#1648,#1649),#880,.F.);
#2788=ADVANCED_FACE('',(#3488),#3200,.F.);
#2789=ADVANCED_FACE('',(#1650,#1651),#881,.F.);
#2790=ADVANCED_FACE('',(#1652,#1653,#1654,#1655),#3201,.F.);
#2791=ADVANCED_FACE('',(#1656,#1657),#882,.F.);
#2792=ADVANCED_FACE('',(#1658,#1659),#3202,.F.);
#2793=ADVANCED_FACE('',(#1660,#1661),#883,.F.);
#2794=ADVANCED_FACE('',(#1662,#1663),#3203,.T.);
#2795=ADVANCED_FACE('',(#1664,#1665),#884,.F.);
#2796=ADVANCED_FACE('',(#3489),#3204,.T.);
#2797=ADVANCED_FACE('',(#3490),#3205,.T.);
#2798=ADVANCED_FACE('',(#3491),#3206,.T.);
#2799=ADVANCED_FACE('',(#1666,#1667),#885,.F.);
#2800=ADVANCED_FACE('',(#1668,#1669),#886,.F.);
#2801=ADVANCED_FACE('',(#3492),#3207,.T.);
#2802=ADVANCED_FACE('',(#1670,#1671,#1672,#1673),#3208,.F.);
#2803=ADVANCED_FACE('',(#1674,#1675,#1676,#1677),#3209,.T.);
#2804=ADVANCED_FACE('',(#1678,#1679),#3210,.T.);
#2805=ADVANCED_FACE('',(#1680,#1681),#887,.F.);
#2806=ADVANCED_FACE('',(#1682,#1683),#3211,.F.);
#2807=ADVANCED_FACE('',(#1684,#1685),#888,.F.);
#2808=ADVANCED_FACE('',(#1686,#1687,#1688,#1689),#3212,.F.);
#2809=ADVANCED_FACE('',(#1690,#1691),#3213,.F.);
#2810=ADVANCED_FACE('',(#3493),#3214,.F.);
#2811=ADVANCED_FACE('',(#3494),#3215,.F.);
#2812=ADVANCED_FACE('',(#1692,#1693,#1694,#1695),#3216,.T.);
#2813=ADVANCED_FACE('',(#1696,#1697,#1698,#1699),#3217,.F.);
#2814=ADVANCED_FACE('',(#3495),#3218,.F.);
#2815=ADVANCED_FACE('',(#3496),#3219,.F.);
#2816=ADVANCED_FACE('',(#1700,#1701),#889,.F.);
#2817=ADVANCED_FACE('',(#1702,#1703,#1704,#1705,#1706,#1707),#3220,.T.);
#2818=ADVANCED_FACE('',(#1708,#1709),#3221,.F.);
#2819=ADVANCED_FACE('',(#1710,#1711),#890,.F.);
#2820=ADVANCED_FACE('',(#1712,#1713,#1714,#1715,#1716,#1717),#3222,.F.);
#2821=ADVANCED_FACE('',(#1718,#1719),#891,.F.);
#2822=ADVANCED_FACE('',(#1720,#1721),#892,.F.);
#2823=ADVANCED_FACE('',(#1722,#1723),#893,.F.);
#2824=ADVANCED_FACE('',(#1724,#1725),#894,.F.);
#2825=ADVANCED_FACE('',(#3497),#3223,.F.);
#2826=ADVANCED_FACE('',(#3498),#3224,.F.);
#2827=ADVANCED_FACE('',(#3499),#3225,.F.);
#2828=ADVANCED_FACE('',(#3500),#3226,.F.);
#2829=ADVANCED_FACE('',(#1726,#1727),#895,.F.);
#2830=ADVANCED_FACE('',(#1728,#1729),#896,.F.);
#2831=ADVANCED_FACE('',(#1730,#1731),#897,.F.);
#2832=ADVANCED_FACE('',(#3501),#3227,.F.);
#2833=ADVANCED_FACE('',(#3502),#3228,.F.);
#2834=ADVANCED_FACE('',(#1732,#1733),#898,.F.);
#2835=ADVANCED_FACE('',(#3503),#3229,.F.);
#2836=ADVANCED_FACE('',(#3504),#3230,.F.);
#2837=ADVANCED_FACE('',(#3505),#3231,.T.);
#2838=ADVANCED_FACE('',(#3506),#3232,.F.);
#2839=ADVANCED_FACE('',(#1734,#1735),#3233,.F.);
#2840=ADVANCED_FACE('',(#1736,#1737),#899,.F.);
#2841=ADVANCED_FACE('',(#3507),#3234,.F.);
#2842=ADVANCED_FACE('',(#1738,#1739),#900,.F.);
#2843=ADVANCED_FACE('',(#3508),#3235,.T.);
#2844=ADVANCED_FACE('',(#3509),#3236,.F.);
#2845=ADVANCED_FACE('',(#3510),#3237,.F.);
#2846=ADVANCED_FACE('',(#3511),#3238,.F.);
#2847=ADVANCED_FACE('',(#1740,#1741,#1742,#1743,#1744),#3239,.F.);
#2848=ADVANCED_FACE('',(#3512),#3240,.F.);
#2849=ADVANCED_FACE('',(#1745,#1746,#1747,#1748,#1749),#3241,.F.);
#2850=ADVANCED_FACE('',(#3513),#3242,.F.);
#2851=ADVANCED_FACE('',(#3514),#3243,.F.);
#2852=ADVANCED_FACE('',(#1750,#1751),#3244,.T.);
#2853=ADVANCED_FACE('',(#3515),#3245,.F.);
#2854=ADVANCED_FACE('',(#1752,#1753),#901,.F.);
#2855=ADVANCED_FACE('',(#1754,#1755),#902,.F.);
#2856=ADVANCED_FACE('',(#1756,#1757),#903,.F.);
#2857=ADVANCED_FACE('',(#1758,#1759),#904,.F.);
#2858=ADVANCED_FACE('',(#3516),#905,.T.);
#2859=ADVANCED_FACE('',(#3517),#906,.T.);
#2860=ADVANCED_FACE('',(#3518),#907,.T.);
#2861=ADVANCED_FACE('',(#3519),#908,.T.);
#2862=ADVANCED_FACE('',(#1760,#1761),#909,.F.);
#2863=ADVANCED_FACE('',(#1762,#1763),#910,.F.);
#2864=ADVANCED_FACE('',(#1764,#1765),#911,.F.);
#2865=ADVANCED_FACE('',(#1766,#1767),#912,.F.);
#2866=ADVANCED_FACE('',(#3520),#3246,.F.);
#2867=ADVANCED_FACE('',(#1768,#1769,#1770,#1771,#1772),#3247,.T.);
#2868=ADVANCED_FACE('',(#3521),#3248,.T.);
#2869=ADVANCED_FACE('',(#3522),#3249,.T.);
#2870=ADVANCED_FACE('',(#3523),#3250,.F.);
#2871=ADVANCED_FACE('',(#1773,#1774),#913,.F.);
#2872=ADVANCED_FACE('',(#3524),#3251,.F.);
#2873=ADVANCED_FACE('',(#1775,#1776),#914,.F.);
#2874=ADVANCED_FACE('',(#1777,#1778,#1779),#3252,.F.);
#2875=ADVANCED_FACE('',(#3525),#3253,.T.);
#2876=ADVANCED_FACE('',(#1780,#1781,#1782,#1783,#1784),#3254,.F.);
#2877=ADVANCED_FACE('',(#3526),#3255,.F.);
#2878=ADVANCED_FACE('',(#1785,#1786),#915,.F.);
#2879=ADVANCED_FACE('',(#1787,#1788),#916,.F.);
#2880=ADVANCED_FACE('',(#1789,#1790,#1791),#3256,.F.);
#2881=ADVANCED_FACE('',(#1792,#1793),#917,.F.);
#2882=ADVANCED_FACE('',(#3527),#3257,.F.);
#2883=ADVANCED_FACE('',(#1794,#1795),#918,.F.);
#2884=ADVANCED_FACE('',(#1796,#1797,#1798),#3258,.T.);
#2885=ADVANCED_FACE('',(#1799,#1800),#919,.F.);
#2886=ADVANCED_FACE('',(#3528),#3259,.T.);
#2887=ADVANCED_FACE('',(#1801,#1802),#920,.F.);
#2888=ADVANCED_FACE('',(#1803,#1804,#1805),#3260,.T.);
#2889=ADVANCED_FACE('',(#1806,#1807,#1808,#1809,#1810),#3261,.T.);
#2890=ADVANCED_FACE('',(#3529),#3262,.F.);
#2891=ADVANCED_FACE('',(#3530),#3263,.F.);
#2892=ADVANCED_FACE('',(#3531),#3264,.F.);
#2893=ADVANCED_FACE('',(#1811,#1812),#3265,.F.);
#2894=ADVANCED_FACE('',(#3532),#3266,.T.);
#2895=ADVANCED_FACE('',(#3533),#921,.F.);
#2896=ADVANCED_FACE('',(#3534),#3267,.F.);
#2897=ADVANCED_FACE('',(#3535),#922,.F.);
#2898=ADVANCED_FACE('',(#3536),#3268,.T.);
#2899=ADVANCED_FACE('',(#3537),#3269,.T.);
#2900=ADVANCED_FACE('',(#3538),#3270,.F.);
#2901=ADVANCED_FACE('',(#3539),#3271,.T.);
#2902=ADVANCED_FACE('',(#1813,#1814,#1815,#1816,#1817),#3272,.T.);
#2903=PLANE('',#10675);
#2904=PLANE('',#10676);
#2905=PLANE('',#10677);
#2906=PLANE('',#10690);
#2907=PLANE('',#10694);
#2908=PLANE('',#10699);
#2909=PLANE('',#10702);
#2910=PLANE('',#10705);
#2911=PLANE('',#10708);
#2912=PLANE('',#10711);
#2913=PLANE('',#10715);
#2914=PLANE('',#10717);
#2915=PLANE('',#10726);
#2916=PLANE('',#10727);
#2917=PLANE('',#10733);
#2918=PLANE('',#10741);
#2919=PLANE('',#10747);
#2920=PLANE('',#10751);
#2921=PLANE('',#10752);
#2922=PLANE('',#10755);
#2923=PLANE('',#10756);
#2924=PLANE('',#10757);
#2925=PLANE('',#10758);
#2926=PLANE('',#10771);
#2927=PLANE('',#10776);
#2928=PLANE('',#10777);
#2929=PLANE('',#10780);
#2930=PLANE('',#10784);
#2931=PLANE('',#10788);
#2932=PLANE('',#10789);
#2933=PLANE('',#10805);
#2934=PLANE('',#10806);
#2935=PLANE('',#10807);
#2936=PLANE('',#10808);
#2937=PLANE('',#10809);
#2938=PLANE('',#10810);
#2939=PLANE('',#10811);
#2940=PLANE('',#10812);
#2941=PLANE('',#10813);
#2942=PLANE('',#10814);
#2943=PLANE('',#10815);
#2944=PLANE('',#10816);
#2945=PLANE('',#10817);
#2946=PLANE('',#10818);
#2947=PLANE('',#10819);
#2948=PLANE('',#10820);
#2949=PLANE('',#10821);
#2950=PLANE('',#10822);
#2951=PLANE('',#10823);
#2952=PLANE('',#10824);
#2953=PLANE('',#10825);
#2954=PLANE('',#10826);
#2955=PLANE('',#10827);
#2956=PLANE('',#10828);
#2957=PLANE('',#10829);
#2958=PLANE('',#10830);
#2959=PLANE('',#10832);
#2960=PLANE('',#10833);
#2961=PLANE('',#10836);
#2962=PLANE('',#10837);
#2963=PLANE('',#10838);
#2964=PLANE('',#10839);
#2965=PLANE('',#10840);
#2966=PLANE('',#10841);
#2967=PLANE('',#10842);
#2968=PLANE('',#10843);
#2969=PLANE('',#10844);
#2970=PLANE('',#10845);
#2971=PLANE('',#10853);
#2972=PLANE('',#10854);
#2973=PLANE('',#10857);
#2974=PLANE('',#10860);
#2975=PLANE('',#10863);
#2976=PLANE('',#10866);
#2977=PLANE('',#10867);
#2978=PLANE('',#10868);
#2979=PLANE('',#10872);
#2980=PLANE('',#10876);
#2981=PLANE('',#10877);
#2982=PLANE('',#10878);
#2983=PLANE('',#10882);
#2984=PLANE('',#10885);
#2985=PLANE('',#10888);
#2986=PLANE('',#10891);
#2987=PLANE('',#10892);
#2988=PLANE('',#10893);
#2989=PLANE('',#10894);
#2990=PLANE('',#10901);
#2991=PLANE('',#10907);
#2992=PLANE('',#10908);
#2993=PLANE('',#10910);
#2994=PLANE('',#10913);
#2995=PLANE('',#10921);
#2996=PLANE('',#10922);
#2997=PLANE('',#10923);
#2998=PLANE('',#10924);
#2999=PLANE('',#10930);
#3000=PLANE('',#10931);
#3001=PLANE('',#10934);
#3002=PLANE('',#10937);
#3003=PLANE('',#10942);
#3004=PLANE('',#10949);
#3005=PLANE('',#10959);
#3006=PLANE('',#10963);
#3007=PLANE('',#10964);
#3008=PLANE('',#10965);
#3009=PLANE('',#10966);
#3010=PLANE('',#10967);
#3011=PLANE('',#10968);
#3012=PLANE('',#10969);
#3013=PLANE('',#10970);
#3014=PLANE('',#10971);
#3015=PLANE('',#10972);
#3016=PLANE('',#10973);
#3017=PLANE('',#10974);
#3018=PLANE('',#10975);
#3019=PLANE('',#10976);
#3020=PLANE('',#10977);
#3021=PLANE('',#10978);
#3022=PLANE('',#10979);
#3023=PLANE('',#10980);
#3024=PLANE('',#10982);
#3025=PLANE('',#10983);
#3026=PLANE('',#10984);
#3027=PLANE('',#10985);
#3028=PLANE('',#10986);
#3029=PLANE('',#10987);
#3030=PLANE('',#10988);
#3031=PLANE('',#10990);
#3032=PLANE('',#10991);
#3033=PLANE('',#10992);
#3034=PLANE('',#10993);
#3035=PLANE('',#10994);
#3036=PLANE('',#10995);
#3037=PLANE('',#10996);
#3038=PLANE('',#10998);
#3039=PLANE('',#11006);
#3040=PLANE('',#11010);
#3041=PLANE('',#11013);
#3042=PLANE('',#11016);
#3043=PLANE('',#11017);
#3044=PLANE('',#11018);
#3045=PLANE('',#11019);
#3046=PLANE('',#11020);
#3047=PLANE('',#11021);
#3048=PLANE('',#11022);
#3049=PLANE('',#11028);
#3050=PLANE('',#11030);
#3051=PLANE('',#11034);
#3052=PLANE('',#11036);
#3053=PLANE('',#11042);
#3054=PLANE('',#11043);
#3055=PLANE('',#11049);
#3056=PLANE('',#11051);
#3057=PLANE('',#11059);
#3058=PLANE('',#11065);
#3059=PLANE('',#11066);
#3060=PLANE('',#11067);
#3061=PLANE('',#11074);
#3062=PLANE('',#11080);
#3063=PLANE('',#11081);
#3064=PLANE('',#11083);
#3065=PLANE('',#11086);
#3066=PLANE('',#11088);
#3067=PLANE('',#11089);
#3068=PLANE('',#11093);
#3069=PLANE('',#11094);
#3070=PLANE('',#11095);
#3071=PLANE('',#11099);
#3072=PLANE('',#11100);
#3073=PLANE('',#11107);
#3074=PLANE('',#11111);
#3075=PLANE('',#11121);
#3076=PLANE('',#11122);
#3077=PLANE('',#11126);
#3078=PLANE('',#11127);
#3079=PLANE('',#11156);
#3080=PLANE('',#11186);
#3081=PLANE('',#11187);
#3082=PLANE('',#11188);
#3083=PLANE('',#11189);
#3084=PLANE('',#11190);
#3085=PLANE('',#11203);
#3086=PLANE('',#11205);
#3087=PLANE('',#11206);
#3088=PLANE('',#11209);
#3089=PLANE('',#11211);
#3090=PLANE('',#11212);
#3091=PLANE('',#11253);
#3092=PLANE('',#11276);
#3093=PLANE('',#11280);
#3094=PLANE('',#11281);
#3095=PLANE('',#11282);
#3096=PLANE('',#11283);
#3097=PLANE('',#11291);
#3098=PLANE('',#11293);
#3099=PLANE('',#11294);
#3100=PLANE('',#11297);
#3101=PLANE('',#11298);
#3102=PLANE('',#11300);
#3103=PLANE('',#11305);
#3104=PLANE('',#11307);
#3105=PLANE('',#11308);
#3106=PLANE('',#11311);
#3107=PLANE('',#11312);
#3108=PLANE('',#11313);
#3109=PLANE('',#11321);
#3110=PLANE('',#11333);
#3111=PLANE('',#11334);
#3112=PLANE('',#11335);
#3113=PLANE('',#11336);
#3114=PLANE('',#11337);
#3115=PLANE('',#11338);
#3116=PLANE('',#11342);
#3117=PLANE('',#11343);
#3118=PLANE('',#11344);
#3119=PLANE('',#11347);
#3120=PLANE('',#11353);
#3121=PLANE('',#11363);
#3122=PLANE('',#11364);
#3123=PLANE('',#11366);
#3124=PLANE('',#11370);
#3125=PLANE('',#11375);
#3126=PLANE('',#11376);
#3127=PLANE('',#11377);
#3128=PLANE('',#11381);
#3129=PLANE('',#11382);
#3130=PLANE('',#11386);
#3131=PLANE('',#11393);
#3132=PLANE('',#11394);
#3133=PLANE('',#11398);
#3134=PLANE('',#11402);
#3135=PLANE('',#11404);
#3136=PLANE('',#11406);
#3137=PLANE('',#11411);
#3138=PLANE('',#11415);
#3139=PLANE('',#11417);
#3140=PLANE('',#11419);
#3141=PLANE('',#11421);
#3142=PLANE('',#11428);
#3143=PLANE('',#11433);
#3144=PLANE('',#11434);
#3145=PLANE('',#11435);
#3146=PLANE('',#11436);
#3147=PLANE('',#11437);
#3148=PLANE('',#11439);
#3149=PLANE('',#11440);
#3150=PLANE('',#11441);
#3151=PLANE('',#11442);
#3152=PLANE('',#11444);
#3153=PLANE('',#11445);
#3154=PLANE('',#11450);
#3155=PLANE('',#11456);
#3156=PLANE('',#11459);
#3157=PLANE('',#11462);
#3158=PLANE('',#11465);
#3159=PLANE('',#11469);
#3160=PLANE('',#11472);
#3161=PLANE('',#11475);
#3162=PLANE('',#11478);
#3163=PLANE('',#11485);
#3164=PLANE('',#11486);
#3165=PLANE('',#11487);
#3166=PLANE('',#11488);
#3167=PLANE('',#11490);
#3168=PLANE('',#11491);
#3169=PLANE('',#11493);
#3170=PLANE('',#11494);
#3171=PLANE('',#11497);
#3172=PLANE('',#11498);
#3173=PLANE('',#11500);
#3174=PLANE('',#11501);
#3175=PLANE('',#11502);
#3176=PLANE('',#11503);
#3177=PLANE('',#11504);
#3178=PLANE('',#11505);
#3179=PLANE('',#11508);
#3180=PLANE('',#11511);
#3181=PLANE('',#11515);
#3182=PLANE('',#11517);
#3183=PLANE('',#11518);
#3184=PLANE('',#11519);
#3185=PLANE('',#11522);
#3186=PLANE('',#11526);
#3187=PLANE('',#11533);
#3188=PLANE('',#11539);
#3189=PLANE('',#11540);
#3190=PLANE('',#11541);
#3191=PLANE('',#11542);
#3192=PLANE('',#11543);
#3193=PLANE('',#11547);
#3194=PLANE('',#11552);
#3195=PLANE('',#11555);
#3196=PLANE('',#11560);
#3197=PLANE('',#11564);
#3198=PLANE('',#11565);
#3199=PLANE('',#11566);
#3200=PLANE('',#11569);
#3201=PLANE('',#11573);
#3202=PLANE('',#11576);
#3203=PLANE('',#11579);
#3204=PLANE('',#11583);
#3205=PLANE('',#11584);
#3206=PLANE('',#11585);
#3207=PLANE('',#11592);
#3208=PLANE('',#11595);
#3209=PLANE('',#11596);
#3210=PLANE('',#11598);
#3211=PLANE('',#11601);
#3212=PLANE('',#11606);
#3213=PLANE('',#11607);
#3214=PLANE('',#11608);
#3215=PLANE('',#11609);
#3216=PLANE('',#11613);
#3217=PLANE('',#11617);
#3218=PLANE('',#11618);
#3219=PLANE('',#11619);
#3220=PLANE('',#11627);
#3221=PLANE('',#11629);
#3222=PLANE('',#11636);
#3223=PLANE('',#11641);
#3224=PLANE('',#11642);
#3225=PLANE('',#11643);
#3226=PLANE('',#11644);
#3227=PLANE('',#11648);
#3228=PLANE('',#11649);
#3229=PLANE('',#11652);
#3230=PLANE('',#11653);
#3231=PLANE('',#11654);
#3232=PLANE('',#11655);
#3233=PLANE('',#11656);
#3234=PLANE('',#11659);
#3235=PLANE('',#11662);
#3236=PLANE('',#11663);
#3237=PLANE('',#11664);
#3238=PLANE('',#11665);
#3239=PLANE('',#11670);
#3240=PLANE('',#11671);
#3241=PLANE('',#11678);
#3242=PLANE('',#11679);
#3243=PLANE('',#11680);
#3244=PLANE('',#11681);
#3245=PLANE('',#11682);
#3246=PLANE('',#11707);
#3247=PLANE('',#11713);
#3248=PLANE('',#11714);
#3249=PLANE('',#11715);
#3250=PLANE('',#11716);
#3251=PLANE('',#11719);
#3252=PLANE('',#11722);
#3253=PLANE('',#11723);
#3254=PLANE('',#11729);
#3255=PLANE('',#11730);
#3256=PLANE('',#11735);
#3257=PLANE('',#11738);
#3258=PLANE('',#11741);
#3259=PLANE('',#11744);
#3260=PLANE('',#11747);
#3261=PLANE('',#11748);
#3262=PLANE('',#11749);
#3263=PLANE('',#11750);
#3264=PLANE('',#11751);
#3265=PLANE('',#11752);
#3266=PLANE('',#11754);
#3267=PLANE('',#11757);
#3268=PLANE('',#11759);
#3269=PLANE('',#11760);
#3270=PLANE('',#11761);
#3271=PLANE('',#11762);
#3272=PLANE('',#11763);
#3273=FACE_OUTER_BOUND('',#3540,.T.);
#3274=FACE_OUTER_BOUND('',#3541,.T.);
#3275=FACE_OUTER_BOUND('',#3542,.T.);
#3276=FACE_OUTER_BOUND('',#3551,.T.);
#3277=FACE_OUTER_BOUND('',#3584,.T.);
#3278=FACE_OUTER_BOUND('',#3585,.T.);
#3279=FACE_OUTER_BOUND('',#3620,.T.);
#3280=FACE_OUTER_BOUND('',#3623,.T.);
#3281=FACE_OUTER_BOUND('',#3624,.T.);
#3282=FACE_OUTER_BOUND('',#3625,.T.);
#3283=FACE_OUTER_BOUND('',#3626,.T.);
#3284=FACE_OUTER_BOUND('',#3635,.T.);
#3285=FACE_OUTER_BOUND('',#3656,.T.);
#3286=FACE_OUTER_BOUND('',#3661,.T.);
#3287=FACE_OUTER_BOUND('',#3672,.T.);
#3288=FACE_OUTER_BOUND('',#3673,.T.);
#3289=FACE_OUTER_BOUND('',#3674,.T.);
#3290=FACE_OUTER_BOUND('',#3675,.T.);
#3291=FACE_OUTER_BOUND('',#3676,.T.);
#3292=FACE_OUTER_BOUND('',#3677,.T.);
#3293=FACE_OUTER_BOUND('',#3678,.T.);
#3294=FACE_OUTER_BOUND('',#3679,.T.);
#3295=FACE_OUTER_BOUND('',#3680,.T.);
#3296=FACE_OUTER_BOUND('',#3681,.T.);
#3297=FACE_OUTER_BOUND('',#3682,.T.);
#3298=FACE_OUTER_BOUND('',#3683,.T.);
#3299=FACE_OUTER_BOUND('',#3684,.T.);
#3300=FACE_OUTER_BOUND('',#3685,.T.);
#3301=FACE_OUTER_BOUND('',#3686,.T.);
#3302=FACE_OUTER_BOUND('',#3687,.T.);
#3303=FACE_OUTER_BOUND('',#3688,.T.);
#3304=FACE_OUTER_BOUND('',#3689,.T.);
#3305=FACE_OUTER_BOUND('',#3690,.T.);
#3306=FACE_OUTER_BOUND('',#3691,.T.);
#3307=FACE_OUTER_BOUND('',#3692,.T.);
#3308=FACE_OUTER_BOUND('',#3693,.T.);
#3309=FACE_OUTER_BOUND('',#3694,.T.);
#3310=FACE_OUTER_BOUND('',#3695,.T.);
#3311=FACE_OUTER_BOUND('',#3696,.T.);
#3312=FACE_OUTER_BOUND('',#3697,.T.);
#3313=FACE_OUTER_BOUND('',#3714,.T.);
#3314=FACE_OUTER_BOUND('',#3715,.T.);
#3315=FACE_OUTER_BOUND('',#3716,.T.);
#3316=FACE_OUTER_BOUND('',#3717,.T.);
#3317=FACE_OUTER_BOUND('',#3718,.T.);
#3318=FACE_OUTER_BOUND('',#3719,.T.);
#3319=FACE_OUTER_BOUND('',#3720,.T.);
#3320=FACE_OUTER_BOUND('',#3721,.T.);
#3321=FACE_OUTER_BOUND('',#3722,.T.);
#3322=FACE_OUTER_BOUND('',#3731,.T.);
#3323=FACE_OUTER_BOUND('',#3734,.T.);
#3324=FACE_OUTER_BOUND('',#3737,.T.);
#3325=FACE_OUTER_BOUND('',#3740,.T.);
#3326=FACE_OUTER_BOUND('',#3743,.T.);
#3327=FACE_OUTER_BOUND('',#3744,.T.);
#3328=FACE_OUTER_BOUND('',#3745,.T.);
#3329=FACE_OUTER_BOUND('',#3752,.T.);
#3330=FACE_OUTER_BOUND('',#3753,.T.);
#3331=FACE_OUTER_BOUND('',#3754,.T.);
#3332=FACE_OUTER_BOUND('',#3757,.T.);
#3333=FACE_OUTER_BOUND('',#3772,.T.);
#3334=FACE_OUTER_BOUND('',#3773,.T.);
#3335=FACE_OUTER_BOUND('',#3774,.T.);
#3336=FACE_OUTER_BOUND('',#3779,.T.);
#3337=FACE_OUTER_BOUND('',#3802,.T.);
#3338=FACE_OUTER_BOUND('',#3803,.T.);
#3339=FACE_OUTER_BOUND('',#3804,.T.);
#3340=FACE_OUTER_BOUND('',#3805,.T.);
#3341=FACE_OUTER_BOUND('',#3854,.T.);
#3342=FACE_OUTER_BOUND('',#3855,.T.);
#3343=FACE_OUTER_BOUND('',#3856,.T.);
#3344=FACE_OUTER_BOUND('',#3857,.T.);
#3345=FACE_OUTER_BOUND('',#3858,.T.);
#3346=FACE_OUTER_BOUND('',#3859,.T.);
#3347=FACE_OUTER_BOUND('',#3860,.T.);
#3348=FACE_OUTER_BOUND('',#3861,.T.);
#3349=FACE_OUTER_BOUND('',#3862,.T.);
#3350=FACE_OUTER_BOUND('',#3863,.T.);
#3351=FACE_OUTER_BOUND('',#3866,.T.);
#3352=FACE_OUTER_BOUND('',#3867,.T.);
#3353=FACE_OUTER_BOUND('',#3868,.T.);
#3354=FACE_OUTER_BOUND('',#3869,.T.);
#3355=FACE_OUTER_BOUND('',#3870,.T.);
#3356=FACE_OUTER_BOUND('',#3871,.T.);
#3357=FACE_OUTER_BOUND('',#3874,.T.);
#3358=FACE_OUTER_BOUND('',#3875,.T.);
#3359=FACE_OUTER_BOUND('',#3876,.T.);
#3360=FACE_OUTER_BOUND('',#3877,.T.);
#3361=FACE_OUTER_BOUND('',#3878,.T.);
#3362=FACE_OUTER_BOUND('',#3879,.T.);
#3363=FACE_OUTER_BOUND('',#3882,.T.);
#3364=FACE_OUTER_BOUND('',#3883,.T.);
#3365=FACE_OUTER_BOUND('',#3884,.T.);
#3366=FACE_OUTER_BOUND('',#3885,.T.);
#3367=FACE_OUTER_BOUND('',#3886,.T.);
#3368=FACE_OUTER_BOUND('',#3887,.T.);
#3369=FACE_OUTER_BOUND('',#3912,.T.);
#3370=FACE_OUTER_BOUND('',#3913,.T.);
#3371=FACE_OUTER_BOUND('',#3914,.T.);
#3372=FACE_OUTER_BOUND('',#3915,.T.);
#3373=FACE_OUTER_BOUND('',#3916,.T.);
#3374=FACE_OUTER_BOUND('',#3917,.T.);
#3375=FACE_OUTER_BOUND('',#3944,.T.);
#3376=FACE_OUTER_BOUND('',#3945,.T.);
#3377=FACE_OUTER_BOUND('',#3972,.T.);
#3378=FACE_OUTER_BOUND('',#3973,.T.);
#3379=FACE_OUTER_BOUND('',#3974,.T.);
#3380=FACE_OUTER_BOUND('',#3979,.T.);
#3381=FACE_OUTER_BOUND('',#3998,.T.);
#3382=FACE_OUTER_BOUND('',#3999,.T.);
#3383=FACE_OUTER_BOUND('',#4000,.T.);
#3384=FACE_OUTER_BOUND('',#4001,.T.);
#3385=FACE_OUTER_BOUND('',#4002,.T.);
#3386=FACE_OUTER_BOUND('',#4003,.T.);
#3387=FACE_OUTER_BOUND('',#4006,.T.);
#3388=FACE_OUTER_BOUND('',#4007,.T.);
#3389=FACE_OUTER_BOUND('',#4008,.T.);
#3390=FACE_OUTER_BOUND('',#4011,.T.);
#3391=FACE_OUTER_BOUND('',#4012,.T.);
#3392=FACE_OUTER_BOUND('',#4013,.T.);
#3393=FACE_OUTER_BOUND('',#4016,.T.);
#3394=FACE_OUTER_BOUND('',#4025,.T.);
#3395=FACE_OUTER_BOUND('',#4086,.T.);
#3396=FACE_OUTER_BOUND('',#4087,.T.);
#3397=FACE_OUTER_BOUND('',#4088,.T.);
#3398=FACE_OUTER_BOUND('',#4089,.T.);
#3399=FACE_OUTER_BOUND('',#4108,.T.);
#3400=FACE_OUTER_BOUND('',#4109,.T.);
#3401=FACE_OUTER_BOUND('',#4110,.T.);
#3402=FACE_OUTER_BOUND('',#4113,.T.);
#3403=FACE_OUTER_BOUND('',#4114,.T.);
#3404=FACE_OUTER_BOUND('',#4115,.T.);
#3405=FACE_OUTER_BOUND('',#4196,.T.);
#3406=FACE_OUTER_BOUND('',#4197,.T.);
#3407=FACE_OUTER_BOUND('',#4198,.T.);
#3408=FACE_OUTER_BOUND('',#4199,.T.);
#3409=FACE_OUTER_BOUND('',#4208,.T.);
#3410=FACE_OUTER_BOUND('',#4209,.T.);
#3411=FACE_OUTER_BOUND('',#4210,.T.);
#3412=FACE_OUTER_BOUND('',#4213,.T.);
#3413=FACE_OUTER_BOUND('',#4214,.T.);
#3414=FACE_OUTER_BOUND('',#4215,.T.);
#3415=FACE_OUTER_BOUND('',#4222,.T.);
#3416=FACE_OUTER_BOUND('',#4223,.T.);
#3417=FACE_OUTER_BOUND('',#4224,.T.);
#3418=FACE_OUTER_BOUND('',#4227,.T.);
#3419=FACE_OUTER_BOUND('',#4228,.T.);
#3420=FACE_OUTER_BOUND('',#4229,.T.);
#3421=FACE_OUTER_BOUND('',#4262,.T.);
#3422=FACE_OUTER_BOUND('',#4263,.T.);
#3423=FACE_OUTER_BOUND('',#4264,.T.);
#3424=FACE_OUTER_BOUND('',#4265,.T.);
#3425=FACE_OUTER_BOUND('',#4266,.T.);
#3426=FACE_OUTER_BOUND('',#4267,.T.);
#3427=FACE_OUTER_BOUND('',#4270,.T.);
#3428=FACE_OUTER_BOUND('',#4271,.T.);
#3429=FACE_OUTER_BOUND('',#4272,.T.);
#3430=FACE_OUTER_BOUND('',#4273,.T.);
#3431=FACE_OUTER_BOUND('',#4276,.T.);
#3432=FACE_OUTER_BOUND('',#4279,.T.);
#3433=FACE_OUTER_BOUND('',#4298,.T.);
#3434=FACE_OUTER_BOUND('',#4299,.T.);
#3435=FACE_OUTER_BOUND('',#4300,.T.);
#3436=FACE_OUTER_BOUND('',#4301,.T.);
#3437=FACE_OUTER_BOUND('',#4302,.T.);
#3438=FACE_OUTER_BOUND('',#4303,.T.);
#3439=FACE_OUTER_BOUND('',#4304,.T.);
#3440=FACE_OUTER_BOUND('',#4305,.T.);
#3441=FACE_OUTER_BOUND('',#4306,.T.);
#3442=FACE_OUTER_BOUND('',#4307,.T.);
#3443=FACE_OUTER_BOUND('',#4314,.T.);
#3444=FACE_OUTER_BOUND('',#4321,.T.);
#3445=FACE_OUTER_BOUND('',#4326,.T.);
#3446=FACE_OUTER_BOUND('',#4333,.T.);
#3447=FACE_OUTER_BOUND('',#4336,.T.);
#3448=FACE_OUTER_BOUND('',#4349,.T.);
#3449=FACE_OUTER_BOUND('',#4350,.T.);
#3450=FACE_OUTER_BOUND('',#4351,.T.);
#3451=FACE_OUTER_BOUND('',#4352,.T.);
#3452=FACE_OUTER_BOUND('',#4355,.T.);
#3453=FACE_OUTER_BOUND('',#4356,.T.);
#3454=FACE_OUTER_BOUND('',#4357,.T.);
#3455=FACE_OUTER_BOUND('',#4360,.T.);
#3456=FACE_OUTER_BOUND('',#4365,.T.);
#3457=FACE_OUTER_BOUND('',#4388,.T.);
#3458=FACE_OUTER_BOUND('',#4391,.T.);
#3459=FACE_OUTER_BOUND('',#4394,.T.);
#3460=FACE_OUTER_BOUND('',#4397,.T.);
#3461=FACE_OUTER_BOUND('',#4406,.T.);
#3462=FACE_OUTER_BOUND('',#4407,.T.);
#3463=FACE_OUTER_BOUND('',#4410,.T.);
#3464=FACE_OUTER_BOUND('',#4413,.T.);
#3465=FACE_OUTER_BOUND('',#4417,.T.);
#3466=FACE_OUTER_BOUND('',#4420,.T.);
#3467=FACE_OUTER_BOUND('',#4421,.T.);
#3468=FACE_OUTER_BOUND('',#4422,.T.);
#3469=FACE_OUTER_BOUND('',#4423,.T.);
#3470=FACE_OUTER_BOUND('',#4424,.T.);
#3471=FACE_OUTER_BOUND('',#4427,.T.);
#3472=FACE_OUTER_BOUND('',#4432,.T.);
#3473=FACE_OUTER_BOUND('',#4433,.T.);
#3474=FACE_OUTER_BOUND('',#4434,.T.);
#3475=FACE_OUTER_BOUND('',#4437,.T.);
#3476=FACE_OUTER_BOUND('',#4438,.T.);
#3477=FACE_OUTER_BOUND('',#4441,.T.);
#3478=FACE_OUTER_BOUND('',#4446,.T.);
#3479=FACE_OUTER_BOUND('',#4453,.T.);
#3480=FACE_OUTER_BOUND('',#4454,.T.);
#3481=FACE_OUTER_BOUND('',#4455,.T.);
#3482=FACE_OUTER_BOUND('',#4456,.T.);
#3483=FACE_OUTER_BOUND('',#4457,.T.);
#3484=FACE_OUTER_BOUND('',#4458,.T.);
#3485=FACE_OUTER_BOUND('',#4477,.T.);
#3486=FACE_OUTER_BOUND('',#4478,.T.);
#3487=FACE_OUTER_BOUND('',#4479,.T.);
#3488=FACE_OUTER_BOUND('',#4482,.T.);
#3489=FACE_OUTER_BOUND('',#4499,.T.);
#3490=FACE_OUTER_BOUND('',#4500,.T.);
#3491=FACE_OUTER_BOUND('',#4501,.T.);
#3492=FACE_OUTER_BOUND('',#4506,.T.);
#3493=FACE_OUTER_BOUND('',#4529,.T.);
#3494=FACE_OUTER_BOUND('',#4530,.T.);
#3495=FACE_OUTER_BOUND('',#4539,.T.);
#3496=FACE_OUTER_BOUND('',#4540,.T.);
#3497=FACE_OUTER_BOUND('',#4567,.T.);
#3498=FACE_OUTER_BOUND('',#4568,.T.);
#3499=FACE_OUTER_BOUND('',#4569,.T.);
#3500=FACE_OUTER_BOUND('',#4570,.T.);
#3501=FACE_OUTER_BOUND('',#4577,.T.);
#3502=FACE_OUTER_BOUND('',#4578,.T.);
#3503=FACE_OUTER_BOUND('',#4581,.T.);
#3504=FACE_OUTER_BOUND('',#4582,.T.);
#3505=FACE_OUTER_BOUND('',#4583,.T.);
#3506=FACE_OUTER_BOUND('',#4584,.T.);
#3507=FACE_OUTER_BOUND('',#4589,.T.);
#3508=FACE_OUTER_BOUND('',#4592,.T.);
#3509=FACE_OUTER_BOUND('',#4593,.T.);
#3510=FACE_OUTER_BOUND('',#4594,.T.);
#3511=FACE_OUTER_BOUND('',#4595,.T.);
#3512=FACE_OUTER_BOUND('',#4601,.T.);
#3513=FACE_OUTER_BOUND('',#4607,.T.);
#3514=FACE_OUTER_BOUND('',#4608,.T.);
#3515=FACE_OUTER_BOUND('',#4611,.T.);
#3516=FACE_OUTER_BOUND('',#4620,.T.);
#3517=FACE_OUTER_BOUND('',#4621,.T.);
#3518=FACE_OUTER_BOUND('',#4622,.T.);
#3519=FACE_OUTER_BOUND('',#4623,.T.);
#3520=FACE_OUTER_BOUND('',#4632,.T.);
#3521=FACE_OUTER_BOUND('',#4638,.T.);
#3522=FACE_OUTER_BOUND('',#4639,.T.);
#3523=FACE_OUTER_BOUND('',#4640,.T.);
#3524=FACE_OUTER_BOUND('',#4643,.T.);
#3525=FACE_OUTER_BOUND('',#4649,.T.);
#3526=FACE_OUTER_BOUND('',#4655,.T.);
#3527=FACE_OUTER_BOUND('',#4665,.T.);
#3528=FACE_OUTER_BOUND('',#4673,.T.);
#3529=FACE_OUTER_BOUND('',#4684,.T.);
#3530=FACE_OUTER_BOUND('',#4685,.T.);
#3531=FACE_OUTER_BOUND('',#4686,.T.);
#3532=FACE_OUTER_BOUND('',#4689,.T.);
#3533=FACE_OUTER_BOUND('',#4690,.T.);
#3534=FACE_OUTER_BOUND('',#4691,.T.);
#3535=FACE_OUTER_BOUND('',#4692,.T.);
#3536=FACE_OUTER_BOUND('',#4693,.T.);
#3537=FACE_OUTER_BOUND('',#4694,.T.);
#3538=FACE_OUTER_BOUND('',#4695,.T.);
#3539=FACE_OUTER_BOUND('',#4696,.T.);
#3540=EDGE_LOOP('',(#4702,#4703,#4704,#4705));
#3541=EDGE_LOOP('',(#4706,#4707,#4708,#4709));
#3542=EDGE_LOOP('',(#4710,#4711,#4712,#4713));
#3543=EDGE_LOOP('',(#4714));
#3544=EDGE_LOOP('',(#4715));
#3545=EDGE_LOOP('',(#4716));
#3546=EDGE_LOOP('',(#4717));
#3547=EDGE_LOOP('',(#4718));
#3548=EDGE_LOOP('',(#4719));
#3549=EDGE_LOOP('',(#4720));
#3550=EDGE_LOOP('',(#4721));
#3551=EDGE_LOOP('',(#4722,#4723,#4724,#4725));
#3552=EDGE_LOOP('',(#4726));
#3553=EDGE_LOOP('',(#4727));
#3554=EDGE_LOOP('',(#4728,#4729,#4730,#4731));
#3555=EDGE_LOOP('',(#4732));
#3556=EDGE_LOOP('',(#4733));
#3557=EDGE_LOOP('',(#4734));
#3558=EDGE_LOOP('',(#4735));
#3559=EDGE_LOOP('',(#4736));
#3560=EDGE_LOOP('',(#4737));
#3561=EDGE_LOOP('',(#4738));
#3562=EDGE_LOOP('',(#4739));
#3563=EDGE_LOOP('',(#4740));
#3564=EDGE_LOOP('',(#4741,#4742,#4743,#4744));
#3565=EDGE_LOOP('',(#4745));
#3566=EDGE_LOOP('',(#4746));
#3567=EDGE_LOOP('',(#4747));
#3568=EDGE_LOOP('',(#4748));
#3569=EDGE_LOOP('',(#4749));
#3570=EDGE_LOOP('',(#4750));
#3571=EDGE_LOOP('',(#4751));
#3572=EDGE_LOOP('',(#4752));
#3573=EDGE_LOOP('',(#4753));
#3574=EDGE_LOOP('',(#4754));
#3575=EDGE_LOOP('',(#4755));
#3576=EDGE_LOOP('',(#4756));
#3577=EDGE_LOOP('',(#4757));
#3578=EDGE_LOOP('',(#4758));
#3579=EDGE_LOOP('',(#4759));
#3580=EDGE_LOOP('',(#4760));
#3581=EDGE_LOOP('',(#4761));
#3582=EDGE_LOOP('',(#4762));
#3583=EDGE_LOOP('',(#4763));
#3584=EDGE_LOOP('',(#4764));
#3585=EDGE_LOOP('',(#4765));
#3586=EDGE_LOOP('',(#4766));
#3587=EDGE_LOOP('',(#4767));
#3588=EDGE_LOOP('',(#4768));
#3589=EDGE_LOOP('',(#4769));
#3590=EDGE_LOOP('',(#4770));
#3591=EDGE_LOOP('',(#4771));
#3592=EDGE_LOOP('',(#4772));
#3593=EDGE_LOOP('',(#4773));
#3594=EDGE_LOOP('',(#4774));
#3595=EDGE_LOOP('',(#4775));
#3596=EDGE_LOOP('',(#4776));
#3597=EDGE_LOOP('',(#4777));
#3598=EDGE_LOOP('',(#4778));
#3599=EDGE_LOOP('',(#4779));
#3600=EDGE_LOOP('',(#4780));
#3601=EDGE_LOOP('',(#4781));
#3602=EDGE_LOOP('',(#4782));
#3603=EDGE_LOOP('',(#4783));
#3604=EDGE_LOOP('',(#4784));
#3605=EDGE_LOOP('',(#4785));
#3606=EDGE_LOOP('',(#4786));
#3607=EDGE_LOOP('',(#4787));
#3608=EDGE_LOOP('',(#4788));
#3609=EDGE_LOOP('',(#4789));
#3610=EDGE_LOOP('',(#4790));
#3611=EDGE_LOOP('',(#4791));
#3612=EDGE_LOOP('',(#4792));
#3613=EDGE_LOOP('',(#4793));
#3614=EDGE_LOOP('',(#4794));
#3615=EDGE_LOOP('',(#4795));
#3616=EDGE_LOOP('',(#4796));
#3617=EDGE_LOOP('',(#4797));
#3618=EDGE_LOOP('',(#4798));
#3619=EDGE_LOOP('',(#4799));
#3620=EDGE_LOOP('',(#4800));
#3621=EDGE_LOOP('',(#4801));
#3622=EDGE_LOOP('',(#4802));
#3623=EDGE_LOOP('',(#4803));
#3624=EDGE_LOOP('',(#4804,#4805,#4806,#4807));
#3625=EDGE_LOOP('',(#4808,#4809,#4810,#4811));
#3626=EDGE_LOOP('',(#4812,#4813,#4814,#4815));
#3627=EDGE_LOOP('',(#4816));
#3628=EDGE_LOOP('',(#4817));
#3629=EDGE_LOOP('',(#4818));
#3630=EDGE_LOOP('',(#4819));
#3631=EDGE_LOOP('',(#4820));
#3632=EDGE_LOOP('',(#4821));
#3633=EDGE_LOOP('',(#4822));
#3634=EDGE_LOOP('',(#4823));
#3635=EDGE_LOOP('',(#4824,#4825,#4826,#4827));
#3636=EDGE_LOOP('',(#4828));
#3637=EDGE_LOOP('',(#4829));
#3638=EDGE_LOOP('',(#4830));
#3639=EDGE_LOOP('',(#4831,#4832,#4833,#4834));
#3640=EDGE_LOOP('',(#4835));
#3641=EDGE_LOOP('',(#4836));
#3642=EDGE_LOOP('',(#4837));
#3643=EDGE_LOOP('',(#4838));
#3644=EDGE_LOOP('',(#4839,#4840,#4841,#4842));
#3645=EDGE_LOOP('',(#4843));
#3646=EDGE_LOOP('',(#4844));
#3647=EDGE_LOOP('',(#4845));
#3648=EDGE_LOOP('',(#4846));
#3649=EDGE_LOOP('',(#4847));
#3650=EDGE_LOOP('',(#4848));
#3651=EDGE_LOOP('',(#4849));
#3652=EDGE_LOOP('',(#4850));
#3653=EDGE_LOOP('',(#4851));
#3654=EDGE_LOOP('',(#4852));
#3655=EDGE_LOOP('',(#4853));
#3656=EDGE_LOOP('',(#4854));
#3657=EDGE_LOOP('',(#4855));
#3658=EDGE_LOOP('',(#4856));
#3659=EDGE_LOOP('',(#4857));
#3660=EDGE_LOOP('',(#4858));
#3661=EDGE_LOOP('',(#4859));
#3662=EDGE_LOOP('',(#4860));
#3663=EDGE_LOOP('',(#4861));
#3664=EDGE_LOOP('',(#4862));
#3665=EDGE_LOOP('',(#4863));
#3666=EDGE_LOOP('',(#4864));
#3667=EDGE_LOOP('',(#4865));
#3668=EDGE_LOOP('',(#4866));
#3669=EDGE_LOOP('',(#4867));
#3670=EDGE_LOOP('',(#4868));
#3671=EDGE_LOOP('',(#4869));
#3672=EDGE_LOOP('',(#4870,#4871,#4872,#4873));
#3673=EDGE_LOOP('',(#4874,#4875,#4876,#4877));
#3674=EDGE_LOOP('',(#4878,#4879,#4880,#4881,#4882));
#3675=EDGE_LOOP('',(#4883,#4884,#4885,#4886));
#3676=EDGE_LOOP('',(#4887,#4888,#4889,#4890,#4891));
#3677=EDGE_LOOP('',(#4892,#4893,#4894,#4895));
#3678=EDGE_LOOP('',(#4896,#4897,#4898,#4899,#4900));
#3679=EDGE_LOOP('',(#4901,#4902,#4903,#4904));
#3680=EDGE_LOOP('',(#4905,#4906,#4907,#4908,#4909));
#3681=EDGE_LOOP('',(#4910,#4911,#4912,#4913));
#3682=EDGE_LOOP('',(#4914,#4915,#4916,#4917,#4918));
#3683=EDGE_LOOP('',(#4919,#4920,#4921,#4922));
#3684=EDGE_LOOP('',(#4923,#4924,#4925,#4926,#4927));
#3685=EDGE_LOOP('',(#4928,#4929,#4930,#4931));
#3686=EDGE_LOOP('',(#4932,#4933,#4934,#4935));
#3687=EDGE_LOOP('',(#4936,#4937,#4938,#4939));
#3688=EDGE_LOOP('',(#4940,#4941,#4942,#4943));
#3689=EDGE_LOOP('',(#4944,#4945,#4946,#4947,#4948));
#3690=EDGE_LOOP('',(#4949,#4950,#4951,#4952));
#3691=EDGE_LOOP('',(#4953,#4954,#4955,#4956,#4957));
#3692=EDGE_LOOP('',(#4958,#4959,#4960,#4961));
#3693=EDGE_LOOP('',(#4962,#4963,#4964,#4965));
#3694=EDGE_LOOP('',(#4966,#4967,#4968,#4969));
#3695=EDGE_LOOP('',(#4970,#4971,#4972,#4973));
#3696=EDGE_LOOP('',(#4974,#4975,#4976,#4977));
#3697=EDGE_LOOP('',(#4978,#4979,#4980,#4981));
#3698=EDGE_LOOP('',(#4982));
#3699=EDGE_LOOP('',(#4983,#4984,#4985,#4986));
#3700=EDGE_LOOP('',(#4987,#4988,#4989,#4990,#4991,#4992));
#3701=EDGE_LOOP('',(#4993,#4994,#4995,#4996,#4997,#4998));
#3702=EDGE_LOOP('',(#4999,#5000,#5001,#5002,#5003,#5004));
#3703=EDGE_LOOP('',(#5005,#5006,#5007,#5008,#5009,#5010));
#3704=EDGE_LOOP('',(#5011,#5012,#5013,#5014));
#3705=EDGE_LOOP('',(#5015,#5016,#5017,#5018,#5019,#5020,#5021,#5022,#5023,
#5024,#5025,#5026,#5027,#5028,#5029,#5030,#5031,#5032,#5033,#5034,#5035,
#5036,#5037,#5038,#5039,#5040,#5041,#5042));
#3706=EDGE_LOOP('',(#5043));
#3707=EDGE_LOOP('',(#5044));
#3708=EDGE_LOOP('',(#5045));
#3709=EDGE_LOOP('',(#5046));
#3710=EDGE_LOOP('',(#5047));
#3711=EDGE_LOOP('',(#5048));
#3712=EDGE_LOOP('',(#5049));
#3713=EDGE_LOOP('',(#5050));
#3714=EDGE_LOOP('',(#5051,#5052,#5053,#5054));
#3715=EDGE_LOOP('',(#5055,#5056,#5057,#5058));
#3716=EDGE_LOOP('',(#5059,#5060,#5061,#5062));
#3717=EDGE_LOOP('',(#5063,#5064,#5065,#5066));
#3718=EDGE_LOOP('',(#5067));
#3719=EDGE_LOOP('',(#5068));
#3720=EDGE_LOOP('',(#5069));
#3721=EDGE_LOOP('',(#5070));
#3722=EDGE_LOOP('',(#5071));
#3723=EDGE_LOOP('',(#5072));
#3724=EDGE_LOOP('',(#5073));
#3725=EDGE_LOOP('',(#5074));
#3726=EDGE_LOOP('',(#5075));
#3727=EDGE_LOOP('',(#5076));
#3728=EDGE_LOOP('',(#5077));
#3729=EDGE_LOOP('',(#5078,#5079,#5080,#5081));
#3730=EDGE_LOOP('',(#5082));
#3731=EDGE_LOOP('',(#5083));
#3732=EDGE_LOOP('',(#5084));
#3733=EDGE_LOOP('',(#5085));
#3734=EDGE_LOOP('',(#5086));
#3735=EDGE_LOOP('',(#5087));
#3736=EDGE_LOOP('',(#5088));
#3737=EDGE_LOOP('',(#5089));
#3738=EDGE_LOOP('',(#5090));
#3739=EDGE_LOOP('',(#5091));
#3740=EDGE_LOOP('',(#5092));
#3741=EDGE_LOOP('',(#5093));
#3742=EDGE_LOOP('',(#5094));
#3743=EDGE_LOOP('',(#5095));
#3744=EDGE_LOOP('',(#5096,#5097,#5098,#5099,#5100,#5101,#5102,#5103,#5104,
#5105,#5106,#5107));
#3745=EDGE_LOOP('',(#5108,#5109,#5110,#5111,#5112,#5113,#5114,#5115,#5116,
#5117,#5118,#5119));
#3746=EDGE_LOOP('',(#5120));
#3747=EDGE_LOOP('',(#5121,#5122,#5123,#5124));
#3748=EDGE_LOOP('',(#5125));
#3749=EDGE_LOOP('',(#5126));
#3750=EDGE_LOOP('',(#5127));
#3751=EDGE_LOOP('',(#5128));
#3752=EDGE_LOOP('',(#5129,#5130,#5131,#5132));
#3753=EDGE_LOOP('',(#5133,#5134,#5135,#5136));
#3754=EDGE_LOOP('',(#5137,#5138,#5139,#5140));
#3755=EDGE_LOOP('',(#5141));
#3756=EDGE_LOOP('',(#5142));
#3757=EDGE_LOOP('',(#5143,#5144,#5145,#5146));
#3758=EDGE_LOOP('',(#5147));
#3759=EDGE_LOOP('',(#5148));
#3760=EDGE_LOOP('',(#5149,#5150,#5151,#5152));
#3761=EDGE_LOOP('',(#5153));
#3762=EDGE_LOOP('',(#5154));
#3763=EDGE_LOOP('',(#5155));
#3764=EDGE_LOOP('',(#5156));
#3765=EDGE_LOOP('',(#5157));
#3766=EDGE_LOOP('',(#5158));
#3767=EDGE_LOOP('',(#5159));
#3768=EDGE_LOOP('',(#5160));
#3769=EDGE_LOOP('',(#5161));
#3770=EDGE_LOOP('',(#5162));
#3771=EDGE_LOOP('',(#5163));
#3772=EDGE_LOOP('',(#5164,#5165,#5166,#5167));
#3773=EDGE_LOOP('',(#5168,#5169,#5170,#5171));
#3774=EDGE_LOOP('',(#5172,#5173,#5174,#5175));
#3775=EDGE_LOOP('',(#5176));
#3776=EDGE_LOOP('',(#5177));
#3777=EDGE_LOOP('',(#5178));
#3778=EDGE_LOOP('',(#5179));
#3779=EDGE_LOOP('',(#5180,#5181,#5182,#5183));
#3780=EDGE_LOOP('',(#5184));
#3781=EDGE_LOOP('',(#5185));
#3782=EDGE_LOOP('',(#5186));
#3783=EDGE_LOOP('',(#5187));
#3784=EDGE_LOOP('',(#5188,#5189,#5190,#5191));
#3785=EDGE_LOOP('',(#5192));
#3786=EDGE_LOOP('',(#5193,#5194,#5195,#5196));
#3787=EDGE_LOOP('',(#5197));
#3788=EDGE_LOOP('',(#5198));
#3789=EDGE_LOOP('',(#5199));
#3790=EDGE_LOOP('',(#5200));
#3791=EDGE_LOOP('',(#5201));
#3792=EDGE_LOOP('',(#5202));
#3793=EDGE_LOOP('',(#5203));
#3794=EDGE_LOOP('',(#5204));
#3795=EDGE_LOOP('',(#5205));
#3796=EDGE_LOOP('',(#5206));
#3797=EDGE_LOOP('',(#5207));
#3798=EDGE_LOOP('',(#5208));
#3799=EDGE_LOOP('',(#5209));
#3800=EDGE_LOOP('',(#5210));
#3801=EDGE_LOOP('',(#5211));
#3802=EDGE_LOOP('',(#5212,#5213,#5214,#5215));
#3803=EDGE_LOOP('',(#5216,#5217,#5218,#5219));
#3804=EDGE_LOOP('',(#5220,#5221,#5222,#5223));
#3805=EDGE_LOOP('',(#5224,#5225,#5226,#5227));
#3806=EDGE_LOOP('',(#5228));
#3807=EDGE_LOOP('',(#5229));
#3808=EDGE_LOOP('',(#5230));
#3809=EDGE_LOOP('',(#5231));
#3810=EDGE_LOOP('',(#5232,#5233,#5234,#5235));
#3811=EDGE_LOOP('',(#5236));
#3812=EDGE_LOOP('',(#5237,#5238,#5239,#5240));
#3813=EDGE_LOOP('',(#5241));
#3814=EDGE_LOOP('',(#5242));
#3815=EDGE_LOOP('',(#5243));
#3816=EDGE_LOOP('',(#5244));
#3817=EDGE_LOOP('',(#5245));
#3818=EDGE_LOOP('',(#5246));
#3819=EDGE_LOOP('',(#5247));
#3820=EDGE_LOOP('',(#5248));
#3821=EDGE_LOOP('',(#5249));
#3822=EDGE_LOOP('',(#5250));
#3823=EDGE_LOOP('',(#5251));
#3824=EDGE_LOOP('',(#5252));
#3825=EDGE_LOOP('',(#5253));
#3826=EDGE_LOOP('',(#5254,#5255,#5256,#5257));
#3827=EDGE_LOOP('',(#5258));
#3828=EDGE_LOOP('',(#5259));
#3829=EDGE_LOOP('',(#5260,#5261,#5262,#5263,#5264,#5265,#5266,#5267));
#3830=EDGE_LOOP('',(#5268));
#3831=EDGE_LOOP('',(#5269));
#3832=EDGE_LOOP('',(#5270));
#3833=EDGE_LOOP('',(#5271));
#3834=EDGE_LOOP('',(#5272,#5273,#5274,#5275,#5276,#5277,#5278,#5279));
#3835=EDGE_LOOP('',(#5280));
#3836=EDGE_LOOP('',(#5281));
#3837=EDGE_LOOP('',(#5282));
#3838=EDGE_LOOP('',(#5283));
#3839=EDGE_LOOP('',(#5284));
#3840=EDGE_LOOP('',(#5285));
#3841=EDGE_LOOP('',(#5286));
#3842=EDGE_LOOP('',(#5287));
#3843=EDGE_LOOP('',(#5288,#5289,#5290,#5291,#5292,#5293,#5294,#5295));
#3844=EDGE_LOOP('',(#5296));
#3845=EDGE_LOOP('',(#5297));
#3846=EDGE_LOOP('',(#5298));
#3847=EDGE_LOOP('',(#5299));
#3848=EDGE_LOOP('',(#5300,#5301,#5302,#5303,#5304,#5305));
#3849=EDGE_LOOP('',(#5306,#5307,#5308,#5309));
#3850=EDGE_LOOP('',(#5310,#5311,#5312,#5313));
#3851=EDGE_LOOP('',(#5314,#5315,#5316,#5317,#5318,#5319));
#3852=EDGE_LOOP('',(#5320,#5321,#5322,#5323,#5324,#5325));
#3853=EDGE_LOOP('',(#5326,#5327,#5328,#5329,#5330,#5331));
#3854=EDGE_LOOP('',(#5332,#5333,#5334,#5335));
#3855=EDGE_LOOP('',(#5336,#5337,#5338,#5339));
#3856=EDGE_LOOP('',(#5340,#5341,#5342,#5343));
#3857=EDGE_LOOP('',(#5344,#5345,#5346,#5347));
#3858=EDGE_LOOP('',(#5348,#5349,#5350,#5351));
#3859=EDGE_LOOP('',(#5352,#5353,#5354,#5355));
#3860=EDGE_LOOP('',(#5356,#5357,#5358,#5359));
#3861=EDGE_LOOP('',(#5360,#5361,#5362,#5363));
#3862=EDGE_LOOP('',(#5364,#5365,#5366,#5367));
#3863=EDGE_LOOP('',(#5368,#5369,#5370,#5371));
#3864=EDGE_LOOP('',(#5372));
#3865=EDGE_LOOP('',(#5373,#5374,#5375,#5376,#5377,#5378));
#3866=EDGE_LOOP('',(#5379,#5380,#5381,#5382));
#3867=EDGE_LOOP('',(#5383,#5384,#5385,#5386));
#3868=EDGE_LOOP('',(#5387,#5388,#5389,#5390));
#3869=EDGE_LOOP('',(#5391,#5392,#5393,#5394));
#3870=EDGE_LOOP('',(#5395,#5396,#5397,#5398));
#3871=EDGE_LOOP('',(#5399,#5400,#5401,#5402));
#3872=EDGE_LOOP('',(#5403));
#3873=EDGE_LOOP('',(#5404,#5405,#5406,#5407,#5408,#5409));
#3874=EDGE_LOOP('',(#5410,#5411,#5412,#5413));
#3875=EDGE_LOOP('',(#5414,#5415,#5416,#5417));
#3876=EDGE_LOOP('',(#5418,#5419,#5420,#5421));
#3877=EDGE_LOOP('',(#5422,#5423,#5424,#5425));
#3878=EDGE_LOOP('',(#5426,#5427,#5428,#5429));
#3879=EDGE_LOOP('',(#5430,#5431,#5432,#5433));
#3880=EDGE_LOOP('',(#5434));
#3881=EDGE_LOOP('',(#5435,#5436,#5437,#5438,#5439,#5440));
#3882=EDGE_LOOP('',(#5441,#5442,#5443,#5444));
#3883=EDGE_LOOP('',(#5445,#5446,#5447,#5448));
#3884=EDGE_LOOP('',(#5449,#5450,#5451,#5452));
#3885=EDGE_LOOP('',(#5453,#5454,#5455,#5456));
#3886=EDGE_LOOP('',(#5457,#5458,#5459,#5460));
#3887=EDGE_LOOP('',(#5461,#5462,#5463,#5464));
#3888=EDGE_LOOP('',(#5465));
#3889=EDGE_LOOP('',(#5466,#5467,#5468,#5469,#5470,#5471));
#3890=EDGE_LOOP('',(#5472));
#3891=EDGE_LOOP('',(#5473));
#3892=EDGE_LOOP('',(#5474));
#3893=EDGE_LOOP('',(#5475));
#3894=EDGE_LOOP('',(#5476));
#3895=EDGE_LOOP('',(#5477));
#3896=EDGE_LOOP('',(#5478));
#3897=EDGE_LOOP('',(#5479));
#3898=EDGE_LOOP('',(#5480));
#3899=EDGE_LOOP('',(#5481));
#3900=EDGE_LOOP('',(#5482));
#3901=EDGE_LOOP('',(#5483));
#3902=EDGE_LOOP('',(#5484));
#3903=EDGE_LOOP('',(#5485));
#3904=EDGE_LOOP('',(#5486));
#3905=EDGE_LOOP('',(#5487));
#3906=EDGE_LOOP('',(#5488));
#3907=EDGE_LOOP('',(#5489));
#3908=EDGE_LOOP('',(#5490));
#3909=EDGE_LOOP('',(#5491));
#3910=EDGE_LOOP('',(#5492));
#3911=EDGE_LOOP('',(#5493));
#3912=EDGE_LOOP('',(#5494,#5495,#5496,#5497));
#3913=EDGE_LOOP('',(#5498,#5499,#5500,#5501));
#3914=EDGE_LOOP('',(#5502,#5503,#5504,#5505));
#3915=EDGE_LOOP('',(#5506,#5507,#5508,#5509));
#3916=EDGE_LOOP('',(#5510,#5511,#5512,#5513));
#3917=EDGE_LOOP('',(#5514,#5515,#5516,#5517,#5518,#5519,#5520,#5521));
#3918=EDGE_LOOP('',(#5522));
#3919=EDGE_LOOP('',(#5523));
#3920=EDGE_LOOP('',(#5524));
#3921=EDGE_LOOP('',(#5525));
#3922=EDGE_LOOP('',(#5526));
#3923=EDGE_LOOP('',(#5527));
#3924=EDGE_LOOP('',(#5528));
#3925=EDGE_LOOP('',(#5529));
#3926=EDGE_LOOP('',(#5530));
#3927=EDGE_LOOP('',(#5531));
#3928=EDGE_LOOP('',(#5532));
#3929=EDGE_LOOP('',(#5533));
#3930=EDGE_LOOP('',(#5534));
#3931=EDGE_LOOP('',(#5535));
#3932=EDGE_LOOP('',(#5536));
#3933=EDGE_LOOP('',(#5537));
#3934=EDGE_LOOP('',(#5538));
#3935=EDGE_LOOP('',(#5539));
#3936=EDGE_LOOP('',(#5540));
#3937=EDGE_LOOP('',(#5541));
#3938=EDGE_LOOP('',(#5542));
#3939=EDGE_LOOP('',(#5543));
#3940=EDGE_LOOP('',(#5544));
#3941=EDGE_LOOP('',(#5545));
#3942=EDGE_LOOP('',(#5546));
#3943=EDGE_LOOP('',(#5547));
#3944=EDGE_LOOP('',(#5548,#5549,#5550,#5551));
#3945=EDGE_LOOP('',(#5552,#5553,#5554,#5555));
#3946=EDGE_LOOP('',(#5556));
#3947=EDGE_LOOP('',(#5557));
#3948=EDGE_LOOP('',(#5558));
#3949=EDGE_LOOP('',(#5559));
#3950=EDGE_LOOP('',(#5560));
#3951=EDGE_LOOP('',(#5561,#5562,#5563,#5564));
#3952=EDGE_LOOP('',(#5565));
#3953=EDGE_LOOP('',(#5566,#5567,#5568,#5569));
#3954=EDGE_LOOP('',(#5570));
#3955=EDGE_LOOP('',(#5571));
#3956=EDGE_LOOP('',(#5572));
#3957=EDGE_LOOP('',(#5573));
#3958=EDGE_LOOP('',(#5574));
#3959=EDGE_LOOP('',(#5575));
#3960=EDGE_LOOP('',(#5576));
#3961=EDGE_LOOP('',(#5577));
#3962=EDGE_LOOP('',(#5578));
#3963=EDGE_LOOP('',(#5579));
#3964=EDGE_LOOP('',(#5580));
#3965=EDGE_LOOP('',(#5581));
#3966=EDGE_LOOP('',(#5582));
#3967=EDGE_LOOP('',(#5583));
#3968=EDGE_LOOP('',(#5584));
#3969=EDGE_LOOP('',(#5585));
#3970=EDGE_LOOP('',(#5586));
#3971=EDGE_LOOP('',(#5587));
#3972=EDGE_LOOP('',(#5588,#5589,#5590,#5591));
#3973=EDGE_LOOP('',(#5592,#5593,#5594,#5595));
#3974=EDGE_LOOP('',(#5596,#5597,#5598,#5599));
#3975=EDGE_LOOP('',(#5600));
#3976=EDGE_LOOP('',(#5601));
#3977=EDGE_LOOP('',(#5602));
#3978=EDGE_LOOP('',(#5603));
#3979=EDGE_LOOP('',(#5604,#5605,#5606,#5607));
#3980=EDGE_LOOP('',(#5608));
#3981=EDGE_LOOP('',(#5609));
#3982=EDGE_LOOP('',(#5610));
#3983=EDGE_LOOP('',(#5611));
#3984=EDGE_LOOP('',(#5612,#5613,#5614,#5615));
#3985=EDGE_LOOP('',(#5616));
#3986=EDGE_LOOP('',(#5617,#5618,#5619,#5620));
#3987=EDGE_LOOP('',(#5621));
#3988=EDGE_LOOP('',(#5622));
#3989=EDGE_LOOP('',(#5623));
#3990=EDGE_LOOP('',(#5624));
#3991=EDGE_LOOP('',(#5625));
#3992=EDGE_LOOP('',(#5626));
#3993=EDGE_LOOP('',(#5627));
#3994=EDGE_LOOP('',(#5628));
#3995=EDGE_LOOP('',(#5629));
#3996=EDGE_LOOP('',(#5630));
#3997=EDGE_LOOP('',(#5631));
#3998=EDGE_LOOP('',(#5632,#5633,#5634,#5635));
#3999=EDGE_LOOP('',(#5636,#5637,#5638,#5639));
#4000=EDGE_LOOP('',(#5640,#5641,#5642,#5643));
#4001=EDGE_LOOP('',(#5644,#5645,#5646,#5647));
#4002=EDGE_LOOP('',(#5648,#5649,#5650,#5651));
#4003=EDGE_LOOP('',(#5652,#5653,#5654,#5655));
#4004=EDGE_LOOP('',(#5656));
#4005=EDGE_LOOP('',(#5657));
#4006=EDGE_LOOP('',(#5658));
#4007=EDGE_LOOP('',(#5659));
#4008=EDGE_LOOP('',(#5660,#5661,#5662,#5663));
#4009=EDGE_LOOP('',(#5664));
#4010=EDGE_LOOP('',(#5665));
#4011=EDGE_LOOP('',(#5666,#5667,#5668,#5669,#5670,#5671,#5672,#5673));
#4012=EDGE_LOOP('',(#5674,#5675,#5676,#5677));
#4013=EDGE_LOOP('',(#5678,#5679,#5680,#5681,#5682,#5683,#5684,#5685));
#4014=EDGE_LOOP('',(#5686));
#4015=EDGE_LOOP('',(#5687));
#4016=EDGE_LOOP('',(#5688,#5689,#5690,#5691));
#4017=EDGE_LOOP('',(#5692));
#4018=EDGE_LOOP('',(#5693));
#4019=EDGE_LOOP('',(#5694,#5695,#5696,#5697));
#4020=EDGE_LOOP('',(#5698));
#4021=EDGE_LOOP('',(#5699));
#4022=EDGE_LOOP('',(#5700,#5701,#5702,#5703));
#4023=EDGE_LOOP('',(#5704));
#4024=EDGE_LOOP('',(#5705));
#4025=EDGE_LOOP('',(#5706,#5707,#5708,#5709));
#4026=EDGE_LOOP('',(#5710,#5711,#5712,#5713));
#4027=EDGE_LOOP('',(#5714));
#4028=EDGE_LOOP('',(#5715));
#4029=EDGE_LOOP('',(#5716,#5717,#5718,#5719));
#4030=EDGE_LOOP('',(#5720));
#4031=EDGE_LOOP('',(#5721));
#4032=EDGE_LOOP('',(#5722));
#4033=EDGE_LOOP('',(#5723));
#4034=EDGE_LOOP('',(#5724));
#4035=EDGE_LOOP('',(#5725));
#4036=EDGE_LOOP('',(#5726));
#4037=EDGE_LOOP('',(#5727));
#4038=EDGE_LOOP('',(#5728));
#4039=EDGE_LOOP('',(#5729));
#4040=EDGE_LOOP('',(#5730));
#4041=EDGE_LOOP('',(#5731));
#4042=EDGE_LOOP('',(#5732));
#4043=EDGE_LOOP('',(#5733));
#4044=EDGE_LOOP('',(#5734));
#4045=EDGE_LOOP('',(#5735));
#4046=EDGE_LOOP('',(#5736));
#4047=EDGE_LOOP('',(#5737));
#4048=EDGE_LOOP('',(#5738));
#4049=EDGE_LOOP('',(#5739));
#4050=EDGE_LOOP('',(#5740));
#4051=EDGE_LOOP('',(#5741));
#4052=EDGE_LOOP('',(#5742));
#4053=EDGE_LOOP('',(#5743));
#4054=EDGE_LOOP('',(#5744));
#4055=EDGE_LOOP('',(#5745));
#4056=EDGE_LOOP('',(#5746));
#4057=EDGE_LOOP('',(#5747,#5748,#5749,#5750));
#4058=EDGE_LOOP('',(#5751));
#4059=EDGE_LOOP('',(#5752));
#4060=EDGE_LOOP('',(#5753));
#4061=EDGE_LOOP('',(#5754));
#4062=EDGE_LOOP('',(#5755));
#4063=EDGE_LOOP('',(#5756));
#4064=EDGE_LOOP('',(#5757));
#4065=EDGE_LOOP('',(#5758));
#4066=EDGE_LOOP('',(#5759));
#4067=EDGE_LOOP('',(#5760));
#4068=EDGE_LOOP('',(#5761));
#4069=EDGE_LOOP('',(#5762));
#4070=EDGE_LOOP('',(#5763));
#4071=EDGE_LOOP('',(#5764));
#4072=EDGE_LOOP('',(#5765));
#4073=EDGE_LOOP('',(#5766));
#4074=EDGE_LOOP('',(#5767));
#4075=EDGE_LOOP('',(#5768));
#4076=EDGE_LOOP('',(#5769));
#4077=EDGE_LOOP('',(#5770));
#4078=EDGE_LOOP('',(#5771));
#4079=EDGE_LOOP('',(#5772));
#4080=EDGE_LOOP('',(#5773));
#4081=EDGE_LOOP('',(#5774));
#4082=EDGE_LOOP('',(#5775));
#4083=EDGE_LOOP('',(#5776));
#4084=EDGE_LOOP('',(#5777,#5778,#5779,#5780));
#4085=EDGE_LOOP('',(#5781,#5782,#5783,#5784,#5785,#5786,#5787,#5788));
#4086=EDGE_LOOP('',(#5789,#5790,#5791,#5792));
#4087=EDGE_LOOP('',(#5793,#5794,#5795,#5796));
#4088=EDGE_LOOP('',(#5797,#5798,#5799,#5800));
#4089=EDGE_LOOP('',(#5801,#5802,#5803,#5804));
#4090=EDGE_LOOP('',(#5805));
#4091=EDGE_LOOP('',(#5806));
#4092=EDGE_LOOP('',(#5807));
#4093=EDGE_LOOP('',(#5808));
#4094=EDGE_LOOP('',(#5809));
#4095=EDGE_LOOP('',(#5810));
#4096=EDGE_LOOP('',(#5811));
#4097=EDGE_LOOP('',(#5812));
#4098=EDGE_LOOP('',(#5813));
#4099=EDGE_LOOP('',(#5814));
#4100=EDGE_LOOP('',(#5815));
#4101=EDGE_LOOP('',(#5816));
#4102=EDGE_LOOP('',(#5817));
#4103=EDGE_LOOP('',(#5818));
#4104=EDGE_LOOP('',(#5819,#5820,#5821,#5822,#5823,#5824,#5825,#5826));
#4105=EDGE_LOOP('',(#5827));
#4106=EDGE_LOOP('',(#5828));
#4107=EDGE_LOOP('',(#5829,#5830,#5831,#5832));
#4108=EDGE_LOOP('',(#5833,#5834,#5835,#5836));
#4109=EDGE_LOOP('',(#5837,#5838,#5839,#5840));
#4110=EDGE_LOOP('',(#5841,#5842,#5843,#5844));
#4111=EDGE_LOOP('',(#5845));
#4112=EDGE_LOOP('',(#5846,#5847,#5848,#5849));
#4113=EDGE_LOOP('',(#5850,#5851,#5852,#5853));
#4114=EDGE_LOOP('',(#5854,#5855,#5856,#5857));
#4115=EDGE_LOOP('',(#5858,#5859,#5860,#5861));
#4116=EDGE_LOOP('',(#5862));
#4117=EDGE_LOOP('',(#5863));
#4118=EDGE_LOOP('',(#5864));
#4119=EDGE_LOOP('',(#5865));
#4120=EDGE_LOOP('',(#5866));
#4121=EDGE_LOOP('',(#5867));
#4122=EDGE_LOOP('',(#5868));
#4123=EDGE_LOOP('',(#5869));
#4124=EDGE_LOOP('',(#5870));
#4125=EDGE_LOOP('',(#5871));
#4126=EDGE_LOOP('',(#5872));
#4127=EDGE_LOOP('',(#5873));
#4128=EDGE_LOOP('',(#5874));
#4129=EDGE_LOOP('',(#5875));
#4130=EDGE_LOOP('',(#5876));
#4131=EDGE_LOOP('',(#5877));
#4132=EDGE_LOOP('',(#5878));
#4133=EDGE_LOOP('',(#5879));
#4134=EDGE_LOOP('',(#5880));
#4135=EDGE_LOOP('',(#5881));
#4136=EDGE_LOOP('',(#5882));
#4137=EDGE_LOOP('',(#5883));
#4138=EDGE_LOOP('',(#5884));
#4139=EDGE_LOOP('',(#5885));
#4140=EDGE_LOOP('',(#5886));
#4141=EDGE_LOOP('',(#5887));
#4142=EDGE_LOOP('',(#5888));
#4143=EDGE_LOOP('',(#5889));
#4144=EDGE_LOOP('',(#5890));
#4145=EDGE_LOOP('',(#5891));
#4146=EDGE_LOOP('',(#5892));
#4147=EDGE_LOOP('',(#5893));
#4148=EDGE_LOOP('',(#5894));
#4149=EDGE_LOOP('',(#5895));
#4150=EDGE_LOOP('',(#5896));
#4151=EDGE_LOOP('',(#5897));
#4152=EDGE_LOOP('',(#5898));
#4153=EDGE_LOOP('',(#5899));
#4154=EDGE_LOOP('',(#5900));
#4155=EDGE_LOOP('',(#5901));
#4156=EDGE_LOOP('',(#5902));
#4157=EDGE_LOOP('',(#5903));
#4158=EDGE_LOOP('',(#5904));
#4159=EDGE_LOOP('',(#5905));
#4160=EDGE_LOOP('',(#5906));
#4161=EDGE_LOOP('',(#5907));
#4162=EDGE_LOOP('',(#5908));
#4163=EDGE_LOOP('',(#5909));
#4164=EDGE_LOOP('',(#5910));
#4165=EDGE_LOOP('',(#5911));
#4166=EDGE_LOOP('',(#5912));
#4167=EDGE_LOOP('',(#5913));
#4168=EDGE_LOOP('',(#5914));
#4169=EDGE_LOOP('',(#5915));
#4170=EDGE_LOOP('',(#5916));
#4171=EDGE_LOOP('',(#5917));
#4172=EDGE_LOOP('',(#5918));
#4173=EDGE_LOOP('',(#5919,#5920,#5921,#5922));
#4174=EDGE_LOOP('',(#5923));
#4175=EDGE_LOOP('',(#5924));
#4176=EDGE_LOOP('',(#5925));
#4177=EDGE_LOOP('',(#5926));
#4178=EDGE_LOOP('',(#5927));
#4179=EDGE_LOOP('',(#5928));
#4180=EDGE_LOOP('',(#5929));
#4181=EDGE_LOOP('',(#5930));
#4182=EDGE_LOOP('',(#5931));
#4183=EDGE_LOOP('',(#5932));
#4184=EDGE_LOOP('',(#5933));
#4185=EDGE_LOOP('',(#5934));
#4186=EDGE_LOOP('',(#5935));
#4187=EDGE_LOOP('',(#5936));
#4188=EDGE_LOOP('',(#5937));
#4189=EDGE_LOOP('',(#5938));
#4190=EDGE_LOOP('',(#5939));
#4191=EDGE_LOOP('',(#5940,#5941,#5942,#5943));
#4192=EDGE_LOOP('',(#5944,#5945,#5946,#5947,#5948,#5949,#5950,#5951));
#4193=EDGE_LOOP('',(#5952,#5953,#5954,#5955,#5956,#5957,#5958,#5959));
#4194=EDGE_LOOP('',(#5960));
#4195=EDGE_LOOP('',(#5961,#5962,#5963,#5964,#5965,#5966,#5967,#5968));
#4196=EDGE_LOOP('',(#5969,#5970,#5971,#5972));
#4197=EDGE_LOOP('',(#5973,#5974,#5975,#5976));
#4198=EDGE_LOOP('',(#5977,#5978,#5979,#5980));
#4199=EDGE_LOOP('',(#5981,#5982,#5983,#5984));
#4200=EDGE_LOOP('',(#5985));
#4201=EDGE_LOOP('',(#5986));
#4202=EDGE_LOOP('',(#5987));
#4203=EDGE_LOOP('',(#5988));
#4204=EDGE_LOOP('',(#5989,#5990,#5991,#5992,#5993,#5994,#5995,#5996));
#4205=EDGE_LOOP('',(#5997));
#4206=EDGE_LOOP('',(#5998));
#4207=EDGE_LOOP('',(#5999,#6000,#6001,#6002));
#4208=EDGE_LOOP('',(#6003,#6004,#6005,#6006));
#4209=EDGE_LOOP('',(#6007,#6008,#6009,#6010));
#4210=EDGE_LOOP('',(#6011,#6012,#6013,#6014));
#4211=EDGE_LOOP('',(#6015));
#4212=EDGE_LOOP('',(#6016,#6017,#6018,#6019));
#4213=EDGE_LOOP('',(#6020,#6021,#6022,#6023));
#4214=EDGE_LOOP('',(#6024,#6025,#6026,#6027));
#4215=EDGE_LOOP('',(#6028,#6029,#6030,#6031));
#4216=EDGE_LOOP('',(#6032));
#4217=EDGE_LOOP('',(#6033));
#4218=EDGE_LOOP('',(#6034));
#4219=EDGE_LOOP('',(#6035));
#4220=EDGE_LOOP('',(#6036));
#4221=EDGE_LOOP('',(#6037,#6038,#6039,#6040));
#4222=EDGE_LOOP('',(#6041,#6042,#6043,#6044));
#4223=EDGE_LOOP('',(#6045,#6046,#6047,#6048));
#4224=EDGE_LOOP('',(#6049,#6050,#6051,#6052));
#4225=EDGE_LOOP('',(#6053));
#4226=EDGE_LOOP('',(#6054,#6055,#6056,#6057));
#4227=EDGE_LOOP('',(#6058,#6059,#6060,#6061));
#4228=EDGE_LOOP('',(#6062,#6063,#6064,#6065));
#4229=EDGE_LOOP('',(#6066,#6067,#6068,#6069));
#4230=EDGE_LOOP('',(#6070));
#4231=EDGE_LOOP('',(#6071));
#4232=EDGE_LOOP('',(#6072));
#4233=EDGE_LOOP('',(#6073));
#4234=EDGE_LOOP('',(#6074));
#4235=EDGE_LOOP('',(#6075));
#4236=EDGE_LOOP('',(#6076));
#4237=EDGE_LOOP('',(#6077));
#4238=EDGE_LOOP('',(#6078));
#4239=EDGE_LOOP('',(#6079));
#4240=EDGE_LOOP('',(#6080));
#4241=EDGE_LOOP('',(#6081));
#4242=EDGE_LOOP('',(#6082));
#4243=EDGE_LOOP('',(#6083));
#4244=EDGE_LOOP('',(#6084));
#4245=EDGE_LOOP('',(#6085));
#4246=EDGE_LOOP('',(#6086));
#4247=EDGE_LOOP('',(#6087));
#4248=EDGE_LOOP('',(#6088));
#4249=EDGE_LOOP('',(#6089));
#4250=EDGE_LOOP('',(#6090));
#4251=EDGE_LOOP('',(#6091));
#4252=EDGE_LOOP('',(#6092));
#4253=EDGE_LOOP('',(#6093));
#4254=EDGE_LOOP('',(#6094));
#4255=EDGE_LOOP('',(#6095));
#4256=EDGE_LOOP('',(#6096));
#4257=EDGE_LOOP('',(#6097));
#4258=EDGE_LOOP('',(#6098));
#4259=EDGE_LOOP('',(#6099));
#4260=EDGE_LOOP('',(#6100));
#4261=EDGE_LOOP('',(#6101));
#4262=EDGE_LOOP('',(#6102,#6103,#6104,#6105));
#4263=EDGE_LOOP('',(#6106,#6107,#6108,#6109));
#4264=EDGE_LOOP('',(#6110,#6111,#6112,#6113));
#4265=EDGE_LOOP('',(#6114,#6115,#6116,#6117));
#4266=EDGE_LOOP('',(#6118,#6119,#6120,#6121));
#4267=EDGE_LOOP('',(#6122,#6123,#6124,#6125));
#4268=EDGE_LOOP('',(#6126));
#4269=EDGE_LOOP('',(#6127,#6128,#6129,#6130));
#4270=EDGE_LOOP('',(#6131,#6132,#6133,#6134));
#4271=EDGE_LOOP('',(#6135,#6136,#6137,#6138));
#4272=EDGE_LOOP('',(#6139,#6140,#6141,#6142));
#4273=EDGE_LOOP('',(#6143,#6144,#6145,#6146));
#4274=EDGE_LOOP('',(#6147,#6148,#6149,#6150,#6151,#6152,#6153,#6154));
#4275=EDGE_LOOP('',(#6155));
#4276=EDGE_LOOP('',(#6156,#6157,#6158,#6159));
#4277=EDGE_LOOP('',(#6160));
#4278=EDGE_LOOP('',(#6161));
#4279=EDGE_LOOP('',(#6162,#6163,#6164,#6165));
#4280=EDGE_LOOP('',(#6166));
#4281=EDGE_LOOP('',(#6167));
#4282=EDGE_LOOP('',(#6168));
#4283=EDGE_LOOP('',(#6169,#6170,#6171,#6172,#6173,#6174,#6175,#6176));
#4284=EDGE_LOOP('',(#6177));
#4285=EDGE_LOOP('',(#6178));
#4286=EDGE_LOOP('',(#6179,#6180,#6181,#6182));
#4287=EDGE_LOOP('',(#6183));
#4288=EDGE_LOOP('',(#6184));
#4289=EDGE_LOOP('',(#6185));
#4290=EDGE_LOOP('',(#6186));
#4291=EDGE_LOOP('',(#6187));
#4292=EDGE_LOOP('',(#6188));
#4293=EDGE_LOOP('',(#6189));
#4294=EDGE_LOOP('',(#6190));
#4295=EDGE_LOOP('',(#6191));
#4296=EDGE_LOOP('',(#6192));
#4297=EDGE_LOOP('',(#6193));
#4298=EDGE_LOOP('',(#6194));
#4299=EDGE_LOOP('',(#6195));
#4300=EDGE_LOOP('',(#6196,#6197,#6198,#6199));
#4301=EDGE_LOOP('',(#6200,#6201,#6202,#6203));
#4302=EDGE_LOOP('',(#6204,#6205,#6206,#6207));
#4303=EDGE_LOOP('',(#6208,#6209,#6210,#6211));
#4304=EDGE_LOOP('',(#6212,#6213,#6214,#6215));
#4305=EDGE_LOOP('',(#6216,#6217,#6218,#6219));
#4306=EDGE_LOOP('',(#6220,#6221,#6222,#6223));
#4307=EDGE_LOOP('',(#6224,#6225,#6226,#6227));
#4308=EDGE_LOOP('',(#6228,#6229,#6230,#6231));
#4309=EDGE_LOOP('',(#6232,#6233,#6234,#6235));
#4310=EDGE_LOOP('',(#6236,#6237,#6238,#6239));
#4311=EDGE_LOOP('',(#6240,#6241,#6242,#6243));
#4312=EDGE_LOOP('',(#6244));
#4313=EDGE_LOOP('',(#6245));
#4314=EDGE_LOOP('',(#6246));
#4315=EDGE_LOOP('',(#6247));
#4316=EDGE_LOOP('',(#6248));
#4317=EDGE_LOOP('',(#6249));
#4318=EDGE_LOOP('',(#6250));
#4319=EDGE_LOOP('',(#6251));
#4320=EDGE_LOOP('',(#6252));
#4321=EDGE_LOOP('',(#6253));
#4322=EDGE_LOOP('',(#6254));
#4323=EDGE_LOOP('',(#6255));
#4324=EDGE_LOOP('',(#6256));
#4325=EDGE_LOOP('',(#6257));
#4326=EDGE_LOOP('',(#6258));
#4327=EDGE_LOOP('',(#6259));
#4328=EDGE_LOOP('',(#6260));
#4329=EDGE_LOOP('',(#6261));
#4330=EDGE_LOOP('',(#6262));
#4331=EDGE_LOOP('',(#6263));
#4332=EDGE_LOOP('',(#6264));
#4333=EDGE_LOOP('',(#6265));
#4334=EDGE_LOOP('',(#6266));
#4335=EDGE_LOOP('',(#6267));
#4336=EDGE_LOOP('',(#6268,#6269,#6270,#6271,#6272,#6273,#6274,#6275));
#4337=EDGE_LOOP('',(#6276));
#4338=EDGE_LOOP('',(#6277));
#4339=EDGE_LOOP('',(#6278,#6279,#6280,#6281,#6282,#6283,#6284,#6285));
#4340=EDGE_LOOP('',(#6286));
#4341=EDGE_LOOP('',(#6287));
#4342=EDGE_LOOP('',(#6288));
#4343=EDGE_LOOP('',(#6289));
#4344=EDGE_LOOP('',(#6290));
#4345=EDGE_LOOP('',(#6291));
#4346=EDGE_LOOP('',(#6292));
#4347=EDGE_LOOP('',(#6293));
#4348=EDGE_LOOP('',(#6294,#6295,#6296,#6297,#6298,#6299,#6300,#6301));
#4349=EDGE_LOOP('',(#6302,#6303,#6304,#6305));
#4350=EDGE_LOOP('',(#6306,#6307,#6308,#6309));
#4351=EDGE_LOOP('',(#6310,#6311,#6312,#6313));
#4352=EDGE_LOOP('',(#6314,#6315,#6316,#6317));
#4353=EDGE_LOOP('',(#6318));
#4354=EDGE_LOOP('',(#6319,#6320,#6321,#6322,#6323,#6324));
#4355=EDGE_LOOP('',(#6325,#6326,#6327,#6328));
#4356=EDGE_LOOP('',(#6329,#6330,#6331,#6332));
#4357=EDGE_LOOP('',(#6333,#6334,#6335,#6336));
#4358=EDGE_LOOP('',(#6337));
#4359=EDGE_LOOP('',(#6338,#6339,#6340,#6341,#6342,#6343));
#4360=EDGE_LOOP('',(#6344,#6345,#6346,#6347));
#4361=EDGE_LOOP('',(#6348));
#4362=EDGE_LOOP('',(#6349));
#4363=EDGE_LOOP('',(#6350));
#4364=EDGE_LOOP('',(#6351));
#4365=EDGE_LOOP('',(#6352,#6353,#6354,#6355));
#4366=EDGE_LOOP('',(#6356));
#4367=EDGE_LOOP('',(#6357));
#4368=EDGE_LOOP('',(#6358));
#4369=EDGE_LOOP('',(#6359));
#4370=EDGE_LOOP('',(#6360));
#4371=EDGE_LOOP('',(#6361));
#4372=EDGE_LOOP('',(#6362));
#4373=EDGE_LOOP('',(#6363));
#4374=EDGE_LOOP('',(#6364));
#4375=EDGE_LOOP('',(#6365));
#4376=EDGE_LOOP('',(#6366));
#4377=EDGE_LOOP('',(#6367));
#4378=EDGE_LOOP('',(#6368));
#4379=EDGE_LOOP('',(#6369));
#4380=EDGE_LOOP('',(#6370));
#4381=EDGE_LOOP('',(#6371));
#4382=EDGE_LOOP('',(#6372));
#4383=EDGE_LOOP('',(#6373));
#4384=EDGE_LOOP('',(#6374));
#4385=EDGE_LOOP('',(#6375));
#4386=EDGE_LOOP('',(#6376));
#4387=EDGE_LOOP('',(#6377));
#4388=EDGE_LOOP('',(#6378));
#4389=EDGE_LOOP('',(#6379));
#4390=EDGE_LOOP('',(#6380));
#4391=EDGE_LOOP('',(#6381));
#4392=EDGE_LOOP('',(#6382));
#4393=EDGE_LOOP('',(#6383));
#4394=EDGE_LOOP('',(#6384));
#4395=EDGE_LOOP('',(#6385));
#4396=EDGE_LOOP('',(#6386));
#4397=EDGE_LOOP('',(#6387));
#4398=EDGE_LOOP('',(#6388));
#4399=EDGE_LOOP('',(#6389));
#4400=EDGE_LOOP('',(#6390));
#4401=EDGE_LOOP('',(#6391));
#4402=EDGE_LOOP('',(#6392));
#4403=EDGE_LOOP('',(#6393));
#4404=EDGE_LOOP('',(#6394));
#4405=EDGE_LOOP('',(#6395));
#4406=EDGE_LOOP('',(#6396,#6397,#6398,#6399,#6400,#6401));
#4407=EDGE_LOOP('',(#6402,#6403,#6404,#6405,#6406,#6407));
#4408=EDGE_LOOP('',(#6408));
#4409=EDGE_LOOP('',(#6409,#6410,#6411,#6412,#6413,#6414,#6415,#6416));
#4410=EDGE_LOOP('',(#6417,#6418,#6419,#6420));
#4411=EDGE_LOOP('',(#6421));
#4412=EDGE_LOOP('',(#6422,#6423,#6424,#6425));
#4413=EDGE_LOOP('',(#6426,#6427,#6428,#6429));
#4414=EDGE_LOOP('',(#6430));
#4415=EDGE_LOOP('',(#6431));
#4416=EDGE_LOOP('',(#6432,#6433,#6434,#6435,#6436,#6437,#6438,#6439));
#4417=EDGE_LOOP('',(#6440,#6441,#6442,#6443));
#4418=EDGE_LOOP('',(#6444));
#4419=EDGE_LOOP('',(#6445,#6446,#6447,#6448));
#4420=EDGE_LOOP('',(#6449,#6450,#6451,#6452));
#4421=EDGE_LOOP('',(#6453,#6454,#6455,#6456,#6457,#6458,#6459,#6460));
#4422=EDGE_LOOP('',(#6461,#6462,#6463,#6464));
#4423=EDGE_LOOP('',(#6465,#6466,#6467,#6468));
#4424=EDGE_LOOP('',(#6469,#6470,#6471,#6472));
#4425=EDGE_LOOP('',(#6473));
#4426=EDGE_LOOP('',(#6474));
#4427=EDGE_LOOP('',(#6475));
#4428=EDGE_LOOP('',(#6476));
#4429=EDGE_LOOP('',(#6477));
#4430=EDGE_LOOP('',(#6478));
#4431=EDGE_LOOP('',(#6479));
#4432=EDGE_LOOP('',(#6480,#6481,#6482,#6483));
#4433=EDGE_LOOP('',(#6484,#6485,#6486,#6487));
#4434=EDGE_LOOP('',(#6488,#6489,#6490,#6491));
#4435=EDGE_LOOP('',(#6492));
#4436=EDGE_LOOP('',(#6493,#6494,#6495,#6496));
#4437=EDGE_LOOP('',(#6497,#6498,#6499,#6500));
#4438=EDGE_LOOP('',(#6501,#6502,#6503,#6504));
#4439=EDGE_LOOP('',(#6505));
#4440=EDGE_LOOP('',(#6506));
#4441=EDGE_LOOP('',(#6507));
#4442=EDGE_LOOP('',(#6508,#6509,#6510,#6511));
#4443=EDGE_LOOP('',(#6512));
#4444=EDGE_LOOP('',(#6513));
#4445=EDGE_LOOP('',(#6514));
#4446=EDGE_LOOP('',(#6515,#6516,#6517,#6518,#6519,#6520,#6521,#6522));
#4447=EDGE_LOOP('',(#6523));
#4448=EDGE_LOOP('',(#6524));
#4449=EDGE_LOOP('',(#6525,#6526));
#4450=EDGE_LOOP('',(#6527,#6528,#6529,#6530));
#4451=EDGE_LOOP('',(#6531));
#4452=EDGE_LOOP('',(#6532));
#4453=EDGE_LOOP('',(#6533,#6534,#6535,#6536));
#4454=EDGE_LOOP('',(#6537,#6538,#6539,#6540));
#4455=EDGE_LOOP('',(#6541,#6542,#6543,#6544));
#4456=EDGE_LOOP('',(#6545,#6546,#6547,#6548));
#4457=EDGE_LOOP('',(#6549,#6550,#6551,#6552,#6553,#6554,#6555,#6556));
#4458=EDGE_LOOP('',(#6557,#6558,#6559,#6560,#6561));
#4459=EDGE_LOOP('',(#6562));
#4460=EDGE_LOOP('',(#6563));
#4461=EDGE_LOOP('',(#6564));
#4462=EDGE_LOOP('',(#6565));
#4463=EDGE_LOOP('',(#6566,#6567));
#4464=EDGE_LOOP('',(#6568));
#4465=EDGE_LOOP('',(#6569,#6570));
#4466=EDGE_LOOP('',(#6571));
#4467=EDGE_LOOP('',(#6572));
#4468=EDGE_LOOP('',(#6573,#6574));
#4469=EDGE_LOOP('',(#6575,#6576));
#4470=EDGE_LOOP('',(#6577));
#4471=EDGE_LOOP('',(#6578));
#4472=EDGE_LOOP('',(#6579,#6580,#6581,#6582));
#4473=EDGE_LOOP('',(#6583));
#4474=EDGE_LOOP('',(#6584));
#4475=EDGE_LOOP('',(#6585));
#4476=EDGE_LOOP('',(#6586));
#4477=EDGE_LOOP('',(#6587,#6588,#6589,#6590));
#4478=EDGE_LOOP('',(#6591,#6592,#6593,#6594));
#4479=EDGE_LOOP('',(#6595,#6596,#6597,#6598));
#4480=EDGE_LOOP('',(#6599));
#4481=EDGE_LOOP('',(#6600));
#4482=EDGE_LOOP('',(#6601,#6602,#6603,#6604));
#4483=EDGE_LOOP('',(#6605));
#4484=EDGE_LOOP('',(#6606));
#4485=EDGE_LOOP('',(#6607,#6608,#6609,#6610));
#4486=EDGE_LOOP('',(#6611));
#4487=EDGE_LOOP('',(#6612));
#4488=EDGE_LOOP('',(#6613));
#4489=EDGE_LOOP('',(#6614));
#4490=EDGE_LOOP('',(#6615));
#4491=EDGE_LOOP('',(#6616));
#4492=EDGE_LOOP('',(#6617));
#4493=EDGE_LOOP('',(#6618));
#4494=EDGE_LOOP('',(#6619));
#4495=EDGE_LOOP('',(#6620));
#4496=EDGE_LOOP('',(#6621));
#4497=EDGE_LOOP('',(#6622));
#4498=EDGE_LOOP('',(#6623));
#4499=EDGE_LOOP('',(#6624,#6625,#6626,#6627));
#4500=EDGE_LOOP('',(#6628,#6629,#6630,#6631));
#4501=EDGE_LOOP('',(#6632,#6633,#6634,#6635));
#4502=EDGE_LOOP('',(#6636));
#4503=EDGE_LOOP('',(#6637));
#4504=EDGE_LOOP('',(#6638));
#4505=EDGE_LOOP('',(#6639));
#4506=EDGE_LOOP('',(#6640,#6641,#6642,#6643));
#4507=EDGE_LOOP('',(#6644));
#4508=EDGE_LOOP('',(#6645));
#4509=EDGE_LOOP('',(#6646,#6647,#6648,#6649));
#4510=EDGE_LOOP('',(#6650));
#4511=EDGE_LOOP('',(#6651,#6652,#6653,#6654));
#4512=EDGE_LOOP('',(#6655));
#4513=EDGE_LOOP('',(#6656));
#4514=EDGE_LOOP('',(#6657));
#4515=EDGE_LOOP('',(#6658));
#4516=EDGE_LOOP('',(#6659));
#4517=EDGE_LOOP('',(#6660));
#4518=EDGE_LOOP('',(#6661));
#4519=EDGE_LOOP('',(#6662));
#4520=EDGE_LOOP('',(#6663));
#4521=EDGE_LOOP('',(#6664));
#4522=EDGE_LOOP('',(#6665));
#4523=EDGE_LOOP('',(#6666,#6667,#6668,#6669));
#4524=EDGE_LOOP('',(#6670));
#4525=EDGE_LOOP('',(#6671));
#4526=EDGE_LOOP('',(#6672));
#4527=EDGE_LOOP('',(#6673,#6674,#6675,#6676,#6677,#6678,#6679,#6680));
#4528=EDGE_LOOP('',(#6681,#6682,#6683,#6684));
#4529=EDGE_LOOP('',(#6685,#6686,#6687,#6688,#6689,#6690));
#4530=EDGE_LOOP('',(#6691,#6692,#6693,#6694));
#4531=EDGE_LOOP('',(#6695,#6696,#6697,#6698,#6699,#6700,#6701,#6702,#6703));
#4532=EDGE_LOOP('',(#6704));
#4533=EDGE_LOOP('',(#6705));
#4534=EDGE_LOOP('',(#6706));
#4535=EDGE_LOOP('',(#6707,#6708,#6709,#6710,#6711,#6712,#6713,#6714,#6715));
#4536=EDGE_LOOP('',(#6716));
#4537=EDGE_LOOP('',(#6717));
#4538=EDGE_LOOP('',(#6718));
#4539=EDGE_LOOP('',(#6719,#6720,#6721,#6722));
#4540=EDGE_LOOP('',(#6723,#6724,#6725,#6726));
#4541=EDGE_LOOP('',(#6727));
#4542=EDGE_LOOP('',(#6728));
#4543=EDGE_LOOP('',(#6729));
#4544=EDGE_LOOP('',(#6730));
#4545=EDGE_LOOP('',(#6731));
#4546=EDGE_LOOP('',(#6732));
#4547=EDGE_LOOP('',(#6733,#6734,#6735,#6736));
#4548=EDGE_LOOP('',(#6737));
#4549=EDGE_LOOP('',(#6738));
#4550=EDGE_LOOP('',(#6739,#6740,#6741,#6742));
#4551=EDGE_LOOP('',(#6743));
#4552=EDGE_LOOP('',(#6744));
#4553=EDGE_LOOP('',(#6745));
#4554=EDGE_LOOP('',(#6746));
#4555=EDGE_LOOP('',(#6747));
#4556=EDGE_LOOP('',(#6748));
#4557=EDGE_LOOP('',(#6749));
#4558=EDGE_LOOP('',(#6750));
#4559=EDGE_LOOP('',(#6751));
#4560=EDGE_LOOP('',(#6752));
#4561=EDGE_LOOP('',(#6753));
#4562=EDGE_LOOP('',(#6754));
#4563=EDGE_LOOP('',(#6755));
#4564=EDGE_LOOP('',(#6756));
#4565=EDGE_LOOP('',(#6757));
#4566=EDGE_LOOP('',(#6758));
#4567=EDGE_LOOP('',(#6759,#6760,#6761,#6762));
#4568=EDGE_LOOP('',(#6763,#6764,#6765,#6766));
#4569=EDGE_LOOP('',(#6767,#6768,#6769,#6770));
#4570=EDGE_LOOP('',(#6771,#6772,#6773,#6774));
#4571=EDGE_LOOP('',(#6775));
#4572=EDGE_LOOP('',(#6776));
#4573=EDGE_LOOP('',(#6777));
#4574=EDGE_LOOP('',(#6778));
#4575=EDGE_LOOP('',(#6779));
#4576=EDGE_LOOP('',(#6780));
#4577=EDGE_LOOP('',(#6781,#6782,#6783,#6784));
#4578=EDGE_LOOP('',(#6785,#6786,#6787,#6788));
#4579=EDGE_LOOP('',(#6789));
#4580=EDGE_LOOP('',(#6790));
#4581=EDGE_LOOP('',(#6791,#6792,#6793,#6794));
#4582=EDGE_LOOP('',(#6795,#6796,#6797,#6798));
#4583=EDGE_LOOP('',(#6799,#6800,#6801,#6802));
#4584=EDGE_LOOP('',(#6803,#6804,#6805,#6806));
#4585=EDGE_LOOP('',(#6807));
#4586=EDGE_LOOP('',(#6808,#6809,#6810,#6811));
#4587=EDGE_LOOP('',(#6812));
#4588=EDGE_LOOP('',(#6813));
#4589=EDGE_LOOP('',(#6814));
#4590=EDGE_LOOP('',(#6815));
#4591=EDGE_LOOP('',(#6816));
#4592=EDGE_LOOP('',(#6817));
#4593=EDGE_LOOP('',(#6818,#6819,#6820,#6821));
#4594=EDGE_LOOP('',(#6822,#6823,#6824,#6825));
#4595=EDGE_LOOP('',(#6826,#6827,#6828,#6829));
#4596=EDGE_LOOP('',(#6830));
#4597=EDGE_LOOP('',(#6831));
#4598=EDGE_LOOP('',(#6832));
#4599=EDGE_LOOP('',(#6833));
#4600=EDGE_LOOP('',(#6834,#6835,#6836,#6837));
#4601=EDGE_LOOP('',(#6838,#6839,#6840,#6841));
#4602=EDGE_LOOP('',(#6842));
#4603=EDGE_LOOP('',(#6843));
#4604=EDGE_LOOP('',(#6844));
#4605=EDGE_LOOP('',(#6845));
#4606=EDGE_LOOP('',(#6846,#6847,#6848,#6849,#6850,#6851,#6852,#6853));
#4607=EDGE_LOOP('',(#6854,#6855,#6856,#6857));
#4608=EDGE_LOOP('',(#6858,#6859,#6860,#6861));
#4609=EDGE_LOOP('',(#6862,#6863,#6864,#6865));
#4610=EDGE_LOOP('',(#6866,#6867,#6868,#6869));
#4611=EDGE_LOOP('',(#6870,#6871,#6872,#6873,#6874,#6875,#6876,#6877));
#4612=EDGE_LOOP('',(#6878));
#4613=EDGE_LOOP('',(#6879));
#4614=EDGE_LOOP('',(#6880));
#4615=EDGE_LOOP('',(#6881));
#4616=EDGE_LOOP('',(#6882));
#4617=EDGE_LOOP('',(#6883));
#4618=EDGE_LOOP('',(#6884));
#4619=EDGE_LOOP('',(#6885));
#4620=EDGE_LOOP('',(#6886,#6887,#6888,#6889));
#4621=EDGE_LOOP('',(#6890,#6891,#6892,#6893,#6894));
#4622=EDGE_LOOP('',(#6895,#6896,#6897,#6898,#6899));
#4623=EDGE_LOOP('',(#6900,#6901,#6902,#6903));
#4624=EDGE_LOOP('',(#6904));
#4625=EDGE_LOOP('',(#6905));
#4626=EDGE_LOOP('',(#6906));
#4627=EDGE_LOOP('',(#6907));
#4628=EDGE_LOOP('',(#6908));
#4629=EDGE_LOOP('',(#6909));
#4630=EDGE_LOOP('',(#6910));
#4631=EDGE_LOOP('',(#6911));
#4632=EDGE_LOOP('',(#6912,#6913,#6914,#6915,#6916,#6917,#6918,#6919,#6920,
#6921,#6922,#6923,#6924,#6925,#6926,#6927,#6928,#6929,#6930,#6931,#6932,
#6933));
#4633=EDGE_LOOP('',(#6934));
#4634=EDGE_LOOP('',(#6935));
#4635=EDGE_LOOP('',(#6936));
#4636=EDGE_LOOP('',(#6937));
#4637=EDGE_LOOP('',(#6938,#6939,#6940,#6941,#6942,#6943));
#4638=EDGE_LOOP('',(#6944,#6945,#6946,#6947));
#4639=EDGE_LOOP('',(#6948,#6949,#6950,#6951));
#4640=EDGE_LOOP('',(#6952,#6953,#6954,#6955,#6956,#6957,#6958,#6959,#6960,
#6961,#6962,#6963,#6964,#6965,#6966,#6967));
#4641=EDGE_LOOP('',(#6968));
#4642=EDGE_LOOP('',(#6969));
#4643=EDGE_LOOP('',(#6970,#6971,#6972,#6973));
#4644=EDGE_LOOP('',(#6974));
#4645=EDGE_LOOP('',(#6975));
#4646=EDGE_LOOP('',(#6976,#6977,#6978,#6979));
#4647=EDGE_LOOP('',(#6980));
#4648=EDGE_LOOP('',(#6981));
#4649=EDGE_LOOP('',(#6982,#6983,#6984,#6985));
#4650=EDGE_LOOP('',(#6986,#6987,#6988,#6989,#6990,#6991));
#4651=EDGE_LOOP('',(#6992));
#4652=EDGE_LOOP('',(#6993));
#4653=EDGE_LOOP('',(#6994));
#4654=EDGE_LOOP('',(#6995));
#4655=EDGE_LOOP('',(#6996,#6997,#6998,#6999));
#4656=EDGE_LOOP('',(#7000));
#4657=EDGE_LOOP('',(#7001));
#4658=EDGE_LOOP('',(#7002));
#4659=EDGE_LOOP('',(#7003));
#4660=EDGE_LOOP('',(#7004,#7005,#7006,#7007));
#4661=EDGE_LOOP('',(#7008));
#4662=EDGE_LOOP('',(#7009));
#4663=EDGE_LOOP('',(#7010));
#4664=EDGE_LOOP('',(#7011));
#4665=EDGE_LOOP('',(#7012,#7013,#7014,#7015));
#4666=EDGE_LOOP('',(#7016));
#4667=EDGE_LOOP('',(#7017));
#4668=EDGE_LOOP('',(#7018,#7019,#7020,#7021));
#4669=EDGE_LOOP('',(#7022));
#4670=EDGE_LOOP('',(#7023));
#4671=EDGE_LOOP('',(#7024));
#4672=EDGE_LOOP('',(#7025));
#4673=EDGE_LOOP('',(#7026,#7027,#7028,#7029));
#4674=EDGE_LOOP('',(#7030));
#4675=EDGE_LOOP('',(#7031));
#4676=EDGE_LOOP('',(#7032,#7033,#7034,#7035));
#4677=EDGE_LOOP('',(#7036));
#4678=EDGE_LOOP('',(#7037));
#4679=EDGE_LOOP('',(#7038));
#4680=EDGE_LOOP('',(#7039));
#4681=EDGE_LOOP('',(#7040));
#4682=EDGE_LOOP('',(#7041));
#4683=EDGE_LOOP('',(#7042,#7043,#7044,#7045));
#4684=EDGE_LOOP('',(#7046,#7047,#7048,#7049,#7050));
#4685=EDGE_LOOP('',(#7051,#7052,#7053,#7054));
#4686=EDGE_LOOP('',(#7055,#7056,#7057,#7058,#7059));
#4687=EDGE_LOOP('',(#7060,#7061,#7062,#7063));
#4688=EDGE_LOOP('',(#7064,#7065,#7066,#7067));
#4689=EDGE_LOOP('',(#7068,#7069));
#4690=EDGE_LOOP('',(#7070,#7071,#7072,#7073));
#4691=EDGE_LOOP('',(#7074,#7075));
#4692=EDGE_LOOP('',(#7076,#7077,#7078,#7079));
#4693=EDGE_LOOP('',(#7080,#7081,#7082,#7083));
#4694=EDGE_LOOP('',(#7084,#7085,#7086,#7087));
#4695=EDGE_LOOP('',(#7088,#7089,#7090,#7091));
#4696=EDGE_LOOP('',(#7092,#7093,#7094,#7095));
#4697=EDGE_LOOP('',(#7096));
#4698=EDGE_LOOP('',(#7097));
#4699=EDGE_LOOP('',(#7098));
#4700=EDGE_LOOP('',(#7099));
#4701=EDGE_LOOP('',(#7100,#7101,#7102,#7103));
#4702=ORIENTED_EDGE('',*,*,#8037,.T.);
#4703=ORIENTED_EDGE('',*,*,#8038,.F.);
#4704=ORIENTED_EDGE('',*,*,#8039,.F.);
#4705=ORIENTED_EDGE('',*,*,#8040,.T.);
#4706=ORIENTED_EDGE('',*,*,#8041,.T.);
#4707=ORIENTED_EDGE('',*,*,#8042,.F.);
#4708=ORIENTED_EDGE('',*,*,#8043,.F.);
#4709=ORIENTED_EDGE('',*,*,#8038,.T.);
#4710=ORIENTED_EDGE('',*,*,#8044,.T.);
#4711=ORIENTED_EDGE('',*,*,#8045,.F.);
#4712=ORIENTED_EDGE('',*,*,#8046,.F.);
#4713=ORIENTED_EDGE('',*,*,#8042,.T.);
#4714=ORIENTED_EDGE('',*,*,#8047,.F.);
#4715=ORIENTED_EDGE('',*,*,#8048,.T.);
#4716=ORIENTED_EDGE('',*,*,#8049,.T.);
#4717=ORIENTED_EDGE('',*,*,#8050,.F.);
#4718=ORIENTED_EDGE('',*,*,#8051,.F.);
#4719=ORIENTED_EDGE('',*,*,#8052,.T.);
#4720=ORIENTED_EDGE('',*,*,#8053,.F.);
#4721=ORIENTED_EDGE('',*,*,#8054,.T.);
#4722=ORIENTED_EDGE('',*,*,#8055,.T.);
#4723=ORIENTED_EDGE('',*,*,#8040,.F.);
#4724=ORIENTED_EDGE('',*,*,#8056,.F.);
#4725=ORIENTED_EDGE('',*,*,#8045,.T.);
#4726=ORIENTED_EDGE('',*,*,#8057,.F.);
#4727=ORIENTED_EDGE('',*,*,#8058,.T.);
#4728=ORIENTED_EDGE('',*,*,#8039,.T.);
#4729=ORIENTED_EDGE('',*,*,#8043,.T.);
#4730=ORIENTED_EDGE('',*,*,#8046,.T.);
#4731=ORIENTED_EDGE('',*,*,#8056,.T.);
#4732=ORIENTED_EDGE('',*,*,#8054,.F.);
#4733=ORIENTED_EDGE('',*,*,#8052,.F.);
#4734=ORIENTED_EDGE('',*,*,#8049,.F.);
#4735=ORIENTED_EDGE('',*,*,#8048,.F.);
#4736=ORIENTED_EDGE('',*,*,#8058,.F.);
#4737=ORIENTED_EDGE('',*,*,#8059,.T.);
#4738=ORIENTED_EDGE('',*,*,#8060,.T.);
#4739=ORIENTED_EDGE('',*,*,#8061,.T.);
#4740=ORIENTED_EDGE('',*,*,#8062,.T.);
#4741=ORIENTED_EDGE('',*,*,#8037,.F.);
#4742=ORIENTED_EDGE('',*,*,#8055,.F.);
#4743=ORIENTED_EDGE('',*,*,#8044,.F.);
#4744=ORIENTED_EDGE('',*,*,#8041,.F.);
#4745=ORIENTED_EDGE('',*,*,#8050,.T.);
#4746=ORIENTED_EDGE('',*,*,#8063,.F.);
#4747=ORIENTED_EDGE('',*,*,#8062,.F.);
#4748=ORIENTED_EDGE('',*,*,#8057,.T.);
#4749=ORIENTED_EDGE('',*,*,#8063,.T.);
#4750=ORIENTED_EDGE('',*,*,#8064,.F.);
#4751=ORIENTED_EDGE('',*,*,#8061,.F.);
#4752=ORIENTED_EDGE('',*,*,#8053,.T.);
#4753=ORIENTED_EDGE('',*,*,#8064,.T.);
#4754=ORIENTED_EDGE('',*,*,#8065,.F.);
#4755=ORIENTED_EDGE('',*,*,#8060,.F.);
#4756=ORIENTED_EDGE('',*,*,#8051,.T.);
#4757=ORIENTED_EDGE('',*,*,#8065,.T.);
#4758=ORIENTED_EDGE('',*,*,#8066,.F.);
#4759=ORIENTED_EDGE('',*,*,#8059,.F.);
#4760=ORIENTED_EDGE('',*,*,#8047,.T.);
#4761=ORIENTED_EDGE('',*,*,#8066,.T.);
#4762=ORIENTED_EDGE('',*,*,#8067,.T.);
#4763=ORIENTED_EDGE('',*,*,#8068,.F.);
#4764=ORIENTED_EDGE('',*,*,#8068,.T.);
#4765=ORIENTED_EDGE('',*,*,#8069,.T.);
#4766=ORIENTED_EDGE('',*,*,#8069,.F.);
#4767=ORIENTED_EDGE('',*,*,#8067,.F.);
#4768=ORIENTED_EDGE('',*,*,#8070,.F.);
#4769=ORIENTED_EDGE('',*,*,#8071,.T.);
#4770=ORIENTED_EDGE('',*,*,#8072,.F.);
#4771=ORIENTED_EDGE('',*,*,#8073,.T.);
#4772=ORIENTED_EDGE('',*,*,#8074,.F.);
#4773=ORIENTED_EDGE('',*,*,#8070,.T.);
#4774=ORIENTED_EDGE('',*,*,#8071,.F.);
#4775=ORIENTED_EDGE('',*,*,#8072,.T.);
#4776=ORIENTED_EDGE('',*,*,#8075,.F.);
#4777=ORIENTED_EDGE('',*,*,#8074,.T.);
#4778=ORIENTED_EDGE('',*,*,#8076,.F.);
#4779=ORIENTED_EDGE('',*,*,#8077,.T.);
#4780=ORIENTED_EDGE('',*,*,#8075,.T.);
#4781=ORIENTED_EDGE('',*,*,#8077,.F.);
#4782=ORIENTED_EDGE('',*,*,#8078,.T.);
#4783=ORIENTED_EDGE('',*,*,#8079,.T.);
#4784=ORIENTED_EDGE('',*,*,#8076,.T.);
#4785=ORIENTED_EDGE('',*,*,#8079,.F.);
#4786=ORIENTED_EDGE('',*,*,#8080,.T.);
#4787=ORIENTED_EDGE('',*,*,#8081,.F.);
#4788=ORIENTED_EDGE('',*,*,#8081,.T.);
#4789=ORIENTED_EDGE('',*,*,#8073,.F.);
#4790=ORIENTED_EDGE('',*,*,#8078,.F.);
#4791=ORIENTED_EDGE('',*,*,#8080,.F.);
#4792=ORIENTED_EDGE('',*,*,#8082,.T.);
#4793=ORIENTED_EDGE('',*,*,#8083,.T.);
#4794=ORIENTED_EDGE('',*,*,#8084,.T.);
#4795=ORIENTED_EDGE('',*,*,#8082,.F.);
#4796=ORIENTED_EDGE('',*,*,#8085,.T.);
#4797=ORIENTED_EDGE('',*,*,#8086,.F.);
#4798=ORIENTED_EDGE('',*,*,#8083,.F.);
#4799=ORIENTED_EDGE('',*,*,#8085,.F.);
#4800=ORIENTED_EDGE('',*,*,#8086,.T.);
#4801=ORIENTED_EDGE('',*,*,#8087,.T.);
#4802=ORIENTED_EDGE('',*,*,#8084,.F.);
#4803=ORIENTED_EDGE('',*,*,#8087,.F.);
#4804=ORIENTED_EDGE('',*,*,#8088,.T.);
#4805=ORIENTED_EDGE('',*,*,#8089,.F.);
#4806=ORIENTED_EDGE('',*,*,#8090,.F.);
#4807=ORIENTED_EDGE('',*,*,#8091,.T.);
#4808=ORIENTED_EDGE('',*,*,#8092,.T.);
#4809=ORIENTED_EDGE('',*,*,#8093,.F.);
#4810=ORIENTED_EDGE('',*,*,#8094,.F.);
#4811=ORIENTED_EDGE('',*,*,#8089,.T.);
#4812=ORIENTED_EDGE('',*,*,#8095,.T.);
#4813=ORIENTED_EDGE('',*,*,#8096,.F.);
#4814=ORIENTED_EDGE('',*,*,#8097,.F.);
#4815=ORIENTED_EDGE('',*,*,#8093,.T.);
#4816=ORIENTED_EDGE('',*,*,#8098,.F.);
#4817=ORIENTED_EDGE('',*,*,#8099,.T.);
#4818=ORIENTED_EDGE('',*,*,#8100,.T.);
#4819=ORIENTED_EDGE('',*,*,#8101,.F.);
#4820=ORIENTED_EDGE('',*,*,#8102,.T.);
#4821=ORIENTED_EDGE('',*,*,#8103,.F.);
#4822=ORIENTED_EDGE('',*,*,#8104,.T.);
#4823=ORIENTED_EDGE('',*,*,#8105,.F.);
#4824=ORIENTED_EDGE('',*,*,#8106,.T.);
#4825=ORIENTED_EDGE('',*,*,#8091,.F.);
#4826=ORIENTED_EDGE('',*,*,#8107,.F.);
#4827=ORIENTED_EDGE('',*,*,#8096,.T.);
#4828=ORIENTED_EDGE('',*,*,#8108,.T.);
#4829=ORIENTED_EDGE('',*,*,#8109,.F.);
#4830=ORIENTED_EDGE('',*,*,#8110,.T.);
#4831=ORIENTED_EDGE('',*,*,#8090,.T.);
#4832=ORIENTED_EDGE('',*,*,#8094,.T.);
#4833=ORIENTED_EDGE('',*,*,#8097,.T.);
#4834=ORIENTED_EDGE('',*,*,#8107,.T.);
#4835=ORIENTED_EDGE('',*,*,#8104,.F.);
#4836=ORIENTED_EDGE('',*,*,#8102,.F.);
#4837=ORIENTED_EDGE('',*,*,#8100,.F.);
#4838=ORIENTED_EDGE('',*,*,#8108,.F.);
#4839=ORIENTED_EDGE('',*,*,#8088,.F.);
#4840=ORIENTED_EDGE('',*,*,#8106,.F.);
#4841=ORIENTED_EDGE('',*,*,#8095,.F.);
#4842=ORIENTED_EDGE('',*,*,#8092,.F.);
#4843=ORIENTED_EDGE('',*,*,#8105,.T.);
#4844=ORIENTED_EDGE('',*,*,#8103,.T.);
#4845=ORIENTED_EDGE('',*,*,#8101,.T.);
#4846=ORIENTED_EDGE('',*,*,#8098,.T.);
#4847=ORIENTED_EDGE('',*,*,#8109,.T.);
#4848=ORIENTED_EDGE('',*,*,#8111,.T.);
#4849=ORIENTED_EDGE('',*,*,#8110,.F.);
#4850=ORIENTED_EDGE('',*,*,#8111,.F.);
#4851=ORIENTED_EDGE('',*,*,#8099,.F.);
#4852=ORIENTED_EDGE('',*,*,#8112,.T.);
#4853=ORIENTED_EDGE('',*,*,#8113,.F.);
#4854=ORIENTED_EDGE('',*,*,#8112,.F.);
#4855=ORIENTED_EDGE('',*,*,#8114,.F.);
#4856=ORIENTED_EDGE('',*,*,#8115,.T.);
#4857=ORIENTED_EDGE('',*,*,#8113,.T.);
#4858=ORIENTED_EDGE('',*,*,#8114,.T.);
#4859=ORIENTED_EDGE('',*,*,#8115,.F.);
#4860=ORIENTED_EDGE('',*,*,#8116,.F.);
#4861=ORIENTED_EDGE('',*,*,#8117,.F.);
#4862=ORIENTED_EDGE('',*,*,#8118,.F.);
#4863=ORIENTED_EDGE('',*,*,#8119,.F.);
#4864=ORIENTED_EDGE('',*,*,#8120,.F.);
#4865=ORIENTED_EDGE('',*,*,#8121,.F.);
#4866=ORIENTED_EDGE('',*,*,#8122,.F.);
#4867=ORIENTED_EDGE('',*,*,#8123,.F.);
#4868=ORIENTED_EDGE('',*,*,#8124,.F.);
#4869=ORIENTED_EDGE('',*,*,#8125,.F.);
#4870=ORIENTED_EDGE('',*,*,#8126,.T.);
#4871=ORIENTED_EDGE('',*,*,#8127,.F.);
#4872=ORIENTED_EDGE('',*,*,#8128,.F.);
#4873=ORIENTED_EDGE('',*,*,#8129,.T.);
#4874=ORIENTED_EDGE('',*,*,#8130,.T.);
#4875=ORIENTED_EDGE('',*,*,#8131,.F.);
#4876=ORIENTED_EDGE('',*,*,#8132,.F.);
#4877=ORIENTED_EDGE('',*,*,#8127,.T.);
#4878=ORIENTED_EDGE('',*,*,#8133,.T.);
#4879=ORIENTED_EDGE('',*,*,#8134,.T.);
#4880=ORIENTED_EDGE('',*,*,#8135,.F.);
#4881=ORIENTED_EDGE('',*,*,#8136,.F.);
#4882=ORIENTED_EDGE('',*,*,#8131,.T.);
#4883=ORIENTED_EDGE('',*,*,#8135,.T.);
#4884=ORIENTED_EDGE('',*,*,#8137,.T.);
#4885=ORIENTED_EDGE('',*,*,#8138,.F.);
#4886=ORIENTED_EDGE('',*,*,#8139,.F.);
#4887=ORIENTED_EDGE('',*,*,#8138,.T.);
#4888=ORIENTED_EDGE('',*,*,#8140,.T.);
#4889=ORIENTED_EDGE('',*,*,#8141,.T.);
#4890=ORIENTED_EDGE('',*,*,#8142,.F.);
#4891=ORIENTED_EDGE('',*,*,#8143,.F.);
#4892=ORIENTED_EDGE('',*,*,#8144,.T.);
#4893=ORIENTED_EDGE('',*,*,#8145,.F.);
#4894=ORIENTED_EDGE('',*,*,#8146,.F.);
#4895=ORIENTED_EDGE('',*,*,#8147,.T.);
#4896=ORIENTED_EDGE('',*,*,#8148,.T.);
#4897=ORIENTED_EDGE('',*,*,#8149,.T.);
#4898=ORIENTED_EDGE('',*,*,#8150,.F.);
#4899=ORIENTED_EDGE('',*,*,#8151,.F.);
#4900=ORIENTED_EDGE('',*,*,#8145,.T.);
#4901=ORIENTED_EDGE('',*,*,#8150,.T.);
#4902=ORIENTED_EDGE('',*,*,#8152,.T.);
#4903=ORIENTED_EDGE('',*,*,#8153,.F.);
#4904=ORIENTED_EDGE('',*,*,#8154,.F.);
#4905=ORIENTED_EDGE('',*,*,#8153,.T.);
#4906=ORIENTED_EDGE('',*,*,#8155,.T.);
#4907=ORIENTED_EDGE('',*,*,#8156,.T.);
#4908=ORIENTED_EDGE('',*,*,#8157,.F.);
#4909=ORIENTED_EDGE('',*,*,#8158,.F.);
#4910=ORIENTED_EDGE('',*,*,#8159,.T.);
#4911=ORIENTED_EDGE('',*,*,#8160,.F.);
#4912=ORIENTED_EDGE('',*,*,#8161,.F.);
#4913=ORIENTED_EDGE('',*,*,#8157,.T.);
#4914=ORIENTED_EDGE('',*,*,#8162,.T.);
#4915=ORIENTED_EDGE('',*,*,#8163,.T.);
#4916=ORIENTED_EDGE('',*,*,#8164,.F.);
#4917=ORIENTED_EDGE('',*,*,#8165,.F.);
#4918=ORIENTED_EDGE('',*,*,#8166,.T.);
#4919=ORIENTED_EDGE('',*,*,#8164,.T.);
#4920=ORIENTED_EDGE('',*,*,#8167,.T.);
#4921=ORIENTED_EDGE('',*,*,#8168,.F.);
#4922=ORIENTED_EDGE('',*,*,#8169,.F.);
#4923=ORIENTED_EDGE('',*,*,#8168,.T.);
#4924=ORIENTED_EDGE('',*,*,#8170,.T.);
#4925=ORIENTED_EDGE('',*,*,#8171,.T.);
#4926=ORIENTED_EDGE('',*,*,#8172,.F.);
#4927=ORIENTED_EDGE('',*,*,#8173,.F.);
#4928=ORIENTED_EDGE('',*,*,#8174,.T.);
#4929=ORIENTED_EDGE('',*,*,#8175,.F.);
#4930=ORIENTED_EDGE('',*,*,#8176,.F.);
#4931=ORIENTED_EDGE('',*,*,#8172,.T.);
#4932=ORIENTED_EDGE('',*,*,#8177,.T.);
#4933=ORIENTED_EDGE('',*,*,#8178,.F.);
#4934=ORIENTED_EDGE('',*,*,#8179,.F.);
#4935=ORIENTED_EDGE('',*,*,#8175,.T.);
#4936=ORIENTED_EDGE('',*,*,#8180,.T.);
#4937=ORIENTED_EDGE('',*,*,#8181,.F.);
#4938=ORIENTED_EDGE('',*,*,#8182,.F.);
#4939=ORIENTED_EDGE('',*,*,#8183,.T.);
#4940=ORIENTED_EDGE('',*,*,#8184,.T.);
#4941=ORIENTED_EDGE('',*,*,#8185,.F.);
#4942=ORIENTED_EDGE('',*,*,#8186,.F.);
#4943=ORIENTED_EDGE('',*,*,#8181,.T.);
#4944=ORIENTED_EDGE('',*,*,#8187,.T.);
#4945=ORIENTED_EDGE('',*,*,#8188,.T.);
#4946=ORIENTED_EDGE('',*,*,#8189,.F.);
#4947=ORIENTED_EDGE('',*,*,#8190,.F.);
#4948=ORIENTED_EDGE('',*,*,#8185,.T.);
#4949=ORIENTED_EDGE('',*,*,#8189,.T.);
#4950=ORIENTED_EDGE('',*,*,#8191,.T.);
#4951=ORIENTED_EDGE('',*,*,#8192,.F.);
#4952=ORIENTED_EDGE('',*,*,#8193,.F.);
#4953=ORIENTED_EDGE('',*,*,#8192,.T.);
#4954=ORIENTED_EDGE('',*,*,#8194,.T.);
#4955=ORIENTED_EDGE('',*,*,#8195,.T.);
#4956=ORIENTED_EDGE('',*,*,#8196,.F.);
#4957=ORIENTED_EDGE('',*,*,#8197,.F.);
#4958=ORIENTED_EDGE('',*,*,#8198,.T.);
#4959=ORIENTED_EDGE('',*,*,#8199,.T.);
#4960=ORIENTED_EDGE('',*,*,#8200,.F.);
#4961=ORIENTED_EDGE('',*,*,#8201,.T.);
#4962=ORIENTED_EDGE('',*,*,#8202,.T.);
#4963=ORIENTED_EDGE('',*,*,#8147,.F.);
#4964=ORIENTED_EDGE('',*,*,#8203,.F.);
#4965=ORIENTED_EDGE('',*,*,#8160,.T.);
#4966=ORIENTED_EDGE('',*,*,#8204,.T.);
#4967=ORIENTED_EDGE('',*,*,#8166,.F.);
#4968=ORIENTED_EDGE('',*,*,#8205,.F.);
#4969=ORIENTED_EDGE('',*,*,#8178,.T.);
#4970=ORIENTED_EDGE('',*,*,#8206,.T.);
#4971=ORIENTED_EDGE('',*,*,#8183,.F.);
#4972=ORIENTED_EDGE('',*,*,#8207,.F.);
#4973=ORIENTED_EDGE('',*,*,#8196,.T.);
#4974=ORIENTED_EDGE('',*,*,#8208,.F.);
#4975=ORIENTED_EDGE('',*,*,#8209,.T.);
#4976=ORIENTED_EDGE('',*,*,#8210,.T.);
#4977=ORIENTED_EDGE('',*,*,#8211,.T.);
#4978=ORIENTED_EDGE('',*,*,#8212,.T.);
#4979=ORIENTED_EDGE('',*,*,#8129,.F.);
#4980=ORIENTED_EDGE('',*,*,#8213,.F.);
#4981=ORIENTED_EDGE('',*,*,#8142,.T.);
#4982=ORIENTED_EDGE('',*,*,#8214,.F.);
#4983=ORIENTED_EDGE('',*,*,#8215,.T.);
#4984=ORIENTED_EDGE('',*,*,#8200,.T.);
#4985=ORIENTED_EDGE('',*,*,#8216,.T.);
#4986=ORIENTED_EDGE('',*,*,#8208,.T.);
#4987=ORIENTED_EDGE('',*,*,#8182,.T.);
#4988=ORIENTED_EDGE('',*,*,#8186,.T.);
#4989=ORIENTED_EDGE('',*,*,#8190,.T.);
#4990=ORIENTED_EDGE('',*,*,#8193,.T.);
#4991=ORIENTED_EDGE('',*,*,#8197,.T.);
#4992=ORIENTED_EDGE('',*,*,#8207,.T.);
#4993=ORIENTED_EDGE('',*,*,#8165,.T.);
#4994=ORIENTED_EDGE('',*,*,#8169,.T.);
#4995=ORIENTED_EDGE('',*,*,#8173,.T.);
#4996=ORIENTED_EDGE('',*,*,#8176,.T.);
#4997=ORIENTED_EDGE('',*,*,#8179,.T.);
#4998=ORIENTED_EDGE('',*,*,#8205,.T.);
#4999=ORIENTED_EDGE('',*,*,#8146,.T.);
#5000=ORIENTED_EDGE('',*,*,#8151,.T.);
#5001=ORIENTED_EDGE('',*,*,#8154,.T.);
#5002=ORIENTED_EDGE('',*,*,#8158,.T.);
#5003=ORIENTED_EDGE('',*,*,#8161,.T.);
#5004=ORIENTED_EDGE('',*,*,#8203,.T.);
#5005=ORIENTED_EDGE('',*,*,#8128,.T.);
#5006=ORIENTED_EDGE('',*,*,#8132,.T.);
#5007=ORIENTED_EDGE('',*,*,#8136,.T.);
#5008=ORIENTED_EDGE('',*,*,#8139,.T.);
#5009=ORIENTED_EDGE('',*,*,#8143,.T.);
#5010=ORIENTED_EDGE('',*,*,#8213,.T.);
#5011=ORIENTED_EDGE('',*,*,#8217,.T.);
#5012=ORIENTED_EDGE('',*,*,#8218,.T.);
#5013=ORIENTED_EDGE('',*,*,#8219,.T.);
#5014=ORIENTED_EDGE('',*,*,#8220,.T.);
#5015=ORIENTED_EDGE('',*,*,#8210,.F.);
#5016=ORIENTED_EDGE('',*,*,#8221,.T.);
#5017=ORIENTED_EDGE('',*,*,#8187,.F.);
#5018=ORIENTED_EDGE('',*,*,#8184,.F.);
#5019=ORIENTED_EDGE('',*,*,#8180,.F.);
#5020=ORIENTED_EDGE('',*,*,#8206,.F.);
#5021=ORIENTED_EDGE('',*,*,#8195,.F.);
#5022=ORIENTED_EDGE('',*,*,#8222,.T.);
#5023=ORIENTED_EDGE('',*,*,#8162,.F.);
#5024=ORIENTED_EDGE('',*,*,#8204,.F.);
#5025=ORIENTED_EDGE('',*,*,#8177,.F.);
#5026=ORIENTED_EDGE('',*,*,#8174,.F.);
#5027=ORIENTED_EDGE('',*,*,#8171,.F.);
#5028=ORIENTED_EDGE('',*,*,#8223,.T.);
#5029=ORIENTED_EDGE('',*,*,#8198,.F.);
#5030=ORIENTED_EDGE('',*,*,#8224,.T.);
#5031=ORIENTED_EDGE('',*,*,#8133,.F.);
#5032=ORIENTED_EDGE('',*,*,#8130,.F.);
#5033=ORIENTED_EDGE('',*,*,#8126,.F.);
#5034=ORIENTED_EDGE('',*,*,#8212,.F.);
#5035=ORIENTED_EDGE('',*,*,#8141,.F.);
#5036=ORIENTED_EDGE('',*,*,#8225,.T.);
#5037=ORIENTED_EDGE('',*,*,#8148,.F.);
#5038=ORIENTED_EDGE('',*,*,#8144,.F.);
#5039=ORIENTED_EDGE('',*,*,#8202,.F.);
#5040=ORIENTED_EDGE('',*,*,#8159,.F.);
#5041=ORIENTED_EDGE('',*,*,#8156,.F.);
#5042=ORIENTED_EDGE('',*,*,#8226,.T.);
#5043=ORIENTED_EDGE('',*,*,#8214,.T.);
#5044=ORIENTED_EDGE('',*,*,#8227,.T.);
#5045=ORIENTED_EDGE('',*,*,#8116,.T.);
#5046=ORIENTED_EDGE('',*,*,#8118,.T.);
#5047=ORIENTED_EDGE('',*,*,#8120,.T.);
#5048=ORIENTED_EDGE('',*,*,#8122,.T.);
#5049=ORIENTED_EDGE('',*,*,#8124,.T.);
#5050=ORIENTED_EDGE('',*,*,#8227,.F.);
#5051=ORIENTED_EDGE('',*,*,#8217,.F.);
#5052=ORIENTED_EDGE('',*,*,#8228,.F.);
#5053=ORIENTED_EDGE('',*,*,#8229,.F.);
#5054=ORIENTED_EDGE('',*,*,#8230,.T.);
#5055=ORIENTED_EDGE('',*,*,#8220,.F.);
#5056=ORIENTED_EDGE('',*,*,#8231,.F.);
#5057=ORIENTED_EDGE('',*,*,#8232,.F.);
#5058=ORIENTED_EDGE('',*,*,#8228,.T.);
#5059=ORIENTED_EDGE('',*,*,#8219,.F.);
#5060=ORIENTED_EDGE('',*,*,#8233,.F.);
#5061=ORIENTED_EDGE('',*,*,#8234,.F.);
#5062=ORIENTED_EDGE('',*,*,#8231,.T.);
#5063=ORIENTED_EDGE('',*,*,#8218,.F.);
#5064=ORIENTED_EDGE('',*,*,#8230,.F.);
#5065=ORIENTED_EDGE('',*,*,#8235,.F.);
#5066=ORIENTED_EDGE('',*,*,#8233,.T.);
#5067=ORIENTED_EDGE('',*,*,#8117,.T.);
#5068=ORIENTED_EDGE('',*,*,#8119,.T.);
#5069=ORIENTED_EDGE('',*,*,#8121,.T.);
#5070=ORIENTED_EDGE('',*,*,#8125,.T.);
#5071=ORIENTED_EDGE('',*,*,#8123,.T.);
#5072=ORIENTED_EDGE('',*,*,#8236,.T.);
#5073=ORIENTED_EDGE('',*,*,#8237,.F.);
#5074=ORIENTED_EDGE('',*,*,#8238,.F.);
#5075=ORIENTED_EDGE('',*,*,#8239,.F.);
#5076=ORIENTED_EDGE('',*,*,#8240,.F.);
#5077=ORIENTED_EDGE('',*,*,#8241,.F.);
#5078=ORIENTED_EDGE('',*,*,#8235,.T.);
#5079=ORIENTED_EDGE('',*,*,#8229,.T.);
#5080=ORIENTED_EDGE('',*,*,#8232,.T.);
#5081=ORIENTED_EDGE('',*,*,#8234,.T.);
#5082=ORIENTED_EDGE('',*,*,#8236,.F.);
#5083=ORIENTED_EDGE('',*,*,#8237,.T.);
#5084=ORIENTED_EDGE('',*,*,#8242,.T.);
#5085=ORIENTED_EDGE('',*,*,#8241,.T.);
#5086=ORIENTED_EDGE('',*,*,#8242,.F.);
#5087=ORIENTED_EDGE('',*,*,#8243,.T.);
#5088=ORIENTED_EDGE('',*,*,#8240,.T.);
#5089=ORIENTED_EDGE('',*,*,#8243,.F.);
#5090=ORIENTED_EDGE('',*,*,#8244,.T.);
#5091=ORIENTED_EDGE('',*,*,#8239,.T.);
#5092=ORIENTED_EDGE('',*,*,#8244,.F.);
#5093=ORIENTED_EDGE('',*,*,#8245,.T.);
#5094=ORIENTED_EDGE('',*,*,#8238,.T.);
#5095=ORIENTED_EDGE('',*,*,#8245,.F.);
#5096=ORIENTED_EDGE('',*,*,#8188,.F.);
#5097=ORIENTED_EDGE('',*,*,#8221,.F.);
#5098=ORIENTED_EDGE('',*,*,#8209,.F.);
#5099=ORIENTED_EDGE('',*,*,#8216,.F.);
#5100=ORIENTED_EDGE('',*,*,#8199,.F.);
#5101=ORIENTED_EDGE('',*,*,#8223,.F.);
#5102=ORIENTED_EDGE('',*,*,#8170,.F.);
#5103=ORIENTED_EDGE('',*,*,#8167,.F.);
#5104=ORIENTED_EDGE('',*,*,#8163,.F.);
#5105=ORIENTED_EDGE('',*,*,#8222,.F.);
#5106=ORIENTED_EDGE('',*,*,#8194,.F.);
#5107=ORIENTED_EDGE('',*,*,#8191,.F.);
#5108=ORIENTED_EDGE('',*,*,#8134,.F.);
#5109=ORIENTED_EDGE('',*,*,#8224,.F.);
#5110=ORIENTED_EDGE('',*,*,#8201,.F.);
#5111=ORIENTED_EDGE('',*,*,#8215,.F.);
#5112=ORIENTED_EDGE('',*,*,#8211,.F.);
#5113=ORIENTED_EDGE('',*,*,#8226,.F.);
#5114=ORIENTED_EDGE('',*,*,#8155,.F.);
#5115=ORIENTED_EDGE('',*,*,#8152,.F.);
#5116=ORIENTED_EDGE('',*,*,#8149,.F.);
#5117=ORIENTED_EDGE('',*,*,#8225,.F.);
#5118=ORIENTED_EDGE('',*,*,#8140,.F.);
#5119=ORIENTED_EDGE('',*,*,#8137,.F.);
#5120=ORIENTED_EDGE('',*,*,#8246,.T.);
#5121=ORIENTED_EDGE('',*,*,#8247,.F.);
#5122=ORIENTED_EDGE('',*,*,#8248,.F.);
#5123=ORIENTED_EDGE('',*,*,#8249,.F.);
#5124=ORIENTED_EDGE('',*,*,#8250,.F.);
#5125=ORIENTED_EDGE('',*,*,#8251,.T.);
#5126=ORIENTED_EDGE('',*,*,#8252,.F.);
#5127=ORIENTED_EDGE('',*,*,#8253,.T.);
#5128=ORIENTED_EDGE('',*,*,#8254,.T.);
#5129=ORIENTED_EDGE('',*,*,#8255,.F.);
#5130=ORIENTED_EDGE('',*,*,#8256,.T.);
#5131=ORIENTED_EDGE('',*,*,#8247,.T.);
#5132=ORIENTED_EDGE('',*,*,#8257,.F.);
#5133=ORIENTED_EDGE('',*,*,#8258,.F.);
#5134=ORIENTED_EDGE('',*,*,#8259,.T.);
#5135=ORIENTED_EDGE('',*,*,#8248,.T.);
#5136=ORIENTED_EDGE('',*,*,#8256,.F.);
#5137=ORIENTED_EDGE('',*,*,#8260,.F.);
#5138=ORIENTED_EDGE('',*,*,#8261,.T.);
#5139=ORIENTED_EDGE('',*,*,#8249,.T.);
#5140=ORIENTED_EDGE('',*,*,#8259,.F.);
#5141=ORIENTED_EDGE('',*,*,#8262,.F.);
#5142=ORIENTED_EDGE('',*,*,#8263,.T.);
#5143=ORIENTED_EDGE('',*,*,#8264,.F.);
#5144=ORIENTED_EDGE('',*,*,#8257,.T.);
#5145=ORIENTED_EDGE('',*,*,#8250,.T.);
#5146=ORIENTED_EDGE('',*,*,#8261,.F.);
#5147=ORIENTED_EDGE('',*,*,#8246,.F.);
#5148=ORIENTED_EDGE('',*,*,#8265,.T.);
#5149=ORIENTED_EDGE('',*,*,#8255,.T.);
#5150=ORIENTED_EDGE('',*,*,#8264,.T.);
#5151=ORIENTED_EDGE('',*,*,#8260,.T.);
#5152=ORIENTED_EDGE('',*,*,#8258,.T.);
#5153=ORIENTED_EDGE('',*,*,#8263,.F.);
#5154=ORIENTED_EDGE('',*,*,#8253,.F.);
#5155=ORIENTED_EDGE('',*,*,#8265,.F.);
#5156=ORIENTED_EDGE('',*,*,#8252,.T.);
#5157=ORIENTED_EDGE('',*,*,#8266,.T.);
#5158=ORIENTED_EDGE('',*,*,#8262,.T.);
#5159=ORIENTED_EDGE('',*,*,#8266,.F.);
#5160=ORIENTED_EDGE('',*,*,#8251,.F.);
#5161=ORIENTED_EDGE('',*,*,#8267,.F.);
#5162=ORIENTED_EDGE('',*,*,#8254,.F.);
#5163=ORIENTED_EDGE('',*,*,#8267,.T.);
#5164=ORIENTED_EDGE('',*,*,#8268,.T.);
#5165=ORIENTED_EDGE('',*,*,#8269,.F.);
#5166=ORIENTED_EDGE('',*,*,#8270,.F.);
#5167=ORIENTED_EDGE('',*,*,#8271,.T.);
#5168=ORIENTED_EDGE('',*,*,#8272,.T.);
#5169=ORIENTED_EDGE('',*,*,#8273,.F.);
#5170=ORIENTED_EDGE('',*,*,#8274,.F.);
#5171=ORIENTED_EDGE('',*,*,#8269,.T.);
#5172=ORIENTED_EDGE('',*,*,#8275,.T.);
#5173=ORIENTED_EDGE('',*,*,#8276,.F.);
#5174=ORIENTED_EDGE('',*,*,#8277,.F.);
#5175=ORIENTED_EDGE('',*,*,#8273,.T.);
#5176=ORIENTED_EDGE('',*,*,#8278,.T.);
#5177=ORIENTED_EDGE('',*,*,#8279,.T.);
#5178=ORIENTED_EDGE('',*,*,#8280,.F.);
#5179=ORIENTED_EDGE('',*,*,#8281,.T.);
#5180=ORIENTED_EDGE('',*,*,#8282,.T.);
#5181=ORIENTED_EDGE('',*,*,#8271,.F.);
#5182=ORIENTED_EDGE('',*,*,#8283,.F.);
#5183=ORIENTED_EDGE('',*,*,#8276,.T.);
#5184=ORIENTED_EDGE('',*,*,#8284,.T.);
#5185=ORIENTED_EDGE('',*,*,#8285,.T.);
#5186=ORIENTED_EDGE('',*,*,#8286,.T.);
#5187=ORIENTED_EDGE('',*,*,#8287,.T.);
#5188=ORIENTED_EDGE('',*,*,#8270,.T.);
#5189=ORIENTED_EDGE('',*,*,#8274,.T.);
#5190=ORIENTED_EDGE('',*,*,#8277,.T.);
#5191=ORIENTED_EDGE('',*,*,#8283,.T.);
#5192=ORIENTED_EDGE('',*,*,#8280,.T.);
#5193=ORIENTED_EDGE('',*,*,#8268,.F.);
#5194=ORIENTED_EDGE('',*,*,#8282,.F.);
#5195=ORIENTED_EDGE('',*,*,#8275,.F.);
#5196=ORIENTED_EDGE('',*,*,#8272,.F.);
#5197=ORIENTED_EDGE('',*,*,#8281,.F.);
#5198=ORIENTED_EDGE('',*,*,#8279,.F.);
#5199=ORIENTED_EDGE('',*,*,#8285,.F.);
#5200=ORIENTED_EDGE('',*,*,#8288,.T.);
#5201=ORIENTED_EDGE('',*,*,#8284,.F.);
#5202=ORIENTED_EDGE('',*,*,#8288,.F.);
#5203=ORIENTED_EDGE('',*,*,#8287,.F.);
#5204=ORIENTED_EDGE('',*,*,#8289,.T.);
#5205=ORIENTED_EDGE('',*,*,#8278,.F.);
#5206=ORIENTED_EDGE('',*,*,#8289,.F.);
#5207=ORIENTED_EDGE('',*,*,#8286,.F.);
#5208=ORIENTED_EDGE('',*,*,#8290,.T.);
#5209=ORIENTED_EDGE('',*,*,#8291,.T.);
#5210=ORIENTED_EDGE('',*,*,#8292,.T.);
#5211=ORIENTED_EDGE('',*,*,#8293,.T.);
#5212=ORIENTED_EDGE('',*,*,#8294,.F.);
#5213=ORIENTED_EDGE('',*,*,#8295,.T.);
#5214=ORIENTED_EDGE('',*,*,#8296,.T.);
#5215=ORIENTED_EDGE('',*,*,#8297,.F.);
#5216=ORIENTED_EDGE('',*,*,#8298,.F.);
#5217=ORIENTED_EDGE('',*,*,#8299,.T.);
#5218=ORIENTED_EDGE('',*,*,#8300,.T.);
#5219=ORIENTED_EDGE('',*,*,#8295,.F.);
#5220=ORIENTED_EDGE('',*,*,#8301,.F.);
#5221=ORIENTED_EDGE('',*,*,#8302,.T.);
#5222=ORIENTED_EDGE('',*,*,#8303,.T.);
#5223=ORIENTED_EDGE('',*,*,#8299,.F.);
#5224=ORIENTED_EDGE('',*,*,#8304,.F.);
#5225=ORIENTED_EDGE('',*,*,#8297,.T.);
#5226=ORIENTED_EDGE('',*,*,#8305,.T.);
#5227=ORIENTED_EDGE('',*,*,#8302,.F.);
#5228=ORIENTED_EDGE('',*,*,#8306,.F.);
#5229=ORIENTED_EDGE('',*,*,#8307,.T.);
#5230=ORIENTED_EDGE('',*,*,#8308,.T.);
#5231=ORIENTED_EDGE('',*,*,#8309,.T.);
#5232=ORIENTED_EDGE('',*,*,#8296,.F.);
#5233=ORIENTED_EDGE('',*,*,#8300,.F.);
#5234=ORIENTED_EDGE('',*,*,#8303,.F.);
#5235=ORIENTED_EDGE('',*,*,#8305,.F.);
#5236=ORIENTED_EDGE('',*,*,#8306,.T.);
#5237=ORIENTED_EDGE('',*,*,#8294,.T.);
#5238=ORIENTED_EDGE('',*,*,#8304,.T.);
#5239=ORIENTED_EDGE('',*,*,#8301,.T.);
#5240=ORIENTED_EDGE('',*,*,#8298,.T.);
#5241=ORIENTED_EDGE('',*,*,#8292,.F.);
#5242=ORIENTED_EDGE('',*,*,#8290,.F.);
#5243=ORIENTED_EDGE('',*,*,#8307,.F.);
#5244=ORIENTED_EDGE('',*,*,#8309,.F.);
#5245=ORIENTED_EDGE('',*,*,#8310,.F.);
#5246=ORIENTED_EDGE('',*,*,#8293,.F.);
#5247=ORIENTED_EDGE('',*,*,#8310,.T.);
#5248=ORIENTED_EDGE('',*,*,#8308,.F.);
#5249=ORIENTED_EDGE('',*,*,#8311,.F.);
#5250=ORIENTED_EDGE('',*,*,#8291,.F.);
#5251=ORIENTED_EDGE('',*,*,#8311,.T.);
#5252=ORIENTED_EDGE('',*,*,#8312,.F.);
#5253=ORIENTED_EDGE('',*,*,#8313,.T.);
#5254=ORIENTED_EDGE('',*,*,#8314,.F.);
#5255=ORIENTED_EDGE('',*,*,#8315,.F.);
#5256=ORIENTED_EDGE('',*,*,#8316,.F.);
#5257=ORIENTED_EDGE('',*,*,#8317,.F.);
#5258=ORIENTED_EDGE('',*,*,#8318,.T.);
#5259=ORIENTED_EDGE('',*,*,#8319,.T.);
#5260=ORIENTED_EDGE('',*,*,#8320,.F.);
#5261=ORIENTED_EDGE('',*,*,#8321,.F.);
#5262=ORIENTED_EDGE('',*,*,#8322,.F.);
#5263=ORIENTED_EDGE('',*,*,#8323,.T.);
#5264=ORIENTED_EDGE('',*,*,#8324,.F.);
#5265=ORIENTED_EDGE('',*,*,#8325,.F.);
#5266=ORIENTED_EDGE('',*,*,#8326,.T.);
#5267=ORIENTED_EDGE('',*,*,#8327,.F.);
#5268=ORIENTED_EDGE('',*,*,#8328,.T.);
#5269=ORIENTED_EDGE('',*,*,#8329,.T.);
#5270=ORIENTED_EDGE('',*,*,#8330,.T.);
#5271=ORIENTED_EDGE('',*,*,#8331,.T.);
#5272=ORIENTED_EDGE('',*,*,#8324,.T.);
#5273=ORIENTED_EDGE('',*,*,#8332,.F.);
#5274=ORIENTED_EDGE('',*,*,#8333,.F.);
#5275=ORIENTED_EDGE('',*,*,#8334,.F.);
#5276=ORIENTED_EDGE('',*,*,#8335,.F.);
#5277=ORIENTED_EDGE('',*,*,#8336,.F.);
#5278=ORIENTED_EDGE('',*,*,#8337,.F.);
#5279=ORIENTED_EDGE('',*,*,#8338,.F.);
#5280=ORIENTED_EDGE('',*,*,#8339,.F.);
#5281=ORIENTED_EDGE('',*,*,#8340,.T.);
#5282=ORIENTED_EDGE('',*,*,#8341,.T.);
#5283=ORIENTED_EDGE('',*,*,#8342,.F.);
#5284=ORIENTED_EDGE('',*,*,#8343,.T.);
#5285=ORIENTED_EDGE('',*,*,#8344,.T.);
#5286=ORIENTED_EDGE('',*,*,#8345,.T.);
#5287=ORIENTED_EDGE('',*,*,#8346,.T.);
#5288=ORIENTED_EDGE('',*,*,#8322,.T.);
#5289=ORIENTED_EDGE('',*,*,#8347,.F.);
#5290=ORIENTED_EDGE('',*,*,#8348,.F.);
#5291=ORIENTED_EDGE('',*,*,#8349,.F.);
#5292=ORIENTED_EDGE('',*,*,#8350,.F.);
#5293=ORIENTED_EDGE('',*,*,#8351,.F.);
#5294=ORIENTED_EDGE('',*,*,#8352,.F.);
#5295=ORIENTED_EDGE('',*,*,#8353,.F.);
#5296=ORIENTED_EDGE('',*,*,#8354,.F.);
#5297=ORIENTED_EDGE('',*,*,#8355,.T.);
#5298=ORIENTED_EDGE('',*,*,#8356,.T.);
#5299=ORIENTED_EDGE('',*,*,#8357,.F.);
#5300=ORIENTED_EDGE('',*,*,#8358,.T.);
#5301=ORIENTED_EDGE('',*,*,#8359,.T.);
#5302=ORIENTED_EDGE('',*,*,#8360,.T.);
#5303=ORIENTED_EDGE('',*,*,#8361,.T.);
#5304=ORIENTED_EDGE('',*,*,#8362,.T.);
#5305=ORIENTED_EDGE('',*,*,#8363,.T.);
#5306=ORIENTED_EDGE('',*,*,#8364,.T.);
#5307=ORIENTED_EDGE('',*,*,#8335,.T.);
#5308=ORIENTED_EDGE('',*,*,#8365,.T.);
#5309=ORIENTED_EDGE('',*,*,#8350,.T.);
#5310=ORIENTED_EDGE('',*,*,#8366,.T.);
#5311=ORIENTED_EDGE('',*,*,#8367,.T.);
#5312=ORIENTED_EDGE('',*,*,#8368,.T.);
#5313=ORIENTED_EDGE('',*,*,#8369,.T.);
#5314=ORIENTED_EDGE('',*,*,#8370,.F.);
#5315=ORIENTED_EDGE('',*,*,#8371,.F.);
#5316=ORIENTED_EDGE('',*,*,#8372,.F.);
#5317=ORIENTED_EDGE('',*,*,#8373,.F.);
#5318=ORIENTED_EDGE('',*,*,#8374,.F.);
#5319=ORIENTED_EDGE('',*,*,#8375,.F.);
#5320=ORIENTED_EDGE('',*,*,#8376,.F.);
#5321=ORIENTED_EDGE('',*,*,#8377,.F.);
#5322=ORIENTED_EDGE('',*,*,#8378,.F.);
#5323=ORIENTED_EDGE('',*,*,#8379,.F.);
#5324=ORIENTED_EDGE('',*,*,#8380,.F.);
#5325=ORIENTED_EDGE('',*,*,#8381,.F.);
#5326=ORIENTED_EDGE('',*,*,#8382,.F.);
#5327=ORIENTED_EDGE('',*,*,#8383,.F.);
#5328=ORIENTED_EDGE('',*,*,#8384,.F.);
#5329=ORIENTED_EDGE('',*,*,#8385,.F.);
#5330=ORIENTED_EDGE('',*,*,#8386,.F.);
#5331=ORIENTED_EDGE('',*,*,#8387,.F.);
#5332=ORIENTED_EDGE('',*,*,#8314,.T.);
#5333=ORIENTED_EDGE('',*,*,#8388,.F.);
#5334=ORIENTED_EDGE('',*,*,#8366,.F.);
#5335=ORIENTED_EDGE('',*,*,#8389,.T.);
#5336=ORIENTED_EDGE('',*,*,#8317,.T.);
#5337=ORIENTED_EDGE('',*,*,#8390,.F.);
#5338=ORIENTED_EDGE('',*,*,#8367,.F.);
#5339=ORIENTED_EDGE('',*,*,#8388,.T.);
#5340=ORIENTED_EDGE('',*,*,#8316,.T.);
#5341=ORIENTED_EDGE('',*,*,#8391,.F.);
#5342=ORIENTED_EDGE('',*,*,#8368,.F.);
#5343=ORIENTED_EDGE('',*,*,#8390,.T.);
#5344=ORIENTED_EDGE('',*,*,#8315,.T.);
#5345=ORIENTED_EDGE('',*,*,#8389,.F.);
#5346=ORIENTED_EDGE('',*,*,#8369,.F.);
#5347=ORIENTED_EDGE('',*,*,#8391,.T.);
#5348=ORIENTED_EDGE('',*,*,#8392,.T.);
#5349=ORIENTED_EDGE('',*,*,#8393,.T.);
#5350=ORIENTED_EDGE('',*,*,#8371,.T.);
#5351=ORIENTED_EDGE('',*,*,#8394,.F.);
#5352=ORIENTED_EDGE('',*,*,#8395,.T.);
#5353=ORIENTED_EDGE('',*,*,#8394,.T.);
#5354=ORIENTED_EDGE('',*,*,#8370,.T.);
#5355=ORIENTED_EDGE('',*,*,#8396,.F.);
#5356=ORIENTED_EDGE('',*,*,#8397,.T.);
#5357=ORIENTED_EDGE('',*,*,#8396,.T.);
#5358=ORIENTED_EDGE('',*,*,#8375,.T.);
#5359=ORIENTED_EDGE('',*,*,#8398,.F.);
#5360=ORIENTED_EDGE('',*,*,#8399,.T.);
#5361=ORIENTED_EDGE('',*,*,#8398,.T.);
#5362=ORIENTED_EDGE('',*,*,#8374,.T.);
#5363=ORIENTED_EDGE('',*,*,#8400,.F.);
#5364=ORIENTED_EDGE('',*,*,#8401,.T.);
#5365=ORIENTED_EDGE('',*,*,#8400,.T.);
#5366=ORIENTED_EDGE('',*,*,#8373,.T.);
#5367=ORIENTED_EDGE('',*,*,#8402,.F.);
#5368=ORIENTED_EDGE('',*,*,#8403,.T.);
#5369=ORIENTED_EDGE('',*,*,#8402,.T.);
#5370=ORIENTED_EDGE('',*,*,#8372,.T.);
#5371=ORIENTED_EDGE('',*,*,#8393,.F.);
#5372=ORIENTED_EDGE('',*,*,#8356,.F.);
#5373=ORIENTED_EDGE('',*,*,#8392,.F.);
#5374=ORIENTED_EDGE('',*,*,#8395,.F.);
#5375=ORIENTED_EDGE('',*,*,#8397,.F.);
#5376=ORIENTED_EDGE('',*,*,#8399,.F.);
#5377=ORIENTED_EDGE('',*,*,#8401,.F.);
#5378=ORIENTED_EDGE('',*,*,#8403,.F.);
#5379=ORIENTED_EDGE('',*,*,#8404,.T.);
#5380=ORIENTED_EDGE('',*,*,#8405,.T.);
#5381=ORIENTED_EDGE('',*,*,#8377,.T.);
#5382=ORIENTED_EDGE('',*,*,#8406,.F.);
#5383=ORIENTED_EDGE('',*,*,#8407,.T.);
#5384=ORIENTED_EDGE('',*,*,#8406,.T.);
#5385=ORIENTED_EDGE('',*,*,#8376,.T.);
#5386=ORIENTED_EDGE('',*,*,#8408,.F.);
#5387=ORIENTED_EDGE('',*,*,#8409,.T.);
#5388=ORIENTED_EDGE('',*,*,#8408,.T.);
#5389=ORIENTED_EDGE('',*,*,#8381,.T.);
#5390=ORIENTED_EDGE('',*,*,#8410,.F.);
#5391=ORIENTED_EDGE('',*,*,#8411,.T.);
#5392=ORIENTED_EDGE('',*,*,#8410,.T.);
#5393=ORIENTED_EDGE('',*,*,#8380,.T.);
#5394=ORIENTED_EDGE('',*,*,#8412,.F.);
#5395=ORIENTED_EDGE('',*,*,#8413,.T.);
#5396=ORIENTED_EDGE('',*,*,#8412,.T.);
#5397=ORIENTED_EDGE('',*,*,#8379,.T.);
#5398=ORIENTED_EDGE('',*,*,#8414,.F.);
#5399=ORIENTED_EDGE('',*,*,#8415,.T.);
#5400=ORIENTED_EDGE('',*,*,#8414,.T.);
#5401=ORIENTED_EDGE('',*,*,#8378,.T.);
#5402=ORIENTED_EDGE('',*,*,#8405,.F.);
#5403=ORIENTED_EDGE('',*,*,#8416,.T.);
#5404=ORIENTED_EDGE('',*,*,#8404,.F.);
#5405=ORIENTED_EDGE('',*,*,#8407,.F.);
#5406=ORIENTED_EDGE('',*,*,#8409,.F.);
#5407=ORIENTED_EDGE('',*,*,#8411,.F.);
#5408=ORIENTED_EDGE('',*,*,#8413,.F.);
#5409=ORIENTED_EDGE('',*,*,#8415,.F.);
#5410=ORIENTED_EDGE('',*,*,#8417,.T.);
#5411=ORIENTED_EDGE('',*,*,#8418,.T.);
#5412=ORIENTED_EDGE('',*,*,#8383,.T.);
#5413=ORIENTED_EDGE('',*,*,#8419,.F.);
#5414=ORIENTED_EDGE('',*,*,#8420,.T.);
#5415=ORIENTED_EDGE('',*,*,#8419,.T.);
#5416=ORIENTED_EDGE('',*,*,#8382,.T.);
#5417=ORIENTED_EDGE('',*,*,#8421,.F.);
#5418=ORIENTED_EDGE('',*,*,#8422,.T.);
#5419=ORIENTED_EDGE('',*,*,#8421,.T.);
#5420=ORIENTED_EDGE('',*,*,#8387,.T.);
#5421=ORIENTED_EDGE('',*,*,#8423,.F.);
#5422=ORIENTED_EDGE('',*,*,#8424,.T.);
#5423=ORIENTED_EDGE('',*,*,#8423,.T.);
#5424=ORIENTED_EDGE('',*,*,#8386,.T.);
#5425=ORIENTED_EDGE('',*,*,#8425,.F.);
#5426=ORIENTED_EDGE('',*,*,#8426,.T.);
#5427=ORIENTED_EDGE('',*,*,#8425,.T.);
#5428=ORIENTED_EDGE('',*,*,#8385,.T.);
#5429=ORIENTED_EDGE('',*,*,#8427,.F.);
#5430=ORIENTED_EDGE('',*,*,#8428,.T.);
#5431=ORIENTED_EDGE('',*,*,#8427,.T.);
#5432=ORIENTED_EDGE('',*,*,#8384,.T.);
#5433=ORIENTED_EDGE('',*,*,#8418,.F.);
#5434=ORIENTED_EDGE('',*,*,#8429,.T.);
#5435=ORIENTED_EDGE('',*,*,#8417,.F.);
#5436=ORIENTED_EDGE('',*,*,#8420,.F.);
#5437=ORIENTED_EDGE('',*,*,#8422,.F.);
#5438=ORIENTED_EDGE('',*,*,#8424,.F.);
#5439=ORIENTED_EDGE('',*,*,#8426,.F.);
#5440=ORIENTED_EDGE('',*,*,#8428,.F.);
#5441=ORIENTED_EDGE('',*,*,#8430,.F.);
#5442=ORIENTED_EDGE('',*,*,#8431,.T.);
#5443=ORIENTED_EDGE('',*,*,#8358,.F.);
#5444=ORIENTED_EDGE('',*,*,#8432,.F.);
#5445=ORIENTED_EDGE('',*,*,#8433,.F.);
#5446=ORIENTED_EDGE('',*,*,#8434,.T.);
#5447=ORIENTED_EDGE('',*,*,#8359,.F.);
#5448=ORIENTED_EDGE('',*,*,#8431,.F.);
#5449=ORIENTED_EDGE('',*,*,#8435,.F.);
#5450=ORIENTED_EDGE('',*,*,#8436,.T.);
#5451=ORIENTED_EDGE('',*,*,#8360,.F.);
#5452=ORIENTED_EDGE('',*,*,#8434,.F.);
#5453=ORIENTED_EDGE('',*,*,#8437,.F.);
#5454=ORIENTED_EDGE('',*,*,#8438,.T.);
#5455=ORIENTED_EDGE('',*,*,#8361,.F.);
#5456=ORIENTED_EDGE('',*,*,#8436,.F.);
#5457=ORIENTED_EDGE('',*,*,#8439,.F.);
#5458=ORIENTED_EDGE('',*,*,#8440,.T.);
#5459=ORIENTED_EDGE('',*,*,#8362,.F.);
#5460=ORIENTED_EDGE('',*,*,#8438,.F.);
#5461=ORIENTED_EDGE('',*,*,#8441,.F.);
#5462=ORIENTED_EDGE('',*,*,#8432,.T.);
#5463=ORIENTED_EDGE('',*,*,#8363,.F.);
#5464=ORIENTED_EDGE('',*,*,#8440,.F.);
#5465=ORIENTED_EDGE('',*,*,#8442,.F.);
#5466=ORIENTED_EDGE('',*,*,#8430,.T.);
#5467=ORIENTED_EDGE('',*,*,#8441,.T.);
#5468=ORIENTED_EDGE('',*,*,#8439,.T.);
#5469=ORIENTED_EDGE('',*,*,#8437,.T.);
#5470=ORIENTED_EDGE('',*,*,#8435,.T.);
#5471=ORIENTED_EDGE('',*,*,#8433,.T.);
#5472=ORIENTED_EDGE('',*,*,#8443,.F.);
#5473=ORIENTED_EDGE('',*,*,#8442,.T.);
#5474=ORIENTED_EDGE('',*,*,#8444,.F.);
#5475=ORIENTED_EDGE('',*,*,#8429,.F.);
#5476=ORIENTED_EDGE('',*,*,#8445,.F.);
#5477=ORIENTED_EDGE('',*,*,#8416,.F.);
#5478=ORIENTED_EDGE('',*,*,#8446,.F.);
#5479=ORIENTED_EDGE('',*,*,#8357,.T.);
#5480=ORIENTED_EDGE('',*,*,#8446,.T.);
#5481=ORIENTED_EDGE('',*,*,#8312,.T.);
#5482=ORIENTED_EDGE('',*,*,#8447,.F.);
#5483=ORIENTED_EDGE('',*,*,#8319,.F.);
#5484=ORIENTED_EDGE('',*,*,#8445,.T.);
#5485=ORIENTED_EDGE('',*,*,#8447,.T.);
#5486=ORIENTED_EDGE('',*,*,#8448,.F.);
#5487=ORIENTED_EDGE('',*,*,#8313,.F.);
#5488=ORIENTED_EDGE('',*,*,#8444,.T.);
#5489=ORIENTED_EDGE('',*,*,#8448,.T.);
#5490=ORIENTED_EDGE('',*,*,#8449,.F.);
#5491=ORIENTED_EDGE('',*,*,#8318,.F.);
#5492=ORIENTED_EDGE('',*,*,#8443,.T.);
#5493=ORIENTED_EDGE('',*,*,#8449,.T.);
#5494=ORIENTED_EDGE('',*,*,#8353,.T.);
#5495=ORIENTED_EDGE('',*,*,#8450,.T.);
#5496=ORIENTED_EDGE('',*,*,#8332,.T.);
#5497=ORIENTED_EDGE('',*,*,#8323,.F.);
#5498=ORIENTED_EDGE('',*,*,#8352,.T.);
#5499=ORIENTED_EDGE('',*,*,#8451,.T.);
#5500=ORIENTED_EDGE('',*,*,#8333,.T.);
#5501=ORIENTED_EDGE('',*,*,#8450,.F.);
#5502=ORIENTED_EDGE('',*,*,#8365,.F.);
#5503=ORIENTED_EDGE('',*,*,#8334,.T.);
#5504=ORIENTED_EDGE('',*,*,#8451,.F.);
#5505=ORIENTED_EDGE('',*,*,#8351,.T.);
#5506=ORIENTED_EDGE('',*,*,#8364,.F.);
#5507=ORIENTED_EDGE('',*,*,#8349,.T.);
#5508=ORIENTED_EDGE('',*,*,#8452,.T.);
#5509=ORIENTED_EDGE('',*,*,#8336,.T.);
#5510=ORIENTED_EDGE('',*,*,#8348,.T.);
#5511=ORIENTED_EDGE('',*,*,#8453,.T.);
#5512=ORIENTED_EDGE('',*,*,#8337,.T.);
#5513=ORIENTED_EDGE('',*,*,#8452,.F.);
#5514=ORIENTED_EDGE('',*,*,#8347,.T.);
#5515=ORIENTED_EDGE('',*,*,#8321,.T.);
#5516=ORIENTED_EDGE('',*,*,#8454,.F.);
#5517=ORIENTED_EDGE('',*,*,#8455,.F.);
#5518=ORIENTED_EDGE('',*,*,#8456,.T.);
#5519=ORIENTED_EDGE('',*,*,#8325,.T.);
#5520=ORIENTED_EDGE('',*,*,#8338,.T.);
#5521=ORIENTED_EDGE('',*,*,#8453,.F.);
#5522=ORIENTED_EDGE('',*,*,#8457,.F.);
#5523=ORIENTED_EDGE('',*,*,#8458,.T.);
#5524=ORIENTED_EDGE('',*,*,#8459,.F.);
#5525=ORIENTED_EDGE('',*,*,#8355,.F.);
#5526=ORIENTED_EDGE('',*,*,#8458,.F.);
#5527=ORIENTED_EDGE('',*,*,#8459,.T.);
#5528=ORIENTED_EDGE('',*,*,#8460,.F.);
#5529=ORIENTED_EDGE('',*,*,#8341,.F.);
#5530=ORIENTED_EDGE('',*,*,#8460,.T.);
#5531=ORIENTED_EDGE('',*,*,#8354,.T.);
#5532=ORIENTED_EDGE('',*,*,#8461,.T.);
#5533=ORIENTED_EDGE('',*,*,#8339,.T.);
#5534=ORIENTED_EDGE('',*,*,#8457,.T.);
#5535=ORIENTED_EDGE('',*,*,#8461,.F.);
#5536=ORIENTED_EDGE('',*,*,#8462,.T.);
#5537=ORIENTED_EDGE('',*,*,#8342,.T.);
#5538=ORIENTED_EDGE('',*,*,#8462,.F.);
#5539=ORIENTED_EDGE('',*,*,#8340,.F.);
#5540=ORIENTED_EDGE('',*,*,#8346,.F.);
#5541=ORIENTED_EDGE('',*,*,#8331,.F.);
#5542=ORIENTED_EDGE('',*,*,#8345,.F.);
#5543=ORIENTED_EDGE('',*,*,#8330,.F.);
#5544=ORIENTED_EDGE('',*,*,#8344,.F.);
#5545=ORIENTED_EDGE('',*,*,#8329,.F.);
#5546=ORIENTED_EDGE('',*,*,#8343,.F.);
#5547=ORIENTED_EDGE('',*,*,#8328,.F.);
#5548=ORIENTED_EDGE('',*,*,#8463,.F.);
#5549=ORIENTED_EDGE('',*,*,#8464,.F.);
#5550=ORIENTED_EDGE('',*,*,#8465,.T.);
#5551=ORIENTED_EDGE('',*,*,#8455,.T.);
#5552=ORIENTED_EDGE('',*,*,#8466,.F.);
#5553=ORIENTED_EDGE('',*,*,#8327,.T.);
#5554=ORIENTED_EDGE('',*,*,#8467,.T.);
#5555=ORIENTED_EDGE('',*,*,#8464,.T.);
#5556=ORIENTED_EDGE('',*,*,#8468,.T.);
#5557=ORIENTED_EDGE('',*,*,#8469,.T.);
#5558=ORIENTED_EDGE('',*,*,#8470,.T.);
#5559=ORIENTED_EDGE('',*,*,#8471,.T.);
#5560=ORIENTED_EDGE('',*,*,#8472,.T.);
#5561=ORIENTED_EDGE('',*,*,#8467,.F.);
#5562=ORIENTED_EDGE('',*,*,#8326,.F.);
#5563=ORIENTED_EDGE('',*,*,#8456,.F.);
#5564=ORIENTED_EDGE('',*,*,#8465,.F.);
#5565=ORIENTED_EDGE('',*,*,#8473,.F.);
#5566=ORIENTED_EDGE('',*,*,#8466,.T.);
#5567=ORIENTED_EDGE('',*,*,#8463,.T.);
#5568=ORIENTED_EDGE('',*,*,#8454,.T.);
#5569=ORIENTED_EDGE('',*,*,#8320,.T.);
#5570=ORIENTED_EDGE('',*,*,#8474,.T.);
#5571=ORIENTED_EDGE('',*,*,#8473,.T.);
#5572=ORIENTED_EDGE('',*,*,#8475,.F.);
#5573=ORIENTED_EDGE('',*,*,#8476,.F.);
#5574=ORIENTED_EDGE('',*,*,#8477,.F.);
#5575=ORIENTED_EDGE('',*,*,#8478,.F.);
#5576=ORIENTED_EDGE('',*,*,#8479,.F.);
#5577=ORIENTED_EDGE('',*,*,#8474,.F.);
#5578=ORIENTED_EDGE('',*,*,#8479,.T.);
#5579=ORIENTED_EDGE('',*,*,#8472,.F.);
#5580=ORIENTED_EDGE('',*,*,#8478,.T.);
#5581=ORIENTED_EDGE('',*,*,#8471,.F.);
#5582=ORIENTED_EDGE('',*,*,#8477,.T.);
#5583=ORIENTED_EDGE('',*,*,#8470,.F.);
#5584=ORIENTED_EDGE('',*,*,#8476,.T.);
#5585=ORIENTED_EDGE('',*,*,#8469,.F.);
#5586=ORIENTED_EDGE('',*,*,#8475,.T.);
#5587=ORIENTED_EDGE('',*,*,#8468,.F.);
#5588=ORIENTED_EDGE('',*,*,#8480,.F.);
#5589=ORIENTED_EDGE('',*,*,#8481,.F.);
#5590=ORIENTED_EDGE('',*,*,#8482,.T.);
#5591=ORIENTED_EDGE('',*,*,#8483,.T.);
#5592=ORIENTED_EDGE('',*,*,#8484,.F.);
#5593=ORIENTED_EDGE('',*,*,#8483,.F.);
#5594=ORIENTED_EDGE('',*,*,#8485,.T.);
#5595=ORIENTED_EDGE('',*,*,#8486,.T.);
#5596=ORIENTED_EDGE('',*,*,#8487,.F.);
#5597=ORIENTED_EDGE('',*,*,#8486,.F.);
#5598=ORIENTED_EDGE('',*,*,#8488,.T.);
#5599=ORIENTED_EDGE('',*,*,#8489,.T.);
#5600=ORIENTED_EDGE('',*,*,#8490,.T.);
#5601=ORIENTED_EDGE('',*,*,#8491,.T.);
#5602=ORIENTED_EDGE('',*,*,#8492,.F.);
#5603=ORIENTED_EDGE('',*,*,#8493,.T.);
#5604=ORIENTED_EDGE('',*,*,#8494,.F.);
#5605=ORIENTED_EDGE('',*,*,#8489,.F.);
#5606=ORIENTED_EDGE('',*,*,#8495,.T.);
#5607=ORIENTED_EDGE('',*,*,#8481,.T.);
#5608=ORIENTED_EDGE('',*,*,#8496,.T.);
#5609=ORIENTED_EDGE('',*,*,#8497,.T.);
#5610=ORIENTED_EDGE('',*,*,#8498,.T.);
#5611=ORIENTED_EDGE('',*,*,#8499,.T.);
#5612=ORIENTED_EDGE('',*,*,#8482,.F.);
#5613=ORIENTED_EDGE('',*,*,#8495,.F.);
#5614=ORIENTED_EDGE('',*,*,#8488,.F.);
#5615=ORIENTED_EDGE('',*,*,#8485,.F.);
#5616=ORIENTED_EDGE('',*,*,#8492,.T.);
#5617=ORIENTED_EDGE('',*,*,#8480,.T.);
#5618=ORIENTED_EDGE('',*,*,#8484,.T.);
#5619=ORIENTED_EDGE('',*,*,#8487,.T.);
#5620=ORIENTED_EDGE('',*,*,#8494,.T.);
#5621=ORIENTED_EDGE('',*,*,#8493,.F.);
#5622=ORIENTED_EDGE('',*,*,#8491,.F.);
#5623=ORIENTED_EDGE('',*,*,#8497,.F.);
#5624=ORIENTED_EDGE('',*,*,#8500,.T.);
#5625=ORIENTED_EDGE('',*,*,#8496,.F.);
#5626=ORIENTED_EDGE('',*,*,#8500,.F.);
#5627=ORIENTED_EDGE('',*,*,#8499,.F.);
#5628=ORIENTED_EDGE('',*,*,#8501,.T.);
#5629=ORIENTED_EDGE('',*,*,#8490,.F.);
#5630=ORIENTED_EDGE('',*,*,#8501,.F.);
#5631=ORIENTED_EDGE('',*,*,#8498,.F.);
#5632=ORIENTED_EDGE('',*,*,#8502,.F.);
#5633=ORIENTED_EDGE('',*,*,#8503,.F.);
#5634=ORIENTED_EDGE('',*,*,#8504,.T.);
#5635=ORIENTED_EDGE('',*,*,#8505,.T.);
#5636=ORIENTED_EDGE('',*,*,#8506,.F.);
#5637=ORIENTED_EDGE('',*,*,#8505,.F.);
#5638=ORIENTED_EDGE('',*,*,#8507,.T.);
#5639=ORIENTED_EDGE('',*,*,#8508,.T.);
#5640=ORIENTED_EDGE('',*,*,#8509,.F.);
#5641=ORIENTED_EDGE('',*,*,#8508,.F.);
#5642=ORIENTED_EDGE('',*,*,#8510,.T.);
#5643=ORIENTED_EDGE('',*,*,#8511,.T.);
#5644=ORIENTED_EDGE('',*,*,#8512,.F.);
#5645=ORIENTED_EDGE('',*,*,#8511,.F.);
#5646=ORIENTED_EDGE('',*,*,#8513,.T.);
#5647=ORIENTED_EDGE('',*,*,#8503,.T.);
#5648=ORIENTED_EDGE('',*,*,#8504,.F.);
#5649=ORIENTED_EDGE('',*,*,#8513,.F.);
#5650=ORIENTED_EDGE('',*,*,#8510,.F.);
#5651=ORIENTED_EDGE('',*,*,#8507,.F.);
#5652=ORIENTED_EDGE('',*,*,#8502,.T.);
#5653=ORIENTED_EDGE('',*,*,#8506,.T.);
#5654=ORIENTED_EDGE('',*,*,#8509,.T.);
#5655=ORIENTED_EDGE('',*,*,#8512,.T.);
#5656=ORIENTED_EDGE('',*,*,#8514,.F.);
#5657=ORIENTED_EDGE('',*,*,#8515,.T.);
#5658=ORIENTED_EDGE('',*,*,#8514,.T.);
#5659=ORIENTED_EDGE('',*,*,#8515,.F.);
#5660=ORIENTED_EDGE('',*,*,#8516,.F.);
#5661=ORIENTED_EDGE('',*,*,#8517,.T.);
#5662=ORIENTED_EDGE('',*,*,#8518,.T.);
#5663=ORIENTED_EDGE('',*,*,#8519,.F.);
#5664=ORIENTED_EDGE('',*,*,#8520,.F.);
#5665=ORIENTED_EDGE('',*,*,#8521,.T.);
#5666=ORIENTED_EDGE('',*,*,#8522,.F.);
#5667=ORIENTED_EDGE('',*,*,#8523,.T.);
#5668=ORIENTED_EDGE('',*,*,#8524,.T.);
#5669=ORIENTED_EDGE('',*,*,#8516,.T.);
#5670=ORIENTED_EDGE('',*,*,#8525,.F.);
#5671=ORIENTED_EDGE('',*,*,#8526,.F.);
#5672=ORIENTED_EDGE('',*,*,#8527,.T.);
#5673=ORIENTED_EDGE('',*,*,#8528,.T.);
#5674=ORIENTED_EDGE('',*,*,#8529,.F.);
#5675=ORIENTED_EDGE('',*,*,#8528,.F.);
#5676=ORIENTED_EDGE('',*,*,#8530,.T.);
#5677=ORIENTED_EDGE('',*,*,#8531,.T.);
#5678=ORIENTED_EDGE('',*,*,#8532,.F.);
#5679=ORIENTED_EDGE('',*,*,#8531,.F.);
#5680=ORIENTED_EDGE('',*,*,#8533,.T.);
#5681=ORIENTED_EDGE('',*,*,#8534,.T.);
#5682=ORIENTED_EDGE('',*,*,#8535,.F.);
#5683=ORIENTED_EDGE('',*,*,#8518,.F.);
#5684=ORIENTED_EDGE('',*,*,#8536,.T.);
#5685=ORIENTED_EDGE('',*,*,#8537,.T.);
#5686=ORIENTED_EDGE('',*,*,#8538,.F.);
#5687=ORIENTED_EDGE('',*,*,#8539,.T.);
#5688=ORIENTED_EDGE('',*,*,#8540,.F.);
#5689=ORIENTED_EDGE('',*,*,#8534,.F.);
#5690=ORIENTED_EDGE('',*,*,#8541,.T.);
#5691=ORIENTED_EDGE('',*,*,#8526,.T.);
#5692=ORIENTED_EDGE('',*,*,#8542,.T.);
#5693=ORIENTED_EDGE('',*,*,#8543,.F.);
#5694=ORIENTED_EDGE('',*,*,#8527,.F.);
#5695=ORIENTED_EDGE('',*,*,#8541,.F.);
#5696=ORIENTED_EDGE('',*,*,#8533,.F.);
#5697=ORIENTED_EDGE('',*,*,#8530,.F.);
#5698=ORIENTED_EDGE('',*,*,#8539,.F.);
#5699=ORIENTED_EDGE('',*,*,#8542,.F.);
#5700=ORIENTED_EDGE('',*,*,#8525,.T.);
#5701=ORIENTED_EDGE('',*,*,#8519,.T.);
#5702=ORIENTED_EDGE('',*,*,#8535,.T.);
#5703=ORIENTED_EDGE('',*,*,#8540,.T.);
#5704=ORIENTED_EDGE('',*,*,#8520,.T.);
#5705=ORIENTED_EDGE('',*,*,#8543,.T.);
#5706=ORIENTED_EDGE('',*,*,#8544,.F.);
#5707=ORIENTED_EDGE('',*,*,#8537,.F.);
#5708=ORIENTED_EDGE('',*,*,#8545,.T.);
#5709=ORIENTED_EDGE('',*,*,#8523,.F.);
#5710=ORIENTED_EDGE('',*,*,#8522,.T.);
#5711=ORIENTED_EDGE('',*,*,#8529,.T.);
#5712=ORIENTED_EDGE('',*,*,#8532,.T.);
#5713=ORIENTED_EDGE('',*,*,#8544,.T.);
#5714=ORIENTED_EDGE('',*,*,#8538,.T.);
#5715=ORIENTED_EDGE('',*,*,#8521,.F.);
#5716=ORIENTED_EDGE('',*,*,#8545,.F.);
#5717=ORIENTED_EDGE('',*,*,#8536,.F.);
#5718=ORIENTED_EDGE('',*,*,#8517,.F.);
#5719=ORIENTED_EDGE('',*,*,#8524,.F.);
#5720=ORIENTED_EDGE('',*,*,#8546,.T.);
#5721=ORIENTED_EDGE('',*,*,#8547,.T.);
#5722=ORIENTED_EDGE('',*,*,#8548,.T.);
#5723=ORIENTED_EDGE('',*,*,#8549,.T.);
#5724=ORIENTED_EDGE('',*,*,#8550,.T.);
#5725=ORIENTED_EDGE('',*,*,#8551,.T.);
#5726=ORIENTED_EDGE('',*,*,#8552,.T.);
#5727=ORIENTED_EDGE('',*,*,#8553,.T.);
#5728=ORIENTED_EDGE('',*,*,#8554,.T.);
#5729=ORIENTED_EDGE('',*,*,#8555,.T.);
#5730=ORIENTED_EDGE('',*,*,#8556,.T.);
#5731=ORIENTED_EDGE('',*,*,#8557,.T.);
#5732=ORIENTED_EDGE('',*,*,#8558,.T.);
#5733=ORIENTED_EDGE('',*,*,#8559,.T.);
#5734=ORIENTED_EDGE('',*,*,#8560,.T.);
#5735=ORIENTED_EDGE('',*,*,#8561,.T.);
#5736=ORIENTED_EDGE('',*,*,#8562,.T.);
#5737=ORIENTED_EDGE('',*,*,#8563,.T.);
#5738=ORIENTED_EDGE('',*,*,#8564,.T.);
#5739=ORIENTED_EDGE('',*,*,#8565,.T.);
#5740=ORIENTED_EDGE('',*,*,#8566,.F.);
#5741=ORIENTED_EDGE('',*,*,#8567,.F.);
#5742=ORIENTED_EDGE('',*,*,#8568,.F.);
#5743=ORIENTED_EDGE('',*,*,#8569,.F.);
#5744=ORIENTED_EDGE('',*,*,#8570,.F.);
#5745=ORIENTED_EDGE('',*,*,#8571,.F.);
#5746=ORIENTED_EDGE('',*,*,#8572,.F.);
#5747=ORIENTED_EDGE('',*,*,#8573,.F.);
#5748=ORIENTED_EDGE('',*,*,#8574,.F.);
#5749=ORIENTED_EDGE('',*,*,#8575,.F.);
#5750=ORIENTED_EDGE('',*,*,#8576,.F.);
#5751=ORIENTED_EDGE('',*,*,#8577,.F.);
#5752=ORIENTED_EDGE('',*,*,#8578,.F.);
#5753=ORIENTED_EDGE('',*,*,#8579,.F.);
#5754=ORIENTED_EDGE('',*,*,#8580,.F.);
#5755=ORIENTED_EDGE('',*,*,#8581,.F.);
#5756=ORIENTED_EDGE('',*,*,#8582,.F.);
#5757=ORIENTED_EDGE('',*,*,#8583,.F.);
#5758=ORIENTED_EDGE('',*,*,#8584,.F.);
#5759=ORIENTED_EDGE('',*,*,#8585,.F.);
#5760=ORIENTED_EDGE('',*,*,#8586,.F.);
#5761=ORIENTED_EDGE('',*,*,#8587,.F.);
#5762=ORIENTED_EDGE('',*,*,#8588,.F.);
#5763=ORIENTED_EDGE('',*,*,#8589,.F.);
#5764=ORIENTED_EDGE('',*,*,#8590,.F.);
#5765=ORIENTED_EDGE('',*,*,#8591,.F.);
#5766=ORIENTED_EDGE('',*,*,#8592,.F.);
#5767=ORIENTED_EDGE('',*,*,#8593,.F.);
#5768=ORIENTED_EDGE('',*,*,#8594,.F.);
#5769=ORIENTED_EDGE('',*,*,#8595,.F.);
#5770=ORIENTED_EDGE('',*,*,#8596,.T.);
#5771=ORIENTED_EDGE('',*,*,#8597,.T.);
#5772=ORIENTED_EDGE('',*,*,#8598,.T.);
#5773=ORIENTED_EDGE('',*,*,#8599,.T.);
#5774=ORIENTED_EDGE('',*,*,#8600,.T.);
#5775=ORIENTED_EDGE('',*,*,#8601,.T.);
#5776=ORIENTED_EDGE('',*,*,#8602,.T.);
#5777=ORIENTED_EDGE('',*,*,#8603,.T.);
#5778=ORIENTED_EDGE('',*,*,#8604,.T.);
#5779=ORIENTED_EDGE('',*,*,#8605,.T.);
#5780=ORIENTED_EDGE('',*,*,#8606,.T.);
#5781=ORIENTED_EDGE('',*,*,#8607,.T.);
#5782=ORIENTED_EDGE('',*,*,#8608,.T.);
#5783=ORIENTED_EDGE('',*,*,#8609,.F.);
#5784=ORIENTED_EDGE('',*,*,#8610,.T.);
#5785=ORIENTED_EDGE('',*,*,#8611,.T.);
#5786=ORIENTED_EDGE('',*,*,#8612,.T.);
#5787=ORIENTED_EDGE('',*,*,#8613,.F.);
#5788=ORIENTED_EDGE('',*,*,#8614,.T.);
#5789=ORIENTED_EDGE('',*,*,#8573,.T.);
#5790=ORIENTED_EDGE('',*,*,#8615,.F.);
#5791=ORIENTED_EDGE('',*,*,#8603,.F.);
#5792=ORIENTED_EDGE('',*,*,#8616,.T.);
#5793=ORIENTED_EDGE('',*,*,#8576,.T.);
#5794=ORIENTED_EDGE('',*,*,#8617,.F.);
#5795=ORIENTED_EDGE('',*,*,#8604,.F.);
#5796=ORIENTED_EDGE('',*,*,#8615,.T.);
#5797=ORIENTED_EDGE('',*,*,#8575,.T.);
#5798=ORIENTED_EDGE('',*,*,#8618,.F.);
#5799=ORIENTED_EDGE('',*,*,#8605,.F.);
#5800=ORIENTED_EDGE('',*,*,#8617,.T.);
#5801=ORIENTED_EDGE('',*,*,#8574,.T.);
#5802=ORIENTED_EDGE('',*,*,#8616,.F.);
#5803=ORIENTED_EDGE('',*,*,#8606,.F.);
#5804=ORIENTED_EDGE('',*,*,#8618,.T.);
#5805=ORIENTED_EDGE('',*,*,#8572,.T.);
#5806=ORIENTED_EDGE('',*,*,#8602,.F.);
#5807=ORIENTED_EDGE('',*,*,#8571,.T.);
#5808=ORIENTED_EDGE('',*,*,#8601,.F.);
#5809=ORIENTED_EDGE('',*,*,#8570,.T.);
#5810=ORIENTED_EDGE('',*,*,#8600,.F.);
#5811=ORIENTED_EDGE('',*,*,#8569,.T.);
#5812=ORIENTED_EDGE('',*,*,#8599,.F.);
#5813=ORIENTED_EDGE('',*,*,#8568,.T.);
#5814=ORIENTED_EDGE('',*,*,#8598,.F.);
#5815=ORIENTED_EDGE('',*,*,#8567,.T.);
#5816=ORIENTED_EDGE('',*,*,#8597,.F.);
#5817=ORIENTED_EDGE('',*,*,#8566,.T.);
#5818=ORIENTED_EDGE('',*,*,#8596,.F.);
#5819=ORIENTED_EDGE('',*,*,#8619,.F.);
#5820=ORIENTED_EDGE('',*,*,#8620,.F.);
#5821=ORIENTED_EDGE('',*,*,#8609,.T.);
#5822=ORIENTED_EDGE('',*,*,#8621,.T.);
#5823=ORIENTED_EDGE('',*,*,#8622,.F.);
#5824=ORIENTED_EDGE('',*,*,#8623,.F.);
#5825=ORIENTED_EDGE('',*,*,#8613,.T.);
#5826=ORIENTED_EDGE('',*,*,#8624,.T.);
#5827=ORIENTED_EDGE('',*,*,#8565,.F.);
#5828=ORIENTED_EDGE('',*,*,#8625,.F.);
#5829=ORIENTED_EDGE('',*,*,#8622,.T.);
#5830=ORIENTED_EDGE('',*,*,#8626,.T.);
#5831=ORIENTED_EDGE('',*,*,#8627,.T.);
#5832=ORIENTED_EDGE('',*,*,#8628,.T.);
#5833=ORIENTED_EDGE('',*,*,#8627,.F.);
#5834=ORIENTED_EDGE('',*,*,#8629,.T.);
#5835=ORIENTED_EDGE('',*,*,#8607,.F.);
#5836=ORIENTED_EDGE('',*,*,#8630,.F.);
#5837=ORIENTED_EDGE('',*,*,#8626,.F.);
#5838=ORIENTED_EDGE('',*,*,#8621,.F.);
#5839=ORIENTED_EDGE('',*,*,#8608,.F.);
#5840=ORIENTED_EDGE('',*,*,#8629,.F.);
#5841=ORIENTED_EDGE('',*,*,#8628,.F.);
#5842=ORIENTED_EDGE('',*,*,#8630,.T.);
#5843=ORIENTED_EDGE('',*,*,#8614,.F.);
#5844=ORIENTED_EDGE('',*,*,#8623,.T.);
#5845=ORIENTED_EDGE('',*,*,#8631,.T.);
#5846=ORIENTED_EDGE('',*,*,#8619,.T.);
#5847=ORIENTED_EDGE('',*,*,#8632,.T.);
#5848=ORIENTED_EDGE('',*,*,#8633,.T.);
#5849=ORIENTED_EDGE('',*,*,#8634,.T.);
#5850=ORIENTED_EDGE('',*,*,#8633,.F.);
#5851=ORIENTED_EDGE('',*,*,#8635,.T.);
#5852=ORIENTED_EDGE('',*,*,#8611,.F.);
#5853=ORIENTED_EDGE('',*,*,#8636,.F.);
#5854=ORIENTED_EDGE('',*,*,#8632,.F.);
#5855=ORIENTED_EDGE('',*,*,#8624,.F.);
#5856=ORIENTED_EDGE('',*,*,#8612,.F.);
#5857=ORIENTED_EDGE('',*,*,#8635,.F.);
#5858=ORIENTED_EDGE('',*,*,#8634,.F.);
#5859=ORIENTED_EDGE('',*,*,#8636,.T.);
#5860=ORIENTED_EDGE('',*,*,#8610,.F.);
#5861=ORIENTED_EDGE('',*,*,#8620,.T.);
#5862=ORIENTED_EDGE('',*,*,#8577,.T.);
#5863=ORIENTED_EDGE('',*,*,#8631,.F.);
#5864=ORIENTED_EDGE('',*,*,#8564,.F.);
#5865=ORIENTED_EDGE('',*,*,#8625,.T.);
#5866=ORIENTED_EDGE('',*,*,#8595,.T.);
#5867=ORIENTED_EDGE('',*,*,#8563,.F.);
#5868=ORIENTED_EDGE('',*,*,#8594,.T.);
#5869=ORIENTED_EDGE('',*,*,#8562,.F.);
#5870=ORIENTED_EDGE('',*,*,#8593,.T.);
#5871=ORIENTED_EDGE('',*,*,#8561,.F.);
#5872=ORIENTED_EDGE('',*,*,#8592,.T.);
#5873=ORIENTED_EDGE('',*,*,#8560,.F.);
#5874=ORIENTED_EDGE('',*,*,#8591,.T.);
#5875=ORIENTED_EDGE('',*,*,#8559,.F.);
#5876=ORIENTED_EDGE('',*,*,#8590,.T.);
#5877=ORIENTED_EDGE('',*,*,#8558,.F.);
#5878=ORIENTED_EDGE('',*,*,#8589,.T.);
#5879=ORIENTED_EDGE('',*,*,#8557,.F.);
#5880=ORIENTED_EDGE('',*,*,#8588,.T.);
#5881=ORIENTED_EDGE('',*,*,#8556,.F.);
#5882=ORIENTED_EDGE('',*,*,#8587,.T.);
#5883=ORIENTED_EDGE('',*,*,#8555,.F.);
#5884=ORIENTED_EDGE('',*,*,#8586,.T.);
#5885=ORIENTED_EDGE('',*,*,#8554,.F.);
#5886=ORIENTED_EDGE('',*,*,#8553,.F.);
#5887=ORIENTED_EDGE('',*,*,#8585,.T.);
#5888=ORIENTED_EDGE('',*,*,#8552,.F.);
#5889=ORIENTED_EDGE('',*,*,#8584,.T.);
#5890=ORIENTED_EDGE('',*,*,#8551,.F.);
#5891=ORIENTED_EDGE('',*,*,#8583,.T.);
#5892=ORIENTED_EDGE('',*,*,#8550,.F.);
#5893=ORIENTED_EDGE('',*,*,#8582,.T.);
#5894=ORIENTED_EDGE('',*,*,#8549,.F.);
#5895=ORIENTED_EDGE('',*,*,#8581,.T.);
#5896=ORIENTED_EDGE('',*,*,#8548,.F.);
#5897=ORIENTED_EDGE('',*,*,#8580,.T.);
#5898=ORIENTED_EDGE('',*,*,#8547,.F.);
#5899=ORIENTED_EDGE('',*,*,#8579,.T.);
#5900=ORIENTED_EDGE('',*,*,#8546,.F.);
#5901=ORIENTED_EDGE('',*,*,#8578,.T.);
#5902=ORIENTED_EDGE('',*,*,#8637,.T.);
#5903=ORIENTED_EDGE('',*,*,#8638,.T.);
#5904=ORIENTED_EDGE('',*,*,#8639,.T.);
#5905=ORIENTED_EDGE('',*,*,#8640,.T.);
#5906=ORIENTED_EDGE('',*,*,#8641,.F.);
#5907=ORIENTED_EDGE('',*,*,#8642,.F.);
#5908=ORIENTED_EDGE('',*,*,#8643,.F.);
#5909=ORIENTED_EDGE('',*,*,#8644,.F.);
#5910=ORIENTED_EDGE('',*,*,#8645,.F.);
#5911=ORIENTED_EDGE('',*,*,#8646,.F.);
#5912=ORIENTED_EDGE('',*,*,#8647,.F.);
#5913=ORIENTED_EDGE('',*,*,#8648,.F.);
#5914=ORIENTED_EDGE('',*,*,#8649,.T.);
#5915=ORIENTED_EDGE('',*,*,#8650,.F.);
#5916=ORIENTED_EDGE('',*,*,#8651,.T.);
#5917=ORIENTED_EDGE('',*,*,#8652,.T.);
#5918=ORIENTED_EDGE('',*,*,#8653,.T.);
#5919=ORIENTED_EDGE('',*,*,#8654,.T.);
#5920=ORIENTED_EDGE('',*,*,#8655,.T.);
#5921=ORIENTED_EDGE('',*,*,#8656,.T.);
#5922=ORIENTED_EDGE('',*,*,#8657,.T.);
#5923=ORIENTED_EDGE('',*,*,#8658,.F.);
#5924=ORIENTED_EDGE('',*,*,#8659,.F.);
#5925=ORIENTED_EDGE('',*,*,#8660,.T.);
#5926=ORIENTED_EDGE('',*,*,#8661,.F.);
#5927=ORIENTED_EDGE('',*,*,#8662,.F.);
#5928=ORIENTED_EDGE('',*,*,#8663,.F.);
#5929=ORIENTED_EDGE('',*,*,#8664,.F.);
#5930=ORIENTED_EDGE('',*,*,#8665,.T.);
#5931=ORIENTED_EDGE('',*,*,#8666,.T.);
#5932=ORIENTED_EDGE('',*,*,#8667,.T.);
#5933=ORIENTED_EDGE('',*,*,#8668,.T.);
#5934=ORIENTED_EDGE('',*,*,#8669,.T.);
#5935=ORIENTED_EDGE('',*,*,#8670,.T.);
#5936=ORIENTED_EDGE('',*,*,#8671,.T.);
#5937=ORIENTED_EDGE('',*,*,#8672,.T.);
#5938=ORIENTED_EDGE('',*,*,#8673,.F.);
#5939=ORIENTED_EDGE('',*,*,#8674,.F.);
#5940=ORIENTED_EDGE('',*,*,#8675,.F.);
#5941=ORIENTED_EDGE('',*,*,#8676,.F.);
#5942=ORIENTED_EDGE('',*,*,#8677,.F.);
#5943=ORIENTED_EDGE('',*,*,#8678,.F.);
#5944=ORIENTED_EDGE('',*,*,#8679,.T.);
#5945=ORIENTED_EDGE('',*,*,#8680,.T.);
#5946=ORIENTED_EDGE('',*,*,#8681,.F.);
#5947=ORIENTED_EDGE('',*,*,#8682,.T.);
#5948=ORIENTED_EDGE('',*,*,#8683,.T.);
#5949=ORIENTED_EDGE('',*,*,#8684,.T.);
#5950=ORIENTED_EDGE('',*,*,#8685,.F.);
#5951=ORIENTED_EDGE('',*,*,#8686,.T.);
#5952=ORIENTED_EDGE('',*,*,#8687,.F.);
#5953=ORIENTED_EDGE('',*,*,#8688,.T.);
#5954=ORIENTED_EDGE('',*,*,#8689,.F.);
#5955=ORIENTED_EDGE('',*,*,#8690,.F.);
#5956=ORIENTED_EDGE('',*,*,#8691,.F.);
#5957=ORIENTED_EDGE('',*,*,#8692,.T.);
#5958=ORIENTED_EDGE('',*,*,#8693,.F.);
#5959=ORIENTED_EDGE('',*,*,#8694,.F.);
#5960=ORIENTED_EDGE('',*,*,#8658,.T.);
#5961=ORIENTED_EDGE('',*,*,#8695,.T.);
#5962=ORIENTED_EDGE('',*,*,#8696,.T.);
#5963=ORIENTED_EDGE('',*,*,#8692,.F.);
#5964=ORIENTED_EDGE('',*,*,#8697,.F.);
#5965=ORIENTED_EDGE('',*,*,#8698,.T.);
#5966=ORIENTED_EDGE('',*,*,#8699,.T.);
#5967=ORIENTED_EDGE('',*,*,#8688,.F.);
#5968=ORIENTED_EDGE('',*,*,#8700,.F.);
#5969=ORIENTED_EDGE('',*,*,#8675,.T.);
#5970=ORIENTED_EDGE('',*,*,#8701,.F.);
#5971=ORIENTED_EDGE('',*,*,#8654,.F.);
#5972=ORIENTED_EDGE('',*,*,#8702,.T.);
#5973=ORIENTED_EDGE('',*,*,#8678,.T.);
#5974=ORIENTED_EDGE('',*,*,#8703,.F.);
#5975=ORIENTED_EDGE('',*,*,#8655,.F.);
#5976=ORIENTED_EDGE('',*,*,#8701,.T.);
#5977=ORIENTED_EDGE('',*,*,#8677,.T.);
#5978=ORIENTED_EDGE('',*,*,#8704,.F.);
#5979=ORIENTED_EDGE('',*,*,#8656,.F.);
#5980=ORIENTED_EDGE('',*,*,#8703,.T.);
#5981=ORIENTED_EDGE('',*,*,#8676,.T.);
#5982=ORIENTED_EDGE('',*,*,#8702,.F.);
#5983=ORIENTED_EDGE('',*,*,#8657,.F.);
#5984=ORIENTED_EDGE('',*,*,#8704,.T.);
#5985=ORIENTED_EDGE('',*,*,#8674,.T.);
#5986=ORIENTED_EDGE('',*,*,#8653,.F.);
#5987=ORIENTED_EDGE('',*,*,#8673,.T.);
#5988=ORIENTED_EDGE('',*,*,#8652,.F.);
#5989=ORIENTED_EDGE('',*,*,#8705,.F.);
#5990=ORIENTED_EDGE('',*,*,#8706,.T.);
#5991=ORIENTED_EDGE('',*,*,#8685,.T.);
#5992=ORIENTED_EDGE('',*,*,#8707,.F.);
#5993=ORIENTED_EDGE('',*,*,#8708,.F.);
#5994=ORIENTED_EDGE('',*,*,#8709,.T.);
#5995=ORIENTED_EDGE('',*,*,#8681,.T.);
#5996=ORIENTED_EDGE('',*,*,#8710,.F.);
#5997=ORIENTED_EDGE('',*,*,#8651,.F.);
#5998=ORIENTED_EDGE('',*,*,#8711,.T.);
#5999=ORIENTED_EDGE('',*,*,#8712,.T.);
#6000=ORIENTED_EDGE('',*,*,#8713,.T.);
#6001=ORIENTED_EDGE('',*,*,#8714,.T.);
#6002=ORIENTED_EDGE('',*,*,#8705,.T.);
#6003=ORIENTED_EDGE('',*,*,#8679,.F.);
#6004=ORIENTED_EDGE('',*,*,#8715,.T.);
#6005=ORIENTED_EDGE('',*,*,#8713,.F.);
#6006=ORIENTED_EDGE('',*,*,#8716,.F.);
#6007=ORIENTED_EDGE('',*,*,#8686,.F.);
#6008=ORIENTED_EDGE('',*,*,#8706,.F.);
#6009=ORIENTED_EDGE('',*,*,#8714,.F.);
#6010=ORIENTED_EDGE('',*,*,#8715,.F.);
#6011=ORIENTED_EDGE('',*,*,#8680,.F.);
#6012=ORIENTED_EDGE('',*,*,#8716,.T.);
#6013=ORIENTED_EDGE('',*,*,#8712,.F.);
#6014=ORIENTED_EDGE('',*,*,#8710,.T.);
#6015=ORIENTED_EDGE('',*,*,#8717,.F.);
#6016=ORIENTED_EDGE('',*,*,#8718,.T.);
#6017=ORIENTED_EDGE('',*,*,#8719,.T.);
#6018=ORIENTED_EDGE('',*,*,#8720,.T.);
#6019=ORIENTED_EDGE('',*,*,#8708,.T.);
#6020=ORIENTED_EDGE('',*,*,#8682,.F.);
#6021=ORIENTED_EDGE('',*,*,#8709,.F.);
#6022=ORIENTED_EDGE('',*,*,#8720,.F.);
#6023=ORIENTED_EDGE('',*,*,#8721,.F.);
#6024=ORIENTED_EDGE('',*,*,#8683,.F.);
#6025=ORIENTED_EDGE('',*,*,#8721,.T.);
#6026=ORIENTED_EDGE('',*,*,#8719,.F.);
#6027=ORIENTED_EDGE('',*,*,#8722,.F.);
#6028=ORIENTED_EDGE('',*,*,#8684,.F.);
#6029=ORIENTED_EDGE('',*,*,#8722,.T.);
#6030=ORIENTED_EDGE('',*,*,#8718,.F.);
#6031=ORIENTED_EDGE('',*,*,#8707,.T.);
#6032=ORIENTED_EDGE('',*,*,#8650,.T.);
#6033=ORIENTED_EDGE('',*,*,#8717,.T.);
#6034=ORIENTED_EDGE('',*,*,#8649,.F.);
#6035=ORIENTED_EDGE('',*,*,#8711,.F.);
#6036=ORIENTED_EDGE('',*,*,#8723,.T.);
#6037=ORIENTED_EDGE('',*,*,#8724,.F.);
#6038=ORIENTED_EDGE('',*,*,#8725,.F.);
#6039=ORIENTED_EDGE('',*,*,#8726,.F.);
#6040=ORIENTED_EDGE('',*,*,#8695,.F.);
#6041=ORIENTED_EDGE('',*,*,#8694,.T.);
#6042=ORIENTED_EDGE('',*,*,#8727,.T.);
#6043=ORIENTED_EDGE('',*,*,#8725,.T.);
#6044=ORIENTED_EDGE('',*,*,#8728,.F.);
#6045=ORIENTED_EDGE('',*,*,#8693,.T.);
#6046=ORIENTED_EDGE('',*,*,#8696,.F.);
#6047=ORIENTED_EDGE('',*,*,#8726,.T.);
#6048=ORIENTED_EDGE('',*,*,#8727,.F.);
#6049=ORIENTED_EDGE('',*,*,#8687,.T.);
#6050=ORIENTED_EDGE('',*,*,#8728,.T.);
#6051=ORIENTED_EDGE('',*,*,#8724,.T.);
#6052=ORIENTED_EDGE('',*,*,#8700,.T.);
#6053=ORIENTED_EDGE('',*,*,#8729,.F.);
#6054=ORIENTED_EDGE('',*,*,#8730,.F.);
#6055=ORIENTED_EDGE('',*,*,#8731,.F.);
#6056=ORIENTED_EDGE('',*,*,#8732,.F.);
#6057=ORIENTED_EDGE('',*,*,#8698,.F.);
#6058=ORIENTED_EDGE('',*,*,#8689,.T.);
#6059=ORIENTED_EDGE('',*,*,#8699,.F.);
#6060=ORIENTED_EDGE('',*,*,#8732,.T.);
#6061=ORIENTED_EDGE('',*,*,#8733,.F.);
#6062=ORIENTED_EDGE('',*,*,#8691,.T.);
#6063=ORIENTED_EDGE('',*,*,#8734,.T.);
#6064=ORIENTED_EDGE('',*,*,#8730,.T.);
#6065=ORIENTED_EDGE('',*,*,#8697,.T.);
#6066=ORIENTED_EDGE('',*,*,#8690,.T.);
#6067=ORIENTED_EDGE('',*,*,#8733,.T.);
#6068=ORIENTED_EDGE('',*,*,#8731,.T.);
#6069=ORIENTED_EDGE('',*,*,#8734,.F.);
#6070=ORIENTED_EDGE('',*,*,#8729,.T.);
#6071=ORIENTED_EDGE('',*,*,#8660,.F.);
#6072=ORIENTED_EDGE('',*,*,#8723,.F.);
#6073=ORIENTED_EDGE('',*,*,#8659,.T.);
#6074=ORIENTED_EDGE('',*,*,#8648,.T.);
#6075=ORIENTED_EDGE('',*,*,#8672,.F.);
#6076=ORIENTED_EDGE('',*,*,#8735,.F.);
#6077=ORIENTED_EDGE('',*,*,#8671,.F.);
#6078=ORIENTED_EDGE('',*,*,#8736,.F.);
#6079=ORIENTED_EDGE('',*,*,#8735,.T.);
#6080=ORIENTED_EDGE('',*,*,#8647,.T.);
#6081=ORIENTED_EDGE('',*,*,#8736,.T.);
#6082=ORIENTED_EDGE('',*,*,#8646,.T.);
#6083=ORIENTED_EDGE('',*,*,#8670,.F.);
#6084=ORIENTED_EDGE('',*,*,#8645,.T.);
#6085=ORIENTED_EDGE('',*,*,#8669,.F.);
#6086=ORIENTED_EDGE('',*,*,#8644,.T.);
#6087=ORIENTED_EDGE('',*,*,#8668,.F.);
#6088=ORIENTED_EDGE('',*,*,#8643,.T.);
#6089=ORIENTED_EDGE('',*,*,#8667,.F.);
#6090=ORIENTED_EDGE('',*,*,#8642,.T.);
#6091=ORIENTED_EDGE('',*,*,#8666,.F.);
#6092=ORIENTED_EDGE('',*,*,#8641,.T.);
#6093=ORIENTED_EDGE('',*,*,#8665,.F.);
#6094=ORIENTED_EDGE('',*,*,#8640,.F.);
#6095=ORIENTED_EDGE('',*,*,#8664,.T.);
#6096=ORIENTED_EDGE('',*,*,#8639,.F.);
#6097=ORIENTED_EDGE('',*,*,#8663,.T.);
#6098=ORIENTED_EDGE('',*,*,#8638,.F.);
#6099=ORIENTED_EDGE('',*,*,#8662,.T.);
#6100=ORIENTED_EDGE('',*,*,#8637,.F.);
#6101=ORIENTED_EDGE('',*,*,#8661,.T.);
#6102=ORIENTED_EDGE('',*,*,#8737,.F.);
#6103=ORIENTED_EDGE('',*,*,#8738,.F.);
#6104=ORIENTED_EDGE('',*,*,#8739,.T.);
#6105=ORIENTED_EDGE('',*,*,#8740,.T.);
#6106=ORIENTED_EDGE('',*,*,#8741,.F.);
#6107=ORIENTED_EDGE('',*,*,#8740,.F.);
#6108=ORIENTED_EDGE('',*,*,#8742,.T.);
#6109=ORIENTED_EDGE('',*,*,#8743,.T.);
#6110=ORIENTED_EDGE('',*,*,#8744,.F.);
#6111=ORIENTED_EDGE('',*,*,#8743,.F.);
#6112=ORIENTED_EDGE('',*,*,#8745,.T.);
#6113=ORIENTED_EDGE('',*,*,#8746,.T.);
#6114=ORIENTED_EDGE('',*,*,#8747,.F.);
#6115=ORIENTED_EDGE('',*,*,#8746,.F.);
#6116=ORIENTED_EDGE('',*,*,#8748,.T.);
#6117=ORIENTED_EDGE('',*,*,#8738,.T.);
#6118=ORIENTED_EDGE('',*,*,#8739,.F.);
#6119=ORIENTED_EDGE('',*,*,#8748,.F.);
#6120=ORIENTED_EDGE('',*,*,#8745,.F.);
#6121=ORIENTED_EDGE('',*,*,#8742,.F.);
#6122=ORIENTED_EDGE('',*,*,#8737,.T.);
#6123=ORIENTED_EDGE('',*,*,#8741,.T.);
#6124=ORIENTED_EDGE('',*,*,#8744,.T.);
#6125=ORIENTED_EDGE('',*,*,#8747,.T.);
#6126=ORIENTED_EDGE('',*,*,#8749,.F.);
#6127=ORIENTED_EDGE('',*,*,#8750,.F.);
#6128=ORIENTED_EDGE('',*,*,#8751,.F.);
#6129=ORIENTED_EDGE('',*,*,#8752,.F.);
#6130=ORIENTED_EDGE('',*,*,#8753,.F.);
#6131=ORIENTED_EDGE('',*,*,#8754,.T.);
#6132=ORIENTED_EDGE('',*,*,#8755,.F.);
#6133=ORIENTED_EDGE('',*,*,#8756,.F.);
#6134=ORIENTED_EDGE('',*,*,#8757,.T.);
#6135=ORIENTED_EDGE('',*,*,#8750,.T.);
#6136=ORIENTED_EDGE('',*,*,#8758,.F.);
#6137=ORIENTED_EDGE('',*,*,#8759,.F.);
#6138=ORIENTED_EDGE('',*,*,#8760,.T.);
#6139=ORIENTED_EDGE('',*,*,#8753,.T.);
#6140=ORIENTED_EDGE('',*,*,#8761,.F.);
#6141=ORIENTED_EDGE('',*,*,#8762,.F.);
#6142=ORIENTED_EDGE('',*,*,#8758,.T.);
#6143=ORIENTED_EDGE('',*,*,#8752,.T.);
#6144=ORIENTED_EDGE('',*,*,#8763,.F.);
#6145=ORIENTED_EDGE('',*,*,#8764,.F.);
#6146=ORIENTED_EDGE('',*,*,#8761,.T.);
#6147=ORIENTED_EDGE('',*,*,#8763,.T.);
#6148=ORIENTED_EDGE('',*,*,#8751,.T.);
#6149=ORIENTED_EDGE('',*,*,#8760,.F.);
#6150=ORIENTED_EDGE('',*,*,#8765,.F.);
#6151=ORIENTED_EDGE('',*,*,#8755,.T.);
#6152=ORIENTED_EDGE('',*,*,#8766,.T.);
#6153=ORIENTED_EDGE('',*,*,#8767,.F.);
#6154=ORIENTED_EDGE('',*,*,#8768,.F.);
#6155=ORIENTED_EDGE('',*,*,#8769,.F.);
#6156=ORIENTED_EDGE('',*,*,#8770,.T.);
#6157=ORIENTED_EDGE('',*,*,#8771,.F.);
#6158=ORIENTED_EDGE('',*,*,#8772,.F.);
#6159=ORIENTED_EDGE('',*,*,#8767,.T.);
#6160=ORIENTED_EDGE('',*,*,#8773,.F.);
#6161=ORIENTED_EDGE('',*,*,#8749,.T.);
#6162=ORIENTED_EDGE('',*,*,#8774,.T.);
#6163=ORIENTED_EDGE('',*,*,#8757,.F.);
#6164=ORIENTED_EDGE('',*,*,#8775,.F.);
#6165=ORIENTED_EDGE('',*,*,#8771,.T.);
#6166=ORIENTED_EDGE('',*,*,#8776,.F.);
#6167=ORIENTED_EDGE('',*,*,#8777,.T.);
#6168=ORIENTED_EDGE('',*,*,#8778,.F.);
#6169=ORIENTED_EDGE('',*,*,#8764,.T.);
#6170=ORIENTED_EDGE('',*,*,#8768,.T.);
#6171=ORIENTED_EDGE('',*,*,#8772,.T.);
#6172=ORIENTED_EDGE('',*,*,#8775,.T.);
#6173=ORIENTED_EDGE('',*,*,#8756,.T.);
#6174=ORIENTED_EDGE('',*,*,#8765,.T.);
#6175=ORIENTED_EDGE('',*,*,#8759,.T.);
#6176=ORIENTED_EDGE('',*,*,#8762,.T.);
#6177=ORIENTED_EDGE('',*,*,#8773,.T.);
#6178=ORIENTED_EDGE('',*,*,#8776,.T.);
#6179=ORIENTED_EDGE('',*,*,#8770,.F.);
#6180=ORIENTED_EDGE('',*,*,#8766,.F.);
#6181=ORIENTED_EDGE('',*,*,#8754,.F.);
#6182=ORIENTED_EDGE('',*,*,#8774,.F.);
#6183=ORIENTED_EDGE('',*,*,#8777,.F.);
#6184=ORIENTED_EDGE('',*,*,#8779,.T.);
#6185=ORIENTED_EDGE('',*,*,#8769,.T.);
#6186=ORIENTED_EDGE('',*,*,#8780,.T.);
#6187=ORIENTED_EDGE('',*,*,#8779,.F.);
#6188=ORIENTED_EDGE('',*,*,#8781,.T.);
#6189=ORIENTED_EDGE('',*,*,#8780,.F.);
#6190=ORIENTED_EDGE('',*,*,#8781,.F.);
#6191=ORIENTED_EDGE('',*,*,#8778,.T.);
#6192=ORIENTED_EDGE('',*,*,#8782,.F.);
#6193=ORIENTED_EDGE('',*,*,#8783,.T.);
#6194=ORIENTED_EDGE('',*,*,#8782,.T.);
#6195=ORIENTED_EDGE('',*,*,#8783,.F.);
#6196=ORIENTED_EDGE('',*,*,#8784,.F.);
#6197=ORIENTED_EDGE('',*,*,#8785,.F.);
#6198=ORIENTED_EDGE('',*,*,#8786,.T.);
#6199=ORIENTED_EDGE('',*,*,#8787,.T.);
#6200=ORIENTED_EDGE('',*,*,#8788,.F.);
#6201=ORIENTED_EDGE('',*,*,#8789,.F.);
#6202=ORIENTED_EDGE('',*,*,#8790,.T.);
#6203=ORIENTED_EDGE('',*,*,#8785,.T.);
#6204=ORIENTED_EDGE('',*,*,#8791,.F.);
#6205=ORIENTED_EDGE('',*,*,#8792,.F.);
#6206=ORIENTED_EDGE('',*,*,#8793,.T.);
#6207=ORIENTED_EDGE('',*,*,#8789,.T.);
#6208=ORIENTED_EDGE('',*,*,#8794,.T.);
#6209=ORIENTED_EDGE('',*,*,#8795,.F.);
#6210=ORIENTED_EDGE('',*,*,#8796,.F.);
#6211=ORIENTED_EDGE('',*,*,#8797,.T.);
#6212=ORIENTED_EDGE('',*,*,#8798,.T.);
#6213=ORIENTED_EDGE('',*,*,#8799,.F.);
#6214=ORIENTED_EDGE('',*,*,#8800,.F.);
#6215=ORIENTED_EDGE('',*,*,#8795,.T.);
#6216=ORIENTED_EDGE('',*,*,#8801,.T.);
#6217=ORIENTED_EDGE('',*,*,#8802,.F.);
#6218=ORIENTED_EDGE('',*,*,#8803,.F.);
#6219=ORIENTED_EDGE('',*,*,#8799,.T.);
#6220=ORIENTED_EDGE('',*,*,#8804,.T.);
#6221=ORIENTED_EDGE('',*,*,#8797,.F.);
#6222=ORIENTED_EDGE('',*,*,#8805,.F.);
#6223=ORIENTED_EDGE('',*,*,#8802,.T.);
#6224=ORIENTED_EDGE('',*,*,#8806,.F.);
#6225=ORIENTED_EDGE('',*,*,#8787,.F.);
#6226=ORIENTED_EDGE('',*,*,#8807,.T.);
#6227=ORIENTED_EDGE('',*,*,#8792,.T.);
#6228=ORIENTED_EDGE('',*,*,#8796,.T.);
#6229=ORIENTED_EDGE('',*,*,#8800,.T.);
#6230=ORIENTED_EDGE('',*,*,#8803,.T.);
#6231=ORIENTED_EDGE('',*,*,#8805,.T.);
#6232=ORIENTED_EDGE('',*,*,#8786,.F.);
#6233=ORIENTED_EDGE('',*,*,#8790,.F.);
#6234=ORIENTED_EDGE('',*,*,#8793,.F.);
#6235=ORIENTED_EDGE('',*,*,#8807,.F.);
#6236=ORIENTED_EDGE('',*,*,#8794,.F.);
#6237=ORIENTED_EDGE('',*,*,#8804,.F.);
#6238=ORIENTED_EDGE('',*,*,#8801,.F.);
#6239=ORIENTED_EDGE('',*,*,#8798,.F.);
#6240=ORIENTED_EDGE('',*,*,#8784,.T.);
#6241=ORIENTED_EDGE('',*,*,#8806,.T.);
#6242=ORIENTED_EDGE('',*,*,#8791,.T.);
#6243=ORIENTED_EDGE('',*,*,#8788,.T.);
#6244=ORIENTED_EDGE('',*,*,#8808,.F.);
#6245=ORIENTED_EDGE('',*,*,#8809,.F.);
#6246=ORIENTED_EDGE('',*,*,#8808,.T.);
#6247=ORIENTED_EDGE('',*,*,#8810,.T.);
#6248=ORIENTED_EDGE('',*,*,#8811,.F.);
#6249=ORIENTED_EDGE('',*,*,#8809,.T.);
#6250=ORIENTED_EDGE('',*,*,#8810,.F.);
#6251=ORIENTED_EDGE('',*,*,#8812,.F.);
#6252=ORIENTED_EDGE('',*,*,#8811,.T.);
#6253=ORIENTED_EDGE('',*,*,#8813,.F.);
#6254=ORIENTED_EDGE('',*,*,#8812,.T.);
#6255=ORIENTED_EDGE('',*,*,#8813,.T.);
#6256=ORIENTED_EDGE('',*,*,#8814,.F.);
#6257=ORIENTED_EDGE('',*,*,#8815,.F.);
#6258=ORIENTED_EDGE('',*,*,#8814,.T.);
#6259=ORIENTED_EDGE('',*,*,#8816,.T.);
#6260=ORIENTED_EDGE('',*,*,#8817,.F.);
#6261=ORIENTED_EDGE('',*,*,#8815,.T.);
#6262=ORIENTED_EDGE('',*,*,#8816,.F.);
#6263=ORIENTED_EDGE('',*,*,#8818,.F.);
#6264=ORIENTED_EDGE('',*,*,#8817,.T.);
#6265=ORIENTED_EDGE('',*,*,#8819,.F.);
#6266=ORIENTED_EDGE('',*,*,#8818,.T.);
#6267=ORIENTED_EDGE('',*,*,#8819,.T.);
#6268=ORIENTED_EDGE('',*,*,#8820,.T.);
#6269=ORIENTED_EDGE('',*,*,#8821,.T.);
#6270=ORIENTED_EDGE('',*,*,#8822,.T.);
#6271=ORIENTED_EDGE('',*,*,#8823,.T.);
#6272=ORIENTED_EDGE('',*,*,#8824,.T.);
#6273=ORIENTED_EDGE('',*,*,#8825,.T.);
#6274=ORIENTED_EDGE('',*,*,#8826,.T.);
#6275=ORIENTED_EDGE('',*,*,#8827,.T.);
#6276=ORIENTED_EDGE('',*,*,#8828,.F.);
#6277=ORIENTED_EDGE('',*,*,#8829,.F.);
#6278=ORIENTED_EDGE('',*,*,#8822,.F.);
#6279=ORIENTED_EDGE('',*,*,#8830,.F.);
#6280=ORIENTED_EDGE('',*,*,#8831,.F.);
#6281=ORIENTED_EDGE('',*,*,#8832,.T.);
#6282=ORIENTED_EDGE('',*,*,#8833,.T.);
#6283=ORIENTED_EDGE('',*,*,#8834,.T.);
#6284=ORIENTED_EDGE('',*,*,#8835,.F.);
#6285=ORIENTED_EDGE('',*,*,#8836,.T.);
#6286=ORIENTED_EDGE('',*,*,#8837,.F.);
#6287=ORIENTED_EDGE('',*,*,#8838,.F.);
#6288=ORIENTED_EDGE('',*,*,#8839,.F.);
#6289=ORIENTED_EDGE('',*,*,#8840,.F.);
#6290=ORIENTED_EDGE('',*,*,#8841,.T.);
#6291=ORIENTED_EDGE('',*,*,#8842,.T.);
#6292=ORIENTED_EDGE('',*,*,#8843,.T.);
#6293=ORIENTED_EDGE('',*,*,#8844,.T.);
#6294=ORIENTED_EDGE('',*,*,#8845,.T.);
#6295=ORIENTED_EDGE('',*,*,#8846,.F.);
#6296=ORIENTED_EDGE('',*,*,#8847,.F.);
#6297=ORIENTED_EDGE('',*,*,#8848,.T.);
#6298=ORIENTED_EDGE('',*,*,#8826,.F.);
#6299=ORIENTED_EDGE('',*,*,#8849,.F.);
#6300=ORIENTED_EDGE('',*,*,#8850,.F.);
#6301=ORIENTED_EDGE('',*,*,#8851,.F.);
#6302=ORIENTED_EDGE('',*,*,#8833,.F.);
#6303=ORIENTED_EDGE('',*,*,#8852,.F.);
#6304=ORIENTED_EDGE('',*,*,#8845,.F.);
#6305=ORIENTED_EDGE('',*,*,#8853,.T.);
#6306=ORIENTED_EDGE('',*,*,#8825,.F.);
#6307=ORIENTED_EDGE('',*,*,#8854,.F.);
#6308=ORIENTED_EDGE('',*,*,#8855,.F.);
#6309=ORIENTED_EDGE('',*,*,#8849,.T.);
#6310=ORIENTED_EDGE('',*,*,#8824,.F.);
#6311=ORIENTED_EDGE('',*,*,#8856,.F.);
#6312=ORIENTED_EDGE('',*,*,#8857,.F.);
#6313=ORIENTED_EDGE('',*,*,#8854,.T.);
#6314=ORIENTED_EDGE('',*,*,#8823,.F.);
#6315=ORIENTED_EDGE('',*,*,#8836,.F.);
#6316=ORIENTED_EDGE('',*,*,#8858,.F.);
#6317=ORIENTED_EDGE('',*,*,#8856,.T.);
#6318=ORIENTED_EDGE('',*,*,#8859,.F.);
#6319=ORIENTED_EDGE('',*,*,#8855,.T.);
#6320=ORIENTED_EDGE('',*,*,#8857,.T.);
#6321=ORIENTED_EDGE('',*,*,#8858,.T.);
#6322=ORIENTED_EDGE('',*,*,#8835,.T.);
#6323=ORIENTED_EDGE('',*,*,#8860,.F.);
#6324=ORIENTED_EDGE('',*,*,#8850,.T.);
#6325=ORIENTED_EDGE('',*,*,#8821,.F.);
#6326=ORIENTED_EDGE('',*,*,#8861,.F.);
#6327=ORIENTED_EDGE('',*,*,#8862,.F.);
#6328=ORIENTED_EDGE('',*,*,#8830,.T.);
#6329=ORIENTED_EDGE('',*,*,#8820,.F.);
#6330=ORIENTED_EDGE('',*,*,#8863,.F.);
#6331=ORIENTED_EDGE('',*,*,#8864,.F.);
#6332=ORIENTED_EDGE('',*,*,#8861,.T.);
#6333=ORIENTED_EDGE('',*,*,#8827,.F.);
#6334=ORIENTED_EDGE('',*,*,#8848,.F.);
#6335=ORIENTED_EDGE('',*,*,#8865,.F.);
#6336=ORIENTED_EDGE('',*,*,#8863,.T.);
#6337=ORIENTED_EDGE('',*,*,#8866,.F.);
#6338=ORIENTED_EDGE('',*,*,#8847,.T.);
#6339=ORIENTED_EDGE('',*,*,#8867,.T.);
#6340=ORIENTED_EDGE('',*,*,#8831,.T.);
#6341=ORIENTED_EDGE('',*,*,#8862,.T.);
#6342=ORIENTED_EDGE('',*,*,#8864,.T.);
#6343=ORIENTED_EDGE('',*,*,#8865,.T.);
#6344=ORIENTED_EDGE('',*,*,#8832,.F.);
#6345=ORIENTED_EDGE('',*,*,#8867,.F.);
#6346=ORIENTED_EDGE('',*,*,#8846,.T.);
#6347=ORIENTED_EDGE('',*,*,#8852,.T.);
#6348=ORIENTED_EDGE('',*,*,#8868,.T.);
#6349=ORIENTED_EDGE('',*,*,#8837,.T.);
#6350=ORIENTED_EDGE('',*,*,#8869,.T.);
#6351=ORIENTED_EDGE('',*,*,#8838,.T.);
#6352=ORIENTED_EDGE('',*,*,#8834,.F.);
#6353=ORIENTED_EDGE('',*,*,#8853,.F.);
#6354=ORIENTED_EDGE('',*,*,#8851,.T.);
#6355=ORIENTED_EDGE('',*,*,#8860,.T.);
#6356=ORIENTED_EDGE('',*,*,#8870,.T.);
#6357=ORIENTED_EDGE('',*,*,#8839,.T.);
#6358=ORIENTED_EDGE('',*,*,#8871,.T.);
#6359=ORIENTED_EDGE('',*,*,#8840,.T.);
#6360=ORIENTED_EDGE('',*,*,#8872,.T.);
#6361=ORIENTED_EDGE('',*,*,#8871,.F.);
#6362=ORIENTED_EDGE('',*,*,#8844,.F.);
#6363=ORIENTED_EDGE('',*,*,#8872,.F.);
#6364=ORIENTED_EDGE('',*,*,#8873,.T.);
#6365=ORIENTED_EDGE('',*,*,#8870,.F.);
#6366=ORIENTED_EDGE('',*,*,#8841,.F.);
#6367=ORIENTED_EDGE('',*,*,#8873,.F.);
#6368=ORIENTED_EDGE('',*,*,#8874,.T.);
#6369=ORIENTED_EDGE('',*,*,#8869,.F.);
#6370=ORIENTED_EDGE('',*,*,#8842,.F.);
#6371=ORIENTED_EDGE('',*,*,#8874,.F.);
#6372=ORIENTED_EDGE('',*,*,#8875,.T.);
#6373=ORIENTED_EDGE('',*,*,#8868,.F.);
#6374=ORIENTED_EDGE('',*,*,#8843,.F.);
#6375=ORIENTED_EDGE('',*,*,#8875,.F.);
#6376=ORIENTED_EDGE('',*,*,#8876,.T.);
#6377=ORIENTED_EDGE('',*,*,#8866,.T.);
#6378=ORIENTED_EDGE('',*,*,#8876,.F.);
#6379=ORIENTED_EDGE('',*,*,#8877,.T.);
#6380=ORIENTED_EDGE('',*,*,#8859,.T.);
#6381=ORIENTED_EDGE('',*,*,#8877,.F.);
#6382=ORIENTED_EDGE('',*,*,#8878,.T.);
#6383=ORIENTED_EDGE('',*,*,#8829,.T.);
#6384=ORIENTED_EDGE('',*,*,#8878,.F.);
#6385=ORIENTED_EDGE('',*,*,#8879,.T.);
#6386=ORIENTED_EDGE('',*,*,#8828,.T.);
#6387=ORIENTED_EDGE('',*,*,#8879,.F.);
#6388=ORIENTED_EDGE('',*,*,#8880,.F.);
#6389=ORIENTED_EDGE('',*,*,#8881,.T.);
#6390=ORIENTED_EDGE('',*,*,#8882,.T.);
#6391=ORIENTED_EDGE('',*,*,#8883,.F.);
#6392=ORIENTED_EDGE('',*,*,#8880,.T.);
#6393=ORIENTED_EDGE('',*,*,#8882,.F.);
#6394=ORIENTED_EDGE('',*,*,#8881,.F.);
#6395=ORIENTED_EDGE('',*,*,#8883,.T.);
#6396=ORIENTED_EDGE('',*,*,#8884,.F.);
#6397=ORIENTED_EDGE('',*,*,#8885,.F.);
#6398=ORIENTED_EDGE('',*,*,#8886,.F.);
#6399=ORIENTED_EDGE('',*,*,#8887,.F.);
#6400=ORIENTED_EDGE('',*,*,#8888,.F.);
#6401=ORIENTED_EDGE('',*,*,#8889,.F.);
#6402=ORIENTED_EDGE('',*,*,#8890,.F.);
#6403=ORIENTED_EDGE('',*,*,#8891,.F.);
#6404=ORIENTED_EDGE('',*,*,#8892,.F.);
#6405=ORIENTED_EDGE('',*,*,#8893,.F.);
#6406=ORIENTED_EDGE('',*,*,#8894,.F.);
#6407=ORIENTED_EDGE('',*,*,#8895,.F.);
#6408=ORIENTED_EDGE('',*,*,#8896,.F.);
#6409=ORIENTED_EDGE('',*,*,#8897,.F.);
#6410=ORIENTED_EDGE('',*,*,#8898,.F.);
#6411=ORIENTED_EDGE('',*,*,#8891,.T.);
#6412=ORIENTED_EDGE('',*,*,#8899,.F.);
#6413=ORIENTED_EDGE('',*,*,#8900,.F.);
#6414=ORIENTED_EDGE('',*,*,#8901,.T.);
#6415=ORIENTED_EDGE('',*,*,#8889,.T.);
#6416=ORIENTED_EDGE('',*,*,#8902,.T.);
#6417=ORIENTED_EDGE('',*,*,#8903,.F.);
#6418=ORIENTED_EDGE('',*,*,#8902,.F.);
#6419=ORIENTED_EDGE('',*,*,#8888,.T.);
#6420=ORIENTED_EDGE('',*,*,#8904,.T.);
#6421=ORIENTED_EDGE('',*,*,#8905,.T.);
#6422=ORIENTED_EDGE('',*,*,#8906,.F.);
#6423=ORIENTED_EDGE('',*,*,#8904,.F.);
#6424=ORIENTED_EDGE('',*,*,#8887,.T.);
#6425=ORIENTED_EDGE('',*,*,#8907,.T.);
#6426=ORIENTED_EDGE('',*,*,#8908,.F.);
#6427=ORIENTED_EDGE('',*,*,#8907,.F.);
#6428=ORIENTED_EDGE('',*,*,#8886,.T.);
#6429=ORIENTED_EDGE('',*,*,#8909,.T.);
#6430=ORIENTED_EDGE('',*,*,#8910,.T.);
#6431=ORIENTED_EDGE('',*,*,#8911,.T.);
#6432=ORIENTED_EDGE('',*,*,#8912,.F.);
#6433=ORIENTED_EDGE('',*,*,#8909,.F.);
#6434=ORIENTED_EDGE('',*,*,#8885,.T.);
#6435=ORIENTED_EDGE('',*,*,#8913,.F.);
#6436=ORIENTED_EDGE('',*,*,#8914,.F.);
#6437=ORIENTED_EDGE('',*,*,#8915,.T.);
#6438=ORIENTED_EDGE('',*,*,#8895,.T.);
#6439=ORIENTED_EDGE('',*,*,#8916,.T.);
#6440=ORIENTED_EDGE('',*,*,#8917,.F.);
#6441=ORIENTED_EDGE('',*,*,#8916,.F.);
#6442=ORIENTED_EDGE('',*,*,#8894,.T.);
#6443=ORIENTED_EDGE('',*,*,#8918,.T.);
#6444=ORIENTED_EDGE('',*,*,#8919,.T.);
#6445=ORIENTED_EDGE('',*,*,#8920,.F.);
#6446=ORIENTED_EDGE('',*,*,#8918,.F.);
#6447=ORIENTED_EDGE('',*,*,#8893,.T.);
#6448=ORIENTED_EDGE('',*,*,#8921,.T.);
#6449=ORIENTED_EDGE('',*,*,#8922,.F.);
#6450=ORIENTED_EDGE('',*,*,#8921,.F.);
#6451=ORIENTED_EDGE('',*,*,#8892,.T.);
#6452=ORIENTED_EDGE('',*,*,#8898,.T.);
#6453=ORIENTED_EDGE('',*,*,#8922,.T.);
#6454=ORIENTED_EDGE('',*,*,#8897,.T.);
#6455=ORIENTED_EDGE('',*,*,#8903,.T.);
#6456=ORIENTED_EDGE('',*,*,#8906,.T.);
#6457=ORIENTED_EDGE('',*,*,#8908,.T.);
#6458=ORIENTED_EDGE('',*,*,#8912,.T.);
#6459=ORIENTED_EDGE('',*,*,#8917,.T.);
#6460=ORIENTED_EDGE('',*,*,#8920,.T.);
#6461=ORIENTED_EDGE('',*,*,#8884,.T.);
#6462=ORIENTED_EDGE('',*,*,#8901,.F.);
#6463=ORIENTED_EDGE('',*,*,#8923,.F.);
#6464=ORIENTED_EDGE('',*,*,#8913,.T.);
#6465=ORIENTED_EDGE('',*,*,#8890,.T.);
#6466=ORIENTED_EDGE('',*,*,#8915,.F.);
#6467=ORIENTED_EDGE('',*,*,#8924,.F.);
#6468=ORIENTED_EDGE('',*,*,#8899,.T.);
#6469=ORIENTED_EDGE('',*,*,#8923,.T.);
#6470=ORIENTED_EDGE('',*,*,#8900,.T.);
#6471=ORIENTED_EDGE('',*,*,#8924,.T.);
#6472=ORIENTED_EDGE('',*,*,#8914,.T.);
#6473=ORIENTED_EDGE('',*,*,#8925,.F.);
#6474=ORIENTED_EDGE('',*,*,#8896,.T.);
#6475=ORIENTED_EDGE('',*,*,#8925,.T.);
#6476=ORIENTED_EDGE('',*,*,#8919,.F.);
#6477=ORIENTED_EDGE('',*,*,#8911,.F.);
#6478=ORIENTED_EDGE('',*,*,#8905,.F.);
#6479=ORIENTED_EDGE('',*,*,#8910,.F.);
#6480=ORIENTED_EDGE('',*,*,#8926,.T.);
#6481=ORIENTED_EDGE('',*,*,#8927,.F.);
#6482=ORIENTED_EDGE('',*,*,#8928,.F.);
#6483=ORIENTED_EDGE('',*,*,#8929,.T.);
#6484=ORIENTED_EDGE('',*,*,#8930,.T.);
#6485=ORIENTED_EDGE('',*,*,#8931,.F.);
#6486=ORIENTED_EDGE('',*,*,#8932,.F.);
#6487=ORIENTED_EDGE('',*,*,#8927,.T.);
#6488=ORIENTED_EDGE('',*,*,#8933,.T.);
#6489=ORIENTED_EDGE('',*,*,#8934,.F.);
#6490=ORIENTED_EDGE('',*,*,#8935,.F.);
#6491=ORIENTED_EDGE('',*,*,#8931,.T.);
#6492=ORIENTED_EDGE('',*,*,#8936,.T.);
#6493=ORIENTED_EDGE('',*,*,#8937,.T.);
#6494=ORIENTED_EDGE('',*,*,#8929,.F.);
#6495=ORIENTED_EDGE('',*,*,#8938,.F.);
#6496=ORIENTED_EDGE('',*,*,#8934,.T.);
#6497=ORIENTED_EDGE('',*,*,#8928,.T.);
#6498=ORIENTED_EDGE('',*,*,#8932,.T.);
#6499=ORIENTED_EDGE('',*,*,#8935,.T.);
#6500=ORIENTED_EDGE('',*,*,#8938,.T.);
#6501=ORIENTED_EDGE('',*,*,#8926,.F.);
#6502=ORIENTED_EDGE('',*,*,#8937,.F.);
#6503=ORIENTED_EDGE('',*,*,#8933,.F.);
#6504=ORIENTED_EDGE('',*,*,#8930,.F.);
#6505=ORIENTED_EDGE('',*,*,#8939,.T.);
#6506=ORIENTED_EDGE('',*,*,#8936,.F.);
#6507=ORIENTED_EDGE('',*,*,#8939,.F.);
#6508=ORIENTED_EDGE('',*,*,#8940,.F.);
#6509=ORIENTED_EDGE('',*,*,#8941,.T.);
#6510=ORIENTED_EDGE('',*,*,#8942,.T.);
#6511=ORIENTED_EDGE('',*,*,#8943,.F.);
#6512=ORIENTED_EDGE('',*,*,#8944,.T.);
#6513=ORIENTED_EDGE('',*,*,#8945,.T.);
#6514=ORIENTED_EDGE('',*,*,#8946,.F.);
#6515=ORIENTED_EDGE('',*,*,#8947,.F.);
#6516=ORIENTED_EDGE('',*,*,#8948,.T.);
#6517=ORIENTED_EDGE('',*,*,#8949,.F.);
#6518=ORIENTED_EDGE('',*,*,#8950,.F.);
#6519=ORIENTED_EDGE('',*,*,#8951,.T.);
#6520=ORIENTED_EDGE('',*,*,#8952,.F.);
#6521=ORIENTED_EDGE('',*,*,#8953,.F.);
#6522=ORIENTED_EDGE('',*,*,#8954,.F.);
#6523=ORIENTED_EDGE('',*,*,#8955,.F.);
#6524=ORIENTED_EDGE('',*,*,#8956,.F.);
#6525=ORIENTED_EDGE('',*,*,#8957,.F.);
#6526=ORIENTED_EDGE('',*,*,#8958,.F.);
#6527=ORIENTED_EDGE('',*,*,#8959,.F.);
#6528=ORIENTED_EDGE('',*,*,#8960,.T.);
#6529=ORIENTED_EDGE('',*,*,#8961,.T.);
#6530=ORIENTED_EDGE('',*,*,#8962,.F.);
#6531=ORIENTED_EDGE('',*,*,#8963,.F.);
#6532=ORIENTED_EDGE('',*,*,#8955,.T.);
#6533=ORIENTED_EDGE('',*,*,#8959,.T.);
#6534=ORIENTED_EDGE('',*,*,#8964,.T.);
#6535=ORIENTED_EDGE('',*,*,#8940,.T.);
#6536=ORIENTED_EDGE('',*,*,#8965,.T.);
#6537=ORIENTED_EDGE('',*,*,#8964,.F.);
#6538=ORIENTED_EDGE('',*,*,#8962,.T.);
#6539=ORIENTED_EDGE('',*,*,#8966,.T.);
#6540=ORIENTED_EDGE('',*,*,#8941,.F.);
#6541=ORIENTED_EDGE('',*,*,#8965,.F.);
#6542=ORIENTED_EDGE('',*,*,#8943,.T.);
#6543=ORIENTED_EDGE('',*,*,#8967,.T.);
#6544=ORIENTED_EDGE('',*,*,#8960,.F.);
#6545=ORIENTED_EDGE('',*,*,#8967,.F.);
#6546=ORIENTED_EDGE('',*,*,#8942,.F.);
#6547=ORIENTED_EDGE('',*,*,#8966,.F.);
#6548=ORIENTED_EDGE('',*,*,#8961,.F.);
#6549=ORIENTED_EDGE('',*,*,#8949,.T.);
#6550=ORIENTED_EDGE('',*,*,#8968,.T.);
#6551=ORIENTED_EDGE('',*,*,#8947,.T.);
#6552=ORIENTED_EDGE('',*,*,#8969,.T.);
#6553=ORIENTED_EDGE('',*,*,#8953,.T.);
#6554=ORIENTED_EDGE('',*,*,#8970,.F.);
#6555=ORIENTED_EDGE('',*,*,#8957,.T.);
#6556=ORIENTED_EDGE('',*,*,#8971,.F.);
#6557=ORIENTED_EDGE('',*,*,#8958,.T.);
#6558=ORIENTED_EDGE('',*,*,#8970,.T.);
#6559=ORIENTED_EDGE('',*,*,#8952,.T.);
#6560=ORIENTED_EDGE('',*,*,#8950,.T.);
#6561=ORIENTED_EDGE('',*,*,#8971,.T.);
#6562=ORIENTED_EDGE('',*,*,#8951,.F.);
#6563=ORIENTED_EDGE('',*,*,#8944,.F.);
#6564=ORIENTED_EDGE('',*,*,#8972,.F.);
#6565=ORIENTED_EDGE('',*,*,#8963,.T.);
#6566=ORIENTED_EDGE('',*,*,#8973,.F.);
#6567=ORIENTED_EDGE('',*,*,#8968,.F.);
#6568=ORIENTED_EDGE('',*,*,#8956,.T.);
#6569=ORIENTED_EDGE('',*,*,#8973,.T.);
#6570=ORIENTED_EDGE('',*,*,#8948,.F.);
#6571=ORIENTED_EDGE('',*,*,#8946,.T.);
#6572=ORIENTED_EDGE('',*,*,#8972,.T.);
#6573=ORIENTED_EDGE('',*,*,#8974,.T.);
#6574=ORIENTED_EDGE('',*,*,#8969,.F.);
#6575=ORIENTED_EDGE('',*,*,#8954,.T.);
#6576=ORIENTED_EDGE('',*,*,#8974,.F.);
#6577=ORIENTED_EDGE('',*,*,#8945,.F.);
#6578=ORIENTED_EDGE('',*,*,#8975,.F.);
#6579=ORIENTED_EDGE('',*,*,#8976,.F.);
#6580=ORIENTED_EDGE('',*,*,#8977,.F.);
#6581=ORIENTED_EDGE('',*,*,#8978,.F.);
#6582=ORIENTED_EDGE('',*,*,#8979,.F.);
#6583=ORIENTED_EDGE('',*,*,#8980,.T.);
#6584=ORIENTED_EDGE('',*,*,#8981,.F.);
#6585=ORIENTED_EDGE('',*,*,#8982,.F.);
#6586=ORIENTED_EDGE('',*,*,#8983,.T.);
#6587=ORIENTED_EDGE('',*,*,#8984,.F.);
#6588=ORIENTED_EDGE('',*,*,#8985,.F.);
#6589=ORIENTED_EDGE('',*,*,#8976,.T.);
#6590=ORIENTED_EDGE('',*,*,#8986,.T.);
#6591=ORIENTED_EDGE('',*,*,#8987,.F.);
#6592=ORIENTED_EDGE('',*,*,#8988,.F.);
#6593=ORIENTED_EDGE('',*,*,#8977,.T.);
#6594=ORIENTED_EDGE('',*,*,#8985,.T.);
#6595=ORIENTED_EDGE('',*,*,#8989,.F.);
#6596=ORIENTED_EDGE('',*,*,#8990,.F.);
#6597=ORIENTED_EDGE('',*,*,#8978,.T.);
#6598=ORIENTED_EDGE('',*,*,#8988,.T.);
#6599=ORIENTED_EDGE('',*,*,#8975,.T.);
#6600=ORIENTED_EDGE('',*,*,#8991,.F.);
#6601=ORIENTED_EDGE('',*,*,#8992,.F.);
#6602=ORIENTED_EDGE('',*,*,#8986,.F.);
#6603=ORIENTED_EDGE('',*,*,#8979,.T.);
#6604=ORIENTED_EDGE('',*,*,#8990,.T.);
#6605=ORIENTED_EDGE('',*,*,#8993,.F.);
#6606=ORIENTED_EDGE('',*,*,#8994,.F.);
#6607=ORIENTED_EDGE('',*,*,#8984,.T.);
#6608=ORIENTED_EDGE('',*,*,#8992,.T.);
#6609=ORIENTED_EDGE('',*,*,#8989,.T.);
#6610=ORIENTED_EDGE('',*,*,#8987,.T.);
#6611=ORIENTED_EDGE('',*,*,#8982,.T.);
#6612=ORIENTED_EDGE('',*,*,#8991,.T.);
#6613=ORIENTED_EDGE('',*,*,#8994,.T.);
#6614=ORIENTED_EDGE('',*,*,#8995,.F.);
#6615=ORIENTED_EDGE('',*,*,#8980,.F.);
#6616=ORIENTED_EDGE('',*,*,#8993,.T.);
#6617=ORIENTED_EDGE('',*,*,#8995,.T.);
#6618=ORIENTED_EDGE('',*,*,#8996,.T.);
#6619=ORIENTED_EDGE('',*,*,#8981,.T.);
#6620=ORIENTED_EDGE('',*,*,#8983,.F.);
#6621=ORIENTED_EDGE('',*,*,#8996,.F.);
#6622=ORIENTED_EDGE('',*,*,#8997,.T.);
#6623=ORIENTED_EDGE('',*,*,#8998,.F.);
#6624=ORIENTED_EDGE('',*,*,#8999,.F.);
#6625=ORIENTED_EDGE('',*,*,#9000,.F.);
#6626=ORIENTED_EDGE('',*,*,#9001,.T.);
#6627=ORIENTED_EDGE('',*,*,#9002,.T.);
#6628=ORIENTED_EDGE('',*,*,#9003,.F.);
#6629=ORIENTED_EDGE('',*,*,#9002,.F.);
#6630=ORIENTED_EDGE('',*,*,#9004,.T.);
#6631=ORIENTED_EDGE('',*,*,#9005,.T.);
#6632=ORIENTED_EDGE('',*,*,#9006,.F.);
#6633=ORIENTED_EDGE('',*,*,#9005,.F.);
#6634=ORIENTED_EDGE('',*,*,#9007,.T.);
#6635=ORIENTED_EDGE('',*,*,#9008,.T.);
#6636=ORIENTED_EDGE('',*,*,#9009,.F.);
#6637=ORIENTED_EDGE('',*,*,#9010,.T.);
#6638=ORIENTED_EDGE('',*,*,#9011,.T.);
#6639=ORIENTED_EDGE('',*,*,#9012,.T.);
#6640=ORIENTED_EDGE('',*,*,#9013,.F.);
#6641=ORIENTED_EDGE('',*,*,#9008,.F.);
#6642=ORIENTED_EDGE('',*,*,#9014,.T.);
#6643=ORIENTED_EDGE('',*,*,#9000,.T.);
#6644=ORIENTED_EDGE('',*,*,#9015,.T.);
#6645=ORIENTED_EDGE('',*,*,#9016,.F.);
#6646=ORIENTED_EDGE('',*,*,#9001,.F.);
#6647=ORIENTED_EDGE('',*,*,#9014,.F.);
#6648=ORIENTED_EDGE('',*,*,#9007,.F.);
#6649=ORIENTED_EDGE('',*,*,#9004,.F.);
#6650=ORIENTED_EDGE('',*,*,#9009,.T.);
#6651=ORIENTED_EDGE('',*,*,#8999,.T.);
#6652=ORIENTED_EDGE('',*,*,#9003,.T.);
#6653=ORIENTED_EDGE('',*,*,#9006,.T.);
#6654=ORIENTED_EDGE('',*,*,#9013,.T.);
#6655=ORIENTED_EDGE('',*,*,#9012,.F.);
#6656=ORIENTED_EDGE('',*,*,#9010,.F.);
#6657=ORIENTED_EDGE('',*,*,#8997,.F.);
#6658=ORIENTED_EDGE('',*,*,#9017,.F.);
#6659=ORIENTED_EDGE('',*,*,#8998,.T.);
#6660=ORIENTED_EDGE('',*,*,#9016,.T.);
#6661=ORIENTED_EDGE('',*,*,#9017,.T.);
#6662=ORIENTED_EDGE('',*,*,#9018,.F.);
#6663=ORIENTED_EDGE('',*,*,#9011,.F.);
#6664=ORIENTED_EDGE('',*,*,#9015,.F.);
#6665=ORIENTED_EDGE('',*,*,#9018,.T.);
#6666=ORIENTED_EDGE('',*,*,#9019,.T.);
#6667=ORIENTED_EDGE('',*,*,#9020,.F.);
#6668=ORIENTED_EDGE('',*,*,#9021,.F.);
#6669=ORIENTED_EDGE('',*,*,#9022,.T.);
#6670=ORIENTED_EDGE('',*,*,#9023,.T.);
#6671=ORIENTED_EDGE('',*,*,#9024,.F.);
#6672=ORIENTED_EDGE('',*,*,#9025,.T.);
#6673=ORIENTED_EDGE('',*,*,#9026,.T.);
#6674=ORIENTED_EDGE('',*,*,#9027,.T.);
#6675=ORIENTED_EDGE('',*,*,#9028,.T.);
#6676=ORIENTED_EDGE('',*,*,#9029,.F.);
#6677=ORIENTED_EDGE('',*,*,#9030,.F.);
#6678=ORIENTED_EDGE('',*,*,#9031,.T.);
#6679=ORIENTED_EDGE('',*,*,#9032,.F.);
#6680=ORIENTED_EDGE('',*,*,#9033,.T.);
#6681=ORIENTED_EDGE('',*,*,#9034,.F.);
#6682=ORIENTED_EDGE('',*,*,#9035,.T.);
#6683=ORIENTED_EDGE('',*,*,#9036,.T.);
#6684=ORIENTED_EDGE('',*,*,#9037,.T.);
#6685=ORIENTED_EDGE('',*,*,#9038,.F.);
#6686=ORIENTED_EDGE('',*,*,#9039,.T.);
#6687=ORIENTED_EDGE('',*,*,#9040,.F.);
#6688=ORIENTED_EDGE('',*,*,#9041,.F.);
#6689=ORIENTED_EDGE('',*,*,#9042,.F.);
#6690=ORIENTED_EDGE('',*,*,#9043,.F.);
#6691=ORIENTED_EDGE('',*,*,#9044,.F.);
#6692=ORIENTED_EDGE('',*,*,#9045,.F.);
#6693=ORIENTED_EDGE('',*,*,#9046,.T.);
#6694=ORIENTED_EDGE('',*,*,#9047,.T.);
#6695=ORIENTED_EDGE('',*,*,#9045,.T.);
#6696=ORIENTED_EDGE('',*,*,#9048,.F.);
#6697=ORIENTED_EDGE('',*,*,#9019,.F.);
#6698=ORIENTED_EDGE('',*,*,#9049,.F.);
#6699=ORIENTED_EDGE('',*,*,#9043,.T.);
#6700=ORIENTED_EDGE('',*,*,#9050,.T.);
#6701=ORIENTED_EDGE('',*,*,#9030,.T.);
#6702=ORIENTED_EDGE('',*,*,#9051,.T.);
#6703=ORIENTED_EDGE('',*,*,#9052,.T.);
#6704=ORIENTED_EDGE('',*,*,#9053,.T.);
#6705=ORIENTED_EDGE('',*,*,#9054,.F.);
#6706=ORIENTED_EDGE('',*,*,#9055,.F.);
#6707=ORIENTED_EDGE('',*,*,#9039,.F.);
#6708=ORIENTED_EDGE('',*,*,#9056,.T.);
#6709=ORIENTED_EDGE('',*,*,#9021,.T.);
#6710=ORIENTED_EDGE('',*,*,#9057,.T.);
#6711=ORIENTED_EDGE('',*,*,#9047,.F.);
#6712=ORIENTED_EDGE('',*,*,#9058,.F.);
#6713=ORIENTED_EDGE('',*,*,#9059,.F.);
#6714=ORIENTED_EDGE('',*,*,#9028,.F.);
#6715=ORIENTED_EDGE('',*,*,#9060,.F.);
#6716=ORIENTED_EDGE('',*,*,#9061,.T.);
#6717=ORIENTED_EDGE('',*,*,#9062,.F.);
#6718=ORIENTED_EDGE('',*,*,#9063,.T.);
#6719=ORIENTED_EDGE('',*,*,#9064,.T.);
#6720=ORIENTED_EDGE('',*,*,#9065,.F.);
#6721=ORIENTED_EDGE('',*,*,#9066,.F.);
#6722=ORIENTED_EDGE('',*,*,#9041,.T.);
#6723=ORIENTED_EDGE('',*,*,#9067,.T.);
#6724=ORIENTED_EDGE('',*,*,#9033,.F.);
#6725=ORIENTED_EDGE('',*,*,#9068,.F.);
#6726=ORIENTED_EDGE('',*,*,#9065,.T.);
#6727=ORIENTED_EDGE('',*,*,#9069,.F.);
#6728=ORIENTED_EDGE('',*,*,#9070,.T.);
#6729=ORIENTED_EDGE('',*,*,#9071,.F.);
#6730=ORIENTED_EDGE('',*,*,#9072,.F.);
#6731=ORIENTED_EDGE('',*,*,#9073,.F.);
#6732=ORIENTED_EDGE('',*,*,#9074,.F.);
#6733=ORIENTED_EDGE('',*,*,#9032,.T.);
#6734=ORIENTED_EDGE('',*,*,#9075,.T.);
#6735=ORIENTED_EDGE('',*,*,#9066,.T.);
#6736=ORIENTED_EDGE('',*,*,#9068,.T.);
#6737=ORIENTED_EDGE('',*,*,#9070,.F.);
#6738=ORIENTED_EDGE('',*,*,#9076,.T.);
#6739=ORIENTED_EDGE('',*,*,#9026,.F.);
#6740=ORIENTED_EDGE('',*,*,#9067,.F.);
#6741=ORIENTED_EDGE('',*,*,#9064,.F.);
#6742=ORIENTED_EDGE('',*,*,#9077,.F.);
#6743=ORIENTED_EDGE('',*,*,#9078,.F.);
#6744=ORIENTED_EDGE('',*,*,#9076,.F.);
#6745=ORIENTED_EDGE('',*,*,#9079,.F.);
#6746=ORIENTED_EDGE('',*,*,#9080,.F.);
#6747=ORIENTED_EDGE('',*,*,#9081,.F.);
#6748=ORIENTED_EDGE('',*,*,#9082,.F.);
#6749=ORIENTED_EDGE('',*,*,#9069,.T.);
#6750=ORIENTED_EDGE('',*,*,#9078,.T.);
#6751=ORIENTED_EDGE('',*,*,#9074,.T.);
#6752=ORIENTED_EDGE('',*,*,#9082,.T.);
#6753=ORIENTED_EDGE('',*,*,#9073,.T.);
#6754=ORIENTED_EDGE('',*,*,#9081,.T.);
#6755=ORIENTED_EDGE('',*,*,#9072,.T.);
#6756=ORIENTED_EDGE('',*,*,#9080,.T.);
#6757=ORIENTED_EDGE('',*,*,#9071,.T.);
#6758=ORIENTED_EDGE('',*,*,#9079,.T.);
#6759=ORIENTED_EDGE('',*,*,#9027,.F.);
#6760=ORIENTED_EDGE('',*,*,#9077,.T.);
#6761=ORIENTED_EDGE('',*,*,#9040,.T.);
#6762=ORIENTED_EDGE('',*,*,#9060,.T.);
#6763=ORIENTED_EDGE('',*,*,#9058,.T.);
#6764=ORIENTED_EDGE('',*,*,#9046,.F.);
#6765=ORIENTED_EDGE('',*,*,#9052,.F.);
#6766=ORIENTED_EDGE('',*,*,#9083,.T.);
#6767=ORIENTED_EDGE('',*,*,#9075,.F.);
#6768=ORIENTED_EDGE('',*,*,#9031,.F.);
#6769=ORIENTED_EDGE('',*,*,#9050,.F.);
#6770=ORIENTED_EDGE('',*,*,#9042,.T.);
#6771=ORIENTED_EDGE('',*,*,#9059,.T.);
#6772=ORIENTED_EDGE('',*,*,#9083,.F.);
#6773=ORIENTED_EDGE('',*,*,#9051,.F.);
#6774=ORIENTED_EDGE('',*,*,#9029,.T.);
#6775=ORIENTED_EDGE('',*,*,#9054,.T.);
#6776=ORIENTED_EDGE('',*,*,#9063,.F.);
#6777=ORIENTED_EDGE('',*,*,#9062,.T.);
#6778=ORIENTED_EDGE('',*,*,#9053,.F.);
#6779=ORIENTED_EDGE('',*,*,#9061,.F.);
#6780=ORIENTED_EDGE('',*,*,#9055,.T.);
#6781=ORIENTED_EDGE('',*,*,#9056,.F.);
#6782=ORIENTED_EDGE('',*,*,#9038,.T.);
#6783=ORIENTED_EDGE('',*,*,#9049,.T.);
#6784=ORIENTED_EDGE('',*,*,#9022,.F.);
#6785=ORIENTED_EDGE('',*,*,#9048,.T.);
#6786=ORIENTED_EDGE('',*,*,#9044,.T.);
#6787=ORIENTED_EDGE('',*,*,#9057,.F.);
#6788=ORIENTED_EDGE('',*,*,#9020,.T.);
#6789=ORIENTED_EDGE('',*,*,#9084,.F.);
#6790=ORIENTED_EDGE('',*,*,#9023,.F.);
#6791=ORIENTED_EDGE('',*,*,#9085,.T.);
#6792=ORIENTED_EDGE('',*,*,#9086,.F.);
#6793=ORIENTED_EDGE('',*,*,#9087,.F.);
#6794=ORIENTED_EDGE('',*,*,#9035,.F.);
#6795=ORIENTED_EDGE('',*,*,#9088,.F.);
#6796=ORIENTED_EDGE('',*,*,#9089,.T.);
#6797=ORIENTED_EDGE('',*,*,#9090,.T.);
#6798=ORIENTED_EDGE('',*,*,#9037,.F.);
#6799=ORIENTED_EDGE('',*,*,#9034,.T.);
#6800=ORIENTED_EDGE('',*,*,#9090,.F.);
#6801=ORIENTED_EDGE('',*,*,#9091,.F.);
#6802=ORIENTED_EDGE('',*,*,#9085,.F.);
#6803=ORIENTED_EDGE('',*,*,#9087,.T.);
#6804=ORIENTED_EDGE('',*,*,#9092,.T.);
#6805=ORIENTED_EDGE('',*,*,#9088,.T.);
#6806=ORIENTED_EDGE('',*,*,#9036,.F.);
#6807=ORIENTED_EDGE('',*,*,#9084,.T.);
#6808=ORIENTED_EDGE('',*,*,#9092,.F.);
#6809=ORIENTED_EDGE('',*,*,#9086,.T.);
#6810=ORIENTED_EDGE('',*,*,#9091,.T.);
#6811=ORIENTED_EDGE('',*,*,#9089,.F.);
#6812=ORIENTED_EDGE('',*,*,#9093,.F.);
#6813=ORIENTED_EDGE('',*,*,#9024,.T.);
#6814=ORIENTED_EDGE('',*,*,#9093,.T.);
#6815=ORIENTED_EDGE('',*,*,#9094,.T.);
#6816=ORIENTED_EDGE('',*,*,#9025,.F.);
#6817=ORIENTED_EDGE('',*,*,#9094,.F.);
#6818=ORIENTED_EDGE('',*,*,#9095,.T.);
#6819=ORIENTED_EDGE('',*,*,#9096,.T.);
#6820=ORIENTED_EDGE('',*,*,#9097,.F.);
#6821=ORIENTED_EDGE('',*,*,#9098,.F.);
#6822=ORIENTED_EDGE('',*,*,#9097,.T.);
#6823=ORIENTED_EDGE('',*,*,#9099,.T.);
#6824=ORIENTED_EDGE('',*,*,#9100,.F.);
#6825=ORIENTED_EDGE('',*,*,#9101,.F.);
#6826=ORIENTED_EDGE('',*,*,#9100,.T.);
#6827=ORIENTED_EDGE('',*,*,#9102,.T.);
#6828=ORIENTED_EDGE('',*,*,#9103,.F.);
#6829=ORIENTED_EDGE('',*,*,#9104,.F.);
#6830=ORIENTED_EDGE('',*,*,#9105,.T.);
#6831=ORIENTED_EDGE('',*,*,#9106,.T.);
#6832=ORIENTED_EDGE('',*,*,#9107,.T.);
#6833=ORIENTED_EDGE('',*,*,#9108,.T.);
#6834=ORIENTED_EDGE('',*,*,#9109,.T.);
#6835=ORIENTED_EDGE('',*,*,#9110,.F.);
#6836=ORIENTED_EDGE('',*,*,#9111,.F.);
#6837=ORIENTED_EDGE('',*,*,#9112,.T.);
#6838=ORIENTED_EDGE('',*,*,#9113,.T.);
#6839=ORIENTED_EDGE('',*,*,#9114,.F.);
#6840=ORIENTED_EDGE('',*,*,#9115,.F.);
#6841=ORIENTED_EDGE('',*,*,#9110,.T.);
#6842=ORIENTED_EDGE('',*,*,#9116,.F.);
#6843=ORIENTED_EDGE('',*,*,#9117,.F.);
#6844=ORIENTED_EDGE('',*,*,#9118,.F.);
#6845=ORIENTED_EDGE('',*,*,#9119,.F.);
#6846=ORIENTED_EDGE('',*,*,#9120,.T.);
#6847=ORIENTED_EDGE('',*,*,#9121,.T.);
#6848=ORIENTED_EDGE('',*,*,#9122,.T.);
#6849=ORIENTED_EDGE('',*,*,#9123,.T.);
#6850=ORIENTED_EDGE('',*,*,#9124,.T.);
#6851=ORIENTED_EDGE('',*,*,#9125,.F.);
#6852=ORIENTED_EDGE('',*,*,#9126,.F.);
#6853=ORIENTED_EDGE('',*,*,#9114,.T.);
#6854=ORIENTED_EDGE('',*,*,#9127,.T.);
#6855=ORIENTED_EDGE('',*,*,#9112,.F.);
#6856=ORIENTED_EDGE('',*,*,#9128,.F.);
#6857=ORIENTED_EDGE('',*,*,#9125,.T.);
#6858=ORIENTED_EDGE('',*,*,#9103,.T.);
#6859=ORIENTED_EDGE('',*,*,#9129,.T.);
#6860=ORIENTED_EDGE('',*,*,#9095,.F.);
#6861=ORIENTED_EDGE('',*,*,#9130,.F.);
#6862=ORIENTED_EDGE('',*,*,#9111,.T.);
#6863=ORIENTED_EDGE('',*,*,#9115,.T.);
#6864=ORIENTED_EDGE('',*,*,#9126,.T.);
#6865=ORIENTED_EDGE('',*,*,#9128,.T.);
#6866=ORIENTED_EDGE('',*,*,#9098,.T.);
#6867=ORIENTED_EDGE('',*,*,#9101,.T.);
#6868=ORIENTED_EDGE('',*,*,#9104,.T.);
#6869=ORIENTED_EDGE('',*,*,#9130,.T.);
#6870=ORIENTED_EDGE('',*,*,#9131,.T.);
#6871=ORIENTED_EDGE('',*,*,#9132,.T.);
#6872=ORIENTED_EDGE('',*,*,#9120,.F.);
#6873=ORIENTED_EDGE('',*,*,#9113,.F.);
#6874=ORIENTED_EDGE('',*,*,#9109,.F.);
#6875=ORIENTED_EDGE('',*,*,#9127,.F.);
#6876=ORIENTED_EDGE('',*,*,#9124,.F.);
#6877=ORIENTED_EDGE('',*,*,#9133,.T.);
#6878=ORIENTED_EDGE('',*,*,#9108,.F.);
#6879=ORIENTED_EDGE('',*,*,#9119,.T.);
#6880=ORIENTED_EDGE('',*,*,#9107,.F.);
#6881=ORIENTED_EDGE('',*,*,#9118,.T.);
#6882=ORIENTED_EDGE('',*,*,#9106,.F.);
#6883=ORIENTED_EDGE('',*,*,#9117,.T.);
#6884=ORIENTED_EDGE('',*,*,#9105,.F.);
#6885=ORIENTED_EDGE('',*,*,#9116,.T.);
#6886=ORIENTED_EDGE('',*,*,#9134,.F.);
#6887=ORIENTED_EDGE('',*,*,#9131,.F.);
#6888=ORIENTED_EDGE('',*,*,#9135,.F.);
#6889=ORIENTED_EDGE('',*,*,#9129,.F.);
#6890=ORIENTED_EDGE('',*,*,#9133,.F.);
#6891=ORIENTED_EDGE('',*,*,#9123,.F.);
#6892=ORIENTED_EDGE('',*,*,#9136,.F.);
#6893=ORIENTED_EDGE('',*,*,#9096,.F.);
#6894=ORIENTED_EDGE('',*,*,#9135,.T.);
#6895=ORIENTED_EDGE('',*,*,#9134,.T.);
#6896=ORIENTED_EDGE('',*,*,#9102,.F.);
#6897=ORIENTED_EDGE('',*,*,#9137,.F.);
#6898=ORIENTED_EDGE('',*,*,#9121,.F.);
#6899=ORIENTED_EDGE('',*,*,#9132,.F.);
#6900=ORIENTED_EDGE('',*,*,#9136,.T.);
#6901=ORIENTED_EDGE('',*,*,#9122,.F.);
#6902=ORIENTED_EDGE('',*,*,#9137,.T.);
#6903=ORIENTED_EDGE('',*,*,#9099,.F.);
#6904=ORIENTED_EDGE('',*,*,#9138,.T.);
#6905=ORIENTED_EDGE('',*,*,#9139,.T.);
#6906=ORIENTED_EDGE('',*,*,#9140,.T.);
#6907=ORIENTED_EDGE('',*,*,#9141,.T.);
#6908=ORIENTED_EDGE('',*,*,#9142,.T.);
#6909=ORIENTED_EDGE('',*,*,#9143,.T.);
#6910=ORIENTED_EDGE('',*,*,#9144,.T.);
#6911=ORIENTED_EDGE('',*,*,#9145,.T.);
#6912=ORIENTED_EDGE('',*,*,#9146,.T.);
#6913=ORIENTED_EDGE('',*,*,#9147,.T.);
#6914=ORIENTED_EDGE('',*,*,#9148,.T.);
#6915=ORIENTED_EDGE('',*,*,#9149,.T.);
#6916=ORIENTED_EDGE('',*,*,#9150,.T.);
#6917=ORIENTED_EDGE('',*,*,#9151,.F.);
#6918=ORIENTED_EDGE('',*,*,#9152,.T.);
#6919=ORIENTED_EDGE('',*,*,#9153,.T.);
#6920=ORIENTED_EDGE('',*,*,#9154,.T.);
#6921=ORIENTED_EDGE('',*,*,#9155,.T.);
#6922=ORIENTED_EDGE('',*,*,#9156,.F.);
#6923=ORIENTED_EDGE('',*,*,#9157,.T.);
#6924=ORIENTED_EDGE('',*,*,#9158,.F.);
#6925=ORIENTED_EDGE('',*,*,#9159,.F.);
#6926=ORIENTED_EDGE('',*,*,#9160,.F.);
#6927=ORIENTED_EDGE('',*,*,#9161,.F.);
#6928=ORIENTED_EDGE('',*,*,#9162,.F.);
#6929=ORIENTED_EDGE('',*,*,#9163,.T.);
#6930=ORIENTED_EDGE('',*,*,#9164,.T.);
#6931=ORIENTED_EDGE('',*,*,#9165,.F.);
#6932=ORIENTED_EDGE('',*,*,#9166,.F.);
#6933=ORIENTED_EDGE('',*,*,#9167,.T.);
#6934=ORIENTED_EDGE('',*,*,#9168,.F.);
#6935=ORIENTED_EDGE('',*,*,#9169,.F.);
#6936=ORIENTED_EDGE('',*,*,#9170,.F.);
#6937=ORIENTED_EDGE('',*,*,#9171,.F.);
#6938=ORIENTED_EDGE('',*,*,#9172,.F.);
#6939=ORIENTED_EDGE('',*,*,#9158,.T.);
#6940=ORIENTED_EDGE('',*,*,#9173,.F.);
#6941=ORIENTED_EDGE('',*,*,#9174,.T.);
#6942=ORIENTED_EDGE('',*,*,#9175,.T.);
#6943=ORIENTED_EDGE('',*,*,#9162,.T.);
#6944=ORIENTED_EDGE('',*,*,#9176,.T.);
#6945=ORIENTED_EDGE('',*,*,#9177,.T.);
#6946=ORIENTED_EDGE('',*,*,#9153,.F.);
#6947=ORIENTED_EDGE('',*,*,#9178,.T.);
#6948=ORIENTED_EDGE('',*,*,#9155,.F.);
#6949=ORIENTED_EDGE('',*,*,#9179,.T.);
#6950=ORIENTED_EDGE('',*,*,#9180,.T.);
#6951=ORIENTED_EDGE('',*,*,#9181,.F.);
#6952=ORIENTED_EDGE('',*,*,#9182,.T.);
#6953=ORIENTED_EDGE('',*,*,#9183,.F.);
#6954=ORIENTED_EDGE('',*,*,#9174,.F.);
#6955=ORIENTED_EDGE('',*,*,#9184,.F.);
#6956=ORIENTED_EDGE('',*,*,#9185,.F.);
#6957=ORIENTED_EDGE('',*,*,#9180,.F.);
#6958=ORIENTED_EDGE('',*,*,#9186,.T.);
#6959=ORIENTED_EDGE('',*,*,#9187,.T.);
#6960=ORIENTED_EDGE('',*,*,#9188,.F.);
#6961=ORIENTED_EDGE('',*,*,#9176,.F.);
#6962=ORIENTED_EDGE('',*,*,#9189,.T.);
#6963=ORIENTED_EDGE('',*,*,#9190,.T.);
#6964=ORIENTED_EDGE('',*,*,#9191,.T.);
#6965=ORIENTED_EDGE('',*,*,#9192,.F.);
#6966=ORIENTED_EDGE('',*,*,#9193,.F.);
#6967=ORIENTED_EDGE('',*,*,#9194,.T.);
#6968=ORIENTED_EDGE('',*,*,#9171,.T.);
#6969=ORIENTED_EDGE('',*,*,#9195,.F.);
#6970=ORIENTED_EDGE('',*,*,#9196,.T.);
#6971=ORIENTED_EDGE('',*,*,#9163,.F.);
#6972=ORIENTED_EDGE('',*,*,#9175,.F.);
#6973=ORIENTED_EDGE('',*,*,#9183,.T.);
#6974=ORIENTED_EDGE('',*,*,#9170,.T.);
#6975=ORIENTED_EDGE('',*,*,#9197,.F.);
#6976=ORIENTED_EDGE('',*,*,#9164,.F.);
#6977=ORIENTED_EDGE('',*,*,#9196,.F.);
#6978=ORIENTED_EDGE('',*,*,#9182,.F.);
#6979=ORIENTED_EDGE('',*,*,#9198,.F.);
#6980=ORIENTED_EDGE('',*,*,#9195,.T.);
#6981=ORIENTED_EDGE('',*,*,#9197,.T.);
#6982=ORIENTED_EDGE('',*,*,#9199,.F.);
#6983=ORIENTED_EDGE('',*,*,#9165,.T.);
#6984=ORIENTED_EDGE('',*,*,#9198,.T.);
#6985=ORIENTED_EDGE('',*,*,#9194,.F.);
#6986=ORIENTED_EDGE('',*,*,#9150,.F.);
#6987=ORIENTED_EDGE('',*,*,#9200,.T.);
#6988=ORIENTED_EDGE('',*,*,#9146,.F.);
#6989=ORIENTED_EDGE('',*,*,#9201,.F.);
#6990=ORIENTED_EDGE('',*,*,#9191,.F.);
#6991=ORIENTED_EDGE('',*,*,#9202,.T.);
#6992=ORIENTED_EDGE('',*,*,#9203,.T.);
#6993=ORIENTED_EDGE('',*,*,#9204,.T.);
#6994=ORIENTED_EDGE('',*,*,#9205,.T.);
#6995=ORIENTED_EDGE('',*,*,#9206,.T.);
#6996=ORIENTED_EDGE('',*,*,#9173,.T.);
#6997=ORIENTED_EDGE('',*,*,#9157,.F.);
#6998=ORIENTED_EDGE('',*,*,#9207,.F.);
#6999=ORIENTED_EDGE('',*,*,#9184,.T.);
#7000=ORIENTED_EDGE('',*,*,#9208,.F.);
#7001=ORIENTED_EDGE('',*,*,#9169,.T.);
#7002=ORIENTED_EDGE('',*,*,#9209,.F.);
#7003=ORIENTED_EDGE('',*,*,#9168,.T.);
#7004=ORIENTED_EDGE('',*,*,#9207,.T.);
#7005=ORIENTED_EDGE('',*,*,#9156,.T.);
#7006=ORIENTED_EDGE('',*,*,#9181,.T.);
#7007=ORIENTED_EDGE('',*,*,#9185,.T.);
#7008=ORIENTED_EDGE('',*,*,#9208,.T.);
#7009=ORIENTED_EDGE('',*,*,#9209,.T.);
#7010=ORIENTED_EDGE('',*,*,#9210,.T.);
#7011=ORIENTED_EDGE('',*,*,#9203,.F.);
#7012=ORIENTED_EDGE('',*,*,#9201,.T.);
#7013=ORIENTED_EDGE('',*,*,#9167,.F.);
#7014=ORIENTED_EDGE('',*,*,#9211,.F.);
#7015=ORIENTED_EDGE('',*,*,#9192,.T.);
#7016=ORIENTED_EDGE('',*,*,#9212,.T.);
#7017=ORIENTED_EDGE('',*,*,#9204,.F.);
#7018=ORIENTED_EDGE('',*,*,#9166,.T.);
#7019=ORIENTED_EDGE('',*,*,#9199,.T.);
#7020=ORIENTED_EDGE('',*,*,#9193,.T.);
#7021=ORIENTED_EDGE('',*,*,#9211,.T.);
#7022=ORIENTED_EDGE('',*,*,#9210,.F.);
#7023=ORIENTED_EDGE('',*,*,#9212,.F.);
#7024=ORIENTED_EDGE('',*,*,#9213,.T.);
#7025=ORIENTED_EDGE('',*,*,#9205,.F.);
#7026=ORIENTED_EDGE('',*,*,#9202,.F.);
#7027=ORIENTED_EDGE('',*,*,#9190,.F.);
#7028=ORIENTED_EDGE('',*,*,#9214,.T.);
#7029=ORIENTED_EDGE('',*,*,#9151,.T.);
#7030=ORIENTED_EDGE('',*,*,#9215,.T.);
#7031=ORIENTED_EDGE('',*,*,#9206,.F.);
#7032=ORIENTED_EDGE('',*,*,#9152,.F.);
#7033=ORIENTED_EDGE('',*,*,#9214,.F.);
#7034=ORIENTED_EDGE('',*,*,#9189,.F.);
#7035=ORIENTED_EDGE('',*,*,#9178,.F.);
#7036=ORIENTED_EDGE('',*,*,#9213,.F.);
#7037=ORIENTED_EDGE('',*,*,#9215,.F.);
#7038=ORIENTED_EDGE('',*,*,#9144,.F.);
#7039=ORIENTED_EDGE('',*,*,#9142,.F.);
#7040=ORIENTED_EDGE('',*,*,#9140,.F.);
#7041=ORIENTED_EDGE('',*,*,#9138,.F.);
#7042=ORIENTED_EDGE('',*,*,#9154,.F.);
#7043=ORIENTED_EDGE('',*,*,#9216,.T.);
#7044=ORIENTED_EDGE('',*,*,#9217,.T.);
#7045=ORIENTED_EDGE('',*,*,#9218,.T.);
#7046=ORIENTED_EDGE('',*,*,#9219,.T.);
#7047=ORIENTED_EDGE('',*,*,#9220,.F.);
#7048=ORIENTED_EDGE('',*,*,#9216,.F.);
#7049=ORIENTED_EDGE('',*,*,#9177,.F.);
#7050=ORIENTED_EDGE('',*,*,#9188,.T.);
#7051=ORIENTED_EDGE('',*,*,#9221,.T.);
#7052=ORIENTED_EDGE('',*,*,#9222,.F.);
#7053=ORIENTED_EDGE('',*,*,#9217,.F.);
#7054=ORIENTED_EDGE('',*,*,#9220,.T.);
#7055=ORIENTED_EDGE('',*,*,#9223,.T.);
#7056=ORIENTED_EDGE('',*,*,#9186,.F.);
#7057=ORIENTED_EDGE('',*,*,#9179,.F.);
#7058=ORIENTED_EDGE('',*,*,#9218,.F.);
#7059=ORIENTED_EDGE('',*,*,#9222,.T.);
#7060=ORIENTED_EDGE('',*,*,#9224,.F.);
#7061=ORIENTED_EDGE('',*,*,#9225,.T.);
#7062=ORIENTED_EDGE('',*,*,#9226,.F.);
#7063=ORIENTED_EDGE('',*,*,#9227,.F.);
#7064=ORIENTED_EDGE('',*,*,#9219,.F.);
#7065=ORIENTED_EDGE('',*,*,#9187,.F.);
#7066=ORIENTED_EDGE('',*,*,#9223,.F.);
#7067=ORIENTED_EDGE('',*,*,#9221,.F.);
#7068=ORIENTED_EDGE('',*,*,#9160,.T.);
#7069=ORIENTED_EDGE('',*,*,#9228,.F.);
#7070=ORIENTED_EDGE('',*,*,#9159,.T.);
#7071=ORIENTED_EDGE('',*,*,#9172,.T.);
#7072=ORIENTED_EDGE('',*,*,#9161,.T.);
#7073=ORIENTED_EDGE('',*,*,#9228,.T.);
#7074=ORIENTED_EDGE('',*,*,#9229,.T.);
#7075=ORIENTED_EDGE('',*,*,#9148,.F.);
#7076=ORIENTED_EDGE('',*,*,#9200,.F.);
#7077=ORIENTED_EDGE('',*,*,#9149,.F.);
#7078=ORIENTED_EDGE('',*,*,#9229,.F.);
#7079=ORIENTED_EDGE('',*,*,#9147,.F.);
#7080=ORIENTED_EDGE('',*,*,#9226,.T.);
#7081=ORIENTED_EDGE('',*,*,#9230,.F.);
#7082=ORIENTED_EDGE('',*,*,#9231,.F.);
#7083=ORIENTED_EDGE('',*,*,#9232,.T.);
#7084=ORIENTED_EDGE('',*,*,#9224,.T.);
#7085=ORIENTED_EDGE('',*,*,#9233,.T.);
#7086=ORIENTED_EDGE('',*,*,#9234,.T.);
#7087=ORIENTED_EDGE('',*,*,#9235,.F.);
#7088=ORIENTED_EDGE('',*,*,#9235,.T.);
#7089=ORIENTED_EDGE('',*,*,#9236,.T.);
#7090=ORIENTED_EDGE('',*,*,#9230,.T.);
#7091=ORIENTED_EDGE('',*,*,#9225,.F.);
#7092=ORIENTED_EDGE('',*,*,#9227,.T.);
#7093=ORIENTED_EDGE('',*,*,#9232,.F.);
#7094=ORIENTED_EDGE('',*,*,#9237,.F.);
#7095=ORIENTED_EDGE('',*,*,#9233,.F.);
#7096=ORIENTED_EDGE('',*,*,#9139,.F.);
#7097=ORIENTED_EDGE('',*,*,#9141,.F.);
#7098=ORIENTED_EDGE('',*,*,#9143,.F.);
#7099=ORIENTED_EDGE('',*,*,#9145,.F.);
#7100=ORIENTED_EDGE('',*,*,#9237,.T.);
#7101=ORIENTED_EDGE('',*,*,#9231,.T.);
#7102=ORIENTED_EDGE('',*,*,#9236,.F.);
#7103=ORIENTED_EDGE('',*,*,#9234,.F.);
#7104=VERTEX_POINT('',#14745);
#7105=VERTEX_POINT('',#14746);
#7106=VERTEX_POINT('',#14748);
#7107=VERTEX_POINT('',#14750);
#7108=VERTEX_POINT('',#14754);
#7109=VERTEX_POINT('',#14756);
#7110=VERTEX_POINT('',#14760);
#7111=VERTEX_POINT('',#14762);
#7112=VERTEX_POINT('',#14766);
#7113=VERTEX_POINT('',#14768);
#7114=VERTEX_POINT('',#14771);
#7115=VERTEX_POINT('',#14773);
#7116=VERTEX_POINT('',#14776);
#7117=VERTEX_POINT('',#14778);
#7118=VERTEX_POINT('',#14781);
#7119=VERTEX_POINT('',#14783);
#7120=VERTEX_POINT('',#14789);
#7121=VERTEX_POINT('',#14791);
#7122=VERTEX_POINT('',#14795);
#7123=VERTEX_POINT('',#14797);
#7124=VERTEX_POINT('',#14799);
#7125=VERTEX_POINT('',#14801);
#7126=VERTEX_POINT('',#14804);
#7127=VERTEX_POINT('',#14808);
#7128=VERTEX_POINT('',#14812);
#7129=VERTEX_POINT('',#14816);
#7130=VERTEX_POINT('',#14820);
#7131=VERTEX_POINT('',#14822);
#7132=VERTEX_POINT('',#14826);
#7133=VERTEX_POINT('',#14830);
#7134=VERTEX_POINT('',#14832);
#7135=VERTEX_POINT('',#14835);
#7136=VERTEX_POINT('',#14837);
#7137=VERTEX_POINT('',#14840);
#7138=VERTEX_POINT('',#14844);
#7139=VERTEX_POINT('',#14847);
#7140=VERTEX_POINT('',#14849);
#7141=VERTEX_POINT('',#14853);
#7142=VERTEX_POINT('',#14855);
#7143=VERTEX_POINT('',#14859);
#7144=VERTEX_POINT('',#14861);
#7145=VERTEX_POINT('',#14866);
#7146=VERTEX_POINT('',#14868);
#7147=VERTEX_POINT('',#14871);
#7148=VERTEX_POINT('',#14874);
#7149=VERTEX_POINT('',#14876);
#7150=VERTEX_POINT('',#14881);
#7151=VERTEX_POINT('',#14885);
#7152=VERTEX_POINT('',#14886);
#7153=VERTEX_POINT('',#14888);
#7154=VERTEX_POINT('',#14890);
#7155=VERTEX_POINT('',#14894);
#7156=VERTEX_POINT('',#14896);
#7157=VERTEX_POINT('',#14900);
#7158=VERTEX_POINT('',#14902);
#7159=VERTEX_POINT('',#14906);
#7160=VERTEX_POINT('',#14908);
#7161=VERTEX_POINT('',#14911);
#7162=VERTEX_POINT('',#14913);
#7163=VERTEX_POINT('',#14916);
#7164=VERTEX_POINT('',#14918);
#7165=VERTEX_POINT('',#14921);
#7166=VERTEX_POINT('',#14923);
#7167=VERTEX_POINT('',#14929);
#7168=VERTEX_POINT('',#14931);
#7169=VERTEX_POINT('',#14934);
#7170=VERTEX_POINT('',#14938);
#7171=VERTEX_POINT('',#14942);
#7172=VERTEX_POINT('',#14944);
#7173=VERTEX_POINT('',#14948);
#7174=VERTEX_POINT('',#14950);
#7175=VERTEX_POINT('',#14955);
#7176=VERTEX_POINT('',#14957);
#7177=VERTEX_POINT('',#14960);
#7178=VERTEX_POINT('',#14962);
#7179=VERTEX_POINT('',#14965);
#7180=VERTEX_POINT('',#14967);
#7181=VERTEX_POINT('',#14970);
#7182=VERTEX_POINT('',#14972);
#7183=VERTEX_POINT('',#14975);
#7184=VERTEX_POINT('',#14977);
#7185=VERTEX_POINT('',#14980);
#7186=VERTEX_POINT('',#14981);
#7187=VERTEX_POINT('',#14983);
#7188=VERTEX_POINT('',#14985);
#7189=VERTEX_POINT('',#14989);
#7190=VERTEX_POINT('',#14991);
#7191=VERTEX_POINT('',#14995);
#7192=VERTEX_POINT('',#14997);
#7193=VERTEX_POINT('',#14999);
#7194=VERTEX_POINT('',#15003);
#7195=VERTEX_POINT('',#15005);
#7196=VERTEX_POINT('',#15009);
#7197=VERTEX_POINT('',#15011);
#7198=VERTEX_POINT('',#15013);
#7199=VERTEX_POINT('',#15017);
#7200=VERTEX_POINT('',#15018);
#7201=VERTEX_POINT('',#15020);
#7202=VERTEX_POINT('',#15022);
#7203=VERTEX_POINT('',#15026);
#7204=VERTEX_POINT('',#15028);
#7205=VERTEX_POINT('',#15030);
#7206=VERTEX_POINT('',#15034);
#7207=VERTEX_POINT('',#15036);
#7208=VERTEX_POINT('',#15040);
#7209=VERTEX_POINT('',#15042);
#7210=VERTEX_POINT('',#15044);
#7211=VERTEX_POINT('',#15048);
#7212=VERTEX_POINT('',#15050);
#7213=VERTEX_POINT('',#15054);
#7214=VERTEX_POINT('',#15055);
#7215=VERTEX_POINT('',#15057);
#7216=VERTEX_POINT('',#15059);
#7217=VERTEX_POINT('',#15061);
#7218=VERTEX_POINT('',#15065);
#7219=VERTEX_POINT('',#15067);
#7220=VERTEX_POINT('',#15071);
#7221=VERTEX_POINT('',#15073);
#7222=VERTEX_POINT('',#15075);
#7223=VERTEX_POINT('',#15079);
#7224=VERTEX_POINT('',#15081);
#7225=VERTEX_POINT('',#15085);
#7226=VERTEX_POINT('',#15087);
#7227=VERTEX_POINT('',#15091);
#7228=VERTEX_POINT('',#15092);
#7229=VERTEX_POINT('',#15094);
#7230=VERTEX_POINT('',#15096);
#7231=VERTEX_POINT('',#15100);
#7232=VERTEX_POINT('',#15102);
#7233=VERTEX_POINT('',#15106);
#7234=VERTEX_POINT('',#15108);
#7235=VERTEX_POINT('',#15110);
#7236=VERTEX_POINT('',#15114);
#7237=VERTEX_POINT('',#15116);
#7238=VERTEX_POINT('',#15120);
#7239=VERTEX_POINT('',#15122);
#7240=VERTEX_POINT('',#15124);
#7241=VERTEX_POINT('',#15128);
#7242=VERTEX_POINT('',#15129);
#7243=VERTEX_POINT('',#15131);
#7244=VERTEX_POINT('',#15133);
#7245=VERTEX_POINT('',#15146);
#7246=VERTEX_POINT('',#15147);
#7247=VERTEX_POINT('',#15149);
#7248=VERTEX_POINT('',#15151);
#7249=VERTEX_POINT('',#15158);
#7250=VERTEX_POINT('',#15163);
#7251=VERTEX_POINT('',#15164);
#7252=VERTEX_POINT('',#15166);
#7253=VERTEX_POINT('',#15168);
#7254=VERTEX_POINT('',#15178);
#7255=VERTEX_POINT('',#15182);
#7256=VERTEX_POINT('',#15184);
#7257=VERTEX_POINT('',#15188);
#7258=VERTEX_POINT('',#15192);
#7259=VERTEX_POINT('',#15203);
#7260=VERTEX_POINT('',#15205);
#7261=VERTEX_POINT('',#15208);
#7262=VERTEX_POINT('',#15210);
#7263=VERTEX_POINT('',#15212);
#7264=VERTEX_POINT('',#15214);
#7265=VERTEX_POINT('',#15218);
#7266=VERTEX_POINT('',#15222);
#7267=VERTEX_POINT('',#15226);
#7268=VERTEX_POINT('',#15230);
#7269=VERTEX_POINT('',#15236);
#7270=VERTEX_POINT('',#15238);
#7271=VERTEX_POINT('',#15239);
#7272=VERTEX_POINT('',#15241);
#7273=VERTEX_POINT('',#15243);
#7274=VERTEX_POINT('',#15246);
#7275=VERTEX_POINT('',#15248);
#7276=VERTEX_POINT('',#15251);
#7277=VERTEX_POINT('',#15253);
#7278=VERTEX_POINT('',#15256);
#7279=VERTEX_POINT('',#15257);
#7280=VERTEX_POINT('',#15262);
#7281=VERTEX_POINT('',#15266);
#7282=VERTEX_POINT('',#15270);
#7283=VERTEX_POINT('',#15272);
#7284=VERTEX_POINT('',#15277);
#7285=VERTEX_POINT('',#15281);
#7286=VERTEX_POINT('',#15285);
#7287=VERTEX_POINT('',#15289);
#7288=VERTEX_POINT('',#15290);
#7289=VERTEX_POINT('',#15292);
#7290=VERTEX_POINT('',#15294);
#7291=VERTEX_POINT('',#15298);
#7292=VERTEX_POINT('',#15300);
#7293=VERTEX_POINT('',#15304);
#7294=VERTEX_POINT('',#15306);
#7295=VERTEX_POINT('',#15310);
#7296=VERTEX_POINT('',#15312);
#7297=VERTEX_POINT('',#15315);
#7298=VERTEX_POINT('',#15317);
#7299=VERTEX_POINT('',#15323);
#7300=VERTEX_POINT('',#15325);
#7301=VERTEX_POINT('',#15328);
#7302=VERTEX_POINT('',#15330);
#7303=VERTEX_POINT('',#15334);
#7304=VERTEX_POINT('',#15338);
#7305=VERTEX_POINT('',#15342);
#7306=VERTEX_POINT('',#15344);
#7307=VERTEX_POINT('',#15347);
#7308=VERTEX_POINT('',#15349);
#7309=VERTEX_POINT('',#15352);
#7310=VERTEX_POINT('',#15353);
#7311=VERTEX_POINT('',#15355);
#7312=VERTEX_POINT('',#15357);
#7313=VERTEX_POINT('',#15361);
#7314=VERTEX_POINT('',#15363);
#7315=VERTEX_POINT('',#15367);
#7316=VERTEX_POINT('',#15369);
#7317=VERTEX_POINT('',#15376);
#7318=VERTEX_POINT('',#15378);
#7319=VERTEX_POINT('',#15381);
#7320=VERTEX_POINT('',#15383);
#7321=VERTEX_POINT('',#15387);
#7322=VERTEX_POINT('',#15391);
#7323=VERTEX_POINT('',#15395);
#7324=VERTEX_POINT('',#15397);
#7325=VERTEX_POINT('',#15399);
#7326=VERTEX_POINT('',#15400);
#7327=VERTEX_POINT('',#15402);
#7328=VERTEX_POINT('',#15404);
#7329=VERTEX_POINT('',#15407);
#7330=VERTEX_POINT('',#15409);
#7331=VERTEX_POINT('',#15411);
#7332=VERTEX_POINT('',#15412);
#7333=VERTEX_POINT('',#15414);
#7334=VERTEX_POINT('',#15416);
#7335=VERTEX_POINT('',#15418);
#7336=VERTEX_POINT('',#15420);
#7337=VERTEX_POINT('',#15422);
#7338=VERTEX_POINT('',#15424);
#7339=VERTEX_POINT('',#15428);
#7340=VERTEX_POINT('',#15430);
#7341=VERTEX_POINT('',#15432);
#7342=VERTEX_POINT('',#15434);
#7343=VERTEX_POINT('',#15436);
#7344=VERTEX_POINT('',#15438);
#7345=VERTEX_POINT('',#15440);
#7346=VERTEX_POINT('',#15442);
#7347=VERTEX_POINT('',#15444);
#7348=VERTEX_POINT('',#15446);
#7349=VERTEX_POINT('',#15449);
#7350=VERTEX_POINT('',#15451);
#7351=VERTEX_POINT('',#15454);
#7352=VERTEX_POINT('',#15456);
#7353=VERTEX_POINT('',#15459);
#7354=VERTEX_POINT('',#15461);
#7355=VERTEX_POINT('',#15463);
#7356=VERTEX_POINT('',#15465);
#7357=VERTEX_POINT('',#15467);
#7358=VERTEX_POINT('',#15469);
#7359=VERTEX_POINT('',#15471);
#7360=VERTEX_POINT('',#15473);
#7361=VERTEX_POINT('',#15475);
#7362=VERTEX_POINT('',#15477);
#7363=VERTEX_POINT('',#15480);
#7364=VERTEX_POINT('',#15482);
#7365=VERTEX_POINT('',#15485);
#7366=VERTEX_POINT('',#15487);
#7367=VERTEX_POINT('',#15490);
#7368=VERTEX_POINT('',#15491);
#7369=VERTEX_POINT('',#15493);
#7370=VERTEX_POINT('',#15495);
#7371=VERTEX_POINT('',#15497);
#7372=VERTEX_POINT('',#15499);
#7373=VERTEX_POINT('',#15504);
#7374=VERTEX_POINT('',#15505);
#7375=VERTEX_POINT('',#15507);
#7376=VERTEX_POINT('',#15509);
#7377=VERTEX_POINT('',#15512);
#7378=VERTEX_POINT('',#15513);
#7379=VERTEX_POINT('',#15515);
#7380=VERTEX_POINT('',#15517);
#7381=VERTEX_POINT('',#15519);
#7382=VERTEX_POINT('',#15521);
#7383=VERTEX_POINT('',#15524);
#7384=VERTEX_POINT('',#15525);
#7385=VERTEX_POINT('',#15527);
#7386=VERTEX_POINT('',#15529);
#7387=VERTEX_POINT('',#15531);
#7388=VERTEX_POINT('',#15533);
#7389=VERTEX_POINT('',#15536);
#7390=VERTEX_POINT('',#15537);
#7391=VERTEX_POINT('',#15539);
#7392=VERTEX_POINT('',#15541);
#7393=VERTEX_POINT('',#15543);
#7394=VERTEX_POINT('',#15545);
#7395=VERTEX_POINT('',#15557);
#7396=VERTEX_POINT('',#15558);
#7397=VERTEX_POINT('',#15563);
#7398=VERTEX_POINT('',#15567);
#7399=VERTEX_POINT('',#15571);
#7400=VERTEX_POINT('',#15575);
#7401=VERTEX_POINT('',#15582);
#7402=VERTEX_POINT('',#15583);
#7403=VERTEX_POINT('',#15588);
#7404=VERTEX_POINT('',#15592);
#7405=VERTEX_POINT('',#15596);
#7406=VERTEX_POINT('',#15600);
#7407=VERTEX_POINT('',#15606);
#7408=VERTEX_POINT('',#15609);
#7409=VERTEX_POINT('',#15610);
#7410=VERTEX_POINT('',#15615);
#7411=VERTEX_POINT('',#15619);
#7412=VERTEX_POINT('',#15623);
#7413=VERTEX_POINT('',#15627);
#7414=VERTEX_POINT('',#15633);
#7415=VERTEX_POINT('',#15636);
#7416=VERTEX_POINT('',#15637);
#7417=VERTEX_POINT('',#15642);
#7418=VERTEX_POINT('',#15646);
#7419=VERTEX_POINT('',#15650);
#7420=VERTEX_POINT('',#15654);
#7421=VERTEX_POINT('',#15660);
#7422=VERTEX_POINT('',#15663);
#7423=VERTEX_POINT('',#15666);
#7424=VERTEX_POINT('',#15669);
#7425=VERTEX_POINT('',#15672);
#7426=VERTEX_POINT('',#15676);
#7427=VERTEX_POINT('',#15680);
#7428=VERTEX_POINT('',#15684);
#7429=VERTEX_POINT('',#15697);
#7430=VERTEX_POINT('',#15699);
#7431=VERTEX_POINT('',#15703);
#7432=VERTEX_POINT('',#15705);
#7433=VERTEX_POINT('',#15708);
#7434=VERTEX_POINT('',#15712);
#7435=VERTEX_POINT('',#15716);
#7436=VERTEX_POINT('',#15720);
#7437=VERTEX_POINT('',#15728);
#7438=VERTEX_POINT('',#15730);
#7439=VERTEX_POINT('',#15737);
#7440=VERTEX_POINT('',#15739);
#7441=VERTEX_POINT('',#15741);
#7442=VERTEX_POINT('',#15743);
#7443=VERTEX_POINT('',#15745);
#7444=VERTEX_POINT('',#15748);
#7445=VERTEX_POINT('',#15751);
#7446=VERTEX_POINT('',#15754);
#7447=VERTEX_POINT('',#15756);
#7448=VERTEX_POINT('',#15758);
#7449=VERTEX_POINT('',#15760);
#7450=VERTEX_POINT('',#15762);
#7451=VERTEX_POINT('',#15770);
#7452=VERTEX_POINT('',#15771);
#7453=VERTEX_POINT('',#15773);
#7454=VERTEX_POINT('',#15775);
#7455=VERTEX_POINT('',#15779);
#7456=VERTEX_POINT('',#15781);
#7457=VERTEX_POINT('',#15785);
#7458=VERTEX_POINT('',#15787);
#7459=VERTEX_POINT('',#15791);
#7460=VERTEX_POINT('',#15793);
#7461=VERTEX_POINT('',#15796);
#7462=VERTEX_POINT('',#15798);
#7463=VERTEX_POINT('',#15804);
#7464=VERTEX_POINT('',#15806);
#7465=VERTEX_POINT('',#15809);
#7466=VERTEX_POINT('',#15811);
#7467=VERTEX_POINT('',#15815);
#7468=VERTEX_POINT('',#15819);
#7469=VERTEX_POINT('',#15823);
#7470=VERTEX_POINT('',#15824);
#7471=VERTEX_POINT('',#15826);
#7472=VERTEX_POINT('',#15828);
#7473=VERTEX_POINT('',#15832);
#7474=VERTEX_POINT('',#15834);
#7475=VERTEX_POINT('',#15838);
#7476=VERTEX_POINT('',#15840);
#7477=VERTEX_POINT('',#15849);
#7478=VERTEX_POINT('',#15851);
#7479=VERTEX_POINT('',#15856);
#7480=VERTEX_POINT('',#15857);
#7481=VERTEX_POINT('',#15859);
#7482=VERTEX_POINT('',#15861);
#7483=VERTEX_POINT('',#15865);
#7484=VERTEX_POINT('',#15867);
#7485=VERTEX_POINT('',#15870);
#7486=VERTEX_POINT('',#15871);
#7487=VERTEX_POINT('',#15873);
#7488=VERTEX_POINT('',#15876);
#7489=VERTEX_POINT('',#15878);
#7490=VERTEX_POINT('',#15880);
#7491=VERTEX_POINT('',#15884);
#7492=VERTEX_POINT('',#15886);
#7493=VERTEX_POINT('',#15890);
#7494=VERTEX_POINT('',#15892);
#7495=VERTEX_POINT('',#15894);
#7496=VERTEX_POINT('',#15897);
#7497=VERTEX_POINT('',#15901);
#7498=VERTEX_POINT('',#15903);
#7499=VERTEX_POINT('',#15909);
#7500=VERTEX_POINT('',#15911);
#7501=VERTEX_POINT('',#15921);
#7502=VERTEX_POINT('',#15923);
#7503=VERTEX_POINT('',#15925);
#7504=VERTEX_POINT('',#15927);
#7505=VERTEX_POINT('',#15929);
#7506=VERTEX_POINT('',#15931);
#7507=VERTEX_POINT('',#15933);
#7508=VERTEX_POINT('',#15935);
#7509=VERTEX_POINT('',#15937);
#7510=VERTEX_POINT('',#15939);
#7511=VERTEX_POINT('',#15941);
#7512=VERTEX_POINT('',#15943);
#7513=VERTEX_POINT('',#15945);
#7514=VERTEX_POINT('',#15947);
#7515=VERTEX_POINT('',#15949);
#7516=VERTEX_POINT('',#15951);
#7517=VERTEX_POINT('',#15953);
#7518=VERTEX_POINT('',#15955);
#7519=VERTEX_POINT('',#15957);
#7520=VERTEX_POINT('',#15959);
#7521=VERTEX_POINT('',#15961);
#7522=VERTEX_POINT('',#15963);
#7523=VERTEX_POINT('',#15965);
#7524=VERTEX_POINT('',#15967);
#7525=VERTEX_POINT('',#15969);
#7526=VERTEX_POINT('',#15971);
#7527=VERTEX_POINT('',#15973);
#7528=VERTEX_POINT('',#15975);
#7529=VERTEX_POINT('',#15976);
#7530=VERTEX_POINT('',#15978);
#7531=VERTEX_POINT('',#15980);
#7532=VERTEX_POINT('',#15983);
#7533=VERTEX_POINT('',#15986);
#7534=VERTEX_POINT('',#15988);
#7535=VERTEX_POINT('',#15990);
#7536=VERTEX_POINT('',#15992);
#7537=VERTEX_POINT('',#15994);
#7538=VERTEX_POINT('',#15996);
#7539=VERTEX_POINT('',#15998);
#7540=VERTEX_POINT('',#16000);
#7541=VERTEX_POINT('',#16002);
#7542=VERTEX_POINT('',#16004);
#7543=VERTEX_POINT('',#16006);
#7544=VERTEX_POINT('',#16008);
#7545=VERTEX_POINT('',#16010);
#7546=VERTEX_POINT('',#16012);
#7547=VERTEX_POINT('',#16014);
#7548=VERTEX_POINT('',#16016);
#7549=VERTEX_POINT('',#16018);
#7550=VERTEX_POINT('',#16020);
#7551=VERTEX_POINT('',#16022);
#7552=VERTEX_POINT('',#16024);
#7553=VERTEX_POINT('',#16026);
#7554=VERTEX_POINT('',#16028);
#7555=VERTEX_POINT('',#16030);
#7556=VERTEX_POINT('',#16032);
#7557=VERTEX_POINT('',#16034);
#7558=VERTEX_POINT('',#16036);
#7559=VERTEX_POINT('',#16037);
#7560=VERTEX_POINT('',#16039);
#7561=VERTEX_POINT('',#16041);
#7562=VERTEX_POINT('',#16044);
#7563=VERTEX_POINT('',#16045);
#7564=VERTEX_POINT('',#16047);
#7565=VERTEX_POINT('',#16049);
#7566=VERTEX_POINT('',#16051);
#7567=VERTEX_POINT('',#16053);
#7568=VERTEX_POINT('',#16055);
#7569=VERTEX_POINT('',#16057);
#7570=VERTEX_POINT('',#16076);
#7571=VERTEX_POINT('',#16077);
#7572=VERTEX_POINT('',#16080);
#7573=VERTEX_POINT('',#16082);
#7574=VERTEX_POINT('',#16087);
#7575=VERTEX_POINT('',#16089);
#7576=VERTEX_POINT('',#16091);
#7577=VERTEX_POINT('',#16100);
#7578=VERTEX_POINT('',#16102);
#7579=VERTEX_POINT('',#16104);
#7580=VERTEX_POINT('',#16133);
#7581=VERTEX_POINT('',#16135);
#7582=VERTEX_POINT('',#16137);
#7583=VERTEX_POINT('',#16139);
#7584=VERTEX_POINT('',#16141);
#7585=VERTEX_POINT('',#16143);
#7586=VERTEX_POINT('',#16145);
#7587=VERTEX_POINT('',#16147);
#7588=VERTEX_POINT('',#16149);
#7589=VERTEX_POINT('',#16151);
#7590=VERTEX_POINT('',#16153);
#7591=VERTEX_POINT('',#16155);
#7592=VERTEX_POINT('',#16157);
#7593=VERTEX_POINT('',#16159);
#7594=VERTEX_POINT('',#16161);
#7595=VERTEX_POINT('',#16163);
#7596=VERTEX_POINT('',#16165);
#7597=VERTEX_POINT('',#16167);
#7598=VERTEX_POINT('',#16168);
#7599=VERTEX_POINT('',#16170);
#7600=VERTEX_POINT('',#16172);
#7601=VERTEX_POINT('',#16175);
#7602=VERTEX_POINT('',#16177);
#7603=VERTEX_POINT('',#16179);
#7604=VERTEX_POINT('',#16182);
#7605=VERTEX_POINT('',#16184);
#7606=VERTEX_POINT('',#16186);
#7607=VERTEX_POINT('',#16188);
#7608=VERTEX_POINT('',#16190);
#7609=VERTEX_POINT('',#16192);
#7610=VERTEX_POINT('',#16194);
#7611=VERTEX_POINT('',#16196);
#7612=VERTEX_POINT('',#16198);
#7613=VERTEX_POINT('',#16200);
#7614=VERTEX_POINT('',#16202);
#7615=VERTEX_POINT('',#16204);
#7616=VERTEX_POINT('',#16206);
#7617=VERTEX_POINT('',#16208);
#7618=VERTEX_POINT('',#16210);
#7619=VERTEX_POINT('',#16211);
#7620=VERTEX_POINT('',#16213);
#7621=VERTEX_POINT('',#16215);
#7622=VERTEX_POINT('',#16218);
#7623=VERTEX_POINT('',#16219);
#7624=VERTEX_POINT('',#16221);
#7625=VERTEX_POINT('',#16223);
#7626=VERTEX_POINT('',#16225);
#7627=VERTEX_POINT('',#16227);
#7628=VERTEX_POINT('',#16229);
#7629=VERTEX_POINT('',#16231);
#7630=VERTEX_POINT('',#16234);
#7631=VERTEX_POINT('',#16235);
#7632=VERTEX_POINT('',#16237);
#7633=VERTEX_POINT('',#16239);
#7634=VERTEX_POINT('',#16241);
#7635=VERTEX_POINT('',#16243);
#7636=VERTEX_POINT('',#16245);
#7637=VERTEX_POINT('',#16247);
#7638=VERTEX_POINT('',#16251);
#7639=VERTEX_POINT('',#16252);
#7640=VERTEX_POINT('',#16255);
#7641=VERTEX_POINT('',#16257);
#7642=VERTEX_POINT('',#16272);
#7643=VERTEX_POINT('',#16273);
#7644=VERTEX_POINT('',#16276);
#7645=VERTEX_POINT('',#16278);
#7646=VERTEX_POINT('',#16283);
#7647=VERTEX_POINT('',#16285);
#7648=VERTEX_POINT('',#16287);
#7649=VERTEX_POINT('',#16296);
#7650=VERTEX_POINT('',#16298);
#7651=VERTEX_POINT('',#16300);
#7652=VERTEX_POINT('',#16311);
#7653=VERTEX_POINT('',#16313);
#7654=VERTEX_POINT('',#16315);
#7655=VERTEX_POINT('',#16324);
#7656=VERTEX_POINT('',#16326);
#7657=VERTEX_POINT('',#16328);
#7658=VERTEX_POINT('',#16340);
#7659=VERTEX_POINT('',#16343);
#7660=VERTEX_POINT('',#16357);
#7661=VERTEX_POINT('',#16358);
#7662=VERTEX_POINT('',#16360);
#7663=VERTEX_POINT('',#16362);
#7664=VERTEX_POINT('',#16366);
#7665=VERTEX_POINT('',#16368);
#7666=VERTEX_POINT('',#16372);
#7667=VERTEX_POINT('',#16374);
#7668=VERTEX_POINT('',#16383);
#7669=VERTEX_POINT('',#16385);
#7670=VERTEX_POINT('',#16386);
#7671=VERTEX_POINT('',#16388);
#7672=VERTEX_POINT('',#16390);
#7673=VERTEX_POINT('',#16394);
#7674=VERTEX_POINT('',#16395);
#7675=VERTEX_POINT('',#16397);
#7676=VERTEX_POINT('',#16399);
#7677=VERTEX_POINT('',#16403);
#7678=VERTEX_POINT('',#16405);
#7679=VERTEX_POINT('',#16409);
#7680=VERTEX_POINT('',#16413);
#7681=VERTEX_POINT('',#16418);
#7682=VERTEX_POINT('',#16420);
#7683=VERTEX_POINT('',#16423);
#7684=VERTEX_POINT('',#16426);
#7685=VERTEX_POINT('',#16428);
#7686=VERTEX_POINT('',#16432);
#7687=VERTEX_POINT('',#16438);
#7688=VERTEX_POINT('',#16440);
#7689=VERTEX_POINT('',#16443);
#7690=VERTEX_POINT('',#16447);
#7691=VERTEX_POINT('',#16450);
#7692=VERTEX_POINT('',#16453);
#7693=VERTEX_POINT('',#16457);
#7694=VERTEX_POINT('',#16459);
#7695=VERTEX_POINT('',#16464);
#7696=VERTEX_POINT('',#16465);
#7697=VERTEX_POINT('',#16467);
#7698=VERTEX_POINT('',#16469);
#7699=VERTEX_POINT('',#16473);
#7700=VERTEX_POINT('',#16475);
#7701=VERTEX_POINT('',#16479);
#7702=VERTEX_POINT('',#16481);
#7703=VERTEX_POINT('',#16485);
#7704=VERTEX_POINT('',#16486);
#7705=VERTEX_POINT('',#16488);
#7706=VERTEX_POINT('',#16490);
#7707=VERTEX_POINT('',#16494);
#7708=VERTEX_POINT('',#16496);
#7709=VERTEX_POINT('',#16500);
#7710=VERTEX_POINT('',#16502);
#7711=VERTEX_POINT('',#16514);
#7712=VERTEX_POINT('',#16516);
#7713=VERTEX_POINT('',#16520);
#7714=VERTEX_POINT('',#16522);
#7715=VERTEX_POINT('',#16526);
#7716=VERTEX_POINT('',#16529);
#7717=VERTEX_POINT('',#16533);
#7718=VERTEX_POINT('',#16535);
#7719=VERTEX_POINT('',#16539);
#7720=VERTEX_POINT('',#16541);
#7721=VERTEX_POINT('',#16545);
#7722=VERTEX_POINT('',#16548);
#7723=VERTEX_POINT('',#16552);
#7724=VERTEX_POINT('',#16553);
#7725=VERTEX_POINT('',#16555);
#7726=VERTEX_POINT('',#16557);
#7727=VERTEX_POINT('',#16559);
#7728=VERTEX_POINT('',#16561);
#7729=VERTEX_POINT('',#16563);
#7730=VERTEX_POINT('',#16565);
#7731=VERTEX_POINT('',#16569);
#7732=VERTEX_POINT('',#16571);
#7733=VERTEX_POINT('',#16573);
#7734=VERTEX_POINT('',#16575);
#7735=VERTEX_POINT('',#16577);
#7736=VERTEX_POINT('',#16579);
#7737=VERTEX_POINT('',#16581);
#7738=VERTEX_POINT('',#16583);
#7739=VERTEX_POINT('',#16586);
#7740=VERTEX_POINT('',#16588);
#7741=VERTEX_POINT('',#16590);
#7742=VERTEX_POINT('',#16592);
#7743=VERTEX_POINT('',#16595);
#7744=VERTEX_POINT('',#16597);
#7745=VERTEX_POINT('',#16599);
#7746=VERTEX_POINT('',#16601);
#7747=VERTEX_POINT('',#16603);
#7748=VERTEX_POINT('',#16604);
#7749=VERTEX_POINT('',#16606);
#7750=VERTEX_POINT('',#16608);
#7751=VERTEX_POINT('',#16611);
#7752=VERTEX_POINT('',#16613);
#7753=VERTEX_POINT('',#16620);
#7754=VERTEX_POINT('',#16624);
#7755=VERTEX_POINT('',#16630);
#7756=VERTEX_POINT('',#16634);
#7757=VERTEX_POINT('',#16638);
#7758=VERTEX_POINT('',#16644);
#7759=VERTEX_POINT('',#16649);
#7760=VERTEX_POINT('',#16652);
#7761=VERTEX_POINT('',#16656);
#7762=VERTEX_POINT('',#16659);
#7763=VERTEX_POINT('',#16662);
#7764=VERTEX_POINT('',#16666);
#7765=VERTEX_POINT('',#16670);
#7766=VERTEX_POINT('',#16674);
#7767=VERTEX_POINT('',#16678);
#7768=VERTEX_POINT('',#16682);
#7769=VERTEX_POINT('',#16686);
#7770=VERTEX_POINT('',#16690);
#7771=VERTEX_POINT('',#16694);
#7772=VERTEX_POINT('',#16696);
#7773=VERTEX_POINT('',#16699);
#7774=VERTEX_POINT('',#16701);
#7775=VERTEX_POINT('',#16706);
#7776=VERTEX_POINT('',#16707);
#7777=VERTEX_POINT('',#16709);
#7778=VERTEX_POINT('',#16711);
#7779=VERTEX_POINT('',#16713);
#7780=VERTEX_POINT('',#16715);
#7781=VERTEX_POINT('',#16719);
#7782=VERTEX_POINT('',#16720);
#7783=VERTEX_POINT('',#16722);
#7784=VERTEX_POINT('',#16724);
#7785=VERTEX_POINT('',#16726);
#7786=VERTEX_POINT('',#16728);
#7787=VERTEX_POINT('',#16732);
#7788=VERTEX_POINT('',#16734);
#7789=VERTEX_POINT('',#16735);
#7790=VERTEX_POINT('',#16738);
#7791=VERTEX_POINT('',#16740);
#7792=VERTEX_POINT('',#16745);
#7793=VERTEX_POINT('',#16749);
#7794=VERTEX_POINT('',#16751);
#7795=VERTEX_POINT('',#16755);
#7796=VERTEX_POINT('',#16759);
#7797=VERTEX_POINT('',#16761);
#7798=VERTEX_POINT('',#16763);
#7799=VERTEX_POINT('',#16765);
#7800=VERTEX_POINT('',#16767);
#7801=VERTEX_POINT('',#16772);
#7802=VERTEX_POINT('',#16776);
#7803=VERTEX_POINT('',#16778);
#7804=VERTEX_POINT('',#16790);
#7805=VERTEX_POINT('',#16796);
#7806=VERTEX_POINT('',#16797);
#7807=VERTEX_POINT('',#16799);
#7808=VERTEX_POINT('',#16801);
#7809=VERTEX_POINT('',#16805);
#7810=VERTEX_POINT('',#16807);
#7811=VERTEX_POINT('',#16811);
#7812=VERTEX_POINT('',#16813);
#7813=VERTEX_POINT('',#16817);
#7814=VERTEX_POINT('',#16824);
#7815=VERTEX_POINT('',#16828);
#7816=VERTEX_POINT('',#16829);
#7817=VERTEX_POINT('',#16831);
#7818=VERTEX_POINT('',#16833);
#7819=VERTEX_POINT('',#16836);
#7820=VERTEX_POINT('',#16838);
#7821=VERTEX_POINT('',#16840);
#7822=VERTEX_POINT('',#16843);
#7823=VERTEX_POINT('',#16844);
#7824=VERTEX_POINT('',#16846);
#7825=VERTEX_POINT('',#16848);
#7826=VERTEX_POINT('',#16850);
#7827=VERTEX_POINT('',#16853);
#7828=VERTEX_POINT('',#16855);
#7829=VERTEX_POINT('',#16859);
#7830=VERTEX_POINT('',#16861);
#7831=VERTEX_POINT('',#16864);
#7832=VERTEX_POINT('',#16865);
#7833=VERTEX_POINT('',#16868);
#7834=VERTEX_POINT('',#16869);
#7835=VERTEX_POINT('',#16871);
#7836=VERTEX_POINT('',#16873);
#7837=VERTEX_POINT('',#16876);
#7838=VERTEX_POINT('',#16894);
#7839=VERTEX_POINT('',#16903);
#7840=VERTEX_POINT('',#16905);
#7841=VERTEX_POINT('',#16906);
#7842=VERTEX_POINT('',#16908);
#7843=VERTEX_POINT('',#16910);
#7844=VERTEX_POINT('',#16913);
#7845=VERTEX_POINT('',#16915);
#7846=VERTEX_POINT('',#16918);
#7847=VERTEX_POINT('',#16920);
#7848=VERTEX_POINT('',#16923);
#7849=VERTEX_POINT('',#16924);
#7850=VERTEX_POINT('',#16929);
#7851=VERTEX_POINT('',#16933);
#7852=VERTEX_POINT('',#16937);
#7853=VERTEX_POINT('',#16942);
#7854=VERTEX_POINT('',#16944);
#7855=VERTEX_POINT('',#16948);
#7856=VERTEX_POINT('',#16952);
#7857=VERTEX_POINT('',#16956);
#7858=VERTEX_POINT('',#16958);
#7859=VERTEX_POINT('',#16961);
#7860=VERTEX_POINT('',#16962);
#7861=VERTEX_POINT('',#16964);
#7862=VERTEX_POINT('',#16966);
#7863=VERTEX_POINT('',#16970);
#7864=VERTEX_POINT('',#16972);
#7865=VERTEX_POINT('',#16976);
#7866=VERTEX_POINT('',#16978);
#7867=VERTEX_POINT('',#16982);
#7868=VERTEX_POINT('',#16984);
#7869=VERTEX_POINT('',#16987);
#7870=VERTEX_POINT('',#16989);
#7871=VERTEX_POINT('',#16995);
#7872=VERTEX_POINT('',#16997);
#7873=VERTEX_POINT('',#17001);
#7874=VERTEX_POINT('',#17005);
#7875=VERTEX_POINT('',#17009);
#7876=VERTEX_POINT('',#17010);
#7877=VERTEX_POINT('',#17012);
#7878=VERTEX_POINT('',#17014);
#7879=VERTEX_POINT('',#17017);
#7880=VERTEX_POINT('',#17019);
#7881=VERTEX_POINT('',#17021);
#7882=VERTEX_POINT('',#17024);
#7883=VERTEX_POINT('',#17025);
#7884=VERTEX_POINT('',#17027);
#7885=VERTEX_POINT('',#17029);
#7886=VERTEX_POINT('',#17031);
#7887=VERTEX_POINT('',#17033);
#7888=VERTEX_POINT('',#17035);
#7889=VERTEX_POINT('',#17037);
#7890=VERTEX_POINT('',#17040);
#7891=VERTEX_POINT('',#17041);
#7892=VERTEX_POINT('',#17043);
#7893=VERTEX_POINT('',#17045);
#7894=VERTEX_POINT('',#17049);
#7895=VERTEX_POINT('',#17050);
#7896=VERTEX_POINT('',#17052);
#7897=VERTEX_POINT('',#17054);
#7898=VERTEX_POINT('',#17056);
#7899=VERTEX_POINT('',#17058);
#7900=VERTEX_POINT('',#17062);
#7901=VERTEX_POINT('',#17063);
#7902=VERTEX_POINT('',#17065);
#7903=VERTEX_POINT('',#17067);
#7904=VERTEX_POINT('',#17074);
#7905=VERTEX_POINT('',#17077);
#7906=VERTEX_POINT('',#17079);
#7907=VERTEX_POINT('',#17081);
#7908=VERTEX_POINT('',#17086);
#7909=VERTEX_POINT('',#17090);
#7910=VERTEX_POINT('',#17092);
#7911=VERTEX_POINT('',#17094);
#7912=VERTEX_POINT('',#17097);
#7913=VERTEX_POINT('',#17099);
#7914=VERTEX_POINT('',#17106);
#7915=VERTEX_POINT('',#17108);
#7916=VERTEX_POINT('',#17111);
#7917=VERTEX_POINT('',#17113);
#7918=VERTEX_POINT('',#17115);
#7919=VERTEX_POINT('',#17117);
#7920=VERTEX_POINT('',#17121);
#7921=VERTEX_POINT('',#17125);
#7922=VERTEX_POINT('',#17128);
#7923=VERTEX_POINT('',#17130);
#7924=VERTEX_POINT('',#17132);
#7925=VERTEX_POINT('',#17134);
#7926=VERTEX_POINT('',#17151);
#7927=VERTEX_POINT('',#17154);
#7928=VERTEX_POINT('',#17156);
#7929=VERTEX_POINT('',#17160);
#7930=VERTEX_POINT('',#17162);
#7931=VERTEX_POINT('',#17171);
#7932=VERTEX_POINT('',#17175);
#7933=VERTEX_POINT('',#17179);
#7934=VERTEX_POINT('',#17180);
#7935=VERTEX_POINT('',#17182);
#7936=VERTEX_POINT('',#17184);
#7937=VERTEX_POINT('',#17188);
#7938=VERTEX_POINT('',#17190);
#7939=VERTEX_POINT('',#17194);
#7940=VERTEX_POINT('',#17196);
#7941=VERTEX_POINT('',#17200);
#7942=VERTEX_POINT('',#17202);
#7943=VERTEX_POINT('',#17204);
#7944=VERTEX_POINT('',#17206);
#7945=VERTEX_POINT('',#17208);
#7946=VERTEX_POINT('',#17209);
#7947=VERTEX_POINT('',#17211);
#7948=VERTEX_POINT('',#17213);
#7949=VERTEX_POINT('',#17217);
#7950=VERTEX_POINT('',#17219);
#7951=VERTEX_POINT('',#17223);
#7952=VERTEX_POINT('',#17225);
#7953=VERTEX_POINT('',#17227);
#7954=VERTEX_POINT('',#17229);
#7955=VERTEX_POINT('',#17231);
#7956=VERTEX_POINT('',#17233);
#7957=VERTEX_POINT('',#17235);
#7958=VERTEX_POINT('',#17237);
#7959=VERTEX_POINT('',#17239);
#7960=VERTEX_POINT('',#17241);
#7961=VERTEX_POINT('',#17252);
#7962=VERTEX_POINT('',#17253);
#7963=VERTEX_POINT('',#17270);
#7964=VERTEX_POINT('',#17272);
#7965=VERTEX_POINT('',#17275);
#7966=VERTEX_POINT('',#17277);
#7967=VERTEX_POINT('',#17280);
#7968=VERTEX_POINT('',#17282);
#7969=VERTEX_POINT('',#17285);
#7970=VERTEX_POINT('',#17287);
#7971=VERTEX_POINT('',#17290);
#7972=VERTEX_POINT('',#17291);
#7973=VERTEX_POINT('',#17293);
#7974=VERTEX_POINT('',#17295);
#7975=VERTEX_POINT('',#17297);
#7976=VERTEX_POINT('',#17299);
#7977=VERTEX_POINT('',#17301);
#7978=VERTEX_POINT('',#17303);
#7979=VERTEX_POINT('',#17305);
#7980=VERTEX_POINT('',#17307);
#7981=VERTEX_POINT('',#17309);
#7982=VERTEX_POINT('',#17311);
#7983=VERTEX_POINT('',#17313);
#7984=VERTEX_POINT('',#17315);
#7985=VERTEX_POINT('',#17317);
#7986=VERTEX_POINT('',#17319);
#7987=VERTEX_POINT('',#17321);
#7988=VERTEX_POINT('',#17323);
#7989=VERTEX_POINT('',#17325);
#7990=VERTEX_POINT('',#17327);
#7991=VERTEX_POINT('',#17329);
#7992=VERTEX_POINT('',#17331);
#7993=VERTEX_POINT('',#17335);
#7994=VERTEX_POINT('',#17337);
#7995=VERTEX_POINT('',#17339);
#7996=VERTEX_POINT('',#17341);
#7997=VERTEX_POINT('',#17344);
#7998=VERTEX_POINT('',#17346);
#7999=VERTEX_POINT('',#17350);
#8000=VERTEX_POINT('',#17351);
#8001=VERTEX_POINT('',#17356);
#8002=VERTEX_POINT('',#17358);
#8003=VERTEX_POINT('',#17362);
#8004=VERTEX_POINT('',#17363);
#8005=VERTEX_POINT('',#17366);
#8006=VERTEX_POINT('',#17369);
#8007=VERTEX_POINT('',#17371);
#8008=VERTEX_POINT('',#17374);
#8009=VERTEX_POINT('',#17376);
#8010=VERTEX_POINT('',#17378);
#8011=VERTEX_POINT('',#17380);
#8012=VERTEX_POINT('',#17382);
#8013=VERTEX_POINT('',#17386);
#8014=VERTEX_POINT('',#17391);
#8015=VERTEX_POINT('',#17401);
#8016=VERTEX_POINT('',#17403);
#8017=VERTEX_POINT('',#17405);
#8018=VERTEX_POINT('',#17407);
#8019=VERTEX_POINT('',#17412);
#8020=VERTEX_POINT('',#17415);
#8021=VERTEX_POINT('',#17419);
#8022=VERTEX_POINT('',#17424);
#8023=VERTEX_POINT('',#17428);
#8024=VERTEX_POINT('',#17433);
#8025=VERTEX_POINT('',#17437);
#8026=VERTEX_POINT('',#17439);
#8027=VERTEX_POINT('',#17443);
#8028=VERTEX_POINT('',#17447);
#8029=VERTEX_POINT('',#17453);
#8030=VERTEX_POINT('',#17454);
#8031=VERTEX_POINT('',#17456);
#8032=VERTEX_POINT('',#17458);
#8033=VERTEX_POINT('',#17468);
#8034=VERTEX_POINT('',#17470);
#8035=VERTEX_POINT('',#17474);
#8036=VERTEX_POINT('',#17476);
#8037=EDGE_CURVE('',#7104,#7105,#9238,.T.);
#8038=EDGE_CURVE('',#7106,#7105,#9239,.T.);
#8039=EDGE_CURVE('',#7107,#7106,#9240,.T.);
#8040=EDGE_CURVE('',#7107,#7104,#9241,.T.);
#8041=EDGE_CURVE('',#7105,#7108,#9242,.T.);
#8042=EDGE_CURVE('',#7109,#7108,#9243,.T.);
#8043=EDGE_CURVE('',#7106,#7109,#9244,.T.);
#8044=EDGE_CURVE('',#7108,#7110,#9245,.T.);
#8045=EDGE_CURVE('',#7111,#7110,#9246,.T.);
#8046=EDGE_CURVE('',#7109,#7111,#9247,.T.);
#8047=EDGE_CURVE('',#7112,#7112,#1818,.T.);
#8048=EDGE_CURVE('',#7113,#7113,#1819,.T.);
#8049=EDGE_CURVE('',#7114,#7114,#1820,.T.);
#8050=EDGE_CURVE('',#7115,#7115,#1821,.T.);
#8051=EDGE_CURVE('',#7116,#7116,#1822,.T.);
#8052=EDGE_CURVE('',#7117,#7117,#1823,.T.);
#8053=EDGE_CURVE('',#7118,#7118,#1824,.T.);
#8054=EDGE_CURVE('',#7119,#7119,#1825,.T.);
#8055=EDGE_CURVE('',#7110,#7104,#9248,.T.);
#8056=EDGE_CURVE('',#7111,#7107,#9249,.T.);
#8057=EDGE_CURVE('',#7120,#7120,#1826,.T.);
#8058=EDGE_CURVE('',#7121,#7121,#1827,.T.);
#8059=EDGE_CURVE('',#7122,#7122,#1828,.T.);
#8060=EDGE_CURVE('',#7123,#7123,#1829,.T.);
#8061=EDGE_CURVE('',#7124,#7124,#1830,.T.);
#8062=EDGE_CURVE('',#7125,#7125,#1831,.T.);
#8063=EDGE_CURVE('',#7126,#7126,#1832,.T.);
#8064=EDGE_CURVE('',#7127,#7127,#1833,.T.);
#8065=EDGE_CURVE('',#7128,#7128,#1834,.T.);
#8066=EDGE_CURVE('',#7129,#7129,#1835,.T.);
#8067=EDGE_CURVE('',#7130,#7130,#1836,.T.);
#8068=EDGE_CURVE('',#7131,#7131,#1837,.T.);
#8069=EDGE_CURVE('',#7132,#7132,#1838,.T.);
#8070=EDGE_CURVE('',#7133,#7133,#1839,.T.);
#8071=EDGE_CURVE('',#7134,#7134,#1840,.T.);
#8072=EDGE_CURVE('',#7135,#7135,#1841,.T.);
#8073=EDGE_CURVE('',#7136,#7136,#1842,.T.);
#8074=EDGE_CURVE('',#7137,#7137,#1843,.T.);
#8075=EDGE_CURVE('',#7138,#7138,#1844,.T.);
#8076=EDGE_CURVE('',#7139,#7139,#1845,.T.);
#8077=EDGE_CURVE('',#7140,#7140,#1846,.T.);
#8078=EDGE_CURVE('',#7141,#7141,#1847,.T.);
#8079=EDGE_CURVE('',#7142,#7142,#1848,.T.);
#8080=EDGE_CURVE('',#7143,#7143,#1849,.T.);
#8081=EDGE_CURVE('',#7144,#7144,#1850,.T.);
#8082=EDGE_CURVE('',#7145,#7145,#1851,.T.);
#8083=EDGE_CURVE('',#7146,#7146,#1852,.T.);
#8084=EDGE_CURVE('',#7147,#7147,#1853,.T.);
#8085=EDGE_CURVE('',#7148,#7148,#1854,.T.);
#8086=EDGE_CURVE('',#7149,#7149,#1855,.T.);
#8087=EDGE_CURVE('',#7150,#7150,#1856,.T.);
#8088=EDGE_CURVE('',#7151,#7152,#9250,.T.);
#8089=EDGE_CURVE('',#7153,#7152,#9251,.T.);
#8090=EDGE_CURVE('',#7154,#7153,#9252,.T.);
#8091=EDGE_CURVE('',#7154,#7151,#9253,.T.);
#8092=EDGE_CURVE('',#7152,#7155,#9254,.T.);
#8093=EDGE_CURVE('',#7156,#7155,#9255,.T.);
#8094=EDGE_CURVE('',#7153,#7156,#9256,.T.);
#8095=EDGE_CURVE('',#7155,#7157,#9257,.T.);
#8096=EDGE_CURVE('',#7158,#7157,#9258,.T.);
#8097=EDGE_CURVE('',#7156,#7158,#9259,.T.);
#8098=EDGE_CURVE('',#7159,#7159,#1857,.T.);
#8099=EDGE_CURVE('',#7160,#7160,#1858,.T.);
#8100=EDGE_CURVE('',#7161,#7161,#1859,.T.);
#8101=EDGE_CURVE('',#7162,#7162,#1860,.T.);
#8102=EDGE_CURVE('',#7163,#7163,#1861,.T.);
#8103=EDGE_CURVE('',#7164,#7164,#1862,.T.);
#8104=EDGE_CURVE('',#7165,#7165,#1863,.T.);
#8105=EDGE_CURVE('',#7166,#7166,#1864,.T.);
#8106=EDGE_CURVE('',#7157,#7151,#9260,.T.);
#8107=EDGE_CURVE('',#7158,#7154,#9261,.T.);
#8108=EDGE_CURVE('',#7167,#7167,#1865,.T.);
#8109=EDGE_CURVE('',#7168,#7168,#1866,.T.);
#8110=EDGE_CURVE('',#7169,#7169,#1867,.T.);
#8111=EDGE_CURVE('',#7170,#7170,#1868,.T.);
#8112=EDGE_CURVE('',#7171,#7171,#1869,.T.);
#8113=EDGE_CURVE('',#7172,#7172,#1870,.T.);
#8114=EDGE_CURVE('',#7173,#7173,#1871,.T.);
#8115=EDGE_CURVE('',#7174,#7174,#1872,.T.);
#8116=EDGE_CURVE('',#7175,#7175,#1873,.T.);
#8117=EDGE_CURVE('',#7176,#7176,#1874,.T.);
#8118=EDGE_CURVE('',#7177,#7177,#1875,.T.);
#8119=EDGE_CURVE('',#7178,#7178,#1876,.T.);
#8120=EDGE_CURVE('',#7179,#7179,#1877,.T.);
#8121=EDGE_CURVE('',#7180,#7180,#1878,.T.);
#8122=EDGE_CURVE('',#7181,#7181,#1879,.T.);
#8123=EDGE_CURVE('',#7182,#7182,#1880,.T.);
#8124=EDGE_CURVE('',#7183,#7183,#1881,.T.);
#8125=EDGE_CURVE('',#7184,#7184,#1882,.T.);
#8126=EDGE_CURVE('',#7185,#7186,#9262,.T.);
#8127=EDGE_CURVE('',#7187,#7186,#9263,.T.);
#8128=EDGE_CURVE('',#7188,#7187,#9264,.T.);
#8129=EDGE_CURVE('',#7188,#7185,#9265,.T.);
#8130=EDGE_CURVE('',#7186,#7189,#9266,.T.);
#8131=EDGE_CURVE('',#7190,#7189,#9267,.T.);
#8132=EDGE_CURVE('',#7187,#7190,#9268,.T.);
#8133=EDGE_CURVE('',#7189,#7191,#9269,.T.);
#8134=EDGE_CURVE('',#7191,#7192,#9270,.T.);
#8135=EDGE_CURVE('',#7193,#7192,#9271,.T.);
#8136=EDGE_CURVE('',#7190,#7193,#9272,.T.);
#8137=EDGE_CURVE('',#7192,#7194,#9273,.T.);
#8138=EDGE_CURVE('',#7195,#7194,#9274,.T.);
#8139=EDGE_CURVE('',#7193,#7195,#9275,.T.);
#8140=EDGE_CURVE('',#7194,#7196,#9276,.T.);
#8141=EDGE_CURVE('',#7196,#7197,#9277,.T.);
#8142=EDGE_CURVE('',#7198,#7197,#9278,.T.);
#8143=EDGE_CURVE('',#7195,#7198,#9279,.T.);
#8144=EDGE_CURVE('',#7199,#7200,#9280,.T.);
#8145=EDGE_CURVE('',#7201,#7200,#9281,.T.);
#8146=EDGE_CURVE('',#7202,#7201,#9282,.T.);
#8147=EDGE_CURVE('',#7202,#7199,#9283,.T.);
#8148=EDGE_CURVE('',#7200,#7203,#9284,.T.);
#8149=EDGE_CURVE('',#7203,#7204,#9285,.T.);
#8150=EDGE_CURVE('',#7205,#7204,#9286,.T.);
#8151=EDGE_CURVE('',#7201,#7205,#9287,.T.);
#8152=EDGE_CURVE('',#7204,#7206,#9288,.T.);
#8153=EDGE_CURVE('',#7207,#7206,#9289,.T.);
#8154=EDGE_CURVE('',#7205,#7207,#9290,.T.);
#8155=EDGE_CURVE('',#7206,#7208,#9291,.T.);
#8156=EDGE_CURVE('',#7208,#7209,#9292,.T.);
#8157=EDGE_CURVE('',#7210,#7209,#9293,.T.);
#8158=EDGE_CURVE('',#7207,#7210,#9294,.T.);
#8159=EDGE_CURVE('',#7209,#7211,#9295,.T.);
#8160=EDGE_CURVE('',#7212,#7211,#9296,.T.);
#8161=EDGE_CURVE('',#7210,#7212,#9297,.T.);
#8162=EDGE_CURVE('',#7213,#7214,#9298,.T.);
#8163=EDGE_CURVE('',#7214,#7215,#9299,.T.);
#8164=EDGE_CURVE('',#7216,#7215,#9300,.T.);
#8165=EDGE_CURVE('',#7217,#7216,#9301,.T.);
#8166=EDGE_CURVE('',#7217,#7213,#9302,.T.);
#8167=EDGE_CURVE('',#7215,#7218,#9303,.T.);
#8168=EDGE_CURVE('',#7219,#7218,#9304,.T.);
#8169=EDGE_CURVE('',#7216,#7219,#9305,.T.);
#8170=EDGE_CURVE('',#7218,#7220,#9306,.T.);
#8171=EDGE_CURVE('',#7220,#7221,#9307,.T.);
#8172=EDGE_CURVE('',#7222,#7221,#9308,.T.);
#8173=EDGE_CURVE('',#7219,#7222,#9309,.T.);
#8174=EDGE_CURVE('',#7221,#7223,#9310,.T.);
#8175=EDGE_CURVE('',#7224,#7223,#9311,.T.);
#8176=EDGE_CURVE('',#7222,#7224,#9312,.T.);
#8177=EDGE_CURVE('',#7223,#7225,#9313,.T.);
#8178=EDGE_CURVE('',#7226,#7225,#9314,.T.);
#8179=EDGE_CURVE('',#7224,#7226,#9315,.T.);
#8180=EDGE_CURVE('',#7227,#7228,#9316,.T.);
#8181=EDGE_CURVE('',#7229,#7228,#9317,.T.);
#8182=EDGE_CURVE('',#7230,#7229,#9318,.T.);
#8183=EDGE_CURVE('',#7230,#7227,#9319,.T.);
#8184=EDGE_CURVE('',#7228,#7231,#9320,.T.);
#8185=EDGE_CURVE('',#7232,#7231,#9321,.T.);
#8186=EDGE_CURVE('',#7229,#7232,#9322,.T.);
#8187=EDGE_CURVE('',#7231,#7233,#9323,.T.);
#8188=EDGE_CURVE('',#7233,#7234,#9324,.T.);
#8189=EDGE_CURVE('',#7235,#7234,#9325,.T.);
#8190=EDGE_CURVE('',#7232,#7235,#9326,.T.);
#8191=EDGE_CURVE('',#7234,#7236,#9327,.T.);
#8192=EDGE_CURVE('',#7237,#7236,#9328,.T.);
#8193=EDGE_CURVE('',#7235,#7237,#9329,.T.);
#8194=EDGE_CURVE('',#7236,#7238,#9330,.T.);
#8195=EDGE_CURVE('',#7238,#7239,#9331,.T.);
#8196=EDGE_CURVE('',#7240,#7239,#9332,.T.);
#8197=EDGE_CURVE('',#7237,#7240,#9333,.T.);
#8198=EDGE_CURVE('',#7241,#7242,#9334,.T.);
#8199=EDGE_CURVE('',#7242,#7243,#9335,.T.);
#8200=EDGE_CURVE('',#7244,#7243,#9336,.T.);
#8201=EDGE_CURVE('',#7244,#7241,#9337,.T.);
#8202=EDGE_CURVE('',#7211,#7199,#9338,.T.);
#8203=EDGE_CURVE('',#7212,#7202,#9339,.T.);
#8204=EDGE_CURVE('',#7225,#7213,#9340,.T.);
#8205=EDGE_CURVE('',#7226,#7217,#9341,.T.);
#8206=EDGE_CURVE('',#7239,#7227,#9342,.T.);
#8207=EDGE_CURVE('',#7240,#7230,#9343,.T.);
#8208=EDGE_CURVE('',#7245,#7246,#9344,.T.);
#8209=EDGE_CURVE('',#7245,#7247,#9345,.T.);
#8210=EDGE_CURVE('',#7247,#7248,#9346,.T.);
#8211=EDGE_CURVE('',#7248,#7246,#9347,.T.);
#8212=EDGE_CURVE('',#7197,#7185,#9348,.T.);
#8213=EDGE_CURVE('',#7198,#7188,#9349,.T.);
#8214=EDGE_CURVE('',#7249,#7249,#1883,.T.);
#8215=EDGE_CURVE('',#7246,#7244,#9350,.T.);
#8216=EDGE_CURVE('',#7243,#7245,#9351,.T.);
#8217=EDGE_CURVE('',#7250,#7251,#9352,.T.);
#8218=EDGE_CURVE('',#7251,#7252,#9353,.T.);
#8219=EDGE_CURVE('',#7252,#7253,#9354,.T.);
#8220=EDGE_CURVE('',#7253,#7250,#9355,.T.);
#8221=EDGE_CURVE('',#7247,#7233,#9356,.T.);
#8222=EDGE_CURVE('',#7238,#7214,#9357,.T.);
#8223=EDGE_CURVE('',#7220,#7242,#9358,.T.);
#8224=EDGE_CURVE('',#7241,#7191,#9359,.T.);
#8225=EDGE_CURVE('',#7196,#7203,#9360,.T.);
#8226=EDGE_CURVE('',#7208,#7248,#9361,.T.);
#8227=EDGE_CURVE('',#7254,#7254,#1884,.T.);
#8228=EDGE_CURVE('',#7255,#7250,#9362,.T.);
#8229=EDGE_CURVE('',#7256,#7255,#9363,.T.);
#8230=EDGE_CURVE('',#7256,#7251,#9364,.T.);
#8231=EDGE_CURVE('',#7257,#7253,#9365,.T.);
#8232=EDGE_CURVE('',#7255,#7257,#9366,.T.);
#8233=EDGE_CURVE('',#7258,#7252,#9367,.T.);
#8234=EDGE_CURVE('',#7257,#7258,#9368,.T.);
#8235=EDGE_CURVE('',#7258,#7256,#9369,.T.);
#8236=EDGE_CURVE('',#7259,#7259,#1885,.T.);
#8237=EDGE_CURVE('',#7260,#7260,#1886,.T.);
#8238=EDGE_CURVE('',#7261,#7261,#1887,.T.);
#8239=EDGE_CURVE('',#7262,#7262,#1888,.T.);
#8240=EDGE_CURVE('',#7263,#7263,#1889,.T.);
#8241=EDGE_CURVE('',#7264,#7264,#1890,.T.);
#8242=EDGE_CURVE('',#7265,#7265,#1891,.T.);
#8243=EDGE_CURVE('',#7266,#7266,#1892,.T.);
#8244=EDGE_CURVE('',#7267,#7267,#1893,.T.);
#8245=EDGE_CURVE('',#7268,#7268,#1894,.T.);
#8246=EDGE_CURVE('',#7269,#7269,#1895,.T.);
#8247=EDGE_CURVE('',#7270,#7271,#9370,.T.);
#8248=EDGE_CURVE('',#7272,#7270,#9371,.T.);
#8249=EDGE_CURVE('',#7273,#7272,#9372,.T.);
#8250=EDGE_CURVE('',#7271,#7273,#9373,.T.);
#8251=EDGE_CURVE('',#7274,#7274,#1896,.T.);
#8252=EDGE_CURVE('',#7275,#7275,#1897,.T.);
#8253=EDGE_CURVE('',#7276,#7276,#1898,.T.);
#8254=EDGE_CURVE('',#7277,#7277,#1899,.T.);
#8255=EDGE_CURVE('',#7278,#7279,#9374,.T.);
#8256=EDGE_CURVE('',#7278,#7270,#9375,.T.);
#8257=EDGE_CURVE('',#7279,#7271,#9376,.T.);
#8258=EDGE_CURVE('',#7280,#7278,#9377,.T.);
#8259=EDGE_CURVE('',#7280,#7272,#9378,.T.);
#8260=EDGE_CURVE('',#7281,#7280,#9379,.T.);
#8261=EDGE_CURVE('',#7281,#7273,#9380,.T.);
#8262=EDGE_CURVE('',#7282,#7282,#1900,.T.);
#8263=EDGE_CURVE('',#7283,#7283,#1901,.T.);
#8264=EDGE_CURVE('',#7279,#7281,#9381,.T.);
#8265=EDGE_CURVE('',#7284,#7284,#1902,.T.);
#8266=EDGE_CURVE('',#7285,#7285,#1903,.T.);
#8267=EDGE_CURVE('',#7286,#7286,#1904,.T.);
#8268=EDGE_CURVE('',#7287,#7288,#9382,.T.);
#8269=EDGE_CURVE('',#7289,#7288,#9383,.T.);
#8270=EDGE_CURVE('',#7290,#7289,#9384,.T.);
#8271=EDGE_CURVE('',#7290,#7287,#9385,.T.);
#8272=EDGE_CURVE('',#7288,#7291,#9386,.T.);
#8273=EDGE_CURVE('',#7292,#7291,#9387,.T.);
#8274=EDGE_CURVE('',#7289,#7292,#9388,.T.);
#8275=EDGE_CURVE('',#7291,#7293,#9389,.T.);
#8276=EDGE_CURVE('',#7294,#7293,#9390,.T.);
#8277=EDGE_CURVE('',#7292,#7294,#9391,.T.);
#8278=EDGE_CURVE('',#7295,#7295,#1905,.T.);
#8279=EDGE_CURVE('',#7296,#7296,#1906,.T.);
#8280=EDGE_CURVE('',#7297,#7297,#1907,.T.);
#8281=EDGE_CURVE('',#7298,#7298,#1908,.T.);
#8282=EDGE_CURVE('',#7293,#7287,#9392,.T.);
#8283=EDGE_CURVE('',#7294,#7290,#9393,.T.);
#8284=EDGE_CURVE('',#7299,#7299,#1909,.T.);
#8285=EDGE_CURVE('',#7300,#7300,#1910,.T.);
#8286=EDGE_CURVE('',#7301,#7301,#1911,.T.);
#8287=EDGE_CURVE('',#7302,#7302,#1912,.T.);
#8288=EDGE_CURVE('',#7303,#7303,#1913,.T.);
#8289=EDGE_CURVE('',#7304,#7304,#1914,.T.);
#8290=EDGE_CURVE('',#7305,#7305,#1915,.T.);
#8291=EDGE_CURVE('',#7306,#7306,#1916,.T.);
#8292=EDGE_CURVE('',#7307,#7307,#1917,.T.);
#8293=EDGE_CURVE('',#7308,#7308,#1918,.T.);
#8294=EDGE_CURVE('',#7309,#7310,#9394,.T.);
#8295=EDGE_CURVE('',#7309,#7311,#9395,.T.);
#8296=EDGE_CURVE('',#7311,#7312,#9396,.T.);
#8297=EDGE_CURVE('',#7310,#7312,#9397,.T.);
#8298=EDGE_CURVE('',#7313,#7309,#9398,.T.);
#8299=EDGE_CURVE('',#7313,#7314,#9399,.T.);
#8300=EDGE_CURVE('',#7314,#7311,#9400,.T.);
#8301=EDGE_CURVE('',#7315,#7313,#9401,.T.);
#8302=EDGE_CURVE('',#7315,#7316,#9402,.T.);
#8303=EDGE_CURVE('',#7316,#7314,#9403,.T.);
#8304=EDGE_CURVE('',#7310,#7315,#9404,.T.);
#8305=EDGE_CURVE('',#7312,#7316,#9405,.T.);
#8306=EDGE_CURVE('',#7317,#7317,#1919,.T.);
#8307=EDGE_CURVE('',#7318,#7318,#1920,.T.);
#8308=EDGE_CURVE('',#7319,#7319,#1921,.T.);
#8309=EDGE_CURVE('',#7320,#7320,#1922,.T.);
#8310=EDGE_CURVE('',#7321,#7321,#1923,.T.);
#8311=EDGE_CURVE('',#7322,#7322,#1924,.T.);
#8312=EDGE_CURVE('',#7323,#7323,#1925,.T.);
#8313=EDGE_CURVE('',#7324,#7324,#1926,.T.);
#8314=EDGE_CURVE('',#7325,#7326,#9406,.T.);
#8315=EDGE_CURVE('',#7327,#7325,#9407,.T.);
#8316=EDGE_CURVE('',#7328,#7327,#9408,.T.);
#8317=EDGE_CURVE('',#7326,#7328,#9409,.T.);
#8318=EDGE_CURVE('',#7329,#7329,#1927,.T.);
#8319=EDGE_CURVE('',#7330,#7330,#1928,.T.);
#8320=EDGE_CURVE('',#7331,#7332,#9410,.T.);
#8321=EDGE_CURVE('',#7333,#7331,#9411,.T.);
#8322=EDGE_CURVE('',#7334,#7333,#9412,.T.);
#8323=EDGE_CURVE('',#7334,#7335,#9413,.T.);
#8324=EDGE_CURVE('',#7336,#7335,#9414,.T.);
#8325=EDGE_CURVE('',#7337,#7336,#9415,.T.);
#8326=EDGE_CURVE('',#7337,#7338,#9416,.T.);
#8327=EDGE_CURVE('',#7332,#7338,#9417,.T.);
#8328=EDGE_CURVE('',#7339,#7339,#1929,.T.);
#8329=EDGE_CURVE('',#7340,#7340,#1930,.T.);
#8330=EDGE_CURVE('',#7341,#7341,#1931,.T.);
#8331=EDGE_CURVE('',#7342,#7342,#1932,.T.);
#8332=EDGE_CURVE('',#7343,#7335,#9418,.T.);
#8333=EDGE_CURVE('',#7344,#7343,#9419,.T.);
#8334=EDGE_CURVE('',#7345,#7344,#9420,.T.);
#8335=EDGE_CURVE('',#7346,#7345,#9421,.T.);
#8336=EDGE_CURVE('',#7347,#7346,#9422,.T.);
#8337=EDGE_CURVE('',#7348,#7347,#9423,.T.);
#8338=EDGE_CURVE('',#7336,#7348,#9424,.T.);
#8339=EDGE_CURVE('',#7349,#7349,#1933,.T.);
#8340=EDGE_CURVE('',#7350,#7350,#1934,.T.);
#8341=EDGE_CURVE('',#7351,#7351,#1935,.T.);
#8342=EDGE_CURVE('',#7352,#7352,#1936,.T.);
#8343=EDGE_CURVE('',#7353,#7353,#1937,.T.);
#8344=EDGE_CURVE('',#7354,#7354,#1938,.T.);
#8345=EDGE_CURVE('',#7355,#7355,#1939,.T.);
#8346=EDGE_CURVE('',#7356,#7356,#1940,.T.);
#8347=EDGE_CURVE('',#7357,#7333,#9425,.T.);
#8348=EDGE_CURVE('',#7358,#7357,#9426,.T.);
#8349=EDGE_CURVE('',#7359,#7358,#9427,.T.);
#8350=EDGE_CURVE('',#7360,#7359,#9428,.T.);
#8351=EDGE_CURVE('',#7361,#7360,#9429,.T.);
#8352=EDGE_CURVE('',#7362,#7361,#9430,.T.);
#8353=EDGE_CURVE('',#7334,#7362,#9431,.T.);
#8354=EDGE_CURVE('',#7363,#7363,#1941,.T.);
#8355=EDGE_CURVE('',#7364,#7364,#1942,.T.);
#8356=EDGE_CURVE('',#7365,#7365,#1943,.T.);
#8357=EDGE_CURVE('',#7366,#7366,#1944,.T.);
#8358=EDGE_CURVE('',#7367,#7368,#9432,.T.);
#8359=EDGE_CURVE('',#7368,#7369,#9433,.T.);
#8360=EDGE_CURVE('',#7369,#7370,#9434,.T.);
#8361=EDGE_CURVE('',#7370,#7371,#9435,.T.);
#8362=EDGE_CURVE('',#7371,#7372,#9436,.T.);
#8363=EDGE_CURVE('',#7372,#7367,#9437,.T.);
#8364=EDGE_CURVE('',#7359,#7346,#9438,.T.);
#8365=EDGE_CURVE('',#7345,#7360,#9439,.T.);
#8366=EDGE_CURVE('',#7373,#7374,#9440,.T.);
#8367=EDGE_CURVE('',#7374,#7375,#9441,.T.);
#8368=EDGE_CURVE('',#7375,#7376,#9442,.T.);
#8369=EDGE_CURVE('',#7376,#7373,#9443,.T.);
#8370=EDGE_CURVE('',#7377,#7378,#9444,.T.);
#8371=EDGE_CURVE('',#7379,#7377,#9445,.T.);
#8372=EDGE_CURVE('',#7380,#7379,#9446,.T.);
#8373=EDGE_CURVE('',#7381,#7380,#9447,.T.);
#8374=EDGE_CURVE('',#7382,#7381,#9448,.T.);
#8375=EDGE_CURVE('',#7378,#7382,#9449,.T.);
#8376=EDGE_CURVE('',#7383,#7384,#9450,.T.);
#8377=EDGE_CURVE('',#7385,#7383,#9451,.T.);
#8378=EDGE_CURVE('',#7386,#7385,#9452,.T.);
#8379=EDGE_CURVE('',#7387,#7386,#9453,.T.);
#8380=EDGE_CURVE('',#7388,#7387,#9454,.T.);
#8381=EDGE_CURVE('',#7384,#7388,#9455,.T.);
#8382=EDGE_CURVE('',#7389,#7390,#9456,.T.);
#8383=EDGE_CURVE('',#7391,#7389,#9457,.T.);
#8384=EDGE_CURVE('',#7392,#7391,#9458,.T.);
#8385=EDGE_CURVE('',#7393,#7392,#9459,.T.);
#8386=EDGE_CURVE('',#7394,#7393,#9460,.T.);
#8387=EDGE_CURVE('',#7390,#7394,#9461,.T.);
#8388=EDGE_CURVE('',#7374,#7326,#9462,.T.);
#8389=EDGE_CURVE('',#7373,#7325,#9463,.T.);
#8390=EDGE_CURVE('',#7375,#7328,#9464,.T.);
#8391=EDGE_CURVE('',#7376,#7327,#9465,.T.);
#8392=EDGE_CURVE('',#7395,#7396,#9466,.T.);
#8393=EDGE_CURVE('',#7396,#7379,#9467,.T.);
#8394=EDGE_CURVE('',#7395,#7377,#9468,.T.);
#8395=EDGE_CURVE('',#7397,#7395,#9469,.T.);
#8396=EDGE_CURVE('',#7397,#7378,#9470,.T.);
#8397=EDGE_CURVE('',#7398,#7397,#9471,.T.);
#8398=EDGE_CURVE('',#7398,#7382,#9472,.T.);
#8399=EDGE_CURVE('',#7399,#7398,#9473,.T.);
#8400=EDGE_CURVE('',#7399,#7381,#9474,.T.);
#8401=EDGE_CURVE('',#7400,#7399,#9475,.T.);
#8402=EDGE_CURVE('',#7400,#7380,#9476,.T.);
#8403=EDGE_CURVE('',#7396,#7400,#9477,.T.);
#8404=EDGE_CURVE('',#7401,#7402,#9478,.T.);
#8405=EDGE_CURVE('',#7402,#7385,#9479,.T.);
#8406=EDGE_CURVE('',#7401,#7383,#9480,.T.);
#8407=EDGE_CURVE('',#7403,#7401,#9481,.T.);
#8408=EDGE_CURVE('',#7403,#7384,#9482,.T.);
#8409=EDGE_CURVE('',#7404,#7403,#9483,.T.);
#8410=EDGE_CURVE('',#7404,#7388,#9484,.T.);
#8411=EDGE_CURVE('',#7405,#7404,#9485,.T.);
#8412=EDGE_CURVE('',#7405,#7387,#9486,.T.);
#8413=EDGE_CURVE('',#7406,#7405,#9487,.T.);
#8414=EDGE_CURVE('',#7406,#7386,#9488,.T.);
#8415=EDGE_CURVE('',#7402,#7406,#9489,.T.);
#8416=EDGE_CURVE('',#7407,#7407,#1945,.T.);
#8417=EDGE_CURVE('',#7408,#7409,#9490,.T.);
#8418=EDGE_CURVE('',#7409,#7391,#9491,.T.);
#8419=EDGE_CURVE('',#7408,#7389,#9492,.T.);
#8420=EDGE_CURVE('',#7410,#7408,#9493,.T.);
#8421=EDGE_CURVE('',#7410,#7390,#9494,.T.);
#8422=EDGE_CURVE('',#7411,#7410,#9495,.T.);
#8423=EDGE_CURVE('',#7411,#7394,#9496,.T.);
#8424=EDGE_CURVE('',#7412,#7411,#9497,.T.);
#8425=EDGE_CURVE('',#7412,#7393,#9498,.T.);
#8426=EDGE_CURVE('',#7413,#7412,#9499,.T.);
#8427=EDGE_CURVE('',#7413,#7392,#9500,.T.);
#8428=EDGE_CURVE('',#7409,#7413,#9501,.T.);
#8429=EDGE_CURVE('',#7414,#7414,#1946,.T.);
#8430=EDGE_CURVE('',#7415,#7416,#9502,.T.);
#8431=EDGE_CURVE('',#7415,#7368,#9503,.T.);
#8432=EDGE_CURVE('',#7416,#7367,#9504,.T.);
#8433=EDGE_CURVE('',#7417,#7415,#9505,.T.);
#8434=EDGE_CURVE('',#7417,#7369,#9506,.T.);
#8435=EDGE_CURVE('',#7418,#7417,#9507,.T.);
#8436=EDGE_CURVE('',#7418,#7370,#9508,.T.);
#8437=EDGE_CURVE('',#7419,#7418,#9509,.T.);
#8438=EDGE_CURVE('',#7419,#7371,#9510,.T.);
#8439=EDGE_CURVE('',#7420,#7419,#9511,.T.);
#8440=EDGE_CURVE('',#7420,#7372,#9512,.T.);
#8441=EDGE_CURVE('',#7416,#7420,#9513,.T.);
#8442=EDGE_CURVE('',#7421,#7421,#1947,.T.);
#8443=EDGE_CURVE('',#7422,#7422,#1948,.T.);
#8444=EDGE_CURVE('',#7423,#7423,#1949,.T.);
#8445=EDGE_CURVE('',#7424,#7424,#1950,.T.);
#8446=EDGE_CURVE('',#7425,#7425,#1951,.T.);
#8447=EDGE_CURVE('',#7426,#7426,#1952,.T.);
#8448=EDGE_CURVE('',#7427,#7427,#1953,.T.);
#8449=EDGE_CURVE('',#7428,#7428,#1954,.T.);
#8450=EDGE_CURVE('',#7362,#7343,#9514,.T.);
#8451=EDGE_CURVE('',#7361,#7344,#9515,.T.);
#8452=EDGE_CURVE('',#7358,#7347,#9516,.T.);
#8453=EDGE_CURVE('',#7357,#7348,#9517,.T.);
#8454=EDGE_CURVE('',#7429,#7331,#9518,.T.);
#8455=EDGE_CURVE('',#7430,#7429,#9519,.T.);
#8456=EDGE_CURVE('',#7430,#7337,#9520,.T.);
#8457=EDGE_CURVE('',#7431,#7431,#1955,.T.);
#8458=EDGE_CURVE('',#7432,#7432,#1956,.T.);
#8459=EDGE_CURVE('',#7433,#7433,#1957,.T.);
#8460=EDGE_CURVE('',#7434,#7434,#1958,.T.);
#8461=EDGE_CURVE('',#7435,#7435,#1959,.T.);
#8462=EDGE_CURVE('',#7436,#7436,#1960,.T.);
#8463=EDGE_CURVE('',#7437,#7429,#9521,.T.);
#8464=EDGE_CURVE('',#7438,#7437,#9522,.T.);
#8465=EDGE_CURVE('',#7438,#7430,#9523,.T.);
#8466=EDGE_CURVE('',#7332,#7437,#9524,.T.);
#8467=EDGE_CURVE('',#7338,#7438,#9525,.T.);
#8468=EDGE_CURVE('',#7439,#7439,#1961,.T.);
#8469=EDGE_CURVE('',#7440,#7440,#1962,.T.);
#8470=EDGE_CURVE('',#7441,#7441,#1963,.T.);
#8471=EDGE_CURVE('',#7442,#7442,#1964,.T.);
#8472=EDGE_CURVE('',#7443,#7443,#1965,.T.);
#8473=EDGE_CURVE('',#7444,#7444,#1966,.T.);
#8474=EDGE_CURVE('',#7445,#7445,#1967,.T.);
#8475=EDGE_CURVE('',#7446,#7446,#1968,.T.);
#8476=EDGE_CURVE('',#7447,#7447,#1969,.T.);
#8477=EDGE_CURVE('',#7448,#7448,#1970,.T.);
#8478=EDGE_CURVE('',#7449,#7449,#1971,.T.);
#8479=EDGE_CURVE('',#7450,#7450,#1972,.T.);
#8480=EDGE_CURVE('',#7451,#7452,#9526,.T.);
#8481=EDGE_CURVE('',#7453,#7451,#9527,.T.);
#8482=EDGE_CURVE('',#7453,#7454,#9528,.T.);
#8483=EDGE_CURVE('',#7454,#7452,#9529,.T.);
#8484=EDGE_CURVE('',#7452,#7455,#9530,.T.);
#8485=EDGE_CURVE('',#7454,#7456,#9531,.T.);
#8486=EDGE_CURVE('',#7456,#7455,#9532,.T.);
#8487=EDGE_CURVE('',#7455,#7457,#9533,.T.);
#8488=EDGE_CURVE('',#7456,#7458,#9534,.T.);
#8489=EDGE_CURVE('',#7458,#7457,#9535,.T.);
#8490=EDGE_CURVE('',#7459,#7459,#1973,.T.);
#8491=EDGE_CURVE('',#7460,#7460,#1974,.T.);
#8492=EDGE_CURVE('',#7461,#7461,#1975,.T.);
#8493=EDGE_CURVE('',#7462,#7462,#1976,.T.);
#8494=EDGE_CURVE('',#7457,#7451,#9536,.T.);
#8495=EDGE_CURVE('',#7458,#7453,#9537,.T.);
#8496=EDGE_CURVE('',#7463,#7463,#1977,.T.);
#8497=EDGE_CURVE('',#7464,#7464,#1978,.T.);
#8498=EDGE_CURVE('',#7465,#7465,#1979,.T.);
#8499=EDGE_CURVE('',#7466,#7466,#1980,.T.);
#8500=EDGE_CURVE('',#7467,#7467,#1981,.T.);
#8501=EDGE_CURVE('',#7468,#7468,#1982,.T.);
#8502=EDGE_CURVE('',#7469,#7470,#9538,.T.);
#8503=EDGE_CURVE('',#7471,#7469,#9539,.T.);
#8504=EDGE_CURVE('',#7471,#7472,#9540,.T.);
#8505=EDGE_CURVE('',#7472,#7470,#9541,.T.);
#8506=EDGE_CURVE('',#7470,#7473,#9542,.T.);
#8507=EDGE_CURVE('',#7472,#7474,#9543,.T.);
#8508=EDGE_CURVE('',#7474,#7473,#9544,.T.);
#8509=EDGE_CURVE('',#7473,#7475,#1983,.T.);
#8510=EDGE_CURVE('',#7474,#7476,#1984,.T.);
#8511=EDGE_CURVE('',#7476,#7475,#9545,.T.);
#8512=EDGE_CURVE('',#7475,#7469,#9546,.T.);
#8513=EDGE_CURVE('',#7476,#7471,#9547,.T.);
#8514=EDGE_CURVE('',#7477,#7477,#1985,.T.);
#8515=EDGE_CURVE('',#7478,#7478,#1986,.T.);
#8516=EDGE_CURVE('',#7479,#7480,#9548,.T.);
#8517=EDGE_CURVE('',#7479,#7481,#1987,.T.);
#8518=EDGE_CURVE('',#7481,#7482,#9549,.T.);
#8519=EDGE_CURVE('',#7480,#7482,#1988,.T.);
#8520=EDGE_CURVE('',#7483,#7483,#1989,.T.);
#8521=EDGE_CURVE('',#7484,#7484,#1990,.T.);
#8522=EDGE_CURVE('',#7485,#7486,#9550,.T.);
#8523=EDGE_CURVE('',#7485,#7487,#9551,.T.);
#8524=EDGE_CURVE('',#7487,#7479,#9552,.T.);
#8525=EDGE_CURVE('',#7488,#7480,#9553,.T.);
#8526=EDGE_CURVE('',#7489,#7488,#9554,.T.);
#8527=EDGE_CURVE('',#7489,#7490,#9555,.T.);
#8528=EDGE_CURVE('',#7490,#7486,#9556,.T.);
#8529=EDGE_CURVE('',#7486,#7491,#1991,.T.);
#8530=EDGE_CURVE('',#7490,#7492,#1992,.T.);
#8531=EDGE_CURVE('',#7492,#7491,#9557,.T.);
#8532=EDGE_CURVE('',#7491,#7493,#9558,.T.);
#8533=EDGE_CURVE('',#7492,#7494,#9559,.T.);
#8534=EDGE_CURVE('',#7494,#7495,#9560,.T.);
#8535=EDGE_CURVE('',#7482,#7495,#9561,.T.);
#8536=EDGE_CURVE('',#7481,#7496,#9562,.T.);
#8537=EDGE_CURVE('',#7496,#7493,#9563,.T.);
#8538=EDGE_CURVE('',#7497,#7497,#1993,.T.);
#8539=EDGE_CURVE('',#7498,#7498,#1994,.T.);
#8540=EDGE_CURVE('',#7495,#7488,#1995,.T.);
#8541=EDGE_CURVE('',#7494,#7489,#1996,.T.);
#8542=EDGE_CURVE('',#7499,#7499,#1997,.T.);
#8543=EDGE_CURVE('',#7500,#7500,#1998,.T.);
#8544=EDGE_CURVE('',#7493,#7485,#1999,.T.);
#8545=EDGE_CURVE('',#7496,#7487,#2000,.T.);
#8546=EDGE_CURVE('',#7501,#7501,#2001,.T.);
#8547=EDGE_CURVE('',#7502,#7502,#2002,.T.);
#8548=EDGE_CURVE('',#7503,#7503,#2003,.T.);
#8549=EDGE_CURVE('',#7504,#7504,#2004,.T.);
#8550=EDGE_CURVE('',#7505,#7505,#2005,.T.);
#8551=EDGE_CURVE('',#7506,#7506,#2006,.T.);
#8552=EDGE_CURVE('',#7507,#7507,#2007,.T.);
#8553=EDGE_CURVE('',#7508,#7508,#2008,.T.);
#8554=EDGE_CURVE('',#7509,#7509,#2009,.T.);
#8555=EDGE_CURVE('',#7510,#7510,#2010,.T.);
#8556=EDGE_CURVE('',#7511,#7511,#2011,.T.);
#8557=EDGE_CURVE('',#7512,#7512,#2012,.T.);
#8558=EDGE_CURVE('',#7513,#7513,#2013,.T.);
#8559=EDGE_CURVE('',#7514,#7514,#2014,.T.);
#8560=EDGE_CURVE('',#7515,#7515,#2015,.T.);
#8561=EDGE_CURVE('',#7516,#7516,#2016,.T.);
#8562=EDGE_CURVE('',#7517,#7517,#2017,.T.);
#8563=EDGE_CURVE('',#7518,#7518,#2018,.T.);
#8564=EDGE_CURVE('',#7519,#7519,#2019,.T.);
#8565=EDGE_CURVE('',#7520,#7520,#2020,.T.);
#8566=EDGE_CURVE('',#7521,#7521,#2021,.T.);
#8567=EDGE_CURVE('',#7522,#7522,#2022,.T.);
#8568=EDGE_CURVE('',#7523,#7523,#2023,.T.);
#8569=EDGE_CURVE('',#7524,#7524,#2024,.T.);
#8570=EDGE_CURVE('',#7525,#7525,#2025,.T.);
#8571=EDGE_CURVE('',#7526,#7526,#2026,.T.);
#8572=EDGE_CURVE('',#7527,#7527,#2027,.T.);
#8573=EDGE_CURVE('',#7528,#7529,#9564,.T.);
#8574=EDGE_CURVE('',#7530,#7528,#9565,.T.);
#8575=EDGE_CURVE('',#7531,#7530,#9566,.T.);
#8576=EDGE_CURVE('',#7529,#7531,#9567,.T.);
#8577=EDGE_CURVE('',#7532,#7532,#2028,.T.);
#8578=EDGE_CURVE('',#7533,#7533,#2029,.T.);
#8579=EDGE_CURVE('',#7534,#7534,#2030,.T.);
#8580=EDGE_CURVE('',#7535,#7535,#2031,.T.);
#8581=EDGE_CURVE('',#7536,#7536,#2032,.T.);
#8582=EDGE_CURVE('',#7537,#7537,#2033,.T.);
#8583=EDGE_CURVE('',#7538,#7538,#2034,.T.);
#8584=EDGE_CURVE('',#7539,#7539,#2035,.T.);
#8585=EDGE_CURVE('',#7540,#7540,#2036,.T.);
#8586=EDGE_CURVE('',#7541,#7541,#2037,.T.);
#8587=EDGE_CURVE('',#7542,#7542,#2038,.T.);
#8588=EDGE_CURVE('',#7543,#7543,#2039,.T.);
#8589=EDGE_CURVE('',#7544,#7544,#2040,.T.);
#8590=EDGE_CURVE('',#7545,#7545,#2041,.T.);
#8591=EDGE_CURVE('',#7546,#7546,#2042,.T.);
#8592=EDGE_CURVE('',#7547,#7547,#2043,.T.);
#8593=EDGE_CURVE('',#7548,#7548,#2044,.T.);
#8594=EDGE_CURVE('',#7549,#7549,#2045,.T.);
#8595=EDGE_CURVE('',#7550,#7550,#2046,.T.);
#8596=EDGE_CURVE('',#7551,#7551,#2047,.T.);
#8597=EDGE_CURVE('',#7552,#7552,#2048,.T.);
#8598=EDGE_CURVE('',#7553,#7553,#2049,.T.);
#8599=EDGE_CURVE('',#7554,#7554,#2050,.T.);
#8600=EDGE_CURVE('',#7555,#7555,#2051,.T.);
#8601=EDGE_CURVE('',#7556,#7556,#2052,.T.);
#8602=EDGE_CURVE('',#7557,#7557,#2053,.T.);
#8603=EDGE_CURVE('',#7558,#7559,#9568,.T.);
#8604=EDGE_CURVE('',#7559,#7560,#9569,.T.);
#8605=EDGE_CURVE('',#7560,#7561,#9570,.T.);
#8606=EDGE_CURVE('',#7561,#7558,#9571,.T.);
#8607=EDGE_CURVE('',#7562,#7563,#2054,.T.);
#8608=EDGE_CURVE('',#7563,#7564,#9572,.T.);
#8609=EDGE_CURVE('',#7565,#7564,#2055,.T.);
#8610=EDGE_CURVE('',#7565,#7566,#9573,.T.);
#8611=EDGE_CURVE('',#7566,#7567,#2056,.T.);
#8612=EDGE_CURVE('',#7567,#7568,#9574,.T.);
#8613=EDGE_CURVE('',#7569,#7568,#2057,.T.);
#8614=EDGE_CURVE('',#7569,#7562,#9575,.T.);
#8615=EDGE_CURVE('',#7559,#7529,#9576,.T.);
#8616=EDGE_CURVE('',#7558,#7528,#9577,.T.);
#8617=EDGE_CURVE('',#7560,#7531,#9578,.T.);
#8618=EDGE_CURVE('',#7561,#7530,#9579,.T.);
#8619=EDGE_CURVE('',#7570,#7571,#2058,.T.);
#8620=EDGE_CURVE('',#7565,#7570,#9580,.T.);
#8621=EDGE_CURVE('',#7564,#7572,#9581,.T.);
#8622=EDGE_CURVE('',#7573,#7572,#2059,.T.);
#8623=EDGE_CURVE('',#7569,#7573,#9582,.T.);
#8624=EDGE_CURVE('',#7568,#7571,#9583,.T.);
#8625=EDGE_CURVE('',#7574,#7574,#2060,.T.);
#8626=EDGE_CURVE('',#7572,#7575,#9584,.T.);
#8627=EDGE_CURVE('',#7575,#7576,#2061,.T.);
#8628=EDGE_CURVE('',#7576,#7573,#9585,.T.);
#8629=EDGE_CURVE('',#7575,#7563,#9586,.T.);
#8630=EDGE_CURVE('',#7576,#7562,#9587,.T.);
#8631=EDGE_CURVE('',#7577,#7577,#2062,.T.);
#8632=EDGE_CURVE('',#7571,#7578,#9588,.T.);
#8633=EDGE_CURVE('',#7578,#7579,#2063,.T.);
#8634=EDGE_CURVE('',#7579,#7570,#9589,.T.);
#8635=EDGE_CURVE('',#7578,#7567,#9590,.T.);
#8636=EDGE_CURVE('',#7579,#7566,#9591,.T.);
#8637=EDGE_CURVE('',#7580,#7580,#2064,.T.);
#8638=EDGE_CURVE('',#7581,#7581,#2065,.T.);
#8639=EDGE_CURVE('',#7582,#7582,#2066,.T.);
#8640=EDGE_CURVE('',#7583,#7583,#2067,.T.);
#8641=EDGE_CURVE('',#7584,#7584,#2068,.T.);
#8642=EDGE_CURVE('',#7585,#7585,#2069,.T.);
#8643=EDGE_CURVE('',#7586,#7586,#2070,.T.);
#8644=EDGE_CURVE('',#7587,#7587,#2071,.T.);
#8645=EDGE_CURVE('',#7588,#7588,#2072,.T.);
#8646=EDGE_CURVE('',#7589,#7589,#2073,.T.);
#8647=EDGE_CURVE('',#7590,#7590,#2074,.T.);
#8648=EDGE_CURVE('',#7591,#7591,#2075,.T.);
#8649=EDGE_CURVE('',#7592,#7592,#2076,.T.);
#8650=EDGE_CURVE('',#7593,#7593,#2077,.T.);
#8651=EDGE_CURVE('',#7594,#7594,#2078,.T.);
#8652=EDGE_CURVE('',#7595,#7595,#2079,.T.);
#8653=EDGE_CURVE('',#7596,#7596,#2080,.T.);
#8654=EDGE_CURVE('',#7597,#7598,#9592,.T.);
#8655=EDGE_CURVE('',#7598,#7599,#9593,.T.);
#8656=EDGE_CURVE('',#7599,#7600,#9594,.T.);
#8657=EDGE_CURVE('',#7600,#7597,#9595,.T.);
#8658=EDGE_CURVE('',#7601,#7601,#2081,.T.);
#8659=EDGE_CURVE('',#7602,#7602,#2082,.T.);
#8660=EDGE_CURVE('',#7603,#7603,#2083,.T.);
#8661=EDGE_CURVE('',#7604,#7604,#2084,.T.);
#8662=EDGE_CURVE('',#7605,#7605,#2085,.T.);
#8663=EDGE_CURVE('',#7606,#7606,#2086,.T.);
#8664=EDGE_CURVE('',#7607,#7607,#2087,.T.);
#8665=EDGE_CURVE('',#7608,#7608,#2088,.T.);
#8666=EDGE_CURVE('',#7609,#7609,#2089,.T.);
#8667=EDGE_CURVE('',#7610,#7610,#2090,.T.);
#8668=EDGE_CURVE('',#7611,#7611,#2091,.T.);
#8669=EDGE_CURVE('',#7612,#7612,#2092,.T.);
#8670=EDGE_CURVE('',#7613,#7613,#2093,.T.);
#8671=EDGE_CURVE('',#7614,#7614,#2094,.T.);
#8672=EDGE_CURVE('',#7615,#7615,#2095,.T.);
#8673=EDGE_CURVE('',#7616,#7616,#2096,.T.);
#8674=EDGE_CURVE('',#7617,#7617,#2097,.T.);
#8675=EDGE_CURVE('',#7618,#7619,#9596,.T.);
#8676=EDGE_CURVE('',#7620,#7618,#9597,.T.);
#8677=EDGE_CURVE('',#7621,#7620,#9598,.T.);
#8678=EDGE_CURVE('',#7619,#7621,#9599,.T.);
#8679=EDGE_CURVE('',#7622,#7623,#2098,.T.);
#8680=EDGE_CURVE('',#7623,#7624,#9600,.T.);
#8681=EDGE_CURVE('',#7625,#7624,#2099,.T.);
#8682=EDGE_CURVE('',#7625,#7626,#9601,.T.);
#8683=EDGE_CURVE('',#7626,#7627,#2100,.T.);
#8684=EDGE_CURVE('',#7627,#7628,#9602,.T.);
#8685=EDGE_CURVE('',#7629,#7628,#2101,.T.);
#8686=EDGE_CURVE('',#7629,#7622,#9603,.T.);
#8687=EDGE_CURVE('',#7630,#7631,#9604,.T.);
#8688=EDGE_CURVE('',#7630,#7632,#2102,.T.);
#8689=EDGE_CURVE('',#7633,#7632,#9605,.T.);
#8690=EDGE_CURVE('',#7634,#7633,#2103,.T.);
#8691=EDGE_CURVE('',#7635,#7634,#9606,.T.);
#8692=EDGE_CURVE('',#7635,#7636,#2104,.T.);
#8693=EDGE_CURVE('',#7637,#7636,#9607,.T.);
#8694=EDGE_CURVE('',#7631,#7637,#2105,.T.);
#8695=EDGE_CURVE('',#7638,#7639,#2106,.T.);
#8696=EDGE_CURVE('',#7639,#7636,#9608,.T.);
#8697=EDGE_CURVE('',#7640,#7635,#9609,.T.);
#8698=EDGE_CURVE('',#7640,#7641,#2107,.T.);
#8699=EDGE_CURVE('',#7641,#7632,#9610,.T.);
#8700=EDGE_CURVE('',#7638,#7630,#9611,.T.);
#8701=EDGE_CURVE('',#7598,#7619,#9612,.T.);
#8702=EDGE_CURVE('',#7597,#7618,#9613,.T.);
#8703=EDGE_CURVE('',#7599,#7621,#9614,.T.);
#8704=EDGE_CURVE('',#7600,#7620,#9615,.T.);
#8705=EDGE_CURVE('',#7642,#7643,#2108,.T.);
#8706=EDGE_CURVE('',#7642,#7629,#9616,.T.);
#8707=EDGE_CURVE('',#7644,#7628,#9617,.T.);
#8708=EDGE_CURVE('',#7645,#7644,#2109,.T.);
#8709=EDGE_CURVE('',#7645,#7625,#9618,.T.);
#8710=EDGE_CURVE('',#7643,#7624,#9619,.T.);
#8711=EDGE_CURVE('',#7646,#7646,#2110,.T.);
#8712=EDGE_CURVE('',#7643,#7647,#9620,.T.);
#8713=EDGE_CURVE('',#7647,#7648,#2111,.T.);
#8714=EDGE_CURVE('',#7648,#7642,#9621,.T.);
#8715=EDGE_CURVE('',#7622,#7648,#9622,.T.);
#8716=EDGE_CURVE('',#7623,#7647,#9623,.T.);
#8717=EDGE_CURVE('',#7649,#7649,#2112,.T.);
#8718=EDGE_CURVE('',#7644,#7650,#9624,.T.);
#8719=EDGE_CURVE('',#7650,#7651,#2113,.T.);
#8720=EDGE_CURVE('',#7651,#7645,#9625,.T.);
#8721=EDGE_CURVE('',#7626,#7651,#9626,.T.);
#8722=EDGE_CURVE('',#7627,#7650,#9627,.T.);
#8723=EDGE_CURVE('',#7652,#7652,#2114,.T.);
#8724=EDGE_CURVE('',#7653,#7638,#9628,.T.);
#8725=EDGE_CURVE('',#7654,#7653,#2115,.T.);
#8726=EDGE_CURVE('',#7639,#7654,#9629,.T.);
#8727=EDGE_CURVE('',#7637,#7654,#9630,.T.);
#8728=EDGE_CURVE('',#7631,#7653,#9631,.T.);
#8729=EDGE_CURVE('',#7655,#7655,#2116,.T.);
#8730=EDGE_CURVE('',#7656,#7640,#9632,.T.);
#8731=EDGE_CURVE('',#7657,#7656,#2117,.T.);
#8732=EDGE_CURVE('',#7641,#7657,#9633,.T.);
#8733=EDGE_CURVE('',#7633,#7657,#9634,.T.);
#8734=EDGE_CURVE('',#7634,#7656,#9635,.T.);
#8735=EDGE_CURVE('',#7658,#7658,#2118,.T.);
#8736=EDGE_CURVE('',#7659,#7659,#2119,.T.);
#8737=EDGE_CURVE('',#7660,#7661,#9636,.T.);
#8738=EDGE_CURVE('',#7662,#7660,#9637,.T.);
#8739=EDGE_CURVE('',#7662,#7663,#9638,.T.);
#8740=EDGE_CURVE('',#7663,#7661,#9639,.T.);
#8741=EDGE_CURVE('',#7661,#7664,#9640,.T.);
#8742=EDGE_CURVE('',#7663,#7665,#9641,.T.);
#8743=EDGE_CURVE('',#7665,#7664,#9642,.T.);
#8744=EDGE_CURVE('',#7664,#7666,#9643,.T.);
#8745=EDGE_CURVE('',#7665,#7667,#9644,.T.);
#8746=EDGE_CURVE('',#7667,#7666,#9645,.T.);
#8747=EDGE_CURVE('',#7666,#7660,#9646,.T.);
#8748=EDGE_CURVE('',#7667,#7662,#9647,.T.);
#8749=EDGE_CURVE('',#7668,#7668,#2120,.T.);
#8750=EDGE_CURVE('',#7669,#7670,#9648,.T.);
#8751=EDGE_CURVE('',#7671,#7669,#2121,.T.);
#8752=EDGE_CURVE('',#7672,#7671,#9649,.T.);
#8753=EDGE_CURVE('',#7670,#7672,#2122,.T.);
#8754=EDGE_CURVE('',#7673,#7674,#9650,.T.);
#8755=EDGE_CURVE('',#7675,#7674,#9651,.T.);
#8756=EDGE_CURVE('',#7676,#7675,#9652,.T.);
#8757=EDGE_CURVE('',#7676,#7673,#9653,.T.);
#8758=EDGE_CURVE('',#7677,#7670,#9654,.T.);
#8759=EDGE_CURVE('',#7678,#7677,#9655,.T.);
#8760=EDGE_CURVE('',#7678,#7669,#9656,.T.);
#8761=EDGE_CURVE('',#7679,#7672,#9657,.T.);
#8762=EDGE_CURVE('',#7677,#7679,#2123,.T.);
#8763=EDGE_CURVE('',#7680,#7671,#9658,.T.);
#8764=EDGE_CURVE('',#7679,#7680,#9659,.T.);
#8765=EDGE_CURVE('',#7675,#7678,#2124,.T.);
#8766=EDGE_CURVE('',#7674,#7681,#2125,.T.);
#8767=EDGE_CURVE('',#7682,#7681,#9660,.T.);
#8768=EDGE_CURVE('',#7680,#7682,#2126,.T.);
#8769=EDGE_CURVE('',#7683,#7683,#2127,.T.);
#8770=EDGE_CURVE('',#7681,#7684,#9661,.T.);
#8771=EDGE_CURVE('',#7685,#7684,#9662,.T.);
#8772=EDGE_CURVE('',#7682,#7685,#9663,.T.);
#8773=EDGE_CURVE('',#7686,#7686,#2128,.T.);
#8774=EDGE_CURVE('',#7684,#7673,#2129,.T.);
#8775=EDGE_CURVE('',#7685,#7676,#2130,.T.);
#8776=EDGE_CURVE('',#7687,#7687,#2131,.T.);
#8777=EDGE_CURVE('',#7688,#7688,#2132,.T.);
#8778=EDGE_CURVE('',#7689,#7689,#2133,.T.);
#8779=EDGE_CURVE('',#7690,#7690,#2134,.T.);
#8780=EDGE_CURVE('',#7691,#7691,#2135,.T.);
#8781=EDGE_CURVE('',#7692,#7692,#2136,.T.);
#8782=EDGE_CURVE('',#7693,#7693,#2137,.T.);
#8783=EDGE_CURVE('',#7694,#7694,#2138,.T.);
#8784=EDGE_CURVE('',#7695,#7696,#9664,.T.);
#8785=EDGE_CURVE('',#7697,#7695,#9665,.T.);
#8786=EDGE_CURVE('',#7697,#7698,#9666,.T.);
#8787=EDGE_CURVE('',#7698,#7696,#9667,.T.);
#8788=EDGE_CURVE('',#7699,#7695,#2139,.T.);
#8789=EDGE_CURVE('',#7700,#7699,#9668,.T.);
#8790=EDGE_CURVE('',#7700,#7697,#2140,.T.);
#8791=EDGE_CURVE('',#7701,#7699,#9669,.T.);
#8792=EDGE_CURVE('',#7702,#7701,#9670,.T.);
#8793=EDGE_CURVE('',#7702,#7700,#9671,.T.);
#8794=EDGE_CURVE('',#7703,#7704,#9672,.T.);
#8795=EDGE_CURVE('',#7705,#7704,#9673,.T.);
#8796=EDGE_CURVE('',#7706,#7705,#9674,.T.);
#8797=EDGE_CURVE('',#7706,#7703,#9675,.T.);
#8798=EDGE_CURVE('',#7704,#7707,#2141,.T.);
#8799=EDGE_CURVE('',#7708,#7707,#9676,.T.);
#8800=EDGE_CURVE('',#7705,#7708,#2142,.T.);
#8801=EDGE_CURVE('',#7707,#7709,#9677,.T.);
#8802=EDGE_CURVE('',#7710,#7709,#9678,.T.);
#8803=EDGE_CURVE('',#7708,#7710,#9679,.T.);
#8804=EDGE_CURVE('',#7709,#7703,#2143,.T.);
#8805=EDGE_CURVE('',#7710,#7706,#2144,.T.);
#8806=EDGE_CURVE('',#7696,#7701,#2145,.T.);
#8807=EDGE_CURVE('',#7698,#7702,#2146,.T.);
#8808=EDGE_CURVE('',#7711,#7711,#2147,.T.);
#8809=EDGE_CURVE('',#7712,#7712,#2148,.T.);
#8810=EDGE_CURVE('',#7713,#7713,#2149,.T.);
#8811=EDGE_CURVE('',#7714,#7714,#2150,.T.);
#8812=EDGE_CURVE('',#7715,#7715,#2151,.T.);
#8813=EDGE_CURVE('',#7716,#7716,#2152,.T.);
#8814=EDGE_CURVE('',#7717,#7717,#2153,.T.);
#8815=EDGE_CURVE('',#7718,#7718,#2154,.T.);
#8816=EDGE_CURVE('',#7719,#7719,#2155,.T.);
#8817=EDGE_CURVE('',#7720,#7720,#2156,.T.);
#8818=EDGE_CURVE('',#7721,#7721,#2157,.T.);
#8819=EDGE_CURVE('',#7722,#7722,#2158,.T.);
#8820=EDGE_CURVE('',#7723,#7724,#9680,.T.);
#8821=EDGE_CURVE('',#7724,#7725,#9681,.T.);
#8822=EDGE_CURVE('',#7725,#7726,#9682,.T.);
#8823=EDGE_CURVE('',#7726,#7727,#9683,.T.);
#8824=EDGE_CURVE('',#7727,#7728,#9684,.T.);
#8825=EDGE_CURVE('',#7728,#7729,#9685,.T.);
#8826=EDGE_CURVE('',#7729,#7730,#9686,.T.);
#8827=EDGE_CURVE('',#7730,#7723,#9687,.T.);
#8828=EDGE_CURVE('',#7731,#7731,#2159,.T.);
#8829=EDGE_CURVE('',#7732,#7732,#2160,.T.);
#8830=EDGE_CURVE('',#7733,#7725,#9688,.T.);
#8831=EDGE_CURVE('',#7734,#7733,#9689,.T.);
#8832=EDGE_CURVE('',#7734,#7735,#9690,.T.);
#8833=EDGE_CURVE('',#7735,#7736,#9691,.T.);
#8834=EDGE_CURVE('',#7736,#7737,#9692,.T.);
#8835=EDGE_CURVE('',#7738,#7737,#9693,.T.);
#8836=EDGE_CURVE('',#7738,#7726,#9694,.T.);
#8837=EDGE_CURVE('',#7739,#7739,#2161,.T.);
#8838=EDGE_CURVE('',#7740,#7740,#2162,.T.);
#8839=EDGE_CURVE('',#7741,#7741,#2163,.T.);
#8840=EDGE_CURVE('',#7742,#7742,#2164,.T.);
#8841=EDGE_CURVE('',#7743,#7743,#2165,.T.);
#8842=EDGE_CURVE('',#7744,#7744,#2166,.T.);
#8843=EDGE_CURVE('',#7745,#7745,#2167,.T.);
#8844=EDGE_CURVE('',#7746,#7746,#2168,.T.);
#8845=EDGE_CURVE('',#7747,#7748,#9695,.T.);
#8846=EDGE_CURVE('',#7749,#7748,#9696,.T.);
#8847=EDGE_CURVE('',#7750,#7749,#9697,.T.);
#8848=EDGE_CURVE('',#7750,#7730,#9698,.T.);
#8849=EDGE_CURVE('',#7751,#7729,#9699,.T.);
#8850=EDGE_CURVE('',#7752,#7751,#9700,.T.);
#8851=EDGE_CURVE('',#7747,#7752,#9701,.T.);
#8852=EDGE_CURVE('',#7748,#7735,#9702,.T.);
#8853=EDGE_CURVE('',#7747,#7736,#9703,.T.);
#8854=EDGE_CURVE('',#7753,#7728,#9704,.T.);
#8855=EDGE_CURVE('',#7751,#7753,#9705,.T.);
#8856=EDGE_CURVE('',#7754,#7727,#9706,.T.);
#8857=EDGE_CURVE('',#7753,#7754,#9707,.T.);
#8858=EDGE_CURVE('',#7754,#7738,#9708,.T.);
#8859=EDGE_CURVE('',#7755,#7755,#2169,.T.);
#8860=EDGE_CURVE('',#7752,#7737,#9709,.T.);
#8861=EDGE_CURVE('',#7756,#7724,#9710,.T.);
#8862=EDGE_CURVE('',#7733,#7756,#9711,.T.);
#8863=EDGE_CURVE('',#7757,#7723,#9712,.T.);
#8864=EDGE_CURVE('',#7756,#7757,#9713,.T.);
#8865=EDGE_CURVE('',#7757,#7750,#9714,.T.);
#8866=EDGE_CURVE('',#7758,#7758,#2170,.T.);
#8867=EDGE_CURVE('',#7749,#7734,#9715,.T.);
#8868=EDGE_CURVE('',#7759,#7759,#2171,.T.);
#8869=EDGE_CURVE('',#7760,#7760,#2172,.T.);
#8870=EDGE_CURVE('',#7761,#7761,#2173,.T.);
#8871=EDGE_CURVE('',#7762,#7762,#2174,.T.);
#8872=EDGE_CURVE('',#7763,#7763,#2175,.T.);
#8873=EDGE_CURVE('',#7764,#7764,#2176,.T.);
#8874=EDGE_CURVE('',#7765,#7765,#2177,.T.);
#8875=EDGE_CURVE('',#7766,#7766,#2178,.T.);
#8876=EDGE_CURVE('',#7767,#7767,#2179,.T.);
#8877=EDGE_CURVE('',#7768,#7768,#2180,.T.);
#8878=EDGE_CURVE('',#7769,#7769,#2181,.T.);
#8879=EDGE_CURVE('',#7770,#7770,#2182,.T.);
#8880=EDGE_CURVE('',#7771,#7771,#2183,.T.);
#8881=EDGE_CURVE('',#7772,#7772,#2184,.T.);
#8882=EDGE_CURVE('',#7773,#7773,#2185,.T.);
#8883=EDGE_CURVE('',#7774,#7774,#2186,.T.);
#8884=EDGE_CURVE('',#7775,#7776,#9716,.T.);
#8885=EDGE_CURVE('',#7777,#7775,#9717,.T.);
#8886=EDGE_CURVE('',#7778,#7777,#9718,.T.);
#8887=EDGE_CURVE('',#7779,#7778,#9719,.T.);
#8888=EDGE_CURVE('',#7780,#7779,#9720,.T.);
#8889=EDGE_CURVE('',#7776,#7780,#9721,.T.);
#8890=EDGE_CURVE('',#7781,#7782,#9722,.T.);
#8891=EDGE_CURVE('',#7783,#7781,#9723,.T.);
#8892=EDGE_CURVE('',#7784,#7783,#9724,.T.);
#8893=EDGE_CURVE('',#7785,#7784,#9725,.T.);
#8894=EDGE_CURVE('',#7786,#7785,#9726,.T.);
#8895=EDGE_CURVE('',#7782,#7786,#9727,.T.);
#8896=EDGE_CURVE('',#7787,#7787,#2187,.T.);
#8897=EDGE_CURVE('',#7788,#7789,#9728,.T.);
#8898=EDGE_CURVE('',#7783,#7788,#9729,.T.);
#8899=EDGE_CURVE('',#7790,#7781,#9730,.T.);
#8900=EDGE_CURVE('',#7791,#7790,#9731,.T.);
#8901=EDGE_CURVE('',#7791,#7776,#9732,.T.);
#8902=EDGE_CURVE('',#7780,#7789,#9733,.T.);
#8903=EDGE_CURVE('',#7789,#7792,#9734,.T.);
#8904=EDGE_CURVE('',#7779,#7792,#9735,.T.);
#8905=EDGE_CURVE('',#7793,#7793,#2188,.T.);
#8906=EDGE_CURVE('',#7792,#7794,#9736,.T.);
#8907=EDGE_CURVE('',#7778,#7794,#9737,.T.);
#8908=EDGE_CURVE('',#7794,#7795,#9738,.T.);
#8909=EDGE_CURVE('',#7777,#7795,#9739,.T.);
#8910=EDGE_CURVE('',#7796,#7796,#2189,.T.);
#8911=EDGE_CURVE('',#7797,#7797,#2190,.T.);
#8912=EDGE_CURVE('',#7795,#7798,#9740,.T.);
#8913=EDGE_CURVE('',#7799,#7775,#9741,.T.);
#8914=EDGE_CURVE('',#7800,#7799,#9742,.T.);
#8915=EDGE_CURVE('',#7800,#7782,#9743,.T.);
#8916=EDGE_CURVE('',#7786,#7798,#9744,.T.);
#8917=EDGE_CURVE('',#7798,#7801,#9745,.T.);
#8918=EDGE_CURVE('',#7785,#7801,#9746,.T.);
#8919=EDGE_CURVE('',#7802,#7802,#2191,.T.);
#8920=EDGE_CURVE('',#7801,#7803,#9747,.T.);
#8921=EDGE_CURVE('',#7784,#7803,#9748,.T.);
#8922=EDGE_CURVE('',#7803,#7788,#9749,.T.);
#8923=EDGE_CURVE('',#7799,#7791,#9750,.T.);
#8924=EDGE_CURVE('',#7790,#7800,#9751,.T.);
#8925=EDGE_CURVE('',#7804,#7804,#2192,.T.);
#8926=EDGE_CURVE('',#7805,#7806,#9752,.T.);
#8927=EDGE_CURVE('',#7807,#7806,#9753,.T.);
#8928=EDGE_CURVE('',#7808,#7807,#9754,.T.);
#8929=EDGE_CURVE('',#7808,#7805,#9755,.T.);
#8930=EDGE_CURVE('',#7806,#7809,#2193,.T.);
#8931=EDGE_CURVE('',#7810,#7809,#9756,.T.);
#8932=EDGE_CURVE('',#7807,#7810,#2194,.T.);
#8933=EDGE_CURVE('',#7809,#7811,#9757,.T.);
#8934=EDGE_CURVE('',#7812,#7811,#9758,.T.);
#8935=EDGE_CURVE('',#7810,#7812,#9759,.T.);
#8936=EDGE_CURVE('',#7813,#7813,#2195,.T.);
#8937=EDGE_CURVE('',#7811,#7805,#9760,.T.);
#8938=EDGE_CURVE('',#7812,#7808,#9761,.T.);
#8939=EDGE_CURVE('',#7814,#7814,#2196,.T.);
#8940=EDGE_CURVE('',#7815,#7816,#9762,.T.);
#8941=EDGE_CURVE('',#7815,#7817,#9763,.T.);
#8942=EDGE_CURVE('',#7817,#7818,#9764,.T.);
#8943=EDGE_CURVE('',#7816,#7818,#9765,.T.);
#8944=EDGE_CURVE('',#7819,#7819,#2197,.T.);
#8945=EDGE_CURVE('',#7820,#7820,#2198,.T.);
#8946=EDGE_CURVE('',#7821,#7821,#2199,.T.);
#8947=EDGE_CURVE('',#7822,#7823,#2200,.T.);
#8948=EDGE_CURVE('',#7822,#7824,#2201,.T.);
#8949=EDGE_CURVE('',#7825,#7824,#2202,.T.);
#8950=EDGE_CURVE('',#7826,#7825,#9766,.T.);
#8951=EDGE_CURVE('',#7826,#7826,#2203,.T.);
#8952=EDGE_CURVE('',#7827,#7826,#9767,.T.);
#8953=EDGE_CURVE('',#7828,#7827,#2204,.T.);
#8954=EDGE_CURVE('',#7823,#7828,#2205,.T.);
#8955=EDGE_CURVE('',#7829,#7829,#2206,.T.);
#8956=EDGE_CURVE('',#7830,#7830,#2207,.T.);
#8957=EDGE_CURVE('',#7831,#7832,#2208,.T.);
#8958=EDGE_CURVE('',#7832,#7831,#9768,.T.);
#8959=EDGE_CURVE('',#7833,#7834,#9769,.T.);
#8960=EDGE_CURVE('',#7833,#7835,#9770,.T.);
#8961=EDGE_CURVE('',#7835,#7836,#9771,.T.);
#8962=EDGE_CURVE('',#7834,#7836,#9772,.T.);
#8963=EDGE_CURVE('',#7837,#7837,#2209,.T.);
#8964=EDGE_CURVE('',#7834,#7815,#9773,.T.);
#8965=EDGE_CURVE('',#7816,#7833,#9774,.T.);
#8966=EDGE_CURVE('',#7836,#7817,#9775,.T.);
#8967=EDGE_CURVE('',#7818,#7835,#9776,.T.);
#8968=EDGE_CURVE('',#7824,#7822,#2210,.T.);
#8969=EDGE_CURVE('',#7823,#7828,#2211,.T.);
#8970=EDGE_CURVE('',#7831,#7827,#9777,.T.);
#8971=EDGE_CURVE('',#7825,#7832,#9778,.T.);
#8972=EDGE_CURVE('',#7838,#7838,#2212,.T.);
#8973=EDGE_CURVE('',#7822,#7824,#2213,.T.);
#8974=EDGE_CURVE('',#7823,#7828,#2214,.T.);
#8975=EDGE_CURVE('',#7839,#7839,#2215,.T.);
#8976=EDGE_CURVE('',#7840,#7841,#9779,.T.);
#8977=EDGE_CURVE('',#7842,#7840,#9780,.T.);
#8978=EDGE_CURVE('',#7843,#7842,#9781,.T.);
#8979=EDGE_CURVE('',#7841,#7843,#9782,.T.);
#8980=EDGE_CURVE('',#7844,#7844,#2216,.T.);
#8981=EDGE_CURVE('',#7845,#7845,#2217,.T.);
#8982=EDGE_CURVE('',#7846,#7846,#2218,.T.);
#8983=EDGE_CURVE('',#7847,#7847,#2219,.T.);
#8984=EDGE_CURVE('',#7848,#7849,#9783,.T.);
#8985=EDGE_CURVE('',#7840,#7848,#9784,.T.);
#8986=EDGE_CURVE('',#7841,#7849,#9785,.T.);
#8987=EDGE_CURVE('',#7850,#7848,#9786,.T.);
#8988=EDGE_CURVE('',#7842,#7850,#9787,.T.);
#8989=EDGE_CURVE('',#7851,#7850,#9788,.T.);
#8990=EDGE_CURVE('',#7843,#7851,#9789,.T.);
#8991=EDGE_CURVE('',#7852,#7852,#2220,.T.);
#8992=EDGE_CURVE('',#7849,#7851,#9790,.T.);
#8993=EDGE_CURVE('',#7853,#7853,#2221,.T.);
#8994=EDGE_CURVE('',#7854,#7854,#2222,.T.);
#8995=EDGE_CURVE('',#7855,#7855,#2223,.T.);
#8996=EDGE_CURVE('',#7856,#7856,#2224,.T.);
#8997=EDGE_CURVE('',#7857,#7857,#2225,.T.);
#8998=EDGE_CURVE('',#7858,#7858,#2226,.T.);
#8999=EDGE_CURVE('',#7859,#7860,#9791,.T.);
#9000=EDGE_CURVE('',#7861,#7859,#9792,.T.);
#9001=EDGE_CURVE('',#7861,#7862,#9793,.T.);
#9002=EDGE_CURVE('',#7862,#7860,#9794,.T.);
#9003=EDGE_CURVE('',#7860,#7863,#9795,.T.);
#9004=EDGE_CURVE('',#7862,#7864,#9796,.T.);
#9005=EDGE_CURVE('',#7864,#7863,#9797,.T.);
#9006=EDGE_CURVE('',#7863,#7865,#9798,.T.);
#9007=EDGE_CURVE('',#7864,#7866,#9799,.T.);
#9008=EDGE_CURVE('',#7866,#7865,#9800,.T.);
#9009=EDGE_CURVE('',#7867,#7867,#2227,.T.);
#9010=EDGE_CURVE('',#7868,#7868,#2228,.T.);
#9011=EDGE_CURVE('',#7869,#7869,#2229,.T.);
#9012=EDGE_CURVE('',#7870,#7870,#2230,.T.);
#9013=EDGE_CURVE('',#7865,#7859,#9801,.T.);
#9014=EDGE_CURVE('',#7866,#7861,#9802,.T.);
#9015=EDGE_CURVE('',#7871,#7871,#2231,.T.);
#9016=EDGE_CURVE('',#7872,#7872,#2232,.T.);
#9017=EDGE_CURVE('',#7873,#7873,#2233,.T.);
#9018=EDGE_CURVE('',#7874,#7874,#2234,.T.);
#9019=EDGE_CURVE('',#7875,#7876,#9803,.T.);
#9020=EDGE_CURVE('',#7877,#7876,#9804,.T.);
#9021=EDGE_CURVE('',#7878,#7877,#9805,.T.);
#9022=EDGE_CURVE('',#7878,#7875,#9806,.T.);
#9023=EDGE_CURVE('',#7879,#7879,#2235,.T.);
#9024=EDGE_CURVE('',#7880,#7880,#2236,.T.);
#9025=EDGE_CURVE('',#7881,#7881,#2237,.T.);
#9026=EDGE_CURVE('',#7882,#7883,#9807,.T.);
#9027=EDGE_CURVE('',#7883,#7884,#9808,.T.);
#9028=EDGE_CURVE('',#7884,#7885,#9809,.T.);
#9029=EDGE_CURVE('',#7886,#7885,#9810,.T.);
#9030=EDGE_CURVE('',#7887,#7886,#9811,.T.);
#9031=EDGE_CURVE('',#7887,#7888,#9812,.T.);
#9032=EDGE_CURVE('',#7889,#7888,#9813,.T.);
#9033=EDGE_CURVE('',#7889,#7882,#9814,.T.);
#9034=EDGE_CURVE('',#7890,#7891,#9815,.T.);
#9035=EDGE_CURVE('',#7890,#7892,#9816,.T.);
#9036=EDGE_CURVE('',#7892,#7893,#9817,.T.);
#9037=EDGE_CURVE('',#7893,#7891,#9818,.T.);
#9038=EDGE_CURVE('',#7894,#7895,#9819,.T.);
#9039=EDGE_CURVE('',#7894,#7896,#9820,.T.);
#9040=EDGE_CURVE('',#7897,#7896,#9821,.T.);
#9041=EDGE_CURVE('',#7898,#7897,#9822,.T.);
#9042=EDGE_CURVE('',#7899,#7898,#9823,.T.);
#9043=EDGE_CURVE('',#7895,#7899,#9824,.T.);
#9044=EDGE_CURVE('',#7900,#7901,#9825,.T.);
#9045=EDGE_CURVE('',#7902,#7900,#9826,.T.);
#9046=EDGE_CURVE('',#7902,#7903,#9827,.T.);
#9047=EDGE_CURVE('',#7903,#7901,#9828,.T.);
#9048=EDGE_CURVE('',#7876,#7900,#9829,.T.);
#9049=EDGE_CURVE('',#7895,#7875,#9830,.T.);
#9050=EDGE_CURVE('',#7899,#7887,#9831,.T.);
#9051=EDGE_CURVE('',#7886,#7904,#9832,.T.);
#9052=EDGE_CURVE('',#7904,#7902,#9833,.T.);
#9053=EDGE_CURVE('',#7905,#7905,#2238,.T.);
#9054=EDGE_CURVE('',#7906,#7906,#2239,.T.);
#9055=EDGE_CURVE('',#7907,#7907,#2240,.T.);
#9056=EDGE_CURVE('',#7894,#7878,#9834,.T.);
#9057=EDGE_CURVE('',#7877,#7901,#9835,.T.);
#9058=EDGE_CURVE('',#7908,#7903,#9836,.T.);
#9059=EDGE_CURVE('',#7885,#7908,#9837,.T.);
#9060=EDGE_CURVE('',#7896,#7884,#9838,.T.);
#9061=EDGE_CURVE('',#7909,#7909,#2241,.T.);
#9062=EDGE_CURVE('',#7910,#7910,#2242,.T.);
#9063=EDGE_CURVE('',#7911,#7911,#2243,.T.);
#9064=EDGE_CURVE('',#7897,#7912,#9839,.T.);
#9065=EDGE_CURVE('',#7913,#7912,#9840,.T.);
#9066=EDGE_CURVE('',#7898,#7913,#9841,.T.);
#9067=EDGE_CURVE('',#7912,#7882,#9842,.T.);
#9068=EDGE_CURVE('',#7913,#7889,#9843,.T.);
#9069=EDGE_CURVE('',#7914,#7914,#2244,.T.);
#9070=EDGE_CURVE('',#7915,#7915,#2245,.T.);
#9071=EDGE_CURVE('',#7916,#7916,#2246,.T.);
#9072=EDGE_CURVE('',#7917,#7917,#2247,.T.);
#9073=EDGE_CURVE('',#7918,#7918,#2248,.T.);
#9074=EDGE_CURVE('',#7919,#7919,#2249,.T.);
#9075=EDGE_CURVE('',#7888,#7898,#9844,.T.);
#9076=EDGE_CURVE('',#7920,#7920,#2250,.T.);
#9077=EDGE_CURVE('',#7883,#7897,#9845,.T.);
#9078=EDGE_CURVE('',#7921,#7921,#2251,.T.);
#9079=EDGE_CURVE('',#7922,#7922,#2252,.T.);
#9080=EDGE_CURVE('',#7923,#7923,#2253,.T.);
#9081=EDGE_CURVE('',#7924,#7924,#2254,.T.);
#9082=EDGE_CURVE('',#7925,#7925,#2255,.T.);
#9083=EDGE_CURVE('',#7904,#7908,#9846,.T.);
#9084=EDGE_CURVE('',#7926,#7926,#2256,.T.);
#9085=EDGE_CURVE('',#7890,#7927,#9847,.T.);
#9086=EDGE_CURVE('',#7928,#7927,#9848,.T.);
#9087=EDGE_CURVE('',#7892,#7928,#9849,.T.);
#9088=EDGE_CURVE('',#7929,#7893,#9850,.T.);
#9089=EDGE_CURVE('',#7929,#7930,#9851,.T.);
#9090=EDGE_CURVE('',#7930,#7891,#9852,.T.);
#9091=EDGE_CURVE('',#7927,#7930,#9853,.T.);
#9092=EDGE_CURVE('',#7928,#7929,#9854,.T.);
#9093=EDGE_CURVE('',#7931,#7931,#2257,.T.);
#9094=EDGE_CURVE('',#7932,#7932,#2258,.T.);
#9095=EDGE_CURVE('',#7933,#7934,#9855,.T.);
#9096=EDGE_CURVE('',#7934,#7935,#9856,.T.);
#9097=EDGE_CURVE('',#7936,#7935,#9857,.T.);
#9098=EDGE_CURVE('',#7933,#7936,#9858,.T.);
#9099=EDGE_CURVE('',#7935,#7937,#9859,.T.);
#9100=EDGE_CURVE('',#7938,#7937,#9860,.T.);
#9101=EDGE_CURVE('',#7936,#7938,#9861,.T.);
#9102=EDGE_CURVE('',#7937,#7939,#9862,.T.);
#9103=EDGE_CURVE('',#7940,#7939,#9863,.T.);
#9104=EDGE_CURVE('',#7938,#7940,#9864,.T.);
#9105=EDGE_CURVE('',#7941,#7941,#2259,.T.);
#9106=EDGE_CURVE('',#7942,#7942,#2260,.T.);
#9107=EDGE_CURVE('',#7943,#7943,#2261,.T.);
#9108=EDGE_CURVE('',#7944,#7944,#2262,.T.);
#9109=EDGE_CURVE('',#7945,#7946,#9865,.T.);
#9110=EDGE_CURVE('',#7947,#7946,#9866,.T.);
#9111=EDGE_CURVE('',#7948,#7947,#9867,.T.);
#9112=EDGE_CURVE('',#7948,#7945,#9868,.T.);
#9113=EDGE_CURVE('',#7946,#7949,#9869,.T.);
#9114=EDGE_CURVE('',#7950,#7949,#9870,.T.);
#9115=EDGE_CURVE('',#7947,#7950,#9871,.T.);
#9116=EDGE_CURVE('',#7951,#7951,#2263,.T.);
#9117=EDGE_CURVE('',#7952,#7952,#2264,.T.);
#9118=EDGE_CURVE('',#7953,#7953,#2265,.T.);
#9119=EDGE_CURVE('',#7954,#7954,#2266,.T.);
#9120=EDGE_CURVE('',#7949,#7955,#9872,.T.);
#9121=EDGE_CURVE('',#7955,#7956,#2267,.T.);
#9122=EDGE_CURVE('',#7956,#7957,#9873,.T.);
#9123=EDGE_CURVE('',#7957,#7958,#2268,.T.);
#9124=EDGE_CURVE('',#7958,#7959,#9874,.T.);
#9125=EDGE_CURVE('',#7960,#7959,#9875,.T.);
#9126=EDGE_CURVE('',#7950,#7960,#9876,.T.);
#9127=EDGE_CURVE('',#7959,#7945,#9877,.T.);
#9128=EDGE_CURVE('',#7960,#7948,#9878,.T.);
#9129=EDGE_CURVE('',#7939,#7934,#9879,.T.);
#9130=EDGE_CURVE('',#7940,#7933,#9880,.T.);
#9131=EDGE_CURVE('',#7961,#7962,#9881,.T.);
#9132=EDGE_CURVE('',#7962,#7955,#9882,.T.);
#9133=EDGE_CURVE('',#7958,#7961,#9883,.T.);
#9134=EDGE_CURVE('',#7962,#7939,#376,.T.);
#9135=EDGE_CURVE('',#7934,#7961,#377,.T.);
#9136=EDGE_CURVE('',#7935,#7957,#378,.T.);
#9137=EDGE_CURVE('',#7956,#7937,#379,.T.);
#9138=EDGE_CURVE('',#7963,#7963,#2269,.T.);
#9139=EDGE_CURVE('',#7964,#7964,#2270,.T.);
#9140=EDGE_CURVE('',#7965,#7965,#2271,.T.);
#9141=EDGE_CURVE('',#7966,#7966,#2272,.T.);
#9142=EDGE_CURVE('',#7967,#7967,#2273,.T.);
#9143=EDGE_CURVE('',#7968,#7968,#2274,.T.);
#9144=EDGE_CURVE('',#7969,#7969,#2275,.T.);
#9145=EDGE_CURVE('',#7970,#7970,#2276,.T.);
#9146=EDGE_CURVE('',#7971,#7972,#9884,.T.);
#9147=EDGE_CURVE('',#7972,#7973,#9885,.T.);
#9148=EDGE_CURVE('',#7973,#7974,#9886,.T.);
#9149=EDGE_CURVE('',#7974,#7975,#9887,.T.);
#9150=EDGE_CURVE('',#7975,#7976,#9888,.T.);
#9151=EDGE_CURVE('',#7977,#7976,#9889,.T.);
#9152=EDGE_CURVE('',#7977,#7978,#9890,.T.);
#9153=EDGE_CURVE('',#7978,#7979,#9891,.T.);
#9154=EDGE_CURVE('',#7979,#7980,#9892,.T.);
#9155=EDGE_CURVE('',#7980,#7981,#9893,.T.);
#9156=EDGE_CURVE('',#7982,#7981,#9894,.T.);
#9157=EDGE_CURVE('',#7982,#7983,#9895,.T.);
#9158=EDGE_CURVE('',#7984,#7983,#9896,.T.);
#9159=EDGE_CURVE('',#7985,#7984,#9897,.T.);
#9160=EDGE_CURVE('',#7986,#7985,#9898,.T.);
#9161=EDGE_CURVE('',#7987,#7986,#9899,.T.);
#9162=EDGE_CURVE('',#7988,#7987,#9900,.T.);
#9163=EDGE_CURVE('',#7988,#7989,#9901,.T.);
#9164=EDGE_CURVE('',#7989,#7990,#9902,.T.);
#9165=EDGE_CURVE('',#7991,#7990,#9903,.T.);
#9166=EDGE_CURVE('',#7992,#7991,#9904,.T.);
#9167=EDGE_CURVE('',#7992,#7971,#9905,.T.);
#9168=EDGE_CURVE('',#7993,#7993,#2277,.T.);
#9169=EDGE_CURVE('',#7994,#7994,#2278,.T.);
#9170=EDGE_CURVE('',#7995,#7995,#2279,.T.);
#9171=EDGE_CURVE('',#7996,#7996,#2280,.T.);
#9172=EDGE_CURVE('',#7984,#7987,#2281,.T.);
#9173=EDGE_CURVE('',#7997,#7983,#9906,.T.);
#9174=EDGE_CURVE('',#7997,#7998,#9907,.T.);
#9175=EDGE_CURVE('',#7998,#7988,#9908,.T.);
#9176=EDGE_CURVE('',#7999,#8000,#9909,.T.);
#9177=EDGE_CURVE('',#8000,#7979,#9910,.T.);
#9178=EDGE_CURVE('',#7978,#7999,#9911,.T.);
#9179=EDGE_CURVE('',#7980,#8001,#9912,.T.);
#9180=EDGE_CURVE('',#8001,#8002,#9913,.T.);
#9181=EDGE_CURVE('',#7981,#8002,#9914,.T.);
#9182=EDGE_CURVE('',#8003,#8004,#9915,.T.);
#9183=EDGE_CURVE('',#7998,#8004,#9916,.T.);
#9184=EDGE_CURVE('',#8005,#7997,#9917,.T.);
#9185=EDGE_CURVE('',#8002,#8005,#9918,.T.);
#9186=EDGE_CURVE('',#8001,#8006,#9919,.T.);
#9187=EDGE_CURVE('',#8006,#8007,#9920,.T.);
#9188=EDGE_CURVE('',#8000,#8007,#9921,.T.);
#9189=EDGE_CURVE('',#7999,#8008,#9922,.T.);
#9190=EDGE_CURVE('',#8008,#8009,#9923,.T.);
#9191=EDGE_CURVE('',#8009,#8010,#9924,.T.);
#9192=EDGE_CURVE('',#8011,#8010,#9925,.T.);
#9193=EDGE_CURVE('',#8012,#8011,#9926,.T.);
#9194=EDGE_CURVE('',#8012,#8003,#9927,.T.);
#9195=EDGE_CURVE('',#8013,#8013,#2282,.T.);
#9196=EDGE_CURVE('',#8004,#7989,#9928,.T.);
#9197=EDGE_CURVE('',#8014,#8014,#2283,.T.);
#9198=EDGE_CURVE('',#7990,#8003,#9929,.T.);
#9199=EDGE_CURVE('',#7991,#8012,#9930,.T.);
#9200=EDGE_CURVE('',#7975,#7972,#2284,.T.);
#9201=EDGE_CURVE('',#8010,#7971,#9931,.T.);
#9202=EDGE_CURVE('',#8009,#7976,#9932,.T.);
#9203=EDGE_CURVE('',#8015,#8015,#2285,.T.);
#9204=EDGE_CURVE('',#8016,#8016,#2286,.T.);
#9205=EDGE_CURVE('',#8017,#8017,#2287,.T.);
#9206=EDGE_CURVE('',#8018,#8018,#2288,.T.);
#9207=EDGE_CURVE('',#8005,#7982,#9933,.T.);
#9208=EDGE_CURVE('',#8019,#8019,#2289,.T.);
#9209=EDGE_CURVE('',#8020,#8020,#2290,.T.);
#9210=EDGE_CURVE('',#8021,#8021,#2291,.T.);
#9211=EDGE_CURVE('',#8011,#7992,#9934,.T.);
#9212=EDGE_CURVE('',#8022,#8022,#2292,.T.);
#9213=EDGE_CURVE('',#8023,#8023,#2293,.T.);
#9214=EDGE_CURVE('',#8008,#7977,#9935,.T.);
#9215=EDGE_CURVE('',#8024,#8024,#2294,.T.);
#9216=EDGE_CURVE('',#7979,#8025,#9936,.T.);
#9217=EDGE_CURVE('',#8025,#8026,#9937,.T.);
#9218=EDGE_CURVE('',#8026,#7980,#9938,.T.);
#9219=EDGE_CURVE('',#8007,#8027,#9939,.T.);
#9220=EDGE_CURVE('',#8025,#8027,#9940,.T.);
#9221=EDGE_CURVE('',#8027,#8028,#9941,.T.);
#9222=EDGE_CURVE('',#8026,#8028,#9942,.T.);
#9223=EDGE_CURVE('',#8028,#8006,#9943,.T.);
#9224=EDGE_CURVE('',#8029,#8030,#9944,.T.);
#9225=EDGE_CURVE('',#8029,#8031,#9945,.T.);
#9226=EDGE_CURVE('',#8032,#8031,#9946,.T.);
#9227=EDGE_CURVE('',#8030,#8032,#9947,.T.);
#9228=EDGE_CURVE('',#7986,#7985,#2295,.T.);
#9229=EDGE_CURVE('',#7973,#7974,#2296,.T.);
#9230=EDGE_CURVE('',#8033,#8031,#9948,.T.);
#9231=EDGE_CURVE('',#8034,#8033,#9949,.T.);
#9232=EDGE_CURVE('',#8034,#8032,#9950,.T.);
#9233=EDGE_CURVE('',#8030,#8035,#9951,.T.);
#9234=EDGE_CURVE('',#8035,#8036,#9952,.T.);
#9235=EDGE_CURVE('',#8029,#8036,#9953,.T.);
#9236=EDGE_CURVE('',#8036,#8033,#9954,.T.);
#9237=EDGE_CURVE('',#8035,#8034,#9955,.T.);
#9238=LINE('',#14744,#9956);
#9239=LINE('',#14747,#9957);
#9240=LINE('',#14749,#9958);
#9241=LINE('',#14751,#9959);
#9242=LINE('',#14753,#9960);
#9243=LINE('',#14755,#9961);
#9244=LINE('',#14757,#9962);
#9245=LINE('',#14759,#9963);
#9246=LINE('',#14761,#9964);
#9247=LINE('',#14763,#9965);
#9248=LINE('',#14785,#9966);
#9249=LINE('',#14786,#9967);
#9250=LINE('',#14884,#9968);
#9251=LINE('',#14887,#9969);
#9252=LINE('',#14889,#9970);
#9253=LINE('',#14891,#9971);
#9254=LINE('',#14893,#9972);
#9255=LINE('',#14895,#9973);
#9256=LINE('',#14897,#9974);
#9257=LINE('',#14899,#9975);
#9258=LINE('',#14901,#9976);
#9259=LINE('',#14903,#9977);
#9260=LINE('',#14925,#9978);
#9261=LINE('',#14926,#9979);
#9262=LINE('',#14979,#9980);
#9263=LINE('',#14982,#9981);
#9264=LINE('',#14984,#9982);
#9265=LINE('',#14986,#9983);
#9266=LINE('',#14988,#9984);
#9267=LINE('',#14990,#9985);
#9268=LINE('',#14992,#9986);
#9269=LINE('',#14994,#9987);
#9270=LINE('',#14996,#9988);
#9271=LINE('',#14998,#9989);
#9272=LINE('',#15000,#9990);
#9273=LINE('',#15002,#9991);
#9274=LINE('',#15004,#9992);
#9275=LINE('',#15006,#9993);
#9276=LINE('',#15008,#9994);
#9277=LINE('',#15010,#9995);
#9278=LINE('',#15012,#9996);
#9279=LINE('',#15014,#9997);
#9280=LINE('',#15016,#9998);
#9281=LINE('',#15019,#9999);
#9282=LINE('',#15021,#10000);
#9283=LINE('',#15023,#10001);
#9284=LINE('',#15025,#10002);
#9285=LINE('',#15027,#10003);
#9286=LINE('',#15029,#10004);
#9287=LINE('',#15031,#10005);
#9288=LINE('',#15033,#10006);
#9289=LINE('',#15035,#10007);
#9290=LINE('',#15037,#10008);
#9291=LINE('',#15039,#10009);
#9292=LINE('',#15041,#10010);
#9293=LINE('',#15043,#10011);
#9294=LINE('',#15045,#10012);
#9295=LINE('',#15047,#10013);
#9296=LINE('',#15049,#10014);
#9297=LINE('',#15051,#10015);
#9298=LINE('',#15053,#10016);
#9299=LINE('',#15056,#10017);
#9300=LINE('',#15058,#10018);
#9301=LINE('',#15060,#10019);
#9302=LINE('',#15062,#10020);
#9303=LINE('',#15064,#10021);
#9304=LINE('',#15066,#10022);
#9305=LINE('',#15068,#10023);
#9306=LINE('',#15070,#10024);
#9307=LINE('',#15072,#10025);
#9308=LINE('',#15074,#10026);
#9309=LINE('',#15076,#10027);
#9310=LINE('',#15078,#10028);
#9311=LINE('',#15080,#10029);
#9312=LINE('',#15082,#10030);
#9313=LINE('',#15084,#10031);
#9314=LINE('',#15086,#10032);
#9315=LINE('',#15088,#10033);
#9316=LINE('',#15090,#10034);
#9317=LINE('',#15093,#10035);
#9318=LINE('',#15095,#10036);
#9319=LINE('',#15097,#10037);
#9320=LINE('',#15099,#10038);
#9321=LINE('',#15101,#10039);
#9322=LINE('',#15103,#10040);
#9323=LINE('',#15105,#10041);
#9324=LINE('',#15107,#10042);
#9325=LINE('',#15109,#10043);
#9326=LINE('',#15111,#10044);
#9327=LINE('',#15113,#10045);
#9328=LINE('',#15115,#10046);
#9329=LINE('',#15117,#10047);
#9330=LINE('',#15119,#10048);
#9331=LINE('',#15121,#10049);
#9332=LINE('',#15123,#10050);
#9333=LINE('',#15125,#10051);
#9334=LINE('',#15127,#10052);
#9335=LINE('',#15130,#10053);
#9336=LINE('',#15132,#10054);
#9337=LINE('',#15134,#10055);
#9338=LINE('',#15136,#10056);
#9339=LINE('',#15137,#10057);
#9340=LINE('',#15139,#10058);
#9341=LINE('',#15140,#10059);
#9342=LINE('',#15142,#10060);
#9343=LINE('',#15143,#10061);
#9344=LINE('',#15145,#10062);
#9345=LINE('',#15148,#10063);
#9346=LINE('',#15150,#10064);
#9347=LINE('',#15152,#10065);
#9348=LINE('',#15154,#10066);
#9349=LINE('',#15155,#10067);
#9350=LINE('',#15159,#10068);
#9351=LINE('',#15160,#10069);
#9352=LINE('',#15162,#10070);
#9353=LINE('',#15165,#10071);
#9354=LINE('',#15167,#10072);
#9355=LINE('',#15169,#10073);
#9356=LINE('',#15170,#10074);
#9357=LINE('',#15171,#10075);
#9358=LINE('',#15172,#10076);
#9359=LINE('',#15173,#10077);
#9360=LINE('',#15174,#10078);
#9361=LINE('',#15175,#10079);
#9362=LINE('',#15181,#10080);
#9363=LINE('',#15183,#10081);
#9364=LINE('',#15185,#10082);
#9365=LINE('',#15187,#10083);
#9366=LINE('',#15189,#10084);
#9367=LINE('',#15191,#10085);
#9368=LINE('',#15193,#10086);
#9369=LINE('',#15195,#10087);
#9370=LINE('',#15237,#10088);
#9371=LINE('',#15240,#10089);
#9372=LINE('',#15242,#10090);
#9373=LINE('',#15244,#10091);
#9374=LINE('',#15255,#10092);
#9375=LINE('',#15258,#10093);
#9376=LINE('',#15259,#10094);
#9377=LINE('',#15261,#10095);
#9378=LINE('',#15263,#10096);
#9379=LINE('',#15265,#10097);
#9380=LINE('',#15267,#10098);
#9381=LINE('',#15274,#10099);
#9382=LINE('',#15288,#10100);
#9383=LINE('',#15291,#10101);
#9384=LINE('',#15293,#10102);
#9385=LINE('',#15295,#10103);
#9386=LINE('',#15297,#10104);
#9387=LINE('',#15299,#10105);
#9388=LINE('',#15301,#10106);
#9389=LINE('',#15303,#10107);
#9390=LINE('',#15305,#10108);
#9391=LINE('',#15307,#10109);
#9392=LINE('',#15319,#10110);
#9393=LINE('',#15320,#10111);
#9394=LINE('',#15351,#10112);
#9395=LINE('',#15354,#10113);
#9396=LINE('',#15356,#10114);
#9397=LINE('',#15358,#10115);
#9398=LINE('',#15360,#10116);
#9399=LINE('',#15362,#10117);
#9400=LINE('',#15364,#10118);
#9401=LINE('',#15366,#10119);
#9402=LINE('',#15368,#10120);
#9403=LINE('',#15370,#10121);
#9404=LINE('',#15372,#10122);
#9405=LINE('',#15373,#10123);
#9406=LINE('',#15398,#10124);
#9407=LINE('',#15401,#10125);
#9408=LINE('',#15403,#10126);
#9409=LINE('',#15405,#10127);
#9410=LINE('',#15410,#10128);
#9411=LINE('',#15413,#10129);
#9412=LINE('',#15415,#10130);
#9413=LINE('',#15417,#10131);
#9414=LINE('',#15419,#10132);
#9415=LINE('',#15421,#10133);
#9416=LINE('',#15423,#10134);
#9417=LINE('',#15425,#10135);
#9418=LINE('',#15435,#10136);
#9419=LINE('',#15437,#10137);
#9420=LINE('',#15439,#10138);
#9421=LINE('',#15441,#10139);
#9422=LINE('',#15443,#10140);
#9423=LINE('',#15445,#10141);
#9424=LINE('',#15447,#10142);
#9425=LINE('',#15466,#10143);
#9426=LINE('',#15468,#10144);
#9427=LINE('',#15470,#10145);
#9428=LINE('',#15472,#10146);
#9429=LINE('',#15474,#10147);
#9430=LINE('',#15476,#10148);
#9431=LINE('',#15478,#10149);
#9432=LINE('',#15489,#10150);
#9433=LINE('',#15492,#10151);
#9434=LINE('',#15494,#10152);
#9435=LINE('',#15496,#10153);
#9436=LINE('',#15498,#10154);
#9437=LINE('',#15500,#10155);
#9438=LINE('',#15501,#10156);
#9439=LINE('',#15502,#10157);
#9440=LINE('',#15503,#10158);
#9441=LINE('',#15506,#10159);
#9442=LINE('',#15508,#10160);
#9443=LINE('',#15510,#10161);
#9444=LINE('',#15511,#10162);
#9445=LINE('',#15514,#10163);
#9446=LINE('',#15516,#10164);
#9447=LINE('',#15518,#10165);
#9448=LINE('',#15520,#10166);
#9449=LINE('',#15522,#10167);
#9450=LINE('',#15523,#10168);
#9451=LINE('',#15526,#10169);
#9452=LINE('',#15528,#10170);
#9453=LINE('',#15530,#10171);
#9454=LINE('',#15532,#10172);
#9455=LINE('',#15534,#10173);
#9456=LINE('',#15535,#10174);
#9457=LINE('',#15538,#10175);
#9458=LINE('',#15540,#10176);
#9459=LINE('',#15542,#10177);
#9460=LINE('',#15544,#10178);
#9461=LINE('',#15546,#10179);
#9462=LINE('',#15548,#10180);
#9463=LINE('',#15549,#10181);
#9464=LINE('',#15551,#10182);
#9465=LINE('',#15553,#10183);
#9466=LINE('',#15556,#10184);
#9467=LINE('',#15559,#10185);
#9468=LINE('',#15560,#10186);
#9469=LINE('',#15562,#10187);
#9470=LINE('',#15564,#10188);
#9471=LINE('',#15566,#10189);
#9472=LINE('',#15568,#10190);
#9473=LINE('',#15570,#10191);
#9474=LINE('',#15572,#10192);
#9475=LINE('',#15574,#10193);
#9476=LINE('',#15576,#10194);
#9477=LINE('',#15578,#10195);
#9478=LINE('',#15581,#10196);
#9479=LINE('',#15584,#10197);
#9480=LINE('',#15585,#10198);
#9481=LINE('',#15587,#10199);
#9482=LINE('',#15589,#10200);
#9483=LINE('',#15591,#10201);
#9484=LINE('',#15593,#10202);
#9485=LINE('',#15595,#10203);
#9486=LINE('',#15597,#10204);
#9487=LINE('',#15599,#10205);
#9488=LINE('',#15601,#10206);
#9489=LINE('',#15603,#10207);
#9490=LINE('',#15608,#10208);
#9491=LINE('',#15611,#10209);
#9492=LINE('',#15612,#10210);
#9493=LINE('',#15614,#10211);
#9494=LINE('',#15616,#10212);
#9495=LINE('',#15618,#10213);
#9496=LINE('',#15620,#10214);
#9497=LINE('',#15622,#10215);
#9498=LINE('',#15624,#10216);
#9499=LINE('',#15626,#10217);
#9500=LINE('',#15628,#10218);
#9501=LINE('',#15630,#10219);
#9502=LINE('',#15635,#10220);
#9503=LINE('',#15638,#10221);
#9504=LINE('',#15639,#10222);
#9505=LINE('',#15641,#10223);
#9506=LINE('',#15643,#10224);
#9507=LINE('',#15645,#10225);
#9508=LINE('',#15647,#10226);
#9509=LINE('',#15649,#10227);
#9510=LINE('',#15651,#10228);
#9511=LINE('',#15653,#10229);
#9512=LINE('',#15655,#10230);
#9513=LINE('',#15657,#10231);
#9514=LINE('',#15687,#10232);
#9515=LINE('',#15689,#10233);
#9516=LINE('',#15692,#10234);
#9517=LINE('',#15694,#10235);
#9518=LINE('',#15696,#10236);
#9519=LINE('',#15698,#10237);
#9520=LINE('',#15700,#10238);
#9521=LINE('',#15727,#10239);
#9522=LINE('',#15729,#10240);
#9523=LINE('',#15731,#10241);
#9524=LINE('',#15733,#10242);
#9525=LINE('',#15734,#10243);
#9526=LINE('',#15769,#10244);
#9527=LINE('',#15772,#10245);
#9528=LINE('',#15774,#10246);
#9529=LINE('',#15776,#10247);
#9530=LINE('',#15778,#10248);
#9531=LINE('',#15780,#10249);
#9532=LINE('',#15782,#10250);
#9533=LINE('',#15784,#10251);
#9534=LINE('',#15786,#10252);
#9535=LINE('',#15788,#10253);
#9536=LINE('',#15800,#10254);
#9537=LINE('',#15801,#10255);
#9538=LINE('',#15822,#10256);
#9539=LINE('',#15825,#10257);
#9540=LINE('',#15827,#10258);
#9541=LINE('',#15829,#10259);
#9542=LINE('',#15831,#10260);
#9543=LINE('',#15833,#10261);
#9544=LINE('',#15835,#10262);
#9545=LINE('',#15841,#10263);
#9546=LINE('',#15843,#10264);
#9547=LINE('',#15844,#10265);
#9548=LINE('',#15855,#10266);
#9549=LINE('',#15860,#10267);
#9550=LINE('',#15869,#10268);
#9551=LINE('',#15872,#10269);
#9552=LINE('',#15874,#10270);
#9553=LINE('',#15875,#10271);
#9554=LINE('',#15877,#10272);
#9555=LINE('',#15879,#10273);
#9556=LINE('',#15881,#10274);
#9557=LINE('',#15887,#10275);
#9558=LINE('',#15889,#10276);
#9559=LINE('',#15891,#10277);
#9560=LINE('',#15893,#10278);
#9561=LINE('',#15895,#10279);
#9562=LINE('',#15896,#10280);
#9563=LINE('',#15898,#10281);
#9564=LINE('',#15974,#10282);
#9565=LINE('',#15977,#10283);
#9566=LINE('',#15979,#10284);
#9567=LINE('',#15981,#10285);
#9568=LINE('',#16035,#10286);
#9569=LINE('',#16038,#10287);
#9570=LINE('',#16040,#10288);
#9571=LINE('',#16042,#10289);
#9572=LINE('',#16046,#10290);
#9573=LINE('',#16050,#10291);
#9574=LINE('',#16054,#10292);
#9575=LINE('',#16058,#10293);
#9576=LINE('',#16060,#10294);
#9577=LINE('',#16061,#10295);
#9578=LINE('',#16063,#10296);
#9579=LINE('',#16065,#10297);
#9580=LINE('',#16078,#10298);
#9581=LINE('',#16079,#10299);
#9582=LINE('',#16083,#10300);
#9583=LINE('',#16084,#10301);
#9584=LINE('',#16088,#10302);
#9585=LINE('',#16092,#10303);
#9586=LINE('',#16094,#10304);
#9587=LINE('',#16095,#10305);
#9588=LINE('',#16101,#10306);
#9589=LINE('',#16105,#10307);
#9590=LINE('',#16107,#10308);
#9591=LINE('',#16108,#10309);
#9592=LINE('',#16166,#10310);
#9593=LINE('',#16169,#10311);
#9594=LINE('',#16171,#10312);
#9595=LINE('',#16173,#10313);
#9596=LINE('',#16209,#10314);
#9597=LINE('',#16212,#10315);
#9598=LINE('',#16214,#10316);
#9599=LINE('',#16216,#10317);
#9600=LINE('',#16220,#10318);
#9601=LINE('',#16224,#10319);
#9602=LINE('',#16228,#10320);
#9603=LINE('',#16232,#10321);
#9604=LINE('',#16233,#10322);
#9605=LINE('',#16238,#10323);
#9606=LINE('',#16242,#10324);
#9607=LINE('',#16246,#10325);
#9608=LINE('',#16253,#10326);
#9609=LINE('',#16254,#10327);
#9610=LINE('',#16258,#10328);
#9611=LINE('',#16259,#10329);
#9612=LINE('',#16261,#10330);
#9613=LINE('',#16262,#10331);
#9614=LINE('',#16264,#10332);
#9615=LINE('',#16266,#10333);
#9616=LINE('',#16274,#10334);
#9617=LINE('',#16275,#10335);
#9618=LINE('',#16279,#10336);
#9619=LINE('',#16280,#10337);
#9620=LINE('',#16284,#10338);
#9621=LINE('',#16288,#10339);
#9622=LINE('',#16290,#10340);
#9623=LINE('',#16291,#10341);
#9624=LINE('',#16297,#10342);
#9625=LINE('',#16301,#10343);
#9626=LINE('',#16303,#10344);
#9627=LINE('',#16305,#10345);
#9628=LINE('',#16312,#10346);
#9629=LINE('',#16316,#10347);
#9630=LINE('',#16318,#10348);
#9631=LINE('',#16319,#10349);
#9632=LINE('',#16325,#10350);
#9633=LINE('',#16329,#10351);
#9634=LINE('',#16331,#10352);
#9635=LINE('',#16333,#10353);
#9636=LINE('',#16356,#10354);
#9637=LINE('',#16359,#10355);
#9638=LINE('',#16361,#10356);
#9639=LINE('',#16363,#10357);
#9640=LINE('',#16365,#10358);
#9641=LINE('',#16367,#10359);
#9642=LINE('',#16369,#10360);
#9643=LINE('',#16371,#10361);
#9644=LINE('',#16373,#10362);
#9645=LINE('',#16375,#10363);
#9646=LINE('',#16377,#10364);
#9647=LINE('',#16378,#10365);
#9648=LINE('',#16384,#10366);
#9649=LINE('',#16389,#10367);
#9650=LINE('',#16393,#10368);
#9651=LINE('',#16396,#10369);
#9652=LINE('',#16398,#10370);
#9653=LINE('',#16400,#10371);
#9654=LINE('',#16402,#10372);
#9655=LINE('',#16404,#10373);
#9656=LINE('',#16406,#10374);
#9657=LINE('',#16408,#10375);
#9658=LINE('',#16412,#10376);
#9659=LINE('',#16414,#10377);
#9660=LINE('',#16419,#10378);
#9661=LINE('',#16425,#10379);
#9662=LINE('',#16427,#10380);
#9663=LINE('',#16429,#10381);
#9664=LINE('',#16463,#10382);
#9665=LINE('',#16466,#10383);
#9666=LINE('',#16468,#10384);
#9667=LINE('',#16470,#10385);
#9668=LINE('',#16474,#10386);
#9669=LINE('',#16478,#10387);
#9670=LINE('',#16480,#10388);
#9671=LINE('',#16482,#10389);
#9672=LINE('',#16484,#10390);
#9673=LINE('',#16487,#10391);
#9674=LINE('',#16489,#10392);
#9675=LINE('',#16491,#10393);
#9676=LINE('',#16495,#10394);
#9677=LINE('',#16499,#10395);
#9678=LINE('',#16501,#10396);
#9679=LINE('',#16503,#10397);
#9680=LINE('',#16551,#10398);
#9681=LINE('',#16554,#10399);
#9682=LINE('',#16556,#10400);
#9683=LINE('',#16558,#10401);
#9684=LINE('',#16560,#10402);
#9685=LINE('',#16562,#10403);
#9686=LINE('',#16564,#10404);
#9687=LINE('',#16566,#10405);
#9688=LINE('',#16572,#10406);
#9689=LINE('',#16574,#10407);
#9690=LINE('',#16576,#10408);
#9691=LINE('',#16578,#10409);
#9692=LINE('',#16580,#10410);
#9693=LINE('',#16582,#10411);
#9694=LINE('',#16584,#10412);
#9695=LINE('',#16602,#10413);
#9696=LINE('',#16605,#10414);
#9697=LINE('',#16607,#10415);
#9698=LINE('',#16609,#10416);
#9699=LINE('',#16610,#10417);
#9700=LINE('',#16612,#10418);
#9701=LINE('',#16614,#10419);
#9702=LINE('',#16616,#10420);
#9703=LINE('',#16617,#10421);
#9704=LINE('',#16619,#10422);
#9705=LINE('',#16621,#10423);
#9706=LINE('',#16623,#10424);
#9707=LINE('',#16625,#10425);
#9708=LINE('',#16627,#10426);
#9709=LINE('',#16631,#10427);
#9710=LINE('',#16633,#10428);
#9711=LINE('',#16635,#10429);
#9712=LINE('',#16637,#10430);
#9713=LINE('',#16639,#10431);
#9714=LINE('',#16641,#10432);
#9715=LINE('',#16645,#10433);
#9716=LINE('',#16705,#10434);
#9717=LINE('',#16708,#10435);
#9718=LINE('',#16710,#10436);
#9719=LINE('',#16712,#10437);
#9720=LINE('',#16714,#10438);
#9721=LINE('',#16716,#10439);
#9722=LINE('',#16718,#10440);
#9723=LINE('',#16721,#10441);
#9724=LINE('',#16723,#10442);
#9725=LINE('',#16725,#10443);
#9726=LINE('',#16727,#10444);
#9727=LINE('',#16729,#10445);
#9728=LINE('',#16733,#10446);
#9729=LINE('',#16736,#10447);
#9730=LINE('',#16737,#10448);
#9731=LINE('',#16739,#10449);
#9732=LINE('',#16741,#10450);
#9733=LINE('',#16742,#10451);
#9734=LINE('',#16744,#10452);
#9735=LINE('',#16746,#10453);
#9736=LINE('',#16750,#10454);
#9737=LINE('',#16752,#10455);
#9738=LINE('',#16754,#10456);
#9739=LINE('',#16756,#10457);
#9740=LINE('',#16762,#10458);
#9741=LINE('',#16764,#10459);
#9742=LINE('',#16766,#10460);
#9743=LINE('',#16768,#10461);
#9744=LINE('',#16769,#10462);
#9745=LINE('',#16771,#10463);
#9746=LINE('',#16773,#10464);
#9747=LINE('',#16777,#10465);
#9748=LINE('',#16779,#10466);
#9749=LINE('',#16781,#10467);
#9750=LINE('',#16784,#10468);
#9751=LINE('',#16786,#10469);
#9752=LINE('',#16795,#10470);
#9753=LINE('',#16798,#10471);
#9754=LINE('',#16800,#10472);
#9755=LINE('',#16802,#10473);
#9756=LINE('',#16806,#10474);
#9757=LINE('',#16810,#10475);
#9758=LINE('',#16812,#10476);
#9759=LINE('',#16814,#10477);
#9760=LINE('',#16818,#10478);
#9761=LINE('',#16819,#10479);
#9762=LINE('',#16827,#10480);
#9763=LINE('',#16830,#10481);
#9764=LINE('',#16832,#10482);
#9765=LINE('',#16834,#10483);
#9766=LINE('',#16849,#10484);
#9767=LINE('',#16852,#10485);
#9768=LINE('',#16866,#10486);
#9769=LINE('',#16867,#10487);
#9770=LINE('',#16870,#10488);
#9771=LINE('',#16872,#10489);
#9772=LINE('',#16874,#10490);
#9773=LINE('',#16878,#10491);
#9774=LINE('',#16879,#10492);
#9775=LINE('',#16881,#10493);
#9776=LINE('',#16883,#10494);
#9777=LINE('',#16888,#10495);
#9778=LINE('',#16889,#10496);
#9779=LINE('',#16904,#10497);
#9780=LINE('',#16907,#10498);
#9781=LINE('',#16909,#10499);
#9782=LINE('',#16911,#10500);
#9783=LINE('',#16922,#10501);
#9784=LINE('',#16925,#10502);
#9785=LINE('',#16926,#10503);
#9786=LINE('',#16928,#10504);
#9787=LINE('',#16930,#10505);
#9788=LINE('',#16932,#10506);
#9789=LINE('',#16934,#10507);
#9790=LINE('',#16939,#10508);
#9791=LINE('',#16960,#10509);
#9792=LINE('',#16963,#10510);
#9793=LINE('',#16965,#10511);
#9794=LINE('',#16967,#10512);
#9795=LINE('',#16969,#10513);
#9796=LINE('',#16971,#10514);
#9797=LINE('',#16973,#10515);
#9798=LINE('',#16975,#10516);
#9799=LINE('',#16977,#10517);
#9800=LINE('',#16979,#10518);
#9801=LINE('',#16991,#10519);
#9802=LINE('',#16992,#10520);
#9803=LINE('',#17008,#10521);
#9804=LINE('',#17011,#10522);
#9805=LINE('',#17013,#10523);
#9806=LINE('',#17015,#10524);
#9807=LINE('',#17023,#10525);
#9808=LINE('',#17026,#10526);
#9809=LINE('',#17028,#10527);
#9810=LINE('',#17030,#10528);
#9811=LINE('',#17032,#10529);
#9812=LINE('',#17034,#10530);
#9813=LINE('',#17036,#10531);
#9814=LINE('',#17038,#10532);
#9815=LINE('',#17039,#10533);
#9816=LINE('',#17042,#10534);
#9817=LINE('',#17044,#10535);
#9818=LINE('',#17046,#10536);
#9819=LINE('',#17048,#10537);
#9820=LINE('',#17051,#10538);
#9821=LINE('',#17053,#10539);
#9822=LINE('',#17055,#10540);
#9823=LINE('',#17057,#10541);
#9824=LINE('',#17059,#10542);
#9825=LINE('',#17061,#10543);
#9826=LINE('',#17064,#10544);
#9827=LINE('',#17066,#10545);
#9828=LINE('',#17068,#10546);
#9829=LINE('',#17070,#10547);
#9830=LINE('',#17071,#10548);
#9831=LINE('',#17072,#10549);
#9832=LINE('',#17073,#10550);
#9833=LINE('',#17075,#10551);
#9834=LINE('',#17083,#10552);
#9835=LINE('',#17084,#10553);
#9836=LINE('',#17085,#10554);
#9837=LINE('',#17087,#10555);
#9838=LINE('',#17088,#10556);
#9839=LINE('',#17096,#10557);
#9840=LINE('',#17098,#10558);
#9841=LINE('',#17100,#10559);
#9842=LINE('',#17102,#10560);
#9843=LINE('',#17103,#10561);
#9844=LINE('',#17118,#10562);
#9845=LINE('',#17122,#10563);
#9846=LINE('',#17141,#10564);
#9847=LINE('',#17153,#10565);
#9848=LINE('',#17155,#10566);
#9849=LINE('',#17157,#10567);
#9850=LINE('',#17159,#10568);
#9851=LINE('',#17161,#10569);
#9852=LINE('',#17163,#10570);
#9853=LINE('',#17165,#10571);
#9854=LINE('',#17167,#10572);
#9855=LINE('',#17178,#10573);
#9856=LINE('',#17181,#10574);
#9857=LINE('',#17183,#10575);
#9858=LINE('',#17185,#10576);
#9859=LINE('',#17187,#10577);
#9860=LINE('',#17189,#10578);
#9861=LINE('',#17191,#10579);
#9862=LINE('',#17193,#10580);
#9863=LINE('',#17195,#10581);
#9864=LINE('',#17197,#10582);
#9865=LINE('',#17207,#10583);
#9866=LINE('',#17210,#10584);
#9867=LINE('',#17212,#10585);
#9868=LINE('',#17214,#10586);
#9869=LINE('',#17216,#10587);
#9870=LINE('',#17218,#10588);
#9871=LINE('',#17220,#10589);
#9872=LINE('',#17230,#10590);
#9873=LINE('',#17234,#10591);
#9874=LINE('',#17238,#10592);
#9875=LINE('',#17240,#10593);
#9876=LINE('',#17242,#10594);
#9877=LINE('',#17244,#10595);
#9878=LINE('',#17245,#10596);
#9879=LINE('',#17247,#10597);
#9880=LINE('',#17248,#10598);
#9881=LINE('',#17251,#10599);
#9882=LINE('',#17254,#10600);
#9883=LINE('',#17255,#10601);
#9884=LINE('',#17289,#10602);
#9885=LINE('',#17292,#10603);
#9886=LINE('',#17294,#10604);
#9887=LINE('',#17296,#10605);
#9888=LINE('',#17298,#10606);
#9889=LINE('',#17300,#10607);
#9890=LINE('',#17302,#10608);
#9891=LINE('',#17304,#10609);
#9892=LINE('',#17306,#10610);
#9893=LINE('',#17308,#10611);
#9894=LINE('',#17310,#10612);
#9895=LINE('',#17312,#10613);
#9896=LINE('',#17314,#10614);
#9897=LINE('',#17316,#10615);
#9898=LINE('',#17318,#10616);
#9899=LINE('',#17320,#10617);
#9900=LINE('',#17322,#10618);
#9901=LINE('',#17324,#10619);
#9902=LINE('',#17326,#10620);
#9903=LINE('',#17328,#10621);
#9904=LINE('',#17330,#10622);
#9905=LINE('',#17332,#10623);
#9906=LINE('',#17343,#10624);
#9907=LINE('',#17345,#10625);
#9908=LINE('',#17347,#10626);
#9909=LINE('',#17349,#10627);
#9910=LINE('',#17352,#10628);
#9911=LINE('',#17353,#10629);
#9912=LINE('',#17355,#10630);
#9913=LINE('',#17357,#10631);
#9914=LINE('',#17359,#10632);
#9915=LINE('',#17361,#10633);
#9916=LINE('',#17364,#10634);
#9917=LINE('',#17365,#10635);
#9918=LINE('',#17367,#10636);
#9919=LINE('',#17368,#10637);
#9920=LINE('',#17370,#10638);
#9921=LINE('',#17372,#10639);
#9922=LINE('',#17373,#10640);
#9923=LINE('',#17375,#10641);
#9924=LINE('',#17377,#10642);
#9925=LINE('',#17379,#10643);
#9926=LINE('',#17381,#10644);
#9927=LINE('',#17383,#10645);
#9928=LINE('',#17388,#10646);
#9929=LINE('',#17393,#10647);
#9930=LINE('',#17395,#10648);
#9931=LINE('',#17398,#10649);
#9932=LINE('',#17399,#10650);
#9933=LINE('',#17409,#10651);
#9934=LINE('',#17421,#10652);
#9935=LINE('',#17430,#10653);
#9936=LINE('',#17436,#10654);
#9937=LINE('',#17438,#10655);
#9938=LINE('',#17440,#10656);
#9939=LINE('',#17442,#10657);
#9940=LINE('',#17444,#10658);
#9941=LINE('',#17446,#10659);
#9942=LINE('',#17448,#10660);
#9943=LINE('',#17450,#10661);
#9944=LINE('',#17452,#10662);
#9945=LINE('',#17455,#10663);
#9946=LINE('',#17457,#10664);
#9947=LINE('',#17459,#10665);
#9948=LINE('',#17467,#10666);
#9949=LINE('',#17469,#10667);
#9950=LINE('',#17471,#10668);
#9951=LINE('',#17473,#10669);
#9952=LINE('',#17475,#10670);
#9953=LINE('',#17477,#10671);
#9954=LINE('',#17479,#10672);
#9955=LINE('',#17481,#10673);
#9956=VECTOR('',#11793,1.);
#9957=VECTOR('',#11794,1.);
#9958=VECTOR('',#11795,1.);
#9959=VECTOR('',#11796,1.);
#9960=VECTOR('',#11799,1.);
#9961=VECTOR('',#11800,1.);
#9962=VECTOR('',#11801,1.);
#9963=VECTOR('',#11804,1.);
#9964=VECTOR('',#11805,1.);
#9965=VECTOR('',#11806,1.);
#9966=VECTOR('',#11833,1.);
#9967=VECTOR('',#11834,1.);
#9968=VECTOR('',#11967,1.);
#9969=VECTOR('',#11968,1.);
#9970=VECTOR('',#11969,1.);
#9971=VECTOR('',#11970,1.);
#9972=VECTOR('',#11973,1.);
#9973=VECTOR('',#11974,1.);
#9974=VECTOR('',#11975,1.);
#9975=VECTOR('',#11978,1.);
#9976=VECTOR('',#11979,1.);
#9977=VECTOR('',#11980,1.);
#9978=VECTOR('',#12007,1.);
#9979=VECTOR('',#12008,1.);
#9980=VECTOR('',#12077,1.);
#9981=VECTOR('',#12078,1.);
#9982=VECTOR('',#12079,1.);
#9983=VECTOR('',#12080,1.);
#9984=VECTOR('',#12083,1.);
#9985=VECTOR('',#12084,1.);
#9986=VECTOR('',#12085,1.);
#9987=VECTOR('',#12088,1.);
#9988=VECTOR('',#12089,1.);
#9989=VECTOR('',#12090,1.);
#9990=VECTOR('',#12091,1.);
#9991=VECTOR('',#12094,1.);
#9992=VECTOR('',#12095,1.);
#9993=VECTOR('',#12096,1.);
#9994=VECTOR('',#12099,1.);
#9995=VECTOR('',#12100,1.);
#9996=VECTOR('',#12101,1.);
#9997=VECTOR('',#12102,1.);
#9998=VECTOR('',#12105,1.);
#9999=VECTOR('',#12106,1.);
#10000=VECTOR('',#12107,1.);
#10001=VECTOR('',#12108,1.);
#10002=VECTOR('',#12111,1.);
#10003=VECTOR('',#12112,1.);
#10004=VECTOR('',#12113,1.);
#10005=VECTOR('',#12114,1.);
#10006=VECTOR('',#12117,1.);
#10007=VECTOR('',#12118,1.);
#10008=VECTOR('',#12119,1.);
#10009=VECTOR('',#12122,1.);
#10010=VECTOR('',#12123,1.);
#10011=VECTOR('',#12124,1.);
#10012=VECTOR('',#12125,1.);
#10013=VECTOR('',#12128,1.);
#10014=VECTOR('',#12129,1.);
#10015=VECTOR('',#12130,1.);
#10016=VECTOR('',#12133,1.);
#10017=VECTOR('',#12134,1.);
#10018=VECTOR('',#12135,1.);
#10019=VECTOR('',#12136,1.);
#10020=VECTOR('',#12137,1.);
#10021=VECTOR('',#12140,1.);
#10022=VECTOR('',#12141,1.);
#10023=VECTOR('',#12142,1.);
#10024=VECTOR('',#12145,1.);
#10025=VECTOR('',#12146,1.);
#10026=VECTOR('',#12147,1.);
#10027=VECTOR('',#12148,1.);
#10028=VECTOR('',#12151,1.);
#10029=VECTOR('',#12152,1.);
#10030=VECTOR('',#12153,1.);
#10031=VECTOR('',#12156,1.);
#10032=VECTOR('',#12157,1.);
#10033=VECTOR('',#12158,1.);
#10034=VECTOR('',#12161,1.);
#10035=VECTOR('',#12162,1.);
#10036=VECTOR('',#12163,1.);
#10037=VECTOR('',#12164,1.);
#10038=VECTOR('',#12167,1.);
#10039=VECTOR('',#12168,1.);
#10040=VECTOR('',#12169,1.);
#10041=VECTOR('',#12172,1.);
#10042=VECTOR('',#12173,1.);
#10043=VECTOR('',#12174,1.);
#10044=VECTOR('',#12175,1.);
#10045=VECTOR('',#12178,1.);
#10046=VECTOR('',#12179,1.);
#10047=VECTOR('',#12180,1.);
#10048=VECTOR('',#12183,1.);
#10049=VECTOR('',#12184,1.);
#10050=VECTOR('',#12185,1.);
#10051=VECTOR('',#12186,1.);
#10052=VECTOR('',#12189,1.);
#10053=VECTOR('',#12190,1.);
#10054=VECTOR('',#12191,1.);
#10055=VECTOR('',#12192,1.);
#10056=VECTOR('',#12195,1.);
#10057=VECTOR('',#12196,1.);
#10058=VECTOR('',#12199,1.);
#10059=VECTOR('',#12200,1.);
#10060=VECTOR('',#12203,1.);
#10061=VECTOR('',#12204,1.);
#10062=VECTOR('',#12207,1.);
#10063=VECTOR('',#12208,1.);
#10064=VECTOR('',#12209,1.);
#10065=VECTOR('',#12210,1.);
#10066=VECTOR('',#12213,1.);
#10067=VECTOR('',#12214,1.);
#10068=VECTOR('',#12219,1.);
#10069=VECTOR('',#12220,1.);
#10070=VECTOR('',#12223,1.);
#10071=VECTOR('',#12224,1.);
#10072=VECTOR('',#12225,1.);
#10073=VECTOR('',#12226,1.);
#10074=VECTOR('',#12227,1.);
#10075=VECTOR('',#12228,1.);
#10076=VECTOR('',#12229,1.);
#10077=VECTOR('',#12230,1.);
#10078=VECTOR('',#12231,1.);
#10079=VECTOR('',#12232,1.);
#10080=VECTOR('',#12241,1.);
#10081=VECTOR('',#12242,1.);
#10082=VECTOR('',#12243,1.);
#10083=VECTOR('',#12246,1.);
#10084=VECTOR('',#12247,1.);
#10085=VECTOR('',#12250,1.);
#10086=VECTOR('',#12251,1.);
#10087=VECTOR('',#12254,1.);
#10088=VECTOR('',#12315,1.);
#10089=VECTOR('',#12316,1.);
#10090=VECTOR('',#12317,1.);
#10091=VECTOR('',#12318,1.);
#10092=VECTOR('',#12331,1.);
#10093=VECTOR('',#12332,1.);
#10094=VECTOR('',#12333,1.);
#10095=VECTOR('',#12336,1.);
#10096=VECTOR('',#12337,1.);
#10097=VECTOR('',#12340,1.);
#10098=VECTOR('',#12341,1.);
#10099=VECTOR('',#12350,1.);
#10100=VECTOR('',#12371,1.);
#10101=VECTOR('',#12372,1.);
#10102=VECTOR('',#12373,1.);
#10103=VECTOR('',#12374,1.);
#10104=VECTOR('',#12377,1.);
#10105=VECTOR('',#12378,1.);
#10106=VECTOR('',#12379,1.);
#10107=VECTOR('',#12382,1.);
#10108=VECTOR('',#12383,1.);
#10109=VECTOR('',#12384,1.);
#10110=VECTOR('',#12399,1.);
#10111=VECTOR('',#12400,1.);
#10112=VECTOR('',#12441,1.);
#10113=VECTOR('',#12442,1.);
#10114=VECTOR('',#12443,1.);
#10115=VECTOR('',#12444,1.);
#10116=VECTOR('',#12447,1.);
#10117=VECTOR('',#12448,1.);
#10118=VECTOR('',#12449,1.);
#10119=VECTOR('',#12452,1.);
#10120=VECTOR('',#12453,1.);
#10121=VECTOR('',#12454,1.);
#10122=VECTOR('',#12457,1.);
#10123=VECTOR('',#12458,1.);
#10124=VECTOR('',#12491,1.);
#10125=VECTOR('',#12492,1.);
#10126=VECTOR('',#12493,1.);
#10127=VECTOR('',#12494,1.);
#10128=VECTOR('',#12499,1.);
#10129=VECTOR('',#12500,1.);
#10130=VECTOR('',#12501,1.);
#10131=VECTOR('',#12502,1.);
#10132=VECTOR('',#12503,1.);
#10133=VECTOR('',#12504,1.);
#10134=VECTOR('',#12505,1.);
#10135=VECTOR('',#12506,1.);
#10136=VECTOR('',#12517,1.);
#10137=VECTOR('',#12518,1.);
#10138=VECTOR('',#12519,1.);
#10139=VECTOR('',#12520,1.);
#10140=VECTOR('',#12521,1.);
#10141=VECTOR('',#12522,1.);
#10142=VECTOR('',#12523,1.);
#10143=VECTOR('',#12544,1.);
#10144=VECTOR('',#12545,1.);
#10145=VECTOR('',#12546,1.);
#10146=VECTOR('',#12547,1.);
#10147=VECTOR('',#12548,1.);
#10148=VECTOR('',#12549,1.);
#10149=VECTOR('',#12550,1.);
#10150=VECTOR('',#12563,1.);
#10151=VECTOR('',#12564,1.);
#10152=VECTOR('',#12565,1.);
#10153=VECTOR('',#12566,1.);
#10154=VECTOR('',#12567,1.);
#10155=VECTOR('',#12568,1.);
#10156=VECTOR('',#12569,1.);
#10157=VECTOR('',#12570,1.);
#10158=VECTOR('',#12571,1.);
#10159=VECTOR('',#12572,1.);
#10160=VECTOR('',#12573,1.);
#10161=VECTOR('',#12574,1.);
#10162=VECTOR('',#12575,1.);
#10163=VECTOR('',#12576,1.);
#10164=VECTOR('',#12577,1.);
#10165=VECTOR('',#12578,1.);
#10166=VECTOR('',#12579,1.);
#10167=VECTOR('',#12580,1.);
#10168=VECTOR('',#12581,1.);
#10169=VECTOR('',#12582,1.);
#10170=VECTOR('',#12583,1.);
#10171=VECTOR('',#12584,1.);
#10172=VECTOR('',#12585,1.);
#10173=VECTOR('',#12586,1.);
#10174=VECTOR('',#12587,1.);
#10175=VECTOR('',#12588,1.);
#10176=VECTOR('',#12589,1.);
#10177=VECTOR('',#12590,1.);
#10178=VECTOR('',#12591,1.);
#10179=VECTOR('',#12592,1.);
#10180=VECTOR('',#12595,1.);
#10181=VECTOR('',#12596,1.);
#10182=VECTOR('',#12599,1.);
#10183=VECTOR('',#12602,1.);
#10184=VECTOR('',#12607,1.);
#10185=VECTOR('',#12608,1.);
#10186=VECTOR('',#12609,1.);
#10187=VECTOR('',#12612,1.);
#10188=VECTOR('',#12613,1.);
#10189=VECTOR('',#12616,1.);
#10190=VECTOR('',#12617,1.);
#10191=VECTOR('',#12620,1.);
#10192=VECTOR('',#12621,1.);
#10193=VECTOR('',#12624,1.);
#10194=VECTOR('',#12625,1.);
#10195=VECTOR('',#12628,1.);
#10196=VECTOR('',#12633,1.);
#10197=VECTOR('',#12634,1.);
#10198=VECTOR('',#12635,1.);
#10199=VECTOR('',#12638,1.);
#10200=VECTOR('',#12639,1.);
#10201=VECTOR('',#12642,1.);
#10202=VECTOR('',#12643,1.);
#10203=VECTOR('',#12646,1.);
#10204=VECTOR('',#12647,1.);
#10205=VECTOR('',#12650,1.);
#10206=VECTOR('',#12651,1.);
#10207=VECTOR('',#12654,1.);
#10208=VECTOR('',#12661,1.);
#10209=VECTOR('',#12662,1.);
#10210=VECTOR('',#12663,1.);
#10211=VECTOR('',#12666,1.);
#10212=VECTOR('',#12667,1.);
#10213=VECTOR('',#12670,1.);
#10214=VECTOR('',#12671,1.);
#10215=VECTOR('',#12674,1.);
#10216=VECTOR('',#12675,1.);
#10217=VECTOR('',#12678,1.);
#10218=VECTOR('',#12679,1.);
#10219=VECTOR('',#12682,1.);
#10220=VECTOR('',#12689,1.);
#10221=VECTOR('',#12690,1.);
#10222=VECTOR('',#12691,1.);
#10223=VECTOR('',#12694,1.);
#10224=VECTOR('',#12695,1.);
#10225=VECTOR('',#12698,1.);
#10226=VECTOR('',#12699,1.);
#10227=VECTOR('',#12702,1.);
#10228=VECTOR('',#12703,1.);
#10229=VECTOR('',#12706,1.);
#10230=VECTOR('',#12707,1.);
#10231=VECTOR('',#12710,1.);
#10232=VECTOR('',#12753,1.);
#10233=VECTOR('',#12756,1.);
#10234=VECTOR('',#12761,1.);
#10235=VECTOR('',#12764,1.);
#10236=VECTOR('',#12767,1.);
#10237=VECTOR('',#12768,1.);
#10238=VECTOR('',#12769,1.);
#10239=VECTOR('',#12810,1.);
#10240=VECTOR('',#12811,1.);
#10241=VECTOR('',#12812,1.);
#10242=VECTOR('',#12815,1.);
#10243=VECTOR('',#12816,1.);
#10244=VECTOR('',#12861,1.);
#10245=VECTOR('',#12862,1.);
#10246=VECTOR('',#12863,1.);
#10247=VECTOR('',#12864,1.);
#10248=VECTOR('',#12867,1.);
#10249=VECTOR('',#12868,1.);
#10250=VECTOR('',#12869,1.);
#10251=VECTOR('',#12872,1.);
#10252=VECTOR('',#12873,1.);
#10253=VECTOR('',#12874,1.);
#10254=VECTOR('',#12889,1.);
#10255=VECTOR('',#12890,1.);
#10256=VECTOR('',#12919,1.);
#10257=VECTOR('',#12920,1.);
#10258=VECTOR('',#12921,1.);
#10259=VECTOR('',#12922,1.);
#10260=VECTOR('',#12925,1.);
#10261=VECTOR('',#12926,1.);
#10262=VECTOR('',#12927,1.);
#10263=VECTOR('',#12934,1.);
#10264=VECTOR('',#12937,1.);
#10265=VECTOR('',#12938,1.);
#10266=VECTOR('',#12955,1.);
#10267=VECTOR('',#12958,1.);
#10268=VECTOR('',#12969,1.);
#10269=VECTOR('',#12970,1.);
#10270=VECTOR('',#12971,1.);
#10271=VECTOR('',#12972,1.);
#10272=VECTOR('',#12973,1.);
#10273=VECTOR('',#12974,1.);
#10274=VECTOR('',#12975,1.);
#10275=VECTOR('',#12982,1.);
#10276=VECTOR('',#12985,1.);
#10277=VECTOR('',#12986,1.);
#10278=VECTOR('',#12987,1.);
#10279=VECTOR('',#12988,1.);
#10280=VECTOR('',#12989,1.);
#10281=VECTOR('',#12990,1.);
#10282=VECTOR('',#13079,1.);
#10283=VECTOR('',#13080,1.);
#10284=VECTOR('',#13081,1.);
#10285=VECTOR('',#13082,1.);
#10286=VECTOR('',#13137,1.);
#10287=VECTOR('',#13138,1.);
#10288=VECTOR('',#13139,1.);
#10289=VECTOR('',#13140,1.);
#10290=VECTOR('',#13143,1.);
#10291=VECTOR('',#13146,1.);
#10292=VECTOR('',#13149,1.);
#10293=VECTOR('',#13152,1.);
#10294=VECTOR('',#13155,1.);
#10295=VECTOR('',#13156,1.);
#10296=VECTOR('',#13159,1.);
#10297=VECTOR('',#13162,1.);
#10298=VECTOR('',#13183,1.);
#10299=VECTOR('',#13184,1.);
#10300=VECTOR('',#13187,1.);
#10301=VECTOR('',#13188,1.);
#10302=VECTOR('',#13193,1.);
#10303=VECTOR('',#13196,1.);
#10304=VECTOR('',#13199,1.);
#10305=VECTOR('',#13200,1.);
#10306=VECTOR('',#13209,1.);
#10307=VECTOR('',#13212,1.);
#10308=VECTOR('',#13215,1.);
#10309=VECTOR('',#13216,1.);
#10310=VECTOR('',#13297,1.);
#10311=VECTOR('',#13298,1.);
#10312=VECTOR('',#13299,1.);
#10313=VECTOR('',#13300,1.);
#10314=VECTOR('',#13337,1.);
#10315=VECTOR('',#13338,1.);
#10316=VECTOR('',#13339,1.);
#10317=VECTOR('',#13340,1.);
#10318=VECTOR('',#13343,1.);
#10319=VECTOR('',#13346,1.);
#10320=VECTOR('',#13349,1.);
#10321=VECTOR('',#13352,1.);
#10322=VECTOR('',#13353,1.);
#10323=VECTOR('',#13356,1.);
#10324=VECTOR('',#13359,1.);
#10325=VECTOR('',#13362,1.);
#10326=VECTOR('',#13369,1.);
#10327=VECTOR('',#13370,1.);
#10328=VECTOR('',#13373,1.);
#10329=VECTOR('',#13374,1.);
#10330=VECTOR('',#13377,1.);
#10331=VECTOR('',#13378,1.);
#10332=VECTOR('',#13381,1.);
#10333=VECTOR('',#13384,1.);
#10334=VECTOR('',#13395,1.);
#10335=VECTOR('',#13396,1.);
#10336=VECTOR('',#13399,1.);
#10337=VECTOR('',#13400,1.);
#10338=VECTOR('',#13405,1.);
#10339=VECTOR('',#13408,1.);
#10340=VECTOR('',#13411,1.);
#10341=VECTOR('',#13412,1.);
#10342=VECTOR('',#13421,1.);
#10343=VECTOR('',#13424,1.);
#10344=VECTOR('',#13427,1.);
#10345=VECTOR('',#13430,1.);
#10346=VECTOR('',#13441,1.);
#10347=VECTOR('',#13444,1.);
#10348=VECTOR('',#13447,1.);
#10349=VECTOR('',#13448,1.);
#10350=VECTOR('',#13457,1.);
#10351=VECTOR('',#13460,1.);
#10352=VECTOR('',#13463,1.);
#10353=VECTOR('',#13466,1.);
#10354=VECTOR('',#13507,1.);
#10355=VECTOR('',#13508,1.);
#10356=VECTOR('',#13509,1.);
#10357=VECTOR('',#13510,1.);
#10358=VECTOR('',#13513,1.);
#10359=VECTOR('',#13514,1.);
#10360=VECTOR('',#13515,1.);
#10361=VECTOR('',#13518,1.);
#10362=VECTOR('',#13519,1.);
#10363=VECTOR('',#13520,1.);
#10364=VECTOR('',#13523,1.);
#10365=VECTOR('',#13524,1.);
#10366=VECTOR('',#13533,1.);
#10367=VECTOR('',#13536,1.);
#10368=VECTOR('',#13541,1.);
#10369=VECTOR('',#13542,1.);
#10370=VECTOR('',#13543,1.);
#10371=VECTOR('',#13544,1.);
#10372=VECTOR('',#13547,1.);
#10373=VECTOR('',#13548,1.);
#10374=VECTOR('',#13549,1.);
#10375=VECTOR('',#13552,1.);
#10376=VECTOR('',#13557,1.);
#10377=VECTOR('',#13558,1.);
#10378=VECTOR('',#13565,1.);
#10379=VECTOR('',#13572,1.);
#10380=VECTOR('',#13573,1.);
#10381=VECTOR('',#13574,1.);
#10382=VECTOR('',#13623,1.);
#10383=VECTOR('',#13624,1.);
#10384=VECTOR('',#13625,1.);
#10385=VECTOR('',#13626,1.);
#10386=VECTOR('',#13631,1.);
#10387=VECTOR('',#13636,1.);
#10388=VECTOR('',#13637,1.);
#10389=VECTOR('',#13638,1.);
#10390=VECTOR('',#13641,1.);
#10391=VECTOR('',#13642,1.);
#10392=VECTOR('',#13643,1.);
#10393=VECTOR('',#13644,1.);
#10394=VECTOR('',#13649,1.);
#10395=VECTOR('',#13654,1.);
#10396=VECTOR('',#13655,1.);
#10397=VECTOR('',#13656,1.);
#10398=VECTOR('',#13727,1.);
#10399=VECTOR('',#13728,1.);
#10400=VECTOR('',#13729,1.);
#10401=VECTOR('',#13730,1.);
#10402=VECTOR('',#13731,1.);
#10403=VECTOR('',#13732,1.);
#10404=VECTOR('',#13733,1.);
#10405=VECTOR('',#13734,1.);
#10406=VECTOR('',#13741,1.);
#10407=VECTOR('',#13742,1.);
#10408=VECTOR('',#13743,1.);
#10409=VECTOR('',#13744,1.);
#10410=VECTOR('',#13745,1.);
#10411=VECTOR('',#13746,1.);
#10412=VECTOR('',#13747,1.);
#10413=VECTOR('',#13766,1.);
#10414=VECTOR('',#13767,1.);
#10415=VECTOR('',#13768,1.);
#10416=VECTOR('',#13769,1.);
#10417=VECTOR('',#13770,1.);
#10418=VECTOR('',#13771,1.);
#10419=VECTOR('',#13772,1.);
#10420=VECTOR('',#13775,1.);
#10421=VECTOR('',#13776,1.);
#10422=VECTOR('',#13779,1.);
#10423=VECTOR('',#13780,1.);
#10424=VECTOR('',#13783,1.);
#10425=VECTOR('',#13784,1.);
#10426=VECTOR('',#13787,1.);
#10427=VECTOR('',#13792,1.);
#10428=VECTOR('',#13795,1.);
#10429=VECTOR('',#13796,1.);
#10430=VECTOR('',#13799,1.);
#10431=VECTOR('',#13800,1.);
#10432=VECTOR('',#13803,1.);
#10433=VECTOR('',#13808,1.);
#10434=VECTOR('',#13895,1.);
#10435=VECTOR('',#13896,1.);
#10436=VECTOR('',#13897,1.);
#10437=VECTOR('',#13898,1.);
#10438=VECTOR('',#13899,1.);
#10439=VECTOR('',#13900,1.);
#10440=VECTOR('',#13903,1.);
#10441=VECTOR('',#13904,1.);
#10442=VECTOR('',#13905,1.);
#10443=VECTOR('',#13906,1.);
#10444=VECTOR('',#13907,1.);
#10445=VECTOR('',#13908,1.);
#10446=VECTOR('',#13913,1.);
#10447=VECTOR('',#13914,1.);
#10448=VECTOR('',#13915,1.);
#10449=VECTOR('',#13916,1.);
#10450=VECTOR('',#13917,1.);
#10451=VECTOR('',#13918,1.);
#10452=VECTOR('',#13921,1.);
#10453=VECTOR('',#13922,1.);
#10454=VECTOR('',#13927,1.);
#10455=VECTOR('',#13928,1.);
#10456=VECTOR('',#13931,1.);
#10457=VECTOR('',#13932,1.);
#10458=VECTOR('',#13939,1.);
#10459=VECTOR('',#13940,1.);
#10460=VECTOR('',#13941,1.);
#10461=VECTOR('',#13942,1.);
#10462=VECTOR('',#13943,1.);
#10463=VECTOR('',#13946,1.);
#10464=VECTOR('',#13947,1.);
#10465=VECTOR('',#13952,1.);
#10466=VECTOR('',#13953,1.);
#10467=VECTOR('',#13956,1.);
#10468=VECTOR('',#13961,1.);
#10469=VECTOR('',#13964,1.);
#10470=VECTOR('',#13979,1.);
#10471=VECTOR('',#13980,1.);
#10472=VECTOR('',#13981,1.);
#10473=VECTOR('',#13982,1.);
#10474=VECTOR('',#13987,1.);
#10475=VECTOR('',#13992,1.);
#10476=VECTOR('',#13993,1.);
#10477=VECTOR('',#13994,1.);
#10478=VECTOR('',#13999,1.);
#10479=VECTOR('',#14000,1.);
#10480=VECTOR('',#14013,1.);
#10481=VECTOR('',#14014,1.);
#10482=VECTOR('',#14015,1.);
#10483=VECTOR('',#14016,1.);
#10484=VECTOR('',#14031,1.);
#10485=VECTOR('',#14034,1.);
#10486=VECTOR('',#14049,1.);
#10487=VECTOR('',#14050,1.);
#10488=VECTOR('',#14051,1.);
#10489=VECTOR('',#14052,1.);
#10490=VECTOR('',#14053,1.);
#10491=VECTOR('',#14058,1.);
#10492=VECTOR('',#14059,1.);
#10493=VECTOR('',#14062,1.);
#10494=VECTOR('',#14065,1.);
#10495=VECTOR('',#14074,1.);
#10496=VECTOR('',#14075,1.);
#10497=VECTOR('',#14100,1.);
#10498=VECTOR('',#14101,1.);
#10499=VECTOR('',#14102,1.);
#10500=VECTOR('',#14103,1.);
#10501=VECTOR('',#14116,1.);
#10502=VECTOR('',#14117,1.);
#10503=VECTOR('',#14118,1.);
#10504=VECTOR('',#14121,1.);
#10505=VECTOR('',#14122,1.);
#10506=VECTOR('',#14125,1.);
#10507=VECTOR('',#14126,1.);
#10508=VECTOR('',#14133,1.);
#10509=VECTOR('',#14162,1.);
#10510=VECTOR('',#14163,1.);
#10511=VECTOR('',#14164,1.);
#10512=VECTOR('',#14165,1.);
#10513=VECTOR('',#14168,1.);
#10514=VECTOR('',#14169,1.);
#10515=VECTOR('',#14170,1.);
#10516=VECTOR('',#14173,1.);
#10517=VECTOR('',#14174,1.);
#10518=VECTOR('',#14175,1.);
#10519=VECTOR('',#14190,1.);
#10520=VECTOR('',#14191,1.);
#10521=VECTOR('',#14214,1.);
#10522=VECTOR('',#14215,1.);
#10523=VECTOR('',#14216,1.);
#10524=VECTOR('',#14217,1.);
#10525=VECTOR('',#14226,1.);
#10526=VECTOR('',#14227,1.);
#10527=VECTOR('',#14228,1.);
#10528=VECTOR('',#14229,1.);
#10529=VECTOR('',#14230,1.);
#10530=VECTOR('',#14231,1.);
#10531=VECTOR('',#14232,1.);
#10532=VECTOR('',#14233,1.);
#10533=VECTOR('',#14234,1.);
#10534=VECTOR('',#14235,1.);
#10535=VECTOR('',#14236,1.);
#10536=VECTOR('',#14237,1.);
#10537=VECTOR('',#14240,1.);
#10538=VECTOR('',#14241,1.);
#10539=VECTOR('',#14242,1.);
#10540=VECTOR('',#14243,1.);
#10541=VECTOR('',#14244,1.);
#10542=VECTOR('',#14245,1.);
#10543=VECTOR('',#14248,1.);
#10544=VECTOR('',#14249,1.);
#10545=VECTOR('',#14250,1.);
#10546=VECTOR('',#14251,1.);
#10547=VECTOR('',#14254,1.);
#10548=VECTOR('',#14255,1.);
#10549=VECTOR('',#14256,1.);
#10550=VECTOR('',#14257,1.);
#10551=VECTOR('',#14258,1.);
#10552=VECTOR('',#14267,1.);
#10553=VECTOR('',#14268,1.);
#10554=VECTOR('',#14269,1.);
#10555=VECTOR('',#14270,1.);
#10556=VECTOR('',#14271,1.);
#10557=VECTOR('',#14280,1.);
#10558=VECTOR('',#14281,1.);
#10559=VECTOR('',#14282,1.);
#10560=VECTOR('',#14285,1.);
#10561=VECTOR('',#14286,1.);
#10562=VECTOR('',#14303,1.);
#10563=VECTOR('',#14308,1.);
#10564=VECTOR('',#14335,1.);
#10565=VECTOR('',#14356,1.);
#10566=VECTOR('',#14357,1.);
#10567=VECTOR('',#14358,1.);
#10568=VECTOR('',#14361,1.);
#10569=VECTOR('',#14362,1.);
#10570=VECTOR('',#14363,1.);
#10571=VECTOR('',#14366,1.);
#10572=VECTOR('',#14369,1.);
#10573=VECTOR('',#14386,1.);
#10574=VECTOR('',#14387,1.);
#10575=VECTOR('',#14388,1.);
#10576=VECTOR('',#14389,1.);
#10577=VECTOR('',#14392,1.);
#10578=VECTOR('',#14393,1.);
#10579=VECTOR('',#14394,1.);
#10580=VECTOR('',#14397,1.);
#10581=VECTOR('',#14398,1.);
#10582=VECTOR('',#14399,1.);
#10583=VECTOR('',#14410,1.);
#10584=VECTOR('',#14411,1.);
#10585=VECTOR('',#14412,1.);
#10586=VECTOR('',#14413,1.);
#10587=VECTOR('',#14416,1.);
#10588=VECTOR('',#14417,1.);
#10589=VECTOR('',#14418,1.);
#10590=VECTOR('',#14429,1.);
#10591=VECTOR('',#14432,1.);
#10592=VECTOR('',#14435,1.);
#10593=VECTOR('',#14436,1.);
#10594=VECTOR('',#14437,1.);
#10595=VECTOR('',#14440,1.);
#10596=VECTOR('',#14441,1.);
#10597=VECTOR('',#14444,1.);
#10598=VECTOR('',#14445,1.);
#10599=VECTOR('',#14450,1.);
#10600=VECTOR('',#14451,1.);
#10601=VECTOR('',#14452,1.);
#10602=VECTOR('',#14503,1.);
#10603=VECTOR('',#14504,1.);
#10604=VECTOR('',#14505,1.);
#10605=VECTOR('',#14506,1.);
#10606=VECTOR('',#14507,1.);
#10607=VECTOR('',#14508,1.);
#10608=VECTOR('',#14509,1.);
#10609=VECTOR('',#14510,1.);
#10610=VECTOR('',#14511,1.);
#10611=VECTOR('',#14512,1.);
#10612=VECTOR('',#14513,1.);
#10613=VECTOR('',#14514,1.);
#10614=VECTOR('',#14515,1.);
#10615=VECTOR('',#14516,1.);
#10616=VECTOR('',#14517,1.);
#10617=VECTOR('',#14518,1.);
#10618=VECTOR('',#14519,1.);
#10619=VECTOR('',#14520,1.);
#10620=VECTOR('',#14521,1.);
#10621=VECTOR('',#14522,1.);
#10622=VECTOR('',#14523,1.);
#10623=VECTOR('',#14524,1.);
#10624=VECTOR('',#14537,1.);
#10625=VECTOR('',#14538,1.);
#10626=VECTOR('',#14539,1.);
#10627=VECTOR('',#14542,1.);
#10628=VECTOR('',#14543,1.);
#10629=VECTOR('',#14544,1.);
#10630=VECTOR('',#14547,1.);
#10631=VECTOR('',#14548,1.);
#10632=VECTOR('',#14549,1.);
#10633=VECTOR('',#14552,1.);
#10634=VECTOR('',#14553,1.);
#10635=VECTOR('',#14554,1.);
#10636=VECTOR('',#14555,1.);
#10637=VECTOR('',#14556,1.);
#10638=VECTOR('',#14557,1.);
#10639=VECTOR('',#14558,1.);
#10640=VECTOR('',#14559,1.);
#10641=VECTOR('',#14560,1.);
#10642=VECTOR('',#14561,1.);
#10643=VECTOR('',#14562,1.);
#10644=VECTOR('',#14563,1.);
#10645=VECTOR('',#14564,1.);
#10646=VECTOR('',#14571,1.);
#10647=VECTOR('',#14578,1.);
#10648=VECTOR('',#14581,1.);
#10649=VECTOR('',#14586,1.);
#10650=VECTOR('',#14587,1.);
#10651=VECTOR('',#14598,1.);
#10652=VECTOR('',#14615,1.);
#10653=VECTOR('',#14628,1.);
#10654=VECTOR('',#14637,1.);
#10655=VECTOR('',#14638,1.);
#10656=VECTOR('',#14639,1.);
#10657=VECTOR('',#14642,1.);
#10658=VECTOR('',#14643,1.);
#10659=VECTOR('',#14646,1.);
#10660=VECTOR('',#14647,1.);
#10661=VECTOR('',#14650,1.);
#10662=VECTOR('',#14653,1.);
#10663=VECTOR('',#14654,1.);
#10664=VECTOR('',#14655,1.);
#10665=VECTOR('',#14656,1.);
#10666=VECTOR('',#14671,1.);
#10667=VECTOR('',#14672,1.);
#10668=VECTOR('',#14673,1.);
#10669=VECTOR('',#14676,1.);
#10670=VECTOR('',#14677,1.);
#10671=VECTOR('',#14678,1.);
#10672=VECTOR('',#14681,1.);
#10673=VECTOR('',#14684,1.);
#10674=AXIS2_PLACEMENT_3D('',#14743,#11791,#11792);
#10675=AXIS2_PLACEMENT_3D('',#14752,#11797,#11798);
#10676=AXIS2_PLACEMENT_3D('',#14758,#11802,#11803);
#10677=AXIS2_PLACEMENT_3D('',#14764,#11807,#11808);
#10678=AXIS2_PLACEMENT_3D('',#14765,#11809,#11810);
#10679=AXIS2_PLACEMENT_3D('',#14767,#11811,#11812);
#10680=AXIS2_PLACEMENT_3D('',#14769,#11813,#11814);
#10681=AXIS2_PLACEMENT_3D('',#14770,#11815,#11816);
#10682=AXIS2_PLACEMENT_3D('',#14772,#11817,#11818);
#10683=AXIS2_PLACEMENT_3D('',#14774,#11819,#11820);
#10684=AXIS2_PLACEMENT_3D('',#14775,#11821,#11822);
#10685=AXIS2_PLACEMENT_3D('',#14777,#11823,#11824);
#10686=AXIS2_PLACEMENT_3D('',#14779,#11825,#11826);
#10687=AXIS2_PLACEMENT_3D('',#14780,#11827,#11828);
#10688=AXIS2_PLACEMENT_3D('',#14782,#11829,#11830);
#10689=AXIS2_PLACEMENT_3D('',#14784,#11831,#11832);
#10690=AXIS2_PLACEMENT_3D('',#14787,#11835,#11836);
#10691=AXIS2_PLACEMENT_3D('',#14788,#11837,#11838);
#10692=AXIS2_PLACEMENT_3D('',#14790,#11839,#11840);
#10693=AXIS2_PLACEMENT_3D('',#14792,#11841,#11842);
#10694=AXIS2_PLACEMENT_3D('',#14793,#11843,#11844);
#10695=AXIS2_PLACEMENT_3D('',#14794,#11845,#11846);
#10696=AXIS2_PLACEMENT_3D('',#14796,#11847,#11848);
#10697=AXIS2_PLACEMENT_3D('',#14798,#11849,#11850);
#10698=AXIS2_PLACEMENT_3D('',#14800,#11851,#11852);
#10699=AXIS2_PLACEMENT_3D('',#14802,#11853,#11854);
#10700=AXIS2_PLACEMENT_3D('',#14803,#11855,#11856);
#10701=AXIS2_PLACEMENT_3D('',#14805,#11857,#11858);
#10702=AXIS2_PLACEMENT_3D('',#14806,#11859,#11860);
#10703=AXIS2_PLACEMENT_3D('',#14807,#11861,#11862);
#10704=AXIS2_PLACEMENT_3D('',#14809,#11863,#11864);
#10705=AXIS2_PLACEMENT_3D('',#14810,#11865,#11866);
#10706=AXIS2_PLACEMENT_3D('',#14811,#11867,#11868);
#10707=AXIS2_PLACEMENT_3D('',#14813,#11869,#11870);
#10708=AXIS2_PLACEMENT_3D('',#14814,#11871,#11872);
#10709=AXIS2_PLACEMENT_3D('',#14815,#11873,#11874);
#10710=AXIS2_PLACEMENT_3D('',#14817,#11875,#11876);
#10711=AXIS2_PLACEMENT_3D('',#14818,#11877,#11878);
#10712=AXIS2_PLACEMENT_3D('',#14819,#11879,#11880);
#10713=AXIS2_PLACEMENT_3D('',#14821,#11881,#11882);
#10714=AXIS2_PLACEMENT_3D('',#14823,#11883,#11884);
#10715=AXIS2_PLACEMENT_3D('',#14824,#11885,#11886);
#10716=AXIS2_PLACEMENT_3D('',#14825,#11887,#11888);
#10717=AXIS2_PLACEMENT_3D('',#14827,#11889,#11890);
#10718=AXIS2_PLACEMENT_3D('',#14828,#11891,#11892);
#10719=AXIS2_PLACEMENT_3D('',#14829,#11893,#11894);
#10720=AXIS2_PLACEMENT_3D('',#14831,#11895,#11896);
#10721=AXIS2_PLACEMENT_3D('',#14833,#11897,#11898);
#10722=AXIS2_PLACEMENT_3D('',#14834,#11899,#11900);
#10723=AXIS2_PLACEMENT_3D('',#14836,#11901,#11902);
#10724=AXIS2_PLACEMENT_3D('',#14838,#11903,#11904);
#10725=AXIS2_PLACEMENT_3D('',#14839,#11905,#11906);
#10726=AXIS2_PLACEMENT_3D('',#14841,#11907,#11908);
#10727=AXIS2_PLACEMENT_3D('',#14842,#11909,#11910);
#10728=AXIS2_PLACEMENT_3D('',#14843,#11911,#11912);
#10729=AXIS2_PLACEMENT_3D('',#14845,#11913,#11914);
#10730=AXIS2_PLACEMENT_3D('',#14846,#11915,#11916);
#10731=AXIS2_PLACEMENT_3D('',#14848,#11917,#11918);
#10732=AXIS2_PLACEMENT_3D('',#14850,#11919,#11920);
#10733=AXIS2_PLACEMENT_3D('',#14851,#11921,#11922);
#10734=AXIS2_PLACEMENT_3D('',#14852,#11923,#11924);
#10735=AXIS2_PLACEMENT_3D('',#14854,#11925,#11926);
#10736=AXIS2_PLACEMENT_3D('',#14856,#11927,#11928);
#10737=AXIS2_PLACEMENT_3D('',#14857,#11929,#11930);
#10738=AXIS2_PLACEMENT_3D('',#14858,#11931,#11932);
#10739=AXIS2_PLACEMENT_3D('',#14860,#11933,#11934);
#10740=AXIS2_PLACEMENT_3D('',#14862,#11935,#11936);
#10741=AXIS2_PLACEMENT_3D('',#14863,#11937,#11938);
#10742=AXIS2_PLACEMENT_3D('',#14864,#11939,#11940);
#10743=AXIS2_PLACEMENT_3D('',#14865,#11941,#11942);
#10744=AXIS2_PLACEMENT_3D('',#14867,#11943,#11944);
#10745=AXIS2_PLACEMENT_3D('',#14869,#11945,#11946);
#10746=AXIS2_PLACEMENT_3D('',#14870,#11947,#11948);
#10747=AXIS2_PLACEMENT_3D('',#14872,#11949,#11950);
#10748=AXIS2_PLACEMENT_3D('',#14873,#11951,#11952);
#10749=AXIS2_PLACEMENT_3D('',#14875,#11953,#11954);
#10750=AXIS2_PLACEMENT_3D('',#14877,#11955,#11956);
#10751=AXIS2_PLACEMENT_3D('',#14878,#11957,#11958);
#10752=AXIS2_PLACEMENT_3D('',#14879,#11959,#11960);
#10753=AXIS2_PLACEMENT_3D('',#14880,#11961,#11962);
#10754=AXIS2_PLACEMENT_3D('',#14882,#11963,#11964);
#10755=AXIS2_PLACEMENT_3D('',#14883,#11965,#11966);
#10756=AXIS2_PLACEMENT_3D('',#14892,#11971,#11972);
#10757=AXIS2_PLACEMENT_3D('',#14898,#11976,#11977);
#10758=AXIS2_PLACEMENT_3D('',#14904,#11981,#11982);
#10759=AXIS2_PLACEMENT_3D('',#14905,#11983,#11984);
#10760=AXIS2_PLACEMENT_3D('',#14907,#11985,#11986);
#10761=AXIS2_PLACEMENT_3D('',#14909,#11987,#11988);
#10762=AXIS2_PLACEMENT_3D('',#14910,#11989,#11990);
#10763=AXIS2_PLACEMENT_3D('',#14912,#11991,#11992);
#10764=AXIS2_PLACEMENT_3D('',#14914,#11993,#11994);
#10765=AXIS2_PLACEMENT_3D('',#14915,#11995,#11996);
#10766=AXIS2_PLACEMENT_3D('',#14917,#11997,#11998);
#10767=AXIS2_PLACEMENT_3D('',#14919,#11999,#12000);
#10768=AXIS2_PLACEMENT_3D('',#14920,#12001,#12002);
#10769=AXIS2_PLACEMENT_3D('',#14922,#12003,#12004);
#10770=AXIS2_PLACEMENT_3D('',#14924,#12005,#12006);
#10771=AXIS2_PLACEMENT_3D('',#14927,#12009,#12010);
#10772=AXIS2_PLACEMENT_3D('',#14928,#12011,#12012);
#10773=AXIS2_PLACEMENT_3D('',#14930,#12013,#12014);
#10774=AXIS2_PLACEMENT_3D('',#14932,#12015,#12016);
#10775=AXIS2_PLACEMENT_3D('',#14933,#12017,#12018);
#10776=AXIS2_PLACEMENT_3D('',#14935,#12019,#12020);
#10777=AXIS2_PLACEMENT_3D('',#14936,#12021,#12022);
#10778=AXIS2_PLACEMENT_3D('',#14937,#12023,#12024);
#10779=AXIS2_PLACEMENT_3D('',#14939,#12025,#12026);
#10780=AXIS2_PLACEMENT_3D('',#14940,#12027,#12028);
#10781=AXIS2_PLACEMENT_3D('',#14941,#12029,#12030);
#10782=AXIS2_PLACEMENT_3D('',#14943,#12031,#12032);
#10783=AXIS2_PLACEMENT_3D('',#14945,#12033,#12034);
#10784=AXIS2_PLACEMENT_3D('',#14946,#12035,#12036);
#10785=AXIS2_PLACEMENT_3D('',#14947,#12037,#12038);
#10786=AXIS2_PLACEMENT_3D('',#14949,#12039,#12040);
#10787=AXIS2_PLACEMENT_3D('',#14951,#12041,#12042);
#10788=AXIS2_PLACEMENT_3D('',#14952,#12043,#12044);
#10789=AXIS2_PLACEMENT_3D('',#14953,#12045,#12046);
#10790=AXIS2_PLACEMENT_3D('',#14954,#12047,#12048);
#10791=AXIS2_PLACEMENT_3D('',#14956,#12049,#12050);
#10792=AXIS2_PLACEMENT_3D('',#14958,#12051,#12052);
#10793=AXIS2_PLACEMENT_3D('',#14959,#12053,#12054);
#10794=AXIS2_PLACEMENT_3D('',#14961,#12055,#12056);
#10795=AXIS2_PLACEMENT_3D('',#14963,#12057,#12058);
#10796=AXIS2_PLACEMENT_3D('',#14964,#12059,#12060);
#10797=AXIS2_PLACEMENT_3D('',#14966,#12061,#12062);
#10798=AXIS2_PLACEMENT_3D('',#14968,#12063,#12064);
#10799=AXIS2_PLACEMENT_3D('',#14969,#12065,#12066);
#10800=AXIS2_PLACEMENT_3D('',#14971,#12067,#12068);
#10801=AXIS2_PLACEMENT_3D('',#14973,#12069,#12070);
#10802=AXIS2_PLACEMENT_3D('',#14974,#12071,#12072);
#10803=AXIS2_PLACEMENT_3D('',#14976,#12073,#12074);
#10804=AXIS2_PLACEMENT_3D('',#14978,#12075,#12076);
#10805=AXIS2_PLACEMENT_3D('',#14987,#12081,#12082);
#10806=AXIS2_PLACEMENT_3D('',#14993,#12086,#12087);
#10807=AXIS2_PLACEMENT_3D('',#15001,#12092,#12093);
#10808=AXIS2_PLACEMENT_3D('',#15007,#12097,#12098);
#10809=AXIS2_PLACEMENT_3D('',#15015,#12103,#12104);
#10810=AXIS2_PLACEMENT_3D('',#15024,#12109,#12110);
#10811=AXIS2_PLACEMENT_3D('',#15032,#12115,#12116);
#10812=AXIS2_PLACEMENT_3D('',#15038,#12120,#12121);
#10813=AXIS2_PLACEMENT_3D('',#15046,#12126,#12127);
#10814=AXIS2_PLACEMENT_3D('',#15052,#12131,#12132);
#10815=AXIS2_PLACEMENT_3D('',#15063,#12138,#12139);
#10816=AXIS2_PLACEMENT_3D('',#15069,#12143,#12144);
#10817=AXIS2_PLACEMENT_3D('',#15077,#12149,#12150);
#10818=AXIS2_PLACEMENT_3D('',#15083,#12154,#12155);
#10819=AXIS2_PLACEMENT_3D('',#15089,#12159,#12160);
#10820=AXIS2_PLACEMENT_3D('',#15098,#12165,#12166);
#10821=AXIS2_PLACEMENT_3D('',#15104,#12170,#12171);
#10822=AXIS2_PLACEMENT_3D('',#15112,#12176,#12177);
#10823=AXIS2_PLACEMENT_3D('',#15118,#12181,#12182);
#10824=AXIS2_PLACEMENT_3D('',#15126,#12187,#12188);
#10825=AXIS2_PLACEMENT_3D('',#15135,#12193,#12194);
#10826=AXIS2_PLACEMENT_3D('',#15138,#12197,#12198);
#10827=AXIS2_PLACEMENT_3D('',#15141,#12201,#12202);
#10828=AXIS2_PLACEMENT_3D('',#15144,#12205,#12206);
#10829=AXIS2_PLACEMENT_3D('',#15153,#12211,#12212);
#10830=AXIS2_PLACEMENT_3D('',#15156,#12215,#12216);
#10831=AXIS2_PLACEMENT_3D('',#15157,#12217,#12218);
#10832=AXIS2_PLACEMENT_3D('',#15161,#12221,#12222);
#10833=AXIS2_PLACEMENT_3D('',#15176,#12233,#12234);
#10834=AXIS2_PLACEMENT_3D('',#15177,#12235,#12236);
#10835=AXIS2_PLACEMENT_3D('',#15179,#12237,#12238);
#10836=AXIS2_PLACEMENT_3D('',#15180,#12239,#12240);
#10837=AXIS2_PLACEMENT_3D('',#15186,#12244,#12245);
#10838=AXIS2_PLACEMENT_3D('',#15190,#12248,#12249);
#10839=AXIS2_PLACEMENT_3D('',#15194,#12252,#12253);
#10840=AXIS2_PLACEMENT_3D('',#15196,#12255,#12256);
#10841=AXIS2_PLACEMENT_3D('',#15197,#12257,#12258);
#10842=AXIS2_PLACEMENT_3D('',#15198,#12259,#12260);
#10843=AXIS2_PLACEMENT_3D('',#15199,#12261,#12262);
#10844=AXIS2_PLACEMENT_3D('',#15200,#12263,#12264);
#10845=AXIS2_PLACEMENT_3D('',#15201,#12265,#12266);
#10846=AXIS2_PLACEMENT_3D('',#15202,#12267,#12268);
#10847=AXIS2_PLACEMENT_3D('',#15204,#12269,#12270);
#10848=AXIS2_PLACEMENT_3D('',#15206,#12271,#12272);
#10849=AXIS2_PLACEMENT_3D('',#15207,#12273,#12274);
#10850=AXIS2_PLACEMENT_3D('',#15209,#12275,#12276);
#10851=AXIS2_PLACEMENT_3D('',#15211,#12277,#12278);
#10852=AXIS2_PLACEMENT_3D('',#15213,#12279,#12280);
#10853=AXIS2_PLACEMENT_3D('',#15215,#12281,#12282);
#10854=AXIS2_PLACEMENT_3D('',#15216,#12283,#12284);
#10855=AXIS2_PLACEMENT_3D('',#15217,#12285,#12286);
#10856=AXIS2_PLACEMENT_3D('',#15219,#12287,#12288);
#10857=AXIS2_PLACEMENT_3D('',#15220,#12289,#12290);
#10858=AXIS2_PLACEMENT_3D('',#15221,#12291,#12292);
#10859=AXIS2_PLACEMENT_3D('',#15223,#12293,#12294);
#10860=AXIS2_PLACEMENT_3D('',#15224,#12295,#12296);
#10861=AXIS2_PLACEMENT_3D('',#15225,#12297,#12298);
#10862=AXIS2_PLACEMENT_3D('',#15227,#12299,#12300);
#10863=AXIS2_PLACEMENT_3D('',#15228,#12301,#12302);
#10864=AXIS2_PLACEMENT_3D('',#15229,#12303,#12304);
#10865=AXIS2_PLACEMENT_3D('',#15231,#12305,#12306);
#10866=AXIS2_PLACEMENT_3D('',#15232,#12307,#12308);
#10867=AXIS2_PLACEMENT_3D('',#15233,#12309,#12310);
#10868=AXIS2_PLACEMENT_3D('',#15234,#12311,#12312);
#10869=AXIS2_PLACEMENT_3D('',#15235,#12313,#12314);
#10870=AXIS2_PLACEMENT_3D('',#15245,#12319,#12320);
#10871=AXIS2_PLACEMENT_3D('',#15247,#12321,#12322);
#10872=AXIS2_PLACEMENT_3D('',#15249,#12323,#12324);
#10873=AXIS2_PLACEMENT_3D('',#15250,#12325,#12326);
#10874=AXIS2_PLACEMENT_3D('',#15252,#12327,#12328);
#10875=AXIS2_PLACEMENT_3D('',#15254,#12329,#12330);
#10876=AXIS2_PLACEMENT_3D('',#15260,#12334,#12335);
#10877=AXIS2_PLACEMENT_3D('',#15264,#12338,#12339);
#10878=AXIS2_PLACEMENT_3D('',#15268,#12342,#12343);
#10879=AXIS2_PLACEMENT_3D('',#15269,#12344,#12345);
#10880=AXIS2_PLACEMENT_3D('',#15271,#12346,#12347);
#10881=AXIS2_PLACEMENT_3D('',#15273,#12348,#12349);
#10882=AXIS2_PLACEMENT_3D('',#15275,#12351,#12352);
#10883=AXIS2_PLACEMENT_3D('',#15276,#12353,#12354);
#10884=AXIS2_PLACEMENT_3D('',#15278,#12355,#12356);
#10885=AXIS2_PLACEMENT_3D('',#15279,#12357,#12358);
#10886=AXIS2_PLACEMENT_3D('',#15280,#12359,#12360);
#10887=AXIS2_PLACEMENT_3D('',#15282,#12361,#12362);
#10888=AXIS2_PLACEMENT_3D('',#15283,#12363,#12364);
#10889=AXIS2_PLACEMENT_3D('',#15284,#12365,#12366);
#10890=AXIS2_PLACEMENT_3D('',#15286,#12367,#12368);
#10891=AXIS2_PLACEMENT_3D('',#15287,#12369,#12370);
#10892=AXIS2_PLACEMENT_3D('',#15296,#12375,#12376);
#10893=AXIS2_PLACEMENT_3D('',#15302,#12380,#12381);
#10894=AXIS2_PLACEMENT_3D('',#15308,#12385,#12386);
#10895=AXIS2_PLACEMENT_3D('',#15309,#12387,#12388);
#10896=AXIS2_PLACEMENT_3D('',#15311,#12389,#12390);
#10897=AXIS2_PLACEMENT_3D('',#15313,#12391,#12392);
#10898=AXIS2_PLACEMENT_3D('',#15314,#12393,#12394);
#10899=AXIS2_PLACEMENT_3D('',#15316,#12395,#12396);
#10900=AXIS2_PLACEMENT_3D('',#15318,#12397,#12398);
#10901=AXIS2_PLACEMENT_3D('',#15321,#12401,#12402);
#10902=AXIS2_PLACEMENT_3D('',#15322,#12403,#12404);
#10903=AXIS2_PLACEMENT_3D('',#15324,#12405,#12406);
#10904=AXIS2_PLACEMENT_3D('',#15326,#12407,#12408);
#10905=AXIS2_PLACEMENT_3D('',#15327,#12409,#12410);
#10906=AXIS2_PLACEMENT_3D('',#15329,#12411,#12412);
#10907=AXIS2_PLACEMENT_3D('',#15331,#12413,#12414);
#10908=AXIS2_PLACEMENT_3D('',#15332,#12415,#12416);
#10909=AXIS2_PLACEMENT_3D('',#15333,#12417,#12418);
#10910=AXIS2_PLACEMENT_3D('',#15335,#12419,#12420);
#10911=AXIS2_PLACEMENT_3D('',#15336,#12421,#12422);
#10912=AXIS2_PLACEMENT_3D('',#15337,#12423,#12424);
#10913=AXIS2_PLACEMENT_3D('',#15339,#12425,#12426);
#10914=AXIS2_PLACEMENT_3D('',#15340,#12427,#12428);
#10915=AXIS2_PLACEMENT_3D('',#15341,#12429,#12430);
#10916=AXIS2_PLACEMENT_3D('',#15343,#12431,#12432);
#10917=AXIS2_PLACEMENT_3D('',#15345,#12433,#12434);
#10918=AXIS2_PLACEMENT_3D('',#15346,#12435,#12436);
#10919=AXIS2_PLACEMENT_3D('',#15348,#12437,#12438);
#10920=AXIS2_PLACEMENT_3D('',#15350,#12439,#12440);
#10921=AXIS2_PLACEMENT_3D('',#15359,#12445,#12446);
#10922=AXIS2_PLACEMENT_3D('',#15365,#12450,#12451);
#10923=AXIS2_PLACEMENT_3D('',#15371,#12455,#12456);
#10924=AXIS2_PLACEMENT_3D('',#15374,#12459,#12460);
#10925=AXIS2_PLACEMENT_3D('',#15375,#12461,#12462);
#10926=AXIS2_PLACEMENT_3D('',#15377,#12463,#12464);
#10927=AXIS2_PLACEMENT_3D('',#15379,#12465,#12466);
#10928=AXIS2_PLACEMENT_3D('',#15380,#12467,#12468);
#10929=AXIS2_PLACEMENT_3D('',#15382,#12469,#12470);
#10930=AXIS2_PLACEMENT_3D('',#15384,#12471,#12472);
#10931=AXIS2_PLACEMENT_3D('',#15385,#12473,#12474);
#10932=AXIS2_PLACEMENT_3D('',#15386,#12475,#12476);
#10933=AXIS2_PLACEMENT_3D('',#15388,#12477,#12478);
#10934=AXIS2_PLACEMENT_3D('',#15389,#12479,#12480);
#10935=AXIS2_PLACEMENT_3D('',#15390,#12481,#12482);
#10936=AXIS2_PLACEMENT_3D('',#15392,#12483,#12484);
#10937=AXIS2_PLACEMENT_3D('',#15393,#12485,#12486);
#10938=AXIS2_PLACEMENT_3D('',#15394,#12487,#12488);
#10939=AXIS2_PLACEMENT_3D('',#15396,#12489,#12490);
#10940=AXIS2_PLACEMENT_3D('',#15406,#12495,#12496);
#10941=AXIS2_PLACEMENT_3D('',#15408,#12497,#12498);
#10942=AXIS2_PLACEMENT_3D('',#15426,#12507,#12508);
#10943=AXIS2_PLACEMENT_3D('',#15427,#12509,#12510);
#10944=AXIS2_PLACEMENT_3D('',#15429,#12511,#12512);
#10945=AXIS2_PLACEMENT_3D('',#15431,#12513,#12514);
#10946=AXIS2_PLACEMENT_3D('',#15433,#12515,#12516);
#10947=AXIS2_PLACEMENT_3D('',#15448,#12524,#12525);
#10948=AXIS2_PLACEMENT_3D('',#15450,#12526,#12527);
#10949=AXIS2_PLACEMENT_3D('',#15452,#12528,#12529);
#10950=AXIS2_PLACEMENT_3D('',#15453,#12530,#12531);
#10951=AXIS2_PLACEMENT_3D('',#15455,#12532,#12533);
#10952=AXIS2_PLACEMENT_3D('',#15457,#12534,#12535);
#10953=AXIS2_PLACEMENT_3D('',#15458,#12536,#12537);
#10954=AXIS2_PLACEMENT_3D('',#15460,#12538,#12539);
#10955=AXIS2_PLACEMENT_3D('',#15462,#12540,#12541);
#10956=AXIS2_PLACEMENT_3D('',#15464,#12542,#12543);
#10957=AXIS2_PLACEMENT_3D('',#15479,#12551,#12552);
#10958=AXIS2_PLACEMENT_3D('',#15481,#12553,#12554);
#10959=AXIS2_PLACEMENT_3D('',#15483,#12555,#12556);
#10960=AXIS2_PLACEMENT_3D('',#15484,#12557,#12558);
#10961=AXIS2_PLACEMENT_3D('',#15486,#12559,#12560);
#10962=AXIS2_PLACEMENT_3D('',#15488,#12561,#12562);
#10963=AXIS2_PLACEMENT_3D('',#15547,#12593,#12594);
#10964=AXIS2_PLACEMENT_3D('',#15550,#12597,#12598);
#10965=AXIS2_PLACEMENT_3D('',#15552,#12600,#12601);
#10966=AXIS2_PLACEMENT_3D('',#15554,#12603,#12604);
#10967=AXIS2_PLACEMENT_3D('',#15555,#12605,#12606);
#10968=AXIS2_PLACEMENT_3D('',#15561,#12610,#12611);
#10969=AXIS2_PLACEMENT_3D('',#15565,#12614,#12615);
#10970=AXIS2_PLACEMENT_3D('',#15569,#12618,#12619);
#10971=AXIS2_PLACEMENT_3D('',#15573,#12622,#12623);
#10972=AXIS2_PLACEMENT_3D('',#15577,#12626,#12627);
#10973=AXIS2_PLACEMENT_3D('',#15579,#12629,#12630);
#10974=AXIS2_PLACEMENT_3D('',#15580,#12631,#12632);
#10975=AXIS2_PLACEMENT_3D('',#15586,#12636,#12637);
#10976=AXIS2_PLACEMENT_3D('',#15590,#12640,#12641);
#10977=AXIS2_PLACEMENT_3D('',#15594,#12644,#12645);
#10978=AXIS2_PLACEMENT_3D('',#15598,#12648,#12649);
#10979=AXIS2_PLACEMENT_3D('',#15602,#12652,#12653);
#10980=AXIS2_PLACEMENT_3D('',#15604,#12655,#12656);
#10981=AXIS2_PLACEMENT_3D('',#15605,#12657,#12658);
#10982=AXIS2_PLACEMENT_3D('',#15607,#12659,#12660);
#10983=AXIS2_PLACEMENT_3D('',#15613,#12664,#12665);
#10984=AXIS2_PLACEMENT_3D('',#15617,#12668,#12669);
#10985=AXIS2_PLACEMENT_3D('',#15621,#12672,#12673);
#10986=AXIS2_PLACEMENT_3D('',#15625,#12676,#12677);
#10987=AXIS2_PLACEMENT_3D('',#15629,#12680,#12681);
#10988=AXIS2_PLACEMENT_3D('',#15631,#12683,#12684);
#10989=AXIS2_PLACEMENT_3D('',#15632,#12685,#12686);
#10990=AXIS2_PLACEMENT_3D('',#15634,#12687,#12688);
#10991=AXIS2_PLACEMENT_3D('',#15640,#12692,#12693);
#10992=AXIS2_PLACEMENT_3D('',#15644,#12696,#12697);
#10993=AXIS2_PLACEMENT_3D('',#15648,#12700,#12701);
#10994=AXIS2_PLACEMENT_3D('',#15652,#12704,#12705);
#10995=AXIS2_PLACEMENT_3D('',#15656,#12708,#12709);
#10996=AXIS2_PLACEMENT_3D('',#15658,#12711,#12712);
#10997=AXIS2_PLACEMENT_3D('',#15659,#12713,#12714);
#10998=AXIS2_PLACEMENT_3D('',#15661,#12715,#12716);
#10999=AXIS2_PLACEMENT_3D('',#15662,#12717,#12718);
#11000=AXIS2_PLACEMENT_3D('',#15664,#12719,#12720);
#11001=AXIS2_PLACEMENT_3D('',#15665,#12721,#12722);
#11002=AXIS2_PLACEMENT_3D('',#15667,#12723,#12724);
#11003=AXIS2_PLACEMENT_3D('',#15668,#12725,#12726);
#11004=AXIS2_PLACEMENT_3D('',#15670,#12727,#12728);
#11005=AXIS2_PLACEMENT_3D('',#15671,#12729,#12730);
#11006=AXIS2_PLACEMENT_3D('',#15673,#12731,#12732);
#11007=AXIS2_PLACEMENT_3D('',#15674,#12733,#12734);
#11008=AXIS2_PLACEMENT_3D('',#15675,#12735,#12736);
#11009=AXIS2_PLACEMENT_3D('',#15677,#12737,#12738);
#11010=AXIS2_PLACEMENT_3D('',#15678,#12739,#12740);
#11011=AXIS2_PLACEMENT_3D('',#15679,#12741,#12742);
#11012=AXIS2_PLACEMENT_3D('',#15681,#12743,#12744);
#11013=AXIS2_PLACEMENT_3D('',#15682,#12745,#12746);
#11014=AXIS2_PLACEMENT_3D('',#15683,#12747,#12748);
#11015=AXIS2_PLACEMENT_3D('',#15685,#12749,#12750);
#11016=AXIS2_PLACEMENT_3D('',#15686,#12751,#12752);
#11017=AXIS2_PLACEMENT_3D('',#15688,#12754,#12755);
#11018=AXIS2_PLACEMENT_3D('',#15690,#12757,#12758);
#11019=AXIS2_PLACEMENT_3D('',#15691,#12759,#12760);
#11020=AXIS2_PLACEMENT_3D('',#15693,#12762,#12763);
#11021=AXIS2_PLACEMENT_3D('',#15695,#12765,#12766);
#11022=AXIS2_PLACEMENT_3D('',#15701,#12770,#12771);
#11023=AXIS2_PLACEMENT_3D('',#15702,#12772,#12773);
#11024=AXIS2_PLACEMENT_3D('',#15704,#12774,#12775);
#11025=AXIS2_PLACEMENT_3D('',#15706,#12776,#12777);
#11026=AXIS2_PLACEMENT_3D('',#15707,#12778,#12779);
#11027=AXIS2_PLACEMENT_3D('',#15709,#12780,#12781);
#11028=AXIS2_PLACEMENT_3D('',#15710,#12782,#12783);
#11029=AXIS2_PLACEMENT_3D('',#15711,#12784,#12785);
#11030=AXIS2_PLACEMENT_3D('',#15713,#12786,#12787);
#11031=AXIS2_PLACEMENT_3D('',#15714,#12788,#12789);
#11032=AXIS2_PLACEMENT_3D('',#15715,#12790,#12791);
#11033=AXIS2_PLACEMENT_3D('',#15717,#12792,#12793);
#11034=AXIS2_PLACEMENT_3D('',#15718,#12794,#12795);
#11035=AXIS2_PLACEMENT_3D('',#15719,#12796,#12797);
#11036=AXIS2_PLACEMENT_3D('',#15721,#12798,#12799);
#11037=AXIS2_PLACEMENT_3D('',#15722,#12800,#12801);
#11038=AXIS2_PLACEMENT_3D('',#15723,#12802,#12803);
#11039=AXIS2_PLACEMENT_3D('',#15724,#12804,#12805);
#11040=AXIS2_PLACEMENT_3D('',#15725,#12806,#12807);
#11041=AXIS2_PLACEMENT_3D('',#15726,#12808,#12809);
#11042=AXIS2_PLACEMENT_3D('',#15732,#12813,#12814);
#11043=AXIS2_PLACEMENT_3D('',#15735,#12817,#12818);
#11044=AXIS2_PLACEMENT_3D('',#15736,#12819,#12820);
#11045=AXIS2_PLACEMENT_3D('',#15738,#12821,#12822);
#11046=AXIS2_PLACEMENT_3D('',#15740,#12823,#12824);
#11047=AXIS2_PLACEMENT_3D('',#15742,#12825,#12826);
#11048=AXIS2_PLACEMENT_3D('',#15744,#12827,#12828);
#11049=AXIS2_PLACEMENT_3D('',#15746,#12829,#12830);
#11050=AXIS2_PLACEMENT_3D('',#15747,#12831,#12832);
#11051=AXIS2_PLACEMENT_3D('',#15749,#12833,#12834);
#11052=AXIS2_PLACEMENT_3D('',#15750,#12835,#12836);
#11053=AXIS2_PLACEMENT_3D('',#15752,#12837,#12838);
#11054=AXIS2_PLACEMENT_3D('',#15753,#12839,#12840);
#11055=AXIS2_PLACEMENT_3D('',#15755,#12841,#12842);
#11056=AXIS2_PLACEMENT_3D('',#15757,#12843,#12844);
#11057=AXIS2_PLACEMENT_3D('',#15759,#12845,#12846);
#11058=AXIS2_PLACEMENT_3D('',#15761,#12847,#12848);
#11059=AXIS2_PLACEMENT_3D('',#15763,#12849,#12850);
#11060=AXIS2_PLACEMENT_3D('',#15764,#12851,#12852);
#11061=AXIS2_PLACEMENT_3D('',#15765,#12853,#12854);
#11062=AXIS2_PLACEMENT_3D('',#15766,#12855,#12856);
#11063=AXIS2_PLACEMENT_3D('',#15767,#12857,#12858);
#11064=AXIS2_PLACEMENT_3D('',#15768,#12859,#12860);
#11065=AXIS2_PLACEMENT_3D('',#15777,#12865,#12866);
#11066=AXIS2_PLACEMENT_3D('',#15783,#12870,#12871);
#11067=AXIS2_PLACEMENT_3D('',#15789,#12875,#12876);
#11068=AXIS2_PLACEMENT_3D('',#15790,#12877,#12878);
#11069=AXIS2_PLACEMENT_3D('',#15792,#12879,#12880);
#11070=AXIS2_PLACEMENT_3D('',#15794,#12881,#12882);
#11071=AXIS2_PLACEMENT_3D('',#15795,#12883,#12884);
#11072=AXIS2_PLACEMENT_3D('',#15797,#12885,#12886);
#11073=AXIS2_PLACEMENT_3D('',#15799,#12887,#12888);
#11074=AXIS2_PLACEMENT_3D('',#15802,#12891,#12892);
#11075=AXIS2_PLACEMENT_3D('',#15803,#12893,#12894);
#11076=AXIS2_PLACEMENT_3D('',#15805,#12895,#12896);
#11077=AXIS2_PLACEMENT_3D('',#15807,#12897,#12898);
#11078=AXIS2_PLACEMENT_3D('',#15808,#12899,#12900);
#11079=AXIS2_PLACEMENT_3D('',#15810,#12901,#12902);
#11080=AXIS2_PLACEMENT_3D('',#15812,#12903,#12904);
#11081=AXIS2_PLACEMENT_3D('',#15813,#12905,#12906);
#11082=AXIS2_PLACEMENT_3D('',#15814,#12907,#12908);
#11083=AXIS2_PLACEMENT_3D('',#15816,#12909,#12910);
#11084=AXIS2_PLACEMENT_3D('',#15817,#12911,#12912);
#11085=AXIS2_PLACEMENT_3D('',#15818,#12913,#12914);
#11086=AXIS2_PLACEMENT_3D('',#15820,#12915,#12916);
#11087=AXIS2_PLACEMENT_3D('',#15821,#12917,#12918);
#11088=AXIS2_PLACEMENT_3D('',#15830,#12923,#12924);
#11089=AXIS2_PLACEMENT_3D('',#15836,#12928,#12929);
#11090=AXIS2_PLACEMENT_3D('',#15837,#12930,#12931);
#11091=AXIS2_PLACEMENT_3D('',#15839,#12932,#12933);
#11092=AXIS2_PLACEMENT_3D('',#15842,#12935,#12936);
#11093=AXIS2_PLACEMENT_3D('',#15845,#12939,#12940);
#11094=AXIS2_PLACEMENT_3D('',#15846,#12941,#12942);
#11095=AXIS2_PLACEMENT_3D('',#15847,#12943,#12944);
#11096=AXIS2_PLACEMENT_3D('',#15848,#12945,#12946);
#11097=AXIS2_PLACEMENT_3D('',#15850,#12947,#12948);
#11098=AXIS2_PLACEMENT_3D('',#15852,#12949,#12950);
#11099=AXIS2_PLACEMENT_3D('',#15853,#12951,#12952);
#11100=AXIS2_PLACEMENT_3D('',#15854,#12953,#12954);
#11101=AXIS2_PLACEMENT_3D('',#15858,#12956,#12957);
#11102=AXIS2_PLACEMENT_3D('',#15862,#12959,#12960);
#11103=AXIS2_PLACEMENT_3D('',#15863,#12961,#12962);
#11104=AXIS2_PLACEMENT_3D('',#15864,#12963,#12964);
#11105=AXIS2_PLACEMENT_3D('',#15866,#12965,#12966);
#11106=AXIS2_PLACEMENT_3D('',#15868,#12967,#12968);
#11107=AXIS2_PLACEMENT_3D('',#15882,#12976,#12977);
#11108=AXIS2_PLACEMENT_3D('',#15883,#12978,#12979);
#11109=AXIS2_PLACEMENT_3D('',#15885,#12980,#12981);
#11110=AXIS2_PLACEMENT_3D('',#15888,#12983,#12984);
#11111=AXIS2_PLACEMENT_3D('',#15899,#12991,#12992);
#11112=AXIS2_PLACEMENT_3D('',#15900,#12993,#12994);
#11113=AXIS2_PLACEMENT_3D('',#15902,#12995,#12996);
#11114=AXIS2_PLACEMENT_3D('',#15904,#12997,#12998);
#11115=AXIS2_PLACEMENT_3D('',#15905,#12999,#13000);
#11116=AXIS2_PLACEMENT_3D('',#15906,#13001,#13002);
#11117=AXIS2_PLACEMENT_3D('',#15907,#13003,#13004);
#11118=AXIS2_PLACEMENT_3D('',#15908,#13005,#13006);
#11119=AXIS2_PLACEMENT_3D('',#15910,#13007,#13008);
#11120=AXIS2_PLACEMENT_3D('',#15912,#13009,#13010);
#11121=AXIS2_PLACEMENT_3D('',#15913,#13011,#13012);
#11122=AXIS2_PLACEMENT_3D('',#15914,#13013,#13014);
#11123=AXIS2_PLACEMENT_3D('',#15915,#13015,#13016);
#11124=AXIS2_PLACEMENT_3D('',#15916,#13017,#13018);
#11125=AXIS2_PLACEMENT_3D('',#15917,#13019,#13020);
#11126=AXIS2_PLACEMENT_3D('',#15918,#13021,#13022);
#11127=AXIS2_PLACEMENT_3D('',#15919,#13023,#13024);
#11128=AXIS2_PLACEMENT_3D('',#15920,#13025,#13026);
#11129=AXIS2_PLACEMENT_3D('',#15922,#13027,#13028);
#11130=AXIS2_PLACEMENT_3D('',#15924,#13029,#13030);
#11131=AXIS2_PLACEMENT_3D('',#15926,#13031,#13032);
#11132=AXIS2_PLACEMENT_3D('',#15928,#13033,#13034);
#11133=AXIS2_PLACEMENT_3D('',#15930,#13035,#13036);
#11134=AXIS2_PLACEMENT_3D('',#15932,#13037,#13038);
#11135=AXIS2_PLACEMENT_3D('',#15934,#13039,#13040);
#11136=AXIS2_PLACEMENT_3D('',#15936,#13041,#13042);
#11137=AXIS2_PLACEMENT_3D('',#15938,#13043,#13044);
#11138=AXIS2_PLACEMENT_3D('',#15940,#13045,#13046);
#11139=AXIS2_PLACEMENT_3D('',#15942,#13047,#13048);
#11140=AXIS2_PLACEMENT_3D('',#15944,#13049,#13050);
#11141=AXIS2_PLACEMENT_3D('',#15946,#13051,#13052);
#11142=AXIS2_PLACEMENT_3D('',#15948,#13053,#13054);
#11143=AXIS2_PLACEMENT_3D('',#15950,#13055,#13056);
#11144=AXIS2_PLACEMENT_3D('',#15952,#13057,#13058);
#11145=AXIS2_PLACEMENT_3D('',#15954,#13059,#13060);
#11146=AXIS2_PLACEMENT_3D('',#15956,#13061,#13062);
#11147=AXIS2_PLACEMENT_3D('',#15958,#13063,#13064);
#11148=AXIS2_PLACEMENT_3D('',#15960,#13065,#13066);
#11149=AXIS2_PLACEMENT_3D('',#15962,#13067,#13068);
#11150=AXIS2_PLACEMENT_3D('',#15964,#13069,#13070);
#11151=AXIS2_PLACEMENT_3D('',#15966,#13071,#13072);
#11152=AXIS2_PLACEMENT_3D('',#15968,#13073,#13074);
#11153=AXIS2_PLACEMENT_3D('',#15970,#13075,#13076);
#11154=AXIS2_PLACEMENT_3D('',#15972,#13077,#13078);
#11155=AXIS2_PLACEMENT_3D('',#15982,#13083,#13084);
#11156=AXIS2_PLACEMENT_3D('',#15984,#13085,#13086);
#11157=AXIS2_PLACEMENT_3D('',#15985,#13087,#13088);
#11158=AXIS2_PLACEMENT_3D('',#15987,#13089,#13090);
#11159=AXIS2_PLACEMENT_3D('',#15989,#13091,#13092);
#11160=AXIS2_PLACEMENT_3D('',#15991,#13093,#13094);
#11161=AXIS2_PLACEMENT_3D('',#15993,#13095,#13096);
#11162=AXIS2_PLACEMENT_3D('',#15995,#13097,#13098);
#11163=AXIS2_PLACEMENT_3D('',#15997,#13099,#13100);
#11164=AXIS2_PLACEMENT_3D('',#15999,#13101,#13102);
#11165=AXIS2_PLACEMENT_3D('',#16001,#13103,#13104);
#11166=AXIS2_PLACEMENT_3D('',#16003,#13105,#13106);
#11167=AXIS2_PLACEMENT_3D('',#16005,#13107,#13108);
#11168=AXIS2_PLACEMENT_3D('',#16007,#13109,#13110);
#11169=AXIS2_PLACEMENT_3D('',#16009,#13111,#13112);
#11170=AXIS2_PLACEMENT_3D('',#16011,#13113,#13114);
#11171=AXIS2_PLACEMENT_3D('',#16013,#13115,#13116);
#11172=AXIS2_PLACEMENT_3D('',#16015,#13117,#13118);
#11173=AXIS2_PLACEMENT_3D('',#16017,#13119,#13120);
#11174=AXIS2_PLACEMENT_3D('',#16019,#13121,#13122);
#11175=AXIS2_PLACEMENT_3D('',#16021,#13123,#13124);
#11176=AXIS2_PLACEMENT_3D('',#16023,#13125,#13126);
#11177=AXIS2_PLACEMENT_3D('',#16025,#13127,#13128);
#11178=AXIS2_PLACEMENT_3D('',#16027,#13129,#13130);
#11179=AXIS2_PLACEMENT_3D('',#16029,#13131,#13132);
#11180=AXIS2_PLACEMENT_3D('',#16031,#13133,#13134);
#11181=AXIS2_PLACEMENT_3D('',#16033,#13135,#13136);
#11182=AXIS2_PLACEMENT_3D('',#16043,#13141,#13142);
#11183=AXIS2_PLACEMENT_3D('',#16048,#13144,#13145);
#11184=AXIS2_PLACEMENT_3D('',#16052,#13147,#13148);
#11185=AXIS2_PLACEMENT_3D('',#16056,#13150,#13151);
#11186=AXIS2_PLACEMENT_3D('',#16059,#13153,#13154);
#11187=AXIS2_PLACEMENT_3D('',#16062,#13157,#13158);
#11188=AXIS2_PLACEMENT_3D('',#16064,#13160,#13161);
#11189=AXIS2_PLACEMENT_3D('',#16066,#13163,#13164);
#11190=AXIS2_PLACEMENT_3D('',#16067,#13165,#13166);
#11191=AXIS2_PLACEMENT_3D('',#16068,#13167,#13168);
#11192=AXIS2_PLACEMENT_3D('',#16069,#13169,#13170);
#11193=AXIS2_PLACEMENT_3D('',#16070,#13171,#13172);
#11194=AXIS2_PLACEMENT_3D('',#16071,#13173,#13174);
#11195=AXIS2_PLACEMENT_3D('',#16072,#13175,#13176);
#11196=AXIS2_PLACEMENT_3D('',#16073,#13177,#13178);
#11197=AXIS2_PLACEMENT_3D('',#16074,#13179,#13180);
#11198=AXIS2_PLACEMENT_3D('',#16075,#13181,#13182);
#11199=AXIS2_PLACEMENT_3D('',#16081,#13185,#13186);
#11200=AXIS2_PLACEMENT_3D('',#16085,#13189,#13190);
#11201=AXIS2_PLACEMENT_3D('',#16086,#13191,#13192);
#11202=AXIS2_PLACEMENT_3D('',#16090,#13194,#13195);
#11203=AXIS2_PLACEMENT_3D('',#16093,#13197,#13198);
#11204=AXIS2_PLACEMENT_3D('',#16096,#13201,#13202);
#11205=AXIS2_PLACEMENT_3D('',#16097,#13203,#13204);
#11206=AXIS2_PLACEMENT_3D('',#16098,#13205,#13206);
#11207=AXIS2_PLACEMENT_3D('',#16099,#13207,#13208);
#11208=AXIS2_PLACEMENT_3D('',#16103,#13210,#13211);
#11209=AXIS2_PLACEMENT_3D('',#16106,#13213,#13214);
#11210=AXIS2_PLACEMENT_3D('',#16109,#13217,#13218);
#11211=AXIS2_PLACEMENT_3D('',#16110,#13219,#13220);
#11212=AXIS2_PLACEMENT_3D('',#16111,#13221,#13222);
#11213=AXIS2_PLACEMENT_3D('',#16112,#13223,#13224);
#11214=AXIS2_PLACEMENT_3D('',#16113,#13225,#13226);
#11215=AXIS2_PLACEMENT_3D('',#16114,#13227,#13228);
#11216=AXIS2_PLACEMENT_3D('',#16115,#13229,#13230);
#11217=AXIS2_PLACEMENT_3D('',#16116,#13231,#13232);
#11218=AXIS2_PLACEMENT_3D('',#16117,#13233,#13234);
#11219=AXIS2_PLACEMENT_3D('',#16118,#13235,#13236);
#11220=AXIS2_PLACEMENT_3D('',#16119,#13237,#13238);
#11221=AXIS2_PLACEMENT_3D('',#16120,#13239,#13240);
#11222=AXIS2_PLACEMENT_3D('',#16121,#13241,#13242);
#11223=AXIS2_PLACEMENT_3D('',#16122,#13243,#13244);
#11224=AXIS2_PLACEMENT_3D('',#16123,#13245,#13246);
#11225=AXIS2_PLACEMENT_3D('',#16124,#13247,#13248);
#11226=AXIS2_PLACEMENT_3D('',#16125,#13249,#13250);
#11227=AXIS2_PLACEMENT_3D('',#16126,#13251,#13252);
#11228=AXIS2_PLACEMENT_3D('',#16127,#13253,#13254);
#11229=AXIS2_PLACEMENT_3D('',#16128,#13255,#13256);
#11230=AXIS2_PLACEMENT_3D('',#16129,#13257,#13258);
#11231=AXIS2_PLACEMENT_3D('',#16130,#13259,#13260);
#11232=AXIS2_PLACEMENT_3D('',#16131,#13261,#13262);
#11233=AXIS2_PLACEMENT_3D('',#16132,#13263,#13264);
#11234=AXIS2_PLACEMENT_3D('',#16134,#13265,#13266);
#11235=AXIS2_PLACEMENT_3D('',#16136,#13267,#13268);
#11236=AXIS2_PLACEMENT_3D('',#16138,#13269,#13270);
#11237=AXIS2_PLACEMENT_3D('',#16140,#13271,#13272);
#11238=AXIS2_PLACEMENT_3D('',#16142,#13273,#13274);
#11239=AXIS2_PLACEMENT_3D('',#16144,#13275,#13276);
#11240=AXIS2_PLACEMENT_3D('',#16146,#13277,#13278);
#11241=AXIS2_PLACEMENT_3D('',#16148,#13279,#13280);
#11242=AXIS2_PLACEMENT_3D('',#16150,#13281,#13282);
#11243=AXIS2_PLACEMENT_3D('',#16152,#13283,#13284);
#11244=AXIS2_PLACEMENT_3D('',#16154,#13285,#13286);
#11245=AXIS2_PLACEMENT_3D('',#16156,#13287,#13288);
#11246=AXIS2_PLACEMENT_3D('',#16158,#13289,#13290);
#11247=AXIS2_PLACEMENT_3D('',#16160,#13291,#13292);
#11248=AXIS2_PLACEMENT_3D('',#16162,#13293,#13294);
#11249=AXIS2_PLACEMENT_3D('',#16164,#13295,#13296);
#11250=AXIS2_PLACEMENT_3D('',#16174,#13301,#13302);
#11251=AXIS2_PLACEMENT_3D('',#16176,#13303,#13304);
#11252=AXIS2_PLACEMENT_3D('',#16178,#13305,#13306);
#11253=AXIS2_PLACEMENT_3D('',#16180,#13307,#13308);
#11254=AXIS2_PLACEMENT_3D('',#16181,#13309,#13310);
#11255=AXIS2_PLACEMENT_3D('',#16183,#13311,#13312);
#11256=AXIS2_PLACEMENT_3D('',#16185,#13313,#13314);
#11257=AXIS2_PLACEMENT_3D('',#16187,#13315,#13316);
#11258=AXIS2_PLACEMENT_3D('',#16189,#13317,#13318);
#11259=AXIS2_PLACEMENT_3D('',#16191,#13319,#13320);
#11260=AXIS2_PLACEMENT_3D('',#16193,#13321,#13322);
#11261=AXIS2_PLACEMENT_3D('',#16195,#13323,#13324);
#11262=AXIS2_PLACEMENT_3D('',#16197,#13325,#13326);
#11263=AXIS2_PLACEMENT_3D('',#16199,#13327,#13328);
#11264=AXIS2_PLACEMENT_3D('',#16201,#13329,#13330);
#11265=AXIS2_PLACEMENT_3D('',#16203,#13331,#13332);
#11266=AXIS2_PLACEMENT_3D('',#16205,#13333,#13334);
#11267=AXIS2_PLACEMENT_3D('',#16207,#13335,#13336);
#11268=AXIS2_PLACEMENT_3D('',#16217,#13341,#13342);
#11269=AXIS2_PLACEMENT_3D('',#16222,#13344,#13345);
#11270=AXIS2_PLACEMENT_3D('',#16226,#13347,#13348);
#11271=AXIS2_PLACEMENT_3D('',#16230,#13350,#13351);
#11272=AXIS2_PLACEMENT_3D('',#16236,#13354,#13355);
#11273=AXIS2_PLACEMENT_3D('',#16240,#13357,#13358);
#11274=AXIS2_PLACEMENT_3D('',#16244,#13360,#13361);
#11275=AXIS2_PLACEMENT_3D('',#16248,#13363,#13364);
#11276=AXIS2_PLACEMENT_3D('',#16249,#13365,#13366);
#11277=AXIS2_PLACEMENT_3D('',#16250,#13367,#13368);
#11278=AXIS2_PLACEMENT_3D('',#16256,#13371,#13372);
#11279=AXIS2_PLACEMENT_3D('',#16260,#13375,#13376);
#11280=AXIS2_PLACEMENT_3D('',#16263,#13379,#13380);
#11281=AXIS2_PLACEMENT_3D('',#16265,#13382,#13383);
#11282=AXIS2_PLACEMENT_3D('',#16267,#13385,#13386);
#11283=AXIS2_PLACEMENT_3D('',#16268,#13387,#13388);
#11284=AXIS2_PLACEMENT_3D('',#16269,#13389,#13390);
#11285=AXIS2_PLACEMENT_3D('',#16270,#13391,#13392);
#11286=AXIS2_PLACEMENT_3D('',#16271,#13393,#13394);
#11287=AXIS2_PLACEMENT_3D('',#16277,#13397,#13398);
#11288=AXIS2_PLACEMENT_3D('',#16281,#13401,#13402);
#11289=AXIS2_PLACEMENT_3D('',#16282,#13403,#13404);
#11290=AXIS2_PLACEMENT_3D('',#16286,#13406,#13407);
#11291=AXIS2_PLACEMENT_3D('',#16289,#13409,#13410);
#11292=AXIS2_PLACEMENT_3D('',#16292,#13413,#13414);
#11293=AXIS2_PLACEMENT_3D('',#16293,#13415,#13416);
#11294=AXIS2_PLACEMENT_3D('',#16294,#13417,#13418);
#11295=AXIS2_PLACEMENT_3D('',#16295,#13419,#13420);
#11296=AXIS2_PLACEMENT_3D('',#16299,#13422,#13423);
#11297=AXIS2_PLACEMENT_3D('',#16302,#13425,#13426);
#11298=AXIS2_PLACEMENT_3D('',#16304,#13428,#13429);
#11299=AXIS2_PLACEMENT_3D('',#16306,#13431,#13432);
#11300=AXIS2_PLACEMENT_3D('',#16307,#13433,#13434);
#11301=AXIS2_PLACEMENT_3D('',#16308,#13435,#13436);
#11302=AXIS2_PLACEMENT_3D('',#16309,#13437,#13438);
#11303=AXIS2_PLACEMENT_3D('',#16310,#13439,#13440);
#11304=AXIS2_PLACEMENT_3D('',#16314,#13442,#13443);
#11305=AXIS2_PLACEMENT_3D('',#16317,#13445,#13446);
#11306=AXIS2_PLACEMENT_3D('',#16320,#13449,#13450);
#11307=AXIS2_PLACEMENT_3D('',#16321,#13451,#13452);
#11308=AXIS2_PLACEMENT_3D('',#16322,#13453,#13454);
#11309=AXIS2_PLACEMENT_3D('',#16323,#13455,#13456);
#11310=AXIS2_PLACEMENT_3D('',#16327,#13458,#13459);
#11311=AXIS2_PLACEMENT_3D('',#16330,#13461,#13462);
#11312=AXIS2_PLACEMENT_3D('',#16332,#13464,#13465);
#11313=AXIS2_PLACEMENT_3D('',#16334,#13467,#13468);
#11314=AXIS2_PLACEMENT_3D('',#16335,#13469,#13470);
#11315=AXIS2_PLACEMENT_3D('',#16336,#13471,#13472);
#11316=AXIS2_PLACEMENT_3D('',#16337,#13473,#13474);
#11317=AXIS2_PLACEMENT_3D('',#16338,#13475,#13476);
#11318=AXIS2_PLACEMENT_3D('',#16339,#13477,#13478);
#11319=AXIS2_PLACEMENT_3D('',#16341,#13479,#13480);
#11320=AXIS2_PLACEMENT_3D('',#16342,#13481,#13482);
#11321=AXIS2_PLACEMENT_3D('',#16344,#13483,#13484);
#11322=AXIS2_PLACEMENT_3D('',#16345,#13485,#13486);
#11323=AXIS2_PLACEMENT_3D('',#16346,#13487,#13488);
#11324=AXIS2_PLACEMENT_3D('',#16347,#13489,#13490);
#11325=AXIS2_PLACEMENT_3D('',#16348,#13491,#13492);
#11326=AXIS2_PLACEMENT_3D('',#16349,#13493,#13494);
#11327=AXIS2_PLACEMENT_3D('',#16350,#13495,#13496);
#11328=AXIS2_PLACEMENT_3D('',#16351,#13497,#13498);
#11329=AXIS2_PLACEMENT_3D('',#16352,#13499,#13500);
#11330=AXIS2_PLACEMENT_3D('',#16353,#13501,#13502);
#11331=AXIS2_PLACEMENT_3D('',#16354,#13503,#13504);
#11332=AXIS2_PLACEMENT_3D('',#16355,#13505,#13506);
#11333=AXIS2_PLACEMENT_3D('',#16364,#13511,#13512);
#11334=AXIS2_PLACEMENT_3D('',#16370,#13516,#13517);
#11335=AXIS2_PLACEMENT_3D('',#16376,#13521,#13522);
#11336=AXIS2_PLACEMENT_3D('',#16379,#13525,#13526);
#11337=AXIS2_PLACEMENT_3D('',#16380,#13527,#13528);
#11338=AXIS2_PLACEMENT_3D('',#16381,#13529,#13530);
#11339=AXIS2_PLACEMENT_3D('',#16382,#13531,#13532);
#11340=AXIS2_PLACEMENT_3D('',#16387,#13534,#13535);
#11341=AXIS2_PLACEMENT_3D('',#16391,#13537,#13538);
#11342=AXIS2_PLACEMENT_3D('',#16392,#13539,#13540);
#11343=AXIS2_PLACEMENT_3D('',#16401,#13545,#13546);
#11344=AXIS2_PLACEMENT_3D('',#16407,#13550,#13551);
#11345=AXIS2_PLACEMENT_3D('',#16410,#13553,#13554);
#11346=AXIS2_PLACEMENT_3D('',#16411,#13555,#13556);
#11347=AXIS2_PLACEMENT_3D('',#16415,#13559,#13560);
#11348=AXIS2_PLACEMENT_3D('',#16416,#13561,#13562);
#11349=AXIS2_PLACEMENT_3D('',#16417,#13563,#13564);
#11350=AXIS2_PLACEMENT_3D('',#16421,#13566,#13567);
#11351=AXIS2_PLACEMENT_3D('',#16422,#13568,#13569);
#11352=AXIS2_PLACEMENT_3D('',#16424,#13570,#13571);
#11353=AXIS2_PLACEMENT_3D('',#16430,#13575,#13576);
#11354=AXIS2_PLACEMENT_3D('',#16431,#13577,#13578);
#11355=AXIS2_PLACEMENT_3D('',#16433,#13579,#13580);
#11356=AXIS2_PLACEMENT_3D('',#16434,#13581,#13582);
#11357=AXIS2_PLACEMENT_3D('',#16435,#13583,#13584);
#11358=AXIS2_PLACEMENT_3D('',#16436,#13585,#13586);
#11359=AXIS2_PLACEMENT_3D('',#16437,#13587,#13588);
#11360=AXIS2_PLACEMENT_3D('',#16439,#13589,#13590);
#11361=AXIS2_PLACEMENT_3D('',#16441,#13591,#13592);
#11362=AXIS2_PLACEMENT_3D('',#16442,#13593,#13594);
#11363=AXIS2_PLACEMENT_3D('',#16444,#13595,#13596);
#11364=AXIS2_PLACEMENT_3D('',#16445,#13597,#13598);
#11365=AXIS2_PLACEMENT_3D('',#16446,#13599,#13600);
#11366=AXIS2_PLACEMENT_3D('',#16448,#13601,#13602);
#11367=AXIS2_PLACEMENT_3D('',#16449,#13603,#13604);
#11368=AXIS2_PLACEMENT_3D('',#16451,#13605,#13606);
#11369=AXIS2_PLACEMENT_3D('',#16452,#13607,#13608);
#11370=AXIS2_PLACEMENT_3D('',#16454,#13609,#13610);
#11371=AXIS2_PLACEMENT_3D('',#16455,#13611,#13612);
#11372=AXIS2_PLACEMENT_3D('',#16456,#13613,#13614);
#11373=AXIS2_PLACEMENT_3D('',#16458,#13615,#13616);
#11374=AXIS2_PLACEMENT_3D('',#16460,#13617,#13618);
#11375=AXIS2_PLACEMENT_3D('',#16461,#13619,#13620);
#11376=AXIS2_PLACEMENT_3D('',#16462,#13621,#13622);
#11377=AXIS2_PLACEMENT_3D('',#16471,#13627,#13628);
#11378=AXIS2_PLACEMENT_3D('',#16472,#13629,#13630);
#11379=AXIS2_PLACEMENT_3D('',#16476,#13632,#13633);
#11380=AXIS2_PLACEMENT_3D('',#16477,#13634,#13635);
#11381=AXIS2_PLACEMENT_3D('',#16483,#13639,#13640);
#11382=AXIS2_PLACEMENT_3D('',#16492,#13645,#13646);
#11383=AXIS2_PLACEMENT_3D('',#16493,#13647,#13648);
#11384=AXIS2_PLACEMENT_3D('',#16497,#13650,#13651);
#11385=AXIS2_PLACEMENT_3D('',#16498,#13652,#13653);
#11386=AXIS2_PLACEMENT_3D('',#16504,#13657,#13658);
#11387=AXIS2_PLACEMENT_3D('',#16505,#13659,#13660);
#11388=AXIS2_PLACEMENT_3D('',#16506,#13661,#13662);
#11389=AXIS2_PLACEMENT_3D('',#16507,#13663,#13664);
#11390=AXIS2_PLACEMENT_3D('',#16508,#13665,#13666);
#11391=AXIS2_PLACEMENT_3D('',#16509,#13667,#13668);
#11392=AXIS2_PLACEMENT_3D('',#16510,#13669,#13670);
#11393=AXIS2_PLACEMENT_3D('',#16511,#13671,#13672);
#11394=AXIS2_PLACEMENT_3D('',#16512,#13673,#13674);
#11395=AXIS2_PLACEMENT_3D('',#16513,#13675,#13676);
#11396=AXIS2_PLACEMENT_3D('',#16515,#13677,#13678);
#11397=AXIS2_PLACEMENT_3D('',#16517,#13679,#13680);
#11398=AXIS2_PLACEMENT_3D('',#16518,#13681,#13682);
#11399=AXIS2_PLACEMENT_3D('',#16519,#13683,#13684);
#11400=AXIS2_PLACEMENT_3D('',#16521,#13685,#13686);
#11401=AXIS2_PLACEMENT_3D('',#16523,#13687,#13688);
#11402=AXIS2_PLACEMENT_3D('',#16524,#13689,#13690);
#11403=AXIS2_PLACEMENT_3D('',#16525,#13691,#13692);
#11404=AXIS2_PLACEMENT_3D('',#16527,#13693,#13694);
#11405=AXIS2_PLACEMENT_3D('',#16528,#13695,#13696);
#11406=AXIS2_PLACEMENT_3D('',#16530,#13697,#13698);
#11407=AXIS2_PLACEMENT_3D('',#16531,#13699,#13700);
#11408=AXIS2_PLACEMENT_3D('',#16532,#13701,#13702);
#11409=AXIS2_PLACEMENT_3D('',#16534,#13703,#13704);
#11410=AXIS2_PLACEMENT_3D('',#16536,#13705,#13706);
#11411=AXIS2_PLACEMENT_3D('',#16537,#13707,#13708);
#11412=AXIS2_PLACEMENT_3D('',#16538,#13709,#13710);
#11413=AXIS2_PLACEMENT_3D('',#16540,#13711,#13712);
#11414=AXIS2_PLACEMENT_3D('',#16542,#13713,#13714);
#11415=AXIS2_PLACEMENT_3D('',#16543,#13715,#13716);
#11416=AXIS2_PLACEMENT_3D('',#16544,#13717,#13718);
#11417=AXIS2_PLACEMENT_3D('',#16546,#13719,#13720);
#11418=AXIS2_PLACEMENT_3D('',#16547,#13721,#13722);
#11419=AXIS2_PLACEMENT_3D('',#16549,#13723,#13724);
#11420=AXIS2_PLACEMENT_3D('',#16550,#13725,#13726);
#11421=AXIS2_PLACEMENT_3D('',#16567,#13735,#13736);
#11422=AXIS2_PLACEMENT_3D('',#16568,#13737,#13738);
#11423=AXIS2_PLACEMENT_3D('',#16570,#13739,#13740);
#11424=AXIS2_PLACEMENT_3D('',#16585,#13748,#13749);
#11425=AXIS2_PLACEMENT_3D('',#16587,#13750,#13751);
#11426=AXIS2_PLACEMENT_3D('',#16589,#13752,#13753);
#11427=AXIS2_PLACEMENT_3D('',#16591,#13754,#13755);
#11428=AXIS2_PLACEMENT_3D('',#16593,#13756,#13757);
#11429=AXIS2_PLACEMENT_3D('',#16594,#13758,#13759);
#11430=AXIS2_PLACEMENT_3D('',#16596,#13760,#13761);
#11431=AXIS2_PLACEMENT_3D('',#16598,#13762,#13763);
#11432=AXIS2_PLACEMENT_3D('',#16600,#13764,#13765);
#11433=AXIS2_PLACEMENT_3D('',#16615,#13773,#13774);
#11434=AXIS2_PLACEMENT_3D('',#16618,#13777,#13778);
#11435=AXIS2_PLACEMENT_3D('',#16622,#13781,#13782);
#11436=AXIS2_PLACEMENT_3D('',#16626,#13785,#13786);
#11437=AXIS2_PLACEMENT_3D('',#16628,#13788,#13789);
#11438=AXIS2_PLACEMENT_3D('',#16629,#13790,#13791);
#11439=AXIS2_PLACEMENT_3D('',#16632,#13793,#13794);
#11440=AXIS2_PLACEMENT_3D('',#16636,#13797,#13798);
#11441=AXIS2_PLACEMENT_3D('',#16640,#13801,#13802);
#11442=AXIS2_PLACEMENT_3D('',#16642,#13804,#13805);
#11443=AXIS2_PLACEMENT_3D('',#16643,#13806,#13807);
#11444=AXIS2_PLACEMENT_3D('',#16646,#13809,#13810);
#11445=AXIS2_PLACEMENT_3D('',#16647,#13811,#13812);
#11446=AXIS2_PLACEMENT_3D('',#16648,#13813,#13814);
#11447=AXIS2_PLACEMENT_3D('',#16650,#13815,#13816);
#11448=AXIS2_PLACEMENT_3D('',#16651,#13817,#13818);
#11449=AXIS2_PLACEMENT_3D('',#16653,#13819,#13820);
#11450=AXIS2_PLACEMENT_3D('',#16654,#13821,#13822);
#11451=AXIS2_PLACEMENT_3D('',#16655,#13823,#13824);
#11452=AXIS2_PLACEMENT_3D('',#16657,#13825,#13826);
#11453=AXIS2_PLACEMENT_3D('',#16658,#13827,#13828);
#11454=AXIS2_PLACEMENT_3D('',#16660,#13829,#13830);
#11455=AXIS2_PLACEMENT_3D('',#16661,#13831,#13832);
#11456=AXIS2_PLACEMENT_3D('',#16663,#13833,#13834);
#11457=AXIS2_PLACEMENT_3D('',#16664,#13835,#13836);
#11458=AXIS2_PLACEMENT_3D('',#16665,#13837,#13838);
#11459=AXIS2_PLACEMENT_3D('',#16667,#13839,#13840);
#11460=AXIS2_PLACEMENT_3D('',#16668,#13841,#13842);
#11461=AXIS2_PLACEMENT_3D('',#16669,#13843,#13844);
#11462=AXIS2_PLACEMENT_3D('',#16671,#13845,#13846);
#11463=AXIS2_PLACEMENT_3D('',#16672,#13847,#13848);
#11464=AXIS2_PLACEMENT_3D('',#16673,#13849,#13850);
#11465=AXIS2_PLACEMENT_3D('',#16675,#13851,#13852);
#11466=AXIS2_PLACEMENT_3D('',#16676,#13853,#13854);
#11467=AXIS2_PLACEMENT_3D('',#16677,#13855,#13856);
#11468=AXIS2_PLACEMENT_3D('',#16679,#13857,#13858);
#11469=AXIS2_PLACEMENT_3D('',#16680,#13859,#13860);
#11470=AXIS2_PLACEMENT_3D('',#16681,#13861,#13862);
#11471=AXIS2_PLACEMENT_3D('',#16683,#13863,#13864);
#11472=AXIS2_PLACEMENT_3D('',#16684,#13865,#13866);
#11473=AXIS2_PLACEMENT_3D('',#16685,#13867,#13868);
#11474=AXIS2_PLACEMENT_3D('',#16687,#13869,#13870);
#11475=AXIS2_PLACEMENT_3D('',#16688,#13871,#13872);
#11476=AXIS2_PLACEMENT_3D('',#16689,#13873,#13874);
#11477=AXIS2_PLACEMENT_3D('',#16691,#13875,#13876);
#11478=AXIS2_PLACEMENT_3D('',#16692,#13877,#13878);
#11479=AXIS2_PLACEMENT_3D('',#16693,#13879,#13880);
#11480=AXIS2_PLACEMENT_3D('',#16695,#13881,#13882);
#11481=AXIS2_PLACEMENT_3D('',#16697,#13883,#13884);
#11482=AXIS2_PLACEMENT_3D('',#16698,#13885,#13886);
#11483=AXIS2_PLACEMENT_3D('',#16700,#13887,#13888);
#11484=AXIS2_PLACEMENT_3D('',#16702,#13889,#13890);
#11485=AXIS2_PLACEMENT_3D('',#16703,#13891,#13892);
#11486=AXIS2_PLACEMENT_3D('',#16704,#13893,#13894);
#11487=AXIS2_PLACEMENT_3D('',#16717,#13901,#13902);
#11488=AXIS2_PLACEMENT_3D('',#16730,#13909,#13910);
#11489=AXIS2_PLACEMENT_3D('',#16731,#13911,#13912);
#11490=AXIS2_PLACEMENT_3D('',#16743,#13919,#13920);
#11491=AXIS2_PLACEMENT_3D('',#16747,#13923,#13924);
#11492=AXIS2_PLACEMENT_3D('',#16748,#13925,#13926);
#11493=AXIS2_PLACEMENT_3D('',#16753,#13929,#13930);
#11494=AXIS2_PLACEMENT_3D('',#16757,#13933,#13934);
#11495=AXIS2_PLACEMENT_3D('',#16758,#13935,#13936);
#11496=AXIS2_PLACEMENT_3D('',#16760,#13937,#13938);
#11497=AXIS2_PLACEMENT_3D('',#16770,#13944,#13945);
#11498=AXIS2_PLACEMENT_3D('',#16774,#13948,#13949);
#11499=AXIS2_PLACEMENT_3D('',#16775,#13950,#13951);
#11500=AXIS2_PLACEMENT_3D('',#16780,#13954,#13955);
#11501=AXIS2_PLACEMENT_3D('',#16782,#13957,#13958);
#11502=AXIS2_PLACEMENT_3D('',#16783,#13959,#13960);
#11503=AXIS2_PLACEMENT_3D('',#16785,#13962,#13963);
#11504=AXIS2_PLACEMENT_3D('',#16787,#13965,#13966);
#11505=AXIS2_PLACEMENT_3D('',#16788,#13967,#13968);
#11506=AXIS2_PLACEMENT_3D('',#16789,#13969,#13970);
#11507=AXIS2_PLACEMENT_3D('',#16791,#13971,#13972);
#11508=AXIS2_PLACEMENT_3D('',#16792,#13973,#13974);
#11509=AXIS2_PLACEMENT_3D('',#16793,#13975,#13976);
#11510=AXIS2_PLACEMENT_3D('',#16794,#13977,#13978);
#11511=AXIS2_PLACEMENT_3D('',#16803,#13983,#13984);
#11512=AXIS2_PLACEMENT_3D('',#16804,#13985,#13986);
#11513=AXIS2_PLACEMENT_3D('',#16808,#13988,#13989);
#11514=AXIS2_PLACEMENT_3D('',#16809,#13990,#13991);
#11515=AXIS2_PLACEMENT_3D('',#16815,#13995,#13996);
#11516=AXIS2_PLACEMENT_3D('',#16816,#13997,#13998);
#11517=AXIS2_PLACEMENT_3D('',#16820,#14001,#14002);
#11518=AXIS2_PLACEMENT_3D('',#16821,#14003,#14004);
#11519=AXIS2_PLACEMENT_3D('',#16822,#14005,#14006);
#11520=AXIS2_PLACEMENT_3D('',#16823,#14007,#14008);
#11521=AXIS2_PLACEMENT_3D('',#16825,#14009,#14010);
#11522=AXIS2_PLACEMENT_3D('',#16826,#14011,#14012);
#11523=AXIS2_PLACEMENT_3D('',#16835,#14017,#14018);
#11524=AXIS2_PLACEMENT_3D('',#16837,#14019,#14020);
#11525=AXIS2_PLACEMENT_3D('',#16839,#14021,#14022);
#11526=AXIS2_PLACEMENT_3D('',#16841,#14023,#14024);
#11527=AXIS2_PLACEMENT_3D('',#16842,#14025,#14026);
#11528=AXIS2_PLACEMENT_3D('',#16845,#14027,#14028);
#11529=AXIS2_PLACEMENT_3D('',#16847,#14029,#14030);
#11530=AXIS2_PLACEMENT_3D('',#16851,#14032,#14033);
#11531=AXIS2_PLACEMENT_3D('',#16854,#14035,#14036);
#11532=AXIS2_PLACEMENT_3D('',#16856,#14037,#14038);
#11533=AXIS2_PLACEMENT_3D('',#16857,#14039,#14040);
#11534=AXIS2_PLACEMENT_3D('',#16858,#14041,#14042);
#11535=AXIS2_PLACEMENT_3D('',#16860,#14043,#14044);
#11536=AXIS2_PLACEMENT_3D('',#16862,#14045,#14046);
#11537=AXIS2_PLACEMENT_3D('',#16863,#14047,#14048);
#11538=AXIS2_PLACEMENT_3D('',#16875,#14054,#14055);
#11539=AXIS2_PLACEMENT_3D('',#16877,#14056,#14057);
#11540=AXIS2_PLACEMENT_3D('',#16880,#14060,#14061);
#11541=AXIS2_PLACEMENT_3D('',#16882,#14063,#14064);
#11542=AXIS2_PLACEMENT_3D('',#16884,#14066,#14067);
#11543=AXIS2_PLACEMENT_3D('',#16885,#14068,#14069);
#11544=AXIS2_PLACEMENT_3D('',#16886,#14070,#14071);
#11545=AXIS2_PLACEMENT_3D('',#16887,#14072,#14073);
#11546=AXIS2_PLACEMENT_3D('',#16890,#14076,#14077);
#11547=AXIS2_PLACEMENT_3D('',#16891,#14078,#14079);
#11548=AXIS2_PLACEMENT_3D('',#16892,#14080,#14081);
#11549=AXIS2_PLACEMENT_3D('',#16893,#14082,#14083);
#11550=AXIS2_PLACEMENT_3D('',#16895,#14084,#14085);
#11551=AXIS2_PLACEMENT_3D('',#16896,#14086,#14087);
#11552=AXIS2_PLACEMENT_3D('',#16897,#14088,#14089);
#11553=AXIS2_PLACEMENT_3D('',#16898,#14090,#14091);
#11554=AXIS2_PLACEMENT_3D('',#16899,#14092,#14093);
#11555=AXIS2_PLACEMENT_3D('',#16900,#14094,#14095);
#11556=AXIS2_PLACEMENT_3D('',#16901,#14096,#14097);
#11557=AXIS2_PLACEMENT_3D('',#16902,#14098,#14099);
#11558=AXIS2_PLACEMENT_3D('',#16912,#14104,#14105);
#11559=AXIS2_PLACEMENT_3D('',#16914,#14106,#14107);
#11560=AXIS2_PLACEMENT_3D('',#16916,#14108,#14109);
#11561=AXIS2_PLACEMENT_3D('',#16917,#14110,#14111);
#11562=AXIS2_PLACEMENT_3D('',#16919,#14112,#14113);
#11563=AXIS2_PLACEMENT_3D('',#16921,#14114,#14115);
#11564=AXIS2_PLACEMENT_3D('',#16927,#14119,#14120);
#11565=AXIS2_PLACEMENT_3D('',#16931,#14123,#14124);
#11566=AXIS2_PLACEMENT_3D('',#16935,#14127,#14128);
#11567=AXIS2_PLACEMENT_3D('',#16936,#14129,#14130);
#11568=AXIS2_PLACEMENT_3D('',#16938,#14131,#14132);
#11569=AXIS2_PLACEMENT_3D('',#16940,#14134,#14135);
#11570=AXIS2_PLACEMENT_3D('',#16941,#14136,#14137);
#11571=AXIS2_PLACEMENT_3D('',#16943,#14138,#14139);
#11572=AXIS2_PLACEMENT_3D('',#16945,#14140,#14141);
#11573=AXIS2_PLACEMENT_3D('',#16946,#14142,#14143);
#11574=AXIS2_PLACEMENT_3D('',#16947,#14144,#14145);
#11575=AXIS2_PLACEMENT_3D('',#16949,#14146,#14147);
#11576=AXIS2_PLACEMENT_3D('',#16950,#14148,#14149);
#11577=AXIS2_PLACEMENT_3D('',#16951,#14150,#14151);
#11578=AXIS2_PLACEMENT_3D('',#16953,#14152,#14153);
#11579=AXIS2_PLACEMENT_3D('',#16954,#14154,#14155);
#11580=AXIS2_PLACEMENT_3D('',#16955,#14156,#14157);
#11581=AXIS2_PLACEMENT_3D('',#16957,#14158,#14159);
#11582=AXIS2_PLACEMENT_3D('',#16959,#14160,#14161);
#11583=AXIS2_PLACEMENT_3D('',#16968,#14166,#14167);
#11584=AXIS2_PLACEMENT_3D('',#16974,#14171,#14172);
#11585=AXIS2_PLACEMENT_3D('',#16980,#14176,#14177);
#11586=AXIS2_PLACEMENT_3D('',#16981,#14178,#14179);
#11587=AXIS2_PLACEMENT_3D('',#16983,#14180,#14181);
#11588=AXIS2_PLACEMENT_3D('',#16985,#14182,#14183);
#11589=AXIS2_PLACEMENT_3D('',#16986,#14184,#14185);
#11590=AXIS2_PLACEMENT_3D('',#16988,#14186,#14187);
#11591=AXIS2_PLACEMENT_3D('',#16990,#14188,#14189);
#11592=AXIS2_PLACEMENT_3D('',#16993,#14192,#14193);
#11593=AXIS2_PLACEMENT_3D('',#16994,#14194,#14195);
#11594=AXIS2_PLACEMENT_3D('',#16996,#14196,#14197);
#11595=AXIS2_PLACEMENT_3D('',#16998,#14198,#14199);
#11596=AXIS2_PLACEMENT_3D('',#16999,#14200,#14201);
#11597=AXIS2_PLACEMENT_3D('',#17000,#14202,#14203);
#11598=AXIS2_PLACEMENT_3D('',#17002,#14204,#14205);
#11599=AXIS2_PLACEMENT_3D('',#17003,#14206,#14207);
#11600=AXIS2_PLACEMENT_3D('',#17004,#14208,#14209);
#11601=AXIS2_PLACEMENT_3D('',#17006,#14210,#14211);
#11602=AXIS2_PLACEMENT_3D('',#17007,#14212,#14213);
#11603=AXIS2_PLACEMENT_3D('',#17016,#14218,#14219);
#11604=AXIS2_PLACEMENT_3D('',#17018,#14220,#14221);
#11605=AXIS2_PLACEMENT_3D('',#17020,#14222,#14223);
#11606=AXIS2_PLACEMENT_3D('',#17022,#14224,#14225);
#11607=AXIS2_PLACEMENT_3D('',#17047,#14238,#14239);
#11608=AXIS2_PLACEMENT_3D('',#17060,#14246,#14247);
#11609=AXIS2_PLACEMENT_3D('',#17069,#14252,#14253);
#11610=AXIS2_PLACEMENT_3D('',#17076,#14259,#14260);
#11611=AXIS2_PLACEMENT_3D('',#17078,#14261,#14262);
#11612=AXIS2_PLACEMENT_3D('',#17080,#14263,#14264);
#11613=AXIS2_PLACEMENT_3D('',#17082,#14265,#14266);
#11614=AXIS2_PLACEMENT_3D('',#17089,#14272,#14273);
#11615=AXIS2_PLACEMENT_3D('',#17091,#14274,#14275);
#11616=AXIS2_PLACEMENT_3D('',#17093,#14276,#14277);
#11617=AXIS2_PLACEMENT_3D('',#17095,#14278,#14279);
#11618=AXIS2_PLACEMENT_3D('',#17101,#14283,#14284);
#11619=AXIS2_PLACEMENT_3D('',#17104,#14287,#14288);
#11620=AXIS2_PLACEMENT_3D('',#17105,#14289,#14290);
#11621=AXIS2_PLACEMENT_3D('',#17107,#14291,#14292);
#11622=AXIS2_PLACEMENT_3D('',#17109,#14293,#14294);
#11623=AXIS2_PLACEMENT_3D('',#17110,#14295,#14296);
#11624=AXIS2_PLACEMENT_3D('',#17112,#14297,#14298);
#11625=AXIS2_PLACEMENT_3D('',#17114,#14299,#14300);
#11626=AXIS2_PLACEMENT_3D('',#17116,#14301,#14302);
#11627=AXIS2_PLACEMENT_3D('',#17119,#14304,#14305);
#11628=AXIS2_PLACEMENT_3D('',#17120,#14306,#14307);
#11629=AXIS2_PLACEMENT_3D('',#17123,#14309,#14310);
#11630=AXIS2_PLACEMENT_3D('',#17124,#14311,#14312);
#11631=AXIS2_PLACEMENT_3D('',#17126,#14313,#14314);
#11632=AXIS2_PLACEMENT_3D('',#17127,#14315,#14316);
#11633=AXIS2_PLACEMENT_3D('',#17129,#14317,#14318);
#11634=AXIS2_PLACEMENT_3D('',#17131,#14319,#14320);
#11635=AXIS2_PLACEMENT_3D('',#17133,#14321,#14322);
#11636=AXIS2_PLACEMENT_3D('',#17135,#14323,#14324);
#11637=AXIS2_PLACEMENT_3D('',#17136,#14325,#14326);
#11638=AXIS2_PLACEMENT_3D('',#17137,#14327,#14328);
#11639=AXIS2_PLACEMENT_3D('',#17138,#14329,#14330);
#11640=AXIS2_PLACEMENT_3D('',#17139,#14331,#14332);
#11641=AXIS2_PLACEMENT_3D('',#17140,#14333,#14334);
#11642=AXIS2_PLACEMENT_3D('',#17142,#14336,#14337);
#11643=AXIS2_PLACEMENT_3D('',#17143,#14338,#14339);
#11644=AXIS2_PLACEMENT_3D('',#17144,#14340,#14341);
#11645=AXIS2_PLACEMENT_3D('',#17145,#14342,#14343);
#11646=AXIS2_PLACEMENT_3D('',#17146,#14344,#14345);
#11647=AXIS2_PLACEMENT_3D('',#17147,#14346,#14347);
#11648=AXIS2_PLACEMENT_3D('',#17148,#14348,#14349);
#11649=AXIS2_PLACEMENT_3D('',#17149,#14350,#14351);
#11650=AXIS2_PLACEMENT_3D('',#17150,#14352,#14353);
#11651=AXIS2_PLACEMENT_3D('',#17152,#14354,#14355);
#11652=AXIS2_PLACEMENT_3D('',#17158,#14359,#14360);
#11653=AXIS2_PLACEMENT_3D('',#17164,#14364,#14365);
#11654=AXIS2_PLACEMENT_3D('',#17166,#14367,#14368);
#11655=AXIS2_PLACEMENT_3D('',#17168,#14370,#14371);
#11656=AXIS2_PLACEMENT_3D('',#17169,#14372,#14373);
#11657=AXIS2_PLACEMENT_3D('',#17170,#14374,#14375);
#11658=AXIS2_PLACEMENT_3D('',#17172,#14376,#14377);
#11659=AXIS2_PLACEMENT_3D('',#17173,#14378,#14379);
#11660=AXIS2_PLACEMENT_3D('',#17174,#14380,#14381);
#11661=AXIS2_PLACEMENT_3D('',#17176,#14382,#14383);
#11662=AXIS2_PLACEMENT_3D('',#17177,#14384,#14385);
#11663=AXIS2_PLACEMENT_3D('',#17186,#14390,#14391);
#11664=AXIS2_PLACEMENT_3D('',#17192,#14395,#14396);
#11665=AXIS2_PLACEMENT_3D('',#17198,#14400,#14401);
#11666=AXIS2_PLACEMENT_3D('',#17199,#14402,#14403);
#11667=AXIS2_PLACEMENT_3D('',#17201,#14404,#14405);
#11668=AXIS2_PLACEMENT_3D('',#17203,#14406,#14407);
#11669=AXIS2_PLACEMENT_3D('',#17205,#14408,#14409);
#11670=AXIS2_PLACEMENT_3D('',#17215,#14414,#14415);
#11671=AXIS2_PLACEMENT_3D('',#17221,#14419,#14420);
#11672=AXIS2_PLACEMENT_3D('',#17222,#14421,#14422);
#11673=AXIS2_PLACEMENT_3D('',#17224,#14423,#14424);
#11674=AXIS2_PLACEMENT_3D('',#17226,#14425,#14426);
#11675=AXIS2_PLACEMENT_3D('',#17228,#14427,#14428);
#11676=AXIS2_PLACEMENT_3D('',#17232,#14430,#14431);
#11677=AXIS2_PLACEMENT_3D('',#17236,#14433,#14434);
#11678=AXIS2_PLACEMENT_3D('',#17243,#14438,#14439);
#11679=AXIS2_PLACEMENT_3D('',#17246,#14442,#14443);
#11680=AXIS2_PLACEMENT_3D('',#17249,#14446,#14447);
#11681=AXIS2_PLACEMENT_3D('',#17250,#14448,#14449);
#11682=AXIS2_PLACEMENT_3D('',#17256,#14453,#14454);
#11683=AXIS2_PLACEMENT_3D('',#17257,#14455,#14456);
#11684=AXIS2_PLACEMENT_3D('',#17258,#14457,#14458);
#11685=AXIS2_PLACEMENT_3D('',#17259,#14459,#14460);
#11686=AXIS2_PLACEMENT_3D('',#17260,#14461,#14462);
#11687=AXIS2_PLACEMENT_3D('',#17261,#14463,#14464);
#11688=AXIS2_PLACEMENT_3D('',#17262,#14465,#14466);
#11689=AXIS2_PLACEMENT_3D('',#17263,#14467,#14468);
#11690=AXIS2_PLACEMENT_3D('',#17264,#14469,#14470);
#11691=AXIS2_PLACEMENT_3D('',#17265,#14471,#14472);
#11692=AXIS2_PLACEMENT_3D('',#17266,#14473,#14474);
#11693=AXIS2_PLACEMENT_3D('',#17267,#14475,#14476);
#11694=AXIS2_PLACEMENT_3D('',#17268,#14477,#14478);
#11695=AXIS2_PLACEMENT_3D('',#17269,#14479,#14480);
#11696=AXIS2_PLACEMENT_3D('',#17271,#14481,#14482);
#11697=AXIS2_PLACEMENT_3D('',#17273,#14483,#14484);
#11698=AXIS2_PLACEMENT_3D('',#17274,#14485,#14486);
#11699=AXIS2_PLACEMENT_3D('',#17276,#14487,#14488);
#11700=AXIS2_PLACEMENT_3D('',#17278,#14489,#14490);
#11701=AXIS2_PLACEMENT_3D('',#17279,#14491,#14492);
#11702=AXIS2_PLACEMENT_3D('',#17281,#14493,#14494);
#11703=AXIS2_PLACEMENT_3D('',#17283,#14495,#14496);
#11704=AXIS2_PLACEMENT_3D('',#17284,#14497,#14498);
#11705=AXIS2_PLACEMENT_3D('',#17286,#14499,#14500);
#11706=AXIS2_PLACEMENT_3D('',#17288,#14501,#14502);
#11707=AXIS2_PLACEMENT_3D('',#17333,#14525,#14526);
#11708=AXIS2_PLACEMENT_3D('',#17334,#14527,#14528);
#11709=AXIS2_PLACEMENT_3D('',#17336,#14529,#14530);
#11710=AXIS2_PLACEMENT_3D('',#17338,#14531,#14532);
#11711=AXIS2_PLACEMENT_3D('',#17340,#14533,#14534);
#11712=AXIS2_PLACEMENT_3D('',#17342,#14535,#14536);
#11713=AXIS2_PLACEMENT_3D('',#17348,#14540,#14541);
#11714=AXIS2_PLACEMENT_3D('',#17354,#14545,#14546);
#11715=AXIS2_PLACEMENT_3D('',#17360,#14550,#14551);
#11716=AXIS2_PLACEMENT_3D('',#17384,#14565,#14566);
#11717=AXIS2_PLACEMENT_3D('',#17385,#14567,#14568);
#11718=AXIS2_PLACEMENT_3D('',#17387,#14569,#14570);
#11719=AXIS2_PLACEMENT_3D('',#17389,#14572,#14573);
#11720=AXIS2_PLACEMENT_3D('',#17390,#14574,#14575);
#11721=AXIS2_PLACEMENT_3D('',#17392,#14576,#14577);
#11722=AXIS2_PLACEMENT_3D('',#17394,#14579,#14580);
#11723=AXIS2_PLACEMENT_3D('',#17396,#14582,#14583);
#11724=AXIS2_PLACEMENT_3D('',#17397,#14584,#14585);
#11725=AXIS2_PLACEMENT_3D('',#17400,#14588,#14589);
#11726=AXIS2_PLACEMENT_3D('',#17402,#14590,#14591);
#11727=AXIS2_PLACEMENT_3D('',#17404,#14592,#14593);
#11728=AXIS2_PLACEMENT_3D('',#17406,#14594,#14595);
#11729=AXIS2_PLACEMENT_3D('',#17408,#14596,#14597);
#11730=AXIS2_PLACEMENT_3D('',#17410,#14599,#14600);
#11731=AXIS2_PLACEMENT_3D('',#17411,#14601,#14602);
#11732=AXIS2_PLACEMENT_3D('',#17413,#14603,#14604);
#11733=AXIS2_PLACEMENT_3D('',#17414,#14605,#14606);
#11734=AXIS2_PLACEMENT_3D('',#17416,#14607,#14608);
#11735=AXIS2_PLACEMENT_3D('',#17417,#14609,#14610);
#11736=AXIS2_PLACEMENT_3D('',#17418,#14611,#14612);
#11737=AXIS2_PLACEMENT_3D('',#17420,#14613,#14614);
#11738=AXIS2_PLACEMENT_3D('',#17422,#14616,#14617);
#11739=AXIS2_PLACEMENT_3D('',#17423,#14618,#14619);
#11740=AXIS2_PLACEMENT_3D('',#17425,#14620,#14621);
#11741=AXIS2_PLACEMENT_3D('',#17426,#14622,#14623);
#11742=AXIS2_PLACEMENT_3D('',#17427,#14624,#14625);
#11743=AXIS2_PLACEMENT_3D('',#17429,#14626,#14627);
#11744=AXIS2_PLACEMENT_3D('',#17431,#14629,#14630);
#11745=AXIS2_PLACEMENT_3D('',#17432,#14631,#14632);
#11746=AXIS2_PLACEMENT_3D('',#17434,#14633,#14634);
#11747=AXIS2_PLACEMENT_3D('',#17435,#14635,#14636);
#11748=AXIS2_PLACEMENT_3D('',#17441,#14640,#14641);
#11749=AXIS2_PLACEMENT_3D('',#17445,#14644,#14645);
#11750=AXIS2_PLACEMENT_3D('',#17449,#14648,#14649);
#11751=AXIS2_PLACEMENT_3D('',#17451,#14651,#14652);
#11752=AXIS2_PLACEMENT_3D('',#17460,#14657,#14658);
#11753=AXIS2_PLACEMENT_3D('',#17461,#14659,#14660);
#11754=AXIS2_PLACEMENT_3D('',#17462,#14661,#14662);
#11755=AXIS2_PLACEMENT_3D('',#17463,#14663,#14664);
#11756=AXIS2_PLACEMENT_3D('',#17464,#14665,#14666);
#11757=AXIS2_PLACEMENT_3D('',#17465,#14667,#14668);
#11758=AXIS2_PLACEMENT_3D('',#17466,#14669,#14670);
#11759=AXIS2_PLACEMENT_3D('',#17472,#14674,#14675);
#11760=AXIS2_PLACEMENT_3D('',#17478,#14679,#14680);
#11761=AXIS2_PLACEMENT_3D('',#17480,#14682,#14683);
#11762=AXIS2_PLACEMENT_3D('',#17482,#14685,#14686);
#11763=AXIS2_PLACEMENT_3D('',#17483,#14687,#14688);
#11764=AXIS2_PLACEMENT_3D('',#17484,#14689,#14690);
#11765=AXIS2_PLACEMENT_3D('',#17485,#14691,#14692);
#11766=AXIS2_PLACEMENT_3D('',#17486,#14693,#14694);
#11767=AXIS2_PLACEMENT_3D('',#17487,#14695,#14696);
#11768=AXIS2_PLACEMENT_3D('',#17488,#14697,#14698);
#11769=AXIS2_PLACEMENT_3D('',#17489,#14699,#14700);
#11770=AXIS2_PLACEMENT_3D('',#17490,#14701,#14702);
#11771=AXIS2_PLACEMENT_3D('',#17491,#14703,#14704);
#11772=AXIS2_PLACEMENT_3D('',#17492,#14705,#14706);
#11773=AXIS2_PLACEMENT_3D('',#17493,#14707,#14708);
#11774=AXIS2_PLACEMENT_3D('',#17494,#14709,#14710);
#11775=AXIS2_PLACEMENT_3D('',#17495,#14711,#14712);
#11776=AXIS2_PLACEMENT_3D('',#17496,#14713,#14714);
#11777=AXIS2_PLACEMENT_3D('',#17497,#14715,#14716);
#11778=AXIS2_PLACEMENT_3D('',#17498,#14717,#14718);
#11779=AXIS2_PLACEMENT_3D('',#17499,#14719,#14720);
#11780=AXIS2_PLACEMENT_3D('',#17500,#14721,#14722);
#11781=AXIS2_PLACEMENT_3D('',#17501,#14723,#14724);
#11782=AXIS2_PLACEMENT_3D('',#17502,#14725,#14726);
#11783=AXIS2_PLACEMENT_3D('',#17503,#14727,#14728);
#11784=AXIS2_PLACEMENT_3D('',#17504,#14729,#14730);
#11785=AXIS2_PLACEMENT_3D('',#17505,#14731,#14732);
#11786=AXIS2_PLACEMENT_3D('',#17506,#14733,#14734);
#11787=AXIS2_PLACEMENT_3D('',#17507,#14735,#14736);
#11788=AXIS2_PLACEMENT_3D('',#17508,#14737,#14738);
#11789=AXIS2_PLACEMENT_3D('',#17509,#14739,#14740);
#11790=AXIS2_PLACEMENT_3D('',#17510,#14741,#14742);
#11791=DIRECTION('',(0.,0.,1.));
#11792=DIRECTION('',(1.,0.,0.));
#11793=DIRECTION('',(0.,-1.,0.));
#11794=DIRECTION('',(0.,0.,-1.));
#11795=DIRECTION('',(0.,-1.,0.));
#11796=DIRECTION('',(0.,0.,-1.));
#11797=DIRECTION('',(1.,0.,0.));
#11798=DIRECTION('',(0.,0.,-1.));
#11799=DIRECTION('',(1.,0.,0.));
#11800=DIRECTION('',(0.,0.,-1.));
#11801=DIRECTION('',(1.,0.,0.));
#11802=DIRECTION('',(0.,1.,0.));
#11803=DIRECTION('',(0.,0.,1.));
#11804=DIRECTION('',(0.,1.,0.));
#11805=DIRECTION('',(0.,0.,-1.));
#11806=DIRECTION('',(0.,1.,0.));
#11807=DIRECTION('',(-1.,0.,0.));
#11808=DIRECTION('',(0.,0.,1.));
#11809=DIRECTION('',(0.,0.,1.));
#11810=DIRECTION('',(1.,0.,0.));
#11811=DIRECTION('',(0.,0.,1.));
#11812=DIRECTION('',(1.,0.,0.));
#11813=DIRECTION('',(0.,0.,-1.));
#11814=DIRECTION('',(-1.,0.,0.));
#11815=DIRECTION('',(0.,0.,1.));
#11816=DIRECTION('',(1.,0.,0.));
#11817=DIRECTION('',(0.,0.,1.));
#11818=DIRECTION('',(1.,0.,0.));
#11819=DIRECTION('',(0.,0.,-1.));
#11820=DIRECTION('',(-1.,0.,0.));
#11821=DIRECTION('',(0.,0.,1.));
#11822=DIRECTION('',(1.,0.,0.));
#11823=DIRECTION('',(0.,0.,1.));
#11824=DIRECTION('',(1.,0.,0.));
#11825=DIRECTION('',(0.,0.,-1.));
#11826=DIRECTION('',(-1.,0.,0.));
#11827=DIRECTION('',(0.,0.,1.));
#11828=DIRECTION('',(1.,0.,0.));
#11829=DIRECTION('',(0.,0.,1.));
#11830=DIRECTION('',(1.,0.,0.));
#11831=DIRECTION('',(0.,0.,-1.));
#11832=DIRECTION('',(-1.,0.,0.));
#11833=DIRECTION('',(-1.,0.,0.));
#11834=DIRECTION('',(-1.,0.,0.));
#11835=DIRECTION('',(0.,-1.,0.));
#11836=DIRECTION('',(0.,0.,-1.));
#11837=DIRECTION('',(0.,0.,1.));
#11838=DIRECTION('',(1.,0.,0.));
#11839=DIRECTION('',(0.,0.,1.));
#11840=DIRECTION('',(1.,0.,0.));
#11841=DIRECTION('',(0.,0.,-1.));
#11842=DIRECTION('',(-1.,0.,0.));
#11843=DIRECTION('',(0.,0.,1.));
#11844=DIRECTION('',(1.,0.,0.));
#11845=DIRECTION('',(0.,0.,1.));
#11846=DIRECTION('',(1.,0.,0.));
#11847=DIRECTION('',(0.,0.,1.));
#11848=DIRECTION('',(1.,0.,0.));
#11849=DIRECTION('',(0.,0.,1.));
#11850=DIRECTION('',(1.,0.,0.));
#11851=DIRECTION('',(0.,0.,1.));
#11852=DIRECTION('',(1.,0.,0.));
#11853=DIRECTION('',(0.,0.,1.));
#11854=DIRECTION('',(1.,0.,0.));
#11855=DIRECTION('',(0.,0.,-1.));
#11856=DIRECTION('',(1.,0.,0.));
#11857=DIRECTION('',(0.,0.,-1.));
#11858=DIRECTION('',(-1.,0.,0.));
#11859=DIRECTION('',(0.,0.,1.));
#11860=DIRECTION('',(1.,0.,0.));
#11861=DIRECTION('',(0.,0.,-1.));
#11862=DIRECTION('',(1.,0.,0.));
#11863=DIRECTION('',(0.,0.,-1.));
#11864=DIRECTION('',(-1.,0.,0.));
#11865=DIRECTION('',(0.,0.,1.));
#11866=DIRECTION('',(1.,0.,0.));
#11867=DIRECTION('',(0.,0.,-1.));
#11868=DIRECTION('',(1.,0.,0.));
#11869=DIRECTION('',(0.,0.,-1.));
#11870=DIRECTION('',(-1.,0.,0.));
#11871=DIRECTION('',(0.,0.,1.));
#11872=DIRECTION('',(1.,0.,0.));
#11873=DIRECTION('',(0.,0.,-1.));
#11874=DIRECTION('',(1.,0.,0.));
#11875=DIRECTION('',(0.,0.,-1.));
#11876=DIRECTION('',(-1.,0.,0.));
#11877=DIRECTION('',(0.,0.,1.));
#11878=DIRECTION('',(1.,0.,0.));
#11879=DIRECTION('',(0.,0.,1.));
#11880=DIRECTION('',(1.,0.,0.));
#11881=DIRECTION('',(0.,0.,1.));
#11882=DIRECTION('',(1.,0.,0.));
#11883=DIRECTION('',(0.,0.,-1.));
#11884=DIRECTION('',(-1.,0.,0.));
#11885=DIRECTION('',(0.,0.,1.));
#11886=DIRECTION('',(1.,0.,0.));
#11887=DIRECTION('',(0.,0.,-1.));
#11888=DIRECTION('',(1.,0.,0.));
#11889=DIRECTION('',(0.,0.,1.));
#11890=DIRECTION('',(1.,0.,0.));
#11891=DIRECTION('',(0.,0.,1.));
#11892=DIRECTION('',(1.,0.,-5.53948221048375E-17));
#11893=DIRECTION('',(0.,0.,1.));
#11894=DIRECTION('',(1.,0.,0.));
#11895=DIRECTION('',(0.,0.,1.));
#11896=DIRECTION('',(1.,0.,0.));
#11897=DIRECTION('',(0.,0.,-1.));
#11898=DIRECTION('',(-1.,0.,0.));
#11899=DIRECTION('',(0.,0.,1.));
#11900=DIRECTION('',(1.,0.,0.));
#11901=DIRECTION('',(0.,0.,1.));
#11902=DIRECTION('',(1.,0.,0.));
#11903=DIRECTION('',(0.,0.,-1.));
#11904=DIRECTION('',(-1.,0.,0.));
#11905=DIRECTION('',(0.,0.,1.));
#11906=DIRECTION('',(1.,0.,0.));
#11907=DIRECTION('',(0.,0.,1.));
#11908=DIRECTION('',(1.,0.,0.));
#11909=DIRECTION('',(0.,0.,1.));
#11910=DIRECTION('',(1.,0.,0.));
#11911=DIRECTION('',(0.,0.,1.));
#11912=DIRECTION('',(1.,0.,0.));
#11913=DIRECTION('',(0.,0.,-1.));
#11914=DIRECTION('',(-1.,0.,0.));
#11915=DIRECTION('',(0.,0.,1.));
#11916=DIRECTION('',(1.,0.,0.));
#11917=DIRECTION('',(0.,0.,1.));
#11918=DIRECTION('',(1.,0.,0.));
#11919=DIRECTION('',(0.,0.,-1.));
#11920=DIRECTION('',(-1.,0.,0.));
#11921=DIRECTION('',(0.,0.,1.));
#11922=DIRECTION('',(1.,0.,0.));
#11923=DIRECTION('',(0.,0.,-1.));
#11924=DIRECTION('',(-1.,0.,0.));
#11925=DIRECTION('',(0.,0.,1.));
#11926=DIRECTION('',(1.,0.,0.));
#11927=DIRECTION('',(0.,0.,-1.));
#11928=DIRECTION('',(-1.,0.,0.));
#11929=DIRECTION('',(0.,0.,-1.));
#11930=DIRECTION('',(-1.,0.,-1.55852371188333E-17));
#11931=DIRECTION('',(0.,0.,1.));
#11932=DIRECTION('',(1.,0.,0.));
#11933=DIRECTION('',(0.,0.,1.));
#11934=DIRECTION('',(1.,0.,0.));
#11935=DIRECTION('',(0.,0.,-1.));
#11936=DIRECTION('',(-1.,0.,0.));
#11937=DIRECTION('',(0.,0.,1.));
#11938=DIRECTION('',(1.,0.,0.));
#11939=DIRECTION('',(0.,0.,-1.));
#11940=DIRECTION('',(-1.,0.,-8.32251142897419E-18));
#11941=DIRECTION('',(0.,0.,-1.));
#11942=DIRECTION('',(1.,1.22464679914735E-16,0.));
#11943=DIRECTION('',(0.,0.,1.));
#11944=DIRECTION('',(-1.,0.,0.));
#11945=DIRECTION('',(0.,0.,-1.));
#11946=DIRECTION('',(-1.,0.,0.));
#11947=DIRECTION('',(0.,0.,-1.));
#11948=DIRECTION('',(-1.,0.,0.));
#11949=DIRECTION('',(0.,0.,-1.));
#11950=DIRECTION('',(-1.,0.,0.));
#11951=DIRECTION('',(0.,0.,-1.));
#11952=DIRECTION('',(1.,1.22464679914735E-16,0.));
#11953=DIRECTION('',(0.,0.,-1.));
#11954=DIRECTION('',(1.,1.22464679914735E-16,0.));
#11955=DIRECTION('',(0.,0.,-1.));
#11956=DIRECTION('',(-1.,0.,0.));
#11957=DIRECTION('',(0.,0.,-1.));
#11958=DIRECTION('',(-1.,0.,0.));
#11959=DIRECTION('',(0.,0.,-1.));
#11960=DIRECTION('',(-1.,0.,0.));
#11961=DIRECTION('',(0.,0.,-1.));
#11962=DIRECTION('',(1.,1.22464679914735E-16,0.));
#11963=DIRECTION('',(0.,0.,-1.));
#11964=DIRECTION('',(-1.,0.,0.));
#11965=DIRECTION('',(0.,0.,-1.));
#11966=DIRECTION('',(-1.,0.,0.));
#11967=DIRECTION('',(0.,1.,0.));
#11968=DIRECTION('',(0.,0.,1.));
#11969=DIRECTION('',(0.,1.,0.));
#11970=DIRECTION('',(0.,0.,1.));
#11971=DIRECTION('',(1.,0.,0.));
#11972=DIRECTION('',(0.,0.,-1.));
#11973=DIRECTION('',(1.,0.,0.));
#11974=DIRECTION('',(0.,0.,1.));
#11975=DIRECTION('',(1.,0.,0.));
#11976=DIRECTION('',(0.,-1.,0.));
#11977=DIRECTION('',(0.,0.,-1.));
#11978=DIRECTION('',(0.,-1.,0.));
#11979=DIRECTION('',(0.,0.,1.));
#11980=DIRECTION('',(0.,-1.,0.));
#11981=DIRECTION('',(-1.,0.,0.));
#11982=DIRECTION('',(0.,0.,1.));
#11983=DIRECTION('',(0.,0.,-1.));
#11984=DIRECTION('',(-1.,0.,0.));
#11985=DIRECTION('',(0.,0.,-1.));
#11986=DIRECTION('',(-1.,0.,0.));
#11987=DIRECTION('',(0.,0.,1.));
#11988=DIRECTION('',(1.,0.,0.));
#11989=DIRECTION('',(0.,0.,-1.));
#11990=DIRECTION('',(-1.,0.,0.));
#11991=DIRECTION('',(0.,0.,-1.));
#11992=DIRECTION('',(-1.,0.,0.));
#11993=DIRECTION('',(0.,0.,1.));
#11994=DIRECTION('',(1.,0.,0.));
#11995=DIRECTION('',(0.,0.,-1.));
#11996=DIRECTION('',(-1.,0.,0.));
#11997=DIRECTION('',(0.,0.,-1.));
#11998=DIRECTION('',(-1.,0.,0.));
#11999=DIRECTION('',(0.,0.,1.));
#12000=DIRECTION('',(1.,0.,0.));
#12001=DIRECTION('',(0.,0.,-1.));
#12002=DIRECTION('',(-1.,0.,0.));
#12003=DIRECTION('',(0.,0.,-1.));
#12004=DIRECTION('',(-1.,0.,0.));
#12005=DIRECTION('',(0.,0.,1.));
#12006=DIRECTION('',(1.,0.,0.));
#12007=DIRECTION('',(-1.,0.,0.));
#12008=DIRECTION('',(-1.,0.,0.));
#12009=DIRECTION('',(0.,1.,0.));
#12010=DIRECTION('',(0.,0.,1.));
#12011=DIRECTION('',(0.,0.,-1.));
#12012=DIRECTION('',(-1.,0.,0.));
#12013=DIRECTION('',(0.,0.,-1.));
#12014=DIRECTION('',(-1.,0.,0.));
#12015=DIRECTION('',(0.,0.,1.));
#12016=DIRECTION('',(1.,0.,0.));
#12017=DIRECTION('',(0.,0.,1.));
#12018=DIRECTION('',(0.,1.,0.));
#12019=DIRECTION('',(0.,0.,-1.));
#12020=DIRECTION('',(-1.,0.,0.));
#12021=DIRECTION('',(0.,0.,-1.));
#12022=DIRECTION('',(-1.,0.,0.));
#12023=DIRECTION('',(0.,0.,1.));
#12024=DIRECTION('',(0.,1.,0.));
#12025=DIRECTION('',(0.,0.,1.));
#12026=DIRECTION('',(1.,0.,0.));
#12027=DIRECTION('',(0.,0.,1.));
#12028=DIRECTION('',(1.,0.,0.));
#12029=DIRECTION('',(0.,0.,-1.));
#12030=DIRECTION('',(0.,1.,0.));
#12031=DIRECTION('',(0.,0.,-1.));
#12032=DIRECTION('',(0.,1.,0.));
#12033=DIRECTION('',(0.,0.,-1.));
#12034=DIRECTION('',(-1.,0.,0.));
#12035=DIRECTION('',(0.,0.,-1.));
#12036=DIRECTION('',(-1.,0.,0.));
#12037=DIRECTION('',(0.,0.,1.));
#12038=DIRECTION('',(0.,1.,0.));
#12039=DIRECTION('',(0.,0.,1.));
#12040=DIRECTION('',(0.,1.,0.));
#12041=DIRECTION('',(0.,0.,1.));
#12042=DIRECTION('',(1.,0.,0.));
#12043=DIRECTION('',(0.,0.,-1.));
#12044=DIRECTION('',(-1.,0.,0.));
#12045=DIRECTION('',(0.,0.,-1.));
#12046=DIRECTION('',(-1.,0.,0.));
#12047=DIRECTION('',(0.,0.,-1.));
#12048=DIRECTION('',(1.,0.,0.));
#12049=DIRECTION('',(0.,0.,1.));
#12050=DIRECTION('',(1.,0.,0.));
#12051=DIRECTION('',(0.,0.,-1.));
#12052=DIRECTION('',(-1.,0.,0.));
#12053=DIRECTION('',(0.,0.,-1.));
#12054=DIRECTION('',(1.,0.,0.));
#12055=DIRECTION('',(0.,0.,1.));
#12056=DIRECTION('',(1.,0.,0.));
#12057=DIRECTION('',(0.,0.,-1.));
#12058=DIRECTION('',(-1.,0.,0.));
#12059=DIRECTION('',(0.,0.,-1.));
#12060=DIRECTION('',(1.,0.,0.));
#12061=DIRECTION('',(0.,0.,1.));
#12062=DIRECTION('',(1.,0.,0.));
#12063=DIRECTION('',(0.,0.,-1.));
#12064=DIRECTION('',(-1.,0.,0.));
#12065=DIRECTION('',(0.,0.,-1.));
#12066=DIRECTION('',(1.,0.,0.));
#12067=DIRECTION('',(0.,0.,1.));
#12068=DIRECTION('',(1.,0.,0.));
#12069=DIRECTION('',(0.,0.,-1.));
#12070=DIRECTION('',(-1.,0.,0.));
#12071=DIRECTION('',(0.,0.,-1.));
#12072=DIRECTION('',(1.,0.,0.));
#12073=DIRECTION('',(0.,0.,1.));
#12074=DIRECTION('',(1.,0.,0.));
#12075=DIRECTION('',(0.,0.,-1.));
#12076=DIRECTION('',(-1.,0.,0.));
#12077=DIRECTION('',(-2.26764467733909E-15,1.,0.));
#12078=DIRECTION('',(0.,0.,-1.));
#12079=DIRECTION('',(-2.26764467733909E-15,1.,0.));
#12080=DIRECTION('',(0.,0.,-1.));
#12081=DIRECTION('',(-1.,-2.26764467733909E-15,0.));
#12082=DIRECTION('',(2.26901830657766E-15,-1.,0.));
#12083=DIRECTION('',(0.866025403784438,0.500000000000002,0.));
#12084=DIRECTION('',(0.,0.,-1.));
#12085=DIRECTION('',(0.866025403784438,0.500000000000002,0.));
#12086=DIRECTION('',(-0.500000000000002,0.866025403784438,0.));
#12087=DIRECTION('',(-0.866025403784438,-0.500000000000002,0.));
#12088=DIRECTION('',(0.866025403784439,-0.499999999999999,0.));
#12089=DIRECTION('',(0.118864327762549,-0.0686263516307516,0.990536064687909));
#12090=DIRECTION('',(0.,0.,-1.));
#12091=DIRECTION('',(0.866025403784439,-0.499999999999999,0.));
#12092=DIRECTION('',(0.499999999999999,0.866025403784439,0.));
#12093=DIRECTION('',(-0.866025403784439,0.5,0.));
#12094=DIRECTION('',(2.26764467733911E-15,-1.,1.88970389778259E-14));
#12095=DIRECTION('',(0.,0.,-1.));
#12096=DIRECTION('',(2.26764467733911E-15,-1.,0.));
#12097=DIRECTION('',(1.,2.26764467733911E-15,0.));
#12098=DIRECTION('',(-2.26901830657766E-15,1.,0.));
#12099=DIRECTION('',(-0.118864327762549,-0.0686263516307524,-0.990536064687909));
#12100=DIRECTION('',(-0.866025403784436,-0.500000000000004,0.));
#12101=DIRECTION('',(0.,0.,-1.));
#12102=DIRECTION('',(-0.866025403784436,-0.500000000000004,0.));
#12103=DIRECTION('',(0.500000000000004,-0.866025403784437,0.));
#12104=DIRECTION('',(0.866025403784437,0.500000000000004,0.));
#12105=DIRECTION('',(0.866025403784437,0.500000000000003,0.));
#12106=DIRECTION('',(0.,0.,-1.));
#12107=DIRECTION('',(0.866025403784437,0.500000000000003,0.));
#12108=DIRECTION('',(0.,0.,-1.));
#12109=DIRECTION('',(-0.500000000000003,0.866025403784437,0.));
#12110=DIRECTION('',(-0.866025403784437,-0.500000000000003,0.));
#12111=DIRECTION('',(0.866025403784439,-0.5,0.));
#12112=DIRECTION('',(0.118864327762549,-0.0686263516307516,0.990536064687909));
#12113=DIRECTION('',(0.,0.,-1.));
#12114=DIRECTION('',(0.866025403784439,-0.5,0.));
#12115=DIRECTION('',(0.5,0.866025403784439,0.));
#12116=DIRECTION('',(-0.866025403784439,0.5,0.));
#12117=DIRECTION('',(0.,-1.,0.));
#12118=DIRECTION('',(0.,0.,-1.));
#12119=DIRECTION('',(0.,-1.,0.));
#12120=DIRECTION('',(1.,0.,0.));
#12121=DIRECTION('',(0.,0.,-1.));
#12122=DIRECTION('',(-0.118864327762549,-0.0686263516307518,-0.990536064687909));
#12123=DIRECTION('',(-0.866025403784438,-0.500000000000001,0.));
#12124=DIRECTION('',(0.,0.,-1.));
#12125=DIRECTION('',(-0.866025403784438,-0.500000000000001,0.));
#12126=DIRECTION('',(0.500000000000001,-0.866025403784438,0.));
#12127=DIRECTION('',(0.866025403784438,0.500000000000001,0.));
#12128=DIRECTION('',(-0.866025403784438,0.500000000000001,0.));
#12129=DIRECTION('',(0.,0.,-1.));
#12130=DIRECTION('',(-0.866025403784438,0.500000000000001,0.));
#12131=DIRECTION('',(-0.500000000000001,-0.866025403784438,0.));
#12132=DIRECTION('',(0.866025403784438,-0.500000000000001,0.));
#12133=DIRECTION('',(-0.866025403784439,0.499999999999999,0.));
#12134=DIRECTION('',(-0.118864327762549,0.0686263516307514,0.990536064687909));
#12135=DIRECTION('',(0.,0.,-1.));
#12136=DIRECTION('',(-0.866025403784439,0.499999999999999,0.));
#12137=DIRECTION('',(0.,0.,-1.));
#12138=DIRECTION('',(-0.499999999999999,-0.866025403784439,0.));
#12139=DIRECTION('',(0.866025403784439,-0.499999999999999,0.));
#12140=DIRECTION('',(1.13382233866955E-15,1.,-9.44851948891294E-15));
#12141=DIRECTION('',(0.,0.,-1.));
#12142=DIRECTION('',(1.13382233866955E-15,1.,0.));
#12143=DIRECTION('',(-1.,1.13382233866955E-15,0.));
#12144=DIRECTION('',(-1.13364179155084E-15,-1.,0.));
#12145=DIRECTION('',(0.118864327762549,0.0686263516307515,-0.990536064687909));
#12146=DIRECTION('',(0.866025403784439,0.499999999999999,0.));
#12147=DIRECTION('',(0.,0.,-1.));
#12148=DIRECTION('',(0.866025403784439,0.499999999999999,0.));
#12149=DIRECTION('',(-0.499999999999999,0.866025403784439,0.));
#12150=DIRECTION('',(-0.866025403784439,-0.499999999999999,0.));
#12151=DIRECTION('',(0.866025403784439,-0.499999999999999,0.));
#12152=DIRECTION('',(0.,0.,-1.));
#12153=DIRECTION('',(0.866025403784439,-0.499999999999999,0.));
#12154=DIRECTION('',(0.499999999999999,0.866025403784439,0.));
#12155=DIRECTION('',(-0.866025403784439,0.499999999999999,0.));
#12156=DIRECTION('',(-1.13382233866956E-15,-1.,0.));
#12157=DIRECTION('',(0.,0.,-1.));
#12158=DIRECTION('',(-1.13382233866956E-15,-1.,0.));
#12159=DIRECTION('',(1.,-1.13382233866956E-15,0.));
#12160=DIRECTION('',(1.13450915328883E-15,1.,0.));
#12161=DIRECTION('',(-1.13382233866955E-15,-1.,0.));
#12162=DIRECTION('',(0.,0.,-1.));
#12163=DIRECTION('',(-1.13382233866955E-15,-1.,0.));
#12164=DIRECTION('',(0.,0.,-1.));
#12165=DIRECTION('',(1.,-1.13382233866955E-15,0.));
#12166=DIRECTION('',(1.13450915328883E-15,1.,0.));
#12167=DIRECTION('',(-0.866025403784439,-0.499999999999999,0.));
#12168=DIRECTION('',(0.,0.,-1.));
#12169=DIRECTION('',(-0.866025403784439,-0.499999999999999,0.));
#12170=DIRECTION('',(0.499999999999999,-0.866025403784439,0.));
#12171=DIRECTION('',(0.866025403784439,0.499999999999999,0.));
#12172=DIRECTION('',(-0.866025403784438,0.500000000000001,0.));
#12173=DIRECTION('',(-0.118864327762549,0.0686263516307519,0.990536064687909));
#12174=DIRECTION('',(0.,0.,-1.));
#12175=DIRECTION('',(-0.866025403784438,0.500000000000001,0.));
#12176=DIRECTION('',(-0.500000000000001,-0.866025403784438,0.));
#12177=DIRECTION('',(0.866025403784438,-0.500000000000001,0.));
#12178=DIRECTION('',(4.25183377001083E-16,1.,-3.54319480834236E-15));
#12179=DIRECTION('',(0.,0.,-1.));
#12180=DIRECTION('',(4.25183377001083E-16,1.,0.));
#12181=DIRECTION('',(-1.,4.25183377001083E-16,0.));
#12182=DIRECTION('',(-4.25007251614318E-16,-1.,0.));
#12183=DIRECTION('',(0.118864327762549,0.0686263516307514,-0.990536064687909));
#12184=DIRECTION('',(0.866025403784439,0.499999999999999,0.));
#12185=DIRECTION('',(0.,0.,-1.));
#12186=DIRECTION('',(0.866025403784439,0.499999999999999,0.));
#12187=DIRECTION('',(-0.499999999999999,0.866025403784439,0.));
#12188=DIRECTION('',(-0.866025403784439,-0.499999999999999,0.));
#12189=DIRECTION('',(-1.,0.,0.));
#12190=DIRECTION('',(-0.119145220618431,0.,0.992876838486922));
#12191=DIRECTION('',(-1.,0.,0.));
#12192=DIRECTION('',(-0.119145220618431,0.,-0.992876838486922));
#12193=DIRECTION('',(0.,-1.,0.));
#12194=DIRECTION('',(0.,0.,-1.));
#12195=DIRECTION('',(2.26764467733911E-15,1.,0.));
#12196=DIRECTION('',(2.26764467733911E-15,1.,0.));
#12197=DIRECTION('',(-1.,2.26764467733911E-15,0.));
#12198=DIRECTION('',(-2.26901830657766E-15,-1.,0.));
#12199=DIRECTION('',(-0.866025403784438,-0.500000000000001,0.));
#12200=DIRECTION('',(-0.866025403784438,-0.500000000000001,0.));
#12201=DIRECTION('',(0.500000000000001,-0.866025403784438,0.));
#12202=DIRECTION('',(0.866025403784438,0.500000000000001,0.));
#12203=DIRECTION('',(0.866025403784439,-0.499999999999999,0.));
#12204=DIRECTION('',(0.866025403784439,-0.499999999999999,0.));
#12205=DIRECTION('',(0.499999999999999,0.866025403784439,0.));
#12206=DIRECTION('',(-0.866025403784439,0.499999999999999,0.));
#12207=DIRECTION('',(1.,0.,0.));
#12208=DIRECTION('',(0.119145220618431,0.,-0.992876838486922));
#12209=DIRECTION('',(1.,0.,0.));
#12210=DIRECTION('',(0.119145220618431,0.,0.992876838486922));
#12211=DIRECTION('',(0.,1.,0.));
#12212=DIRECTION('',(0.,0.,1.));
#12213=DIRECTION('',(-0.866025403784437,0.500000000000002,0.));
#12214=DIRECTION('',(-0.866025403784437,0.500000000000002,0.));
#12215=DIRECTION('',(-0.500000000000002,-0.866025403784437,0.));
#12216=DIRECTION('',(0.866025403784437,-0.500000000000002,0.));
#12217=DIRECTION('',(0.,0.,1.));
#12218=DIRECTION('',(1.,0.,0.));
#12219=DIRECTION('',(0.,1.,0.));
#12220=DIRECTION('',(0.,-1.,0.));
#12221=DIRECTION('',(0.,0.,1.));
#12222=DIRECTION('',(1.,0.,0.));
#12223=DIRECTION('',(-1.,3.01691039300314E-16,0.));
#12224=DIRECTION('',(-7.54227598250785E-17,-1.,0.));
#12225=DIRECTION('',(1.,-1.50845519650157E-16,0.));
#12226=DIRECTION('',(-3.01691039300314E-16,1.,0.));
#12227=DIRECTION('',(0.,1.,0.));
#12228=DIRECTION('',(0.,1.,0.));
#12229=DIRECTION('',(0.,1.,0.));
#12230=DIRECTION('',(0.,-1.,0.));
#12231=DIRECTION('',(0.,-1.,0.));
#12232=DIRECTION('',(0.,-1.,0.));
#12233=DIRECTION('',(0.,0.,1.));
#12234=DIRECTION('',(1.,0.,0.));
#12235=DIRECTION('',(0.,0.,-1.));
#12236=DIRECTION('',(1.,0.,0.));
#12237=DIRECTION('',(0.,0.,-1.));
#12238=DIRECTION('',(-1.,0.,0.));
#12239=DIRECTION('',(0.,0.,1.));
#12240=DIRECTION('',(1.,0.,0.));
#12241=DIRECTION('',(0.,0.,1.));
#12242=DIRECTION('',(1.,0.,0.));
#12243=DIRECTION('',(0.,0.,1.));
#12244=DIRECTION('',(3.01691039300314E-16,1.,0.));
#12245=DIRECTION('',(-1.,2.98372437868011E-16,0.));
#12246=DIRECTION('',(0.,0.,1.));
#12247=DIRECTION('',(0.,-1.,0.));
#12248=DIRECTION('',(1.,3.01691039300314E-16,0.));
#12249=DIRECTION('',(-2.98372437868011E-16,1.,0.));
#12250=DIRECTION('',(0.,0.,1.));
#12251=DIRECTION('',(-1.,0.,0.));
#12252=DIRECTION('',(-1.50845519650157E-16,-1.,0.));
#12253=DIRECTION('',(1.,-1.50920942409982E-16,0.));
#12254=DIRECTION('',(0.,1.,0.));
#12255=DIRECTION('',(-1.,7.54227598250785E-17,0.));
#12256=DIRECTION('',(-7.45931094670027E-17,-1.,0.));
#12257=DIRECTION('',(0.,0.,1.));
#12258=DIRECTION('',(1.,0.,0.));
#12259=DIRECTION('',(0.,0.,1.));
#12260=DIRECTION('',(1.,0.,0.));
#12261=DIRECTION('',(0.,0.,1.));
#12262=DIRECTION('',(1.,0.,0.));
#12263=DIRECTION('',(0.,0.,1.));
#12264=DIRECTION('',(1.,0.,0.));
#12265=DIRECTION('',(0.,0.,1.));
#12266=DIRECTION('',(1.,0.,0.));
#12267=DIRECTION('',(0.,0.,-1.));
#12268=DIRECTION('',(1.,0.,0.));
#12269=DIRECTION('',(0.,0.,-1.));
#12270=DIRECTION('',(1.,0.,0.));
#12271=DIRECTION('',(0.,0.,1.));
#12272=DIRECTION('',(1.,0.,0.));
#12273=DIRECTION('',(0.,0.,-1.));
#12274=DIRECTION('',(-1.,0.,0.));
#12275=DIRECTION('',(0.,0.,-1.));
#12276=DIRECTION('',(-1.,0.,0.));
#12277=DIRECTION('',(0.,0.,-1.));
#12278=DIRECTION('',(-1.,0.,0.));
#12279=DIRECTION('',(0.,0.,-1.));
#12280=DIRECTION('',(-1.,0.,0.));
#12281=DIRECTION('',(0.,0.,-1.));
#12282=DIRECTION('',(-1.,0.,0.));
#12283=DIRECTION('',(0.,0.,1.));
#12284=DIRECTION('',(1.,0.,0.));
#12285=DIRECTION('',(0.,0.,1.));
#12286=DIRECTION('',(-1.,0.,0.));
#12287=DIRECTION('',(0.,0.,-1.));
#12288=DIRECTION('',(-1.,0.,0.));
#12289=DIRECTION('',(0.,0.,-1.));
#12290=DIRECTION('',(-1.,0.,0.));
#12291=DIRECTION('',(0.,0.,1.));
#12292=DIRECTION('',(-1.,0.,0.));
#12293=DIRECTION('',(0.,0.,-1.));
#12294=DIRECTION('',(-1.,0.,0.));
#12295=DIRECTION('',(0.,0.,-1.));
#12296=DIRECTION('',(-1.,0.,0.));
#12297=DIRECTION('',(0.,0.,1.));
#12298=DIRECTION('',(-1.,0.,0.));
#12299=DIRECTION('',(0.,0.,-1.));
#12300=DIRECTION('',(-1.,0.,0.));
#12301=DIRECTION('',(0.,0.,-1.));
#12302=DIRECTION('',(-1.,0.,0.));
#12303=DIRECTION('',(0.,0.,1.));
#12304=DIRECTION('',(-1.,0.,0.));
#12305=DIRECTION('',(0.,0.,-1.));
#12306=DIRECTION('',(-1.,0.,0.));
#12307=DIRECTION('',(0.,0.,-1.));
#12308=DIRECTION('',(-1.,0.,0.));
#12309=DIRECTION('',(0.992876838486922,0.,0.119145220618431));
#12310=DIRECTION('',(0.,-1.,0.));
#12311=DIRECTION('',(-0.992876838486922,0.,0.119145220618431));
#12312=DIRECTION('',(0.,1.,0.));
#12313=DIRECTION('',(0.,1.,0.));
#12314=DIRECTION('',(1.,0.,0.));
#12315=DIRECTION('',(0.,0.,1.));
#12316=DIRECTION('',(-1.,0.,0.));
#12317=DIRECTION('',(0.,0.,-1.));
#12318=DIRECTION('',(1.,0.,0.));
#12319=DIRECTION('',(0.,1.,0.));
#12320=DIRECTION('',(0.999999999999999,0.,0.));
#12321=DIRECTION('',(0.,-1.,0.));
#12322=DIRECTION('',(1.,0.,0.));
#12323=DIRECTION('',(0.,-1.,0.));
#12324=DIRECTION('',(0.,0.,-1.));
#12325=DIRECTION('',(0.,1.,0.));
#12326=DIRECTION('',(1.,0.,0.));
#12327=DIRECTION('',(0.,-1.,0.));
#12328=DIRECTION('',(0.,0.,-1.));
#12329=DIRECTION('',(0.,1.,0.));
#12330=DIRECTION('',(0.,0.,1.));
#12331=DIRECTION('',(0.,0.,1.));
#12332=DIRECTION('',(0.,-1.,0.));
#12333=DIRECTION('',(0.,-1.,0.));
#12334=DIRECTION('',(1.,0.,0.));
#12335=DIRECTION('',(0.,0.,-1.));
#12336=DIRECTION('',(-1.,0.,0.));
#12337=DIRECTION('',(0.,-1.,0.));
#12338=DIRECTION('',(0.,0.,1.));
#12339=DIRECTION('',(1.,0.,0.));
#12340=DIRECTION('',(0.,0.,-1.));
#12341=DIRECTION('',(0.,-1.,0.));
#12342=DIRECTION('',(-1.,0.,0.));
#12343=DIRECTION('',(0.,0.,1.));
#12344=DIRECTION('',(0.,1.,0.));
#12345=DIRECTION('',(0.,0.,1.));
#12346=DIRECTION('',(0.,1.,0.));
#12347=DIRECTION('',(1.,0.,0.));
#12348=DIRECTION('',(0.,1.,0.));
#12349=DIRECTION('',(0.,0.,1.));
#12350=DIRECTION('',(1.,0.,0.));
#12351=DIRECTION('',(0.,0.,-1.));
#12352=DIRECTION('',(-1.,0.,0.));
#12353=DIRECTION('',(0.,1.,0.));
#12354=DIRECTION('',(1.,0.,0.));
#12355=DIRECTION('',(0.,1.,0.));
#12356=DIRECTION('',(0.,0.,1.));
#12357=DIRECTION('',(0.,-1.,0.));
#12358=DIRECTION('',(0.,0.,-1.));
#12359=DIRECTION('',(0.,1.,0.));
#12360=DIRECTION('',(1.,0.,0.));
#12361=DIRECTION('',(0.,1.,0.));
#12362=DIRECTION('',(0.,0.,0.999999999999999));
#12363=DIRECTION('',(0.,1.,0.));
#12364=DIRECTION('',(0.,0.,1.));
#12365=DIRECTION('',(0.,-1.,0.));
#12366=DIRECTION('',(0.999999999999999,0.,0.));
#12367=DIRECTION('',(0.,1.,0.));
#12368=DIRECTION('',(0.,0.,1.));
#12369=DIRECTION('',(0.,-1.,0.));
#12370=DIRECTION('',(0.,0.,-1.));
#12371=DIRECTION('',(0.,0.,1.));
#12372=DIRECTION('',(0.,-1.,0.));
#12373=DIRECTION('',(0.,0.,1.));
#12374=DIRECTION('',(0.,-1.,0.));
#12375=DIRECTION('',(1.,0.,0.));
#12376=DIRECTION('',(0.,0.,-1.));
#12377=DIRECTION('',(1.,0.,0.));
#12378=DIRECTION('',(0.,-1.,0.));
#12379=DIRECTION('',(1.,0.,0.));
#12380=DIRECTION('',(0.,0.,-1.));
#12381=DIRECTION('',(-1.,0.,0.));
#12382=DIRECTION('',(0.,0.,-1.));
#12383=DIRECTION('',(0.,-1.,0.));
#12384=DIRECTION('',(0.,0.,-1.));
#12385=DIRECTION('',(-1.,0.,0.));
#12386=DIRECTION('',(0.,0.,1.));
#12387=DIRECTION('',(0.,1.,0.));
#12388=DIRECTION('',(0.,0.,-1.));
#12389=DIRECTION('',(0.,-1.,0.));
#12390=DIRECTION('',(1.,0.,0.));
#12391=DIRECTION('',(0.,-1.,0.));
#12392=DIRECTION('',(0.,0.,-1.));
#12393=DIRECTION('',(0.,-1.,0.));
#12394=DIRECTION('',(1.,0.,0.));
#12395=DIRECTION('',(0.,-1.,0.));
#12396=DIRECTION('',(1.,0.,0.));
#12397=DIRECTION('',(0.,-1.,0.));
#12398=DIRECTION('',(0.,0.,-1.));
#12399=DIRECTION('',(-1.,0.,0.));
#12400=DIRECTION('',(-1.,0.,0.));
#12401=DIRECTION('',(0.,0.,1.));
#12402=DIRECTION('',(1.,0.,0.));
#12403=DIRECTION('',(0.,1.,0.));
#12404=DIRECTION('',(0.,0.,-1.));
#12405=DIRECTION('',(0.,-1.,0.));
#12406=DIRECTION('',(1.,0.,0.));
#12407=DIRECTION('',(0.,-1.,0.));
#12408=DIRECTION('',(0.,0.,-1.));
#12409=DIRECTION('',(0.,-1.,0.));
#12410=DIRECTION('',(1.,0.,0.));
#12411=DIRECTION('',(0.,-1.,0.));
#12412=DIRECTION('',(0.999999999999999,0.,0.));
#12413=DIRECTION('',(0.,-1.,0.));
#12414=DIRECTION('',(0.,0.,-1.));
#12415=DIRECTION('',(0.,-1.,0.));
#12416=DIRECTION('',(0.,0.,-1.));
#12417=DIRECTION('',(0.,1.,0.));
#12418=DIRECTION('',(0.999999999999999,0.,0.));
#12419=DIRECTION('',(0.,-1.,0.));
#12420=DIRECTION('',(0.,0.,-1.));
#12421=DIRECTION('',(0.,1.,0.));
#12422=DIRECTION('',(0.,0.,1.));
#12423=DIRECTION('',(0.,1.,0.));
#12424=DIRECTION('',(1.,0.,0.));
#12425=DIRECTION('',(0.,-1.,0.));
#12426=DIRECTION('',(0.,0.,-1.));
#12427=DIRECTION('',(0.,1.,0.));
#12428=DIRECTION('',(0.,0.,0.999999999999999));
#12429=DIRECTION('',(0.,1.,0.));
#12430=DIRECTION('',(1.,0.,0.));
#12431=DIRECTION('',(0.,-1.,0.));
#12432=DIRECTION('',(0.,0.,-1.));
#12433=DIRECTION('',(0.,1.,0.));
#12434=DIRECTION('',(0.,0.,1.));
#12435=DIRECTION('',(0.,1.,0.));
#12436=DIRECTION('',(1.,0.,0.));
#12437=DIRECTION('',(0.,-1.,0.));
#12438=DIRECTION('',(0.,0.,-1.));
#12439=DIRECTION('',(0.,1.,0.));
#12440=DIRECTION('',(0.,0.,1.));
#12441=DIRECTION('',(0.,0.,1.));
#12442=DIRECTION('',(0.,-1.,0.));
#12443=DIRECTION('',(0.,0.,1.));
#12444=DIRECTION('',(0.,-1.,0.));
#12445=DIRECTION('',(1.,0.,0.));
#12446=DIRECTION('',(0.,0.,-1.));
#12447=DIRECTION('',(-1.,0.,0.));
#12448=DIRECTION('',(0.,-1.,0.));
#12449=DIRECTION('',(-1.,0.,0.));
#12450=DIRECTION('',(0.,0.,1.));
#12451=DIRECTION('',(1.,0.,0.));
#12452=DIRECTION('',(0.,0.,-1.));
#12453=DIRECTION('',(0.,-1.,0.));
#12454=DIRECTION('',(0.,0.,-1.));
#12455=DIRECTION('',(-1.,0.,0.));
#12456=DIRECTION('',(0.,0.,1.));
#12457=DIRECTION('',(1.,0.,0.));
#12458=DIRECTION('',(1.,0.,0.));
#12459=DIRECTION('',(0.,0.,-1.));
#12460=DIRECTION('',(-1.,0.,0.));
#12461=DIRECTION('',(0.,1.,0.));
#12462=DIRECTION('',(1.,0.,0.));
#12463=DIRECTION('',(0.,1.,0.));
#12464=DIRECTION('',(1.,0.,0.));
#12465=DIRECTION('',(0.,1.,0.));
#12466=DIRECTION('',(0.,0.,1.));
#12467=DIRECTION('',(0.,1.,0.));
#12468=DIRECTION('',(1.,0.,0.));
#12469=DIRECTION('',(0.,1.,0.));
#12470=DIRECTION('',(0.999999999999999,0.,0.));
#12471=DIRECTION('',(0.,-1.,0.));
#12472=DIRECTION('',(0.,0.,-1.));
#12473=DIRECTION('',(0.,-1.,0.));
#12474=DIRECTION('',(0.,0.,-1.));
#12475=DIRECTION('',(0.,-1.,0.));
#12476=DIRECTION('',(0.999999999999999,0.,0.));
#12477=DIRECTION('',(0.,1.,0.));
#12478=DIRECTION('',(0.,0.,1.));
#12479=DIRECTION('',(0.,-1.,0.));
#12480=DIRECTION('',(0.,0.,-1.));
#12481=DIRECTION('',(0.,-1.,0.));
#12482=DIRECTION('',(1.,0.,0.));
#12483=DIRECTION('',(0.,1.,0.));
#12484=DIRECTION('',(0.,0.,0.999999999999999));
#12485=DIRECTION('',(0.,-1.,0.));
#12486=DIRECTION('',(0.,0.,-1.));
#12487=DIRECTION('',(0.,0.,-1.));
#12488=DIRECTION('',(1.,0.,0.));
#12489=DIRECTION('',(0.,0.,1.));
#12490=DIRECTION('',(1.,0.,0.));
#12491=DIRECTION('',(0.,1.,0.));
#12492=DIRECTION('',(-1.,0.,0.));
#12493=DIRECTION('',(0.,-1.,0.));
#12494=DIRECTION('',(1.,0.,0.));
#12495=DIRECTION('',(0.,0.,1.));
#12496=DIRECTION('',(0.999999999999999,0.,0.));
#12497=DIRECTION('',(0.,0.,1.));
#12498=DIRECTION('',(1.,0.,0.));
#12499=DIRECTION('',(-1.,0.,3.86164530304402E-17));
#12500=DIRECTION('',(0.,1.,0.));
#12501=DIRECTION('',(1.,0.,0.));
#12502=DIRECTION('',(0.,1.,0.));
#12503=DIRECTION('',(-1.,-1.65211759616839E-16,0.));
#12504=DIRECTION('',(0.,1.,0.));
#12505=DIRECTION('',(-1.,0.,3.86164530304402E-17));
#12506=DIRECTION('',(0.,1.,0.));
#12507=DIRECTION('',(0.,0.,1.));
#12508=DIRECTION('',(1.,0.,0.));
#12509=DIRECTION('',(0.,-1.,0.));
#12510=DIRECTION('',(1.,0.,0.));
#12511=DIRECTION('',(0.,-1.,0.));
#12512=DIRECTION('',(1.,0.,0.));
#12513=DIRECTION('',(0.,-1.,0.));
#12514=DIRECTION('',(1.,0.,0.));
#12515=DIRECTION('',(0.,-1.,0.));
#12516=DIRECTION('',(1.,0.,0.));
#12517=DIRECTION('',(0.,0.,-1.));
#12518=DIRECTION('',(-1.,0.,0.));
#12519=DIRECTION('',(0.,0.,1.));
#12520=DIRECTION('',(-1.,-1.65211759616839E-16,0.));
#12521=DIRECTION('',(0.,0.,-1.));
#12522=DIRECTION('',(-1.,0.,0.));
#12523=DIRECTION('',(0.,0.,1.));
#12524=DIRECTION('',(0.,1.,0.));
#12525=DIRECTION('',(1.,0.,0.));
#12526=DIRECTION('',(0.,-1.,0.));
#12527=DIRECTION('',(1.,0.,0.));
#12528=DIRECTION('',(1.65211759616839E-16,-1.,0.));
#12529=DIRECTION('',(1.,1.66533453693773E-16,0.));
#12530=DIRECTION('',(0.,-1.,0.));
#12531=DIRECTION('',(0.,0.,-1.));
#12532=DIRECTION('',(0.,-1.,0.));
#12533=DIRECTION('',(0.,0.,1.));
#12534=DIRECTION('',(0.,-1.,0.));
#12535=DIRECTION('',(0.,0.,-1.));
#12536=DIRECTION('',(0.,1.,0.));
#12537=DIRECTION('',(1.,0.,0.));
#12538=DIRECTION('',(0.,1.,0.));
#12539=DIRECTION('',(1.,0.,0.));
#12540=DIRECTION('',(0.,1.,0.));
#12541=DIRECTION('',(1.,0.,0.));
#12542=DIRECTION('',(0.,1.,0.));
#12543=DIRECTION('',(1.,0.,0.));
#12544=DIRECTION('',(0.,0.,-1.));
#12545=DIRECTION('',(1.,0.,0.));
#12546=DIRECTION('',(0.,0.,1.));
#12547=DIRECTION('',(1.,0.,0.));
#12548=DIRECTION('',(0.,0.,-1.));
#12549=DIRECTION('',(1.,0.,0.));
#12550=DIRECTION('',(0.,0.,1.));
#12551=DIRECTION('',(0.,-1.,0.));
#12552=DIRECTION('',(1.,0.,0.));
#12553=DIRECTION('',(0.,1.,0.));
#12554=DIRECTION('',(1.,0.,0.));
#12555=DIRECTION('',(0.,1.,0.));
#12556=DIRECTION('',(0.,0.,1.));
#12557=DIRECTION('',(0.,0.,1.));
#12558=DIRECTION('',(1.,0.,0.));
#12559=DIRECTION('',(0.,0.,1.));
#12560=DIRECTION('',(-1.,0.,0.));
#12561=DIRECTION('',(0.,0.,-1.));
#12562=DIRECTION('',(-1.,0.,0.));
#12563=DIRECTION('',(0.,-1.,0.));
#12564=DIRECTION('',(-0.866025403784439,-0.5,0.));
#12565=DIRECTION('',(-0.866025403784439,0.5,0.));
#12566=DIRECTION('',(-1.1556266144132E-15,1.,0.));
#12567=DIRECTION('',(0.866025403784438,0.500000000000002,0.));
#12568=DIRECTION('',(0.866025403784438,-0.500000000000002,0.));
#12569=DIRECTION('',(-1.53063836115601E-16,1.,0.));
#12570=DIRECTION('',(4.08170229641602E-16,-1.,0.));
#12571=DIRECTION('',(0.,1.,0.));
#12572=DIRECTION('',(1.,0.,0.));
#12573=DIRECTION('',(0.,-1.,0.));
#12574=DIRECTION('',(-1.,0.,0.));
#12575=DIRECTION('',(0.866025403784438,-0.5,0.));
#12576=DIRECTION('',(-5.778133072066E-15,-1.,0.));
#12577=DIRECTION('',(-0.866025403784438,-0.500000000000001,0.));
#12578=DIRECTION('',(-0.866025403784439,0.499999999999998,0.));
#12579=DIRECTION('',(0.,1.,0.));
#12580=DIRECTION('',(0.866025403784439,0.499999999999999,0.));
#12581=DIRECTION('',(0.866025403784438,-0.500000000000001,0.));
#12582=DIRECTION('',(0.,-1.,0.));
#12583=DIRECTION('',(-0.866025403784438,-0.500000000000001,0.));
#12584=DIRECTION('',(-0.866025403784438,0.5,0.));
#12585=DIRECTION('',(-5.77813307206601E-16,1.,0.));
#12586=DIRECTION('',(0.866025403784438,0.500000000000001,0.));
#12587=DIRECTION('',(0.866025403784438,-0.500000000000001,0.));
#12588=DIRECTION('',(-1.1556266144132E-15,-1.,0.));
#12589=DIRECTION('',(-0.866025403784438,-0.5,0.));
#12590=DIRECTION('',(-0.866025403784438,0.5,0.));
#12591=DIRECTION('',(5.77813307206598E-16,1.,0.));
#12592=DIRECTION('',(0.86602540378444,0.499999999999998,0.));
#12593=DIRECTION('',(0.,0.,1.));
#12594=DIRECTION('',(1.,0.,0.));
#12595=DIRECTION('',(0.,0.,-1.));
#12596=DIRECTION('',(0.,0.,-1.));
#12597=DIRECTION('',(-1.,0.,0.));
#12598=DIRECTION('',(0.,0.,1.));
#12599=DIRECTION('',(0.,0.,-1.));
#12600=DIRECTION('',(0.,1.,0.));
#12601=DIRECTION('',(0.,0.,1.));
#12602=DIRECTION('',(0.,0.,-1.));
#12603=DIRECTION('',(1.,0.,0.));
#12604=DIRECTION('',(0.,0.,-1.));
#12605=DIRECTION('',(0.,-1.,0.));
#12606=DIRECTION('',(0.,0.,-1.));
#12607=DIRECTION('',(5.778133072066E-15,1.,0.));
#12608=DIRECTION('',(0.,0.,1.));
#12609=DIRECTION('',(0.,0.,1.));
#12610=DIRECTION('',(1.,-5.778133072066E-15,0.));
#12611=DIRECTION('',(5.77836389847874E-15,1.,0.));
#12612=DIRECTION('',(-0.866025403784438,0.5,0.));
#12613=DIRECTION('',(0.,0.,1.));
#12614=DIRECTION('',(0.5,0.866025403784439,0.));
#12615=DIRECTION('',(-0.866025403784439,0.5,0.));
#12616=DIRECTION('',(-0.866025403784439,-0.499999999999999,0.));
#12617=DIRECTION('',(0.,0.,1.));
#12618=DIRECTION('',(-0.499999999999999,0.866025403784439,0.));
#12619=DIRECTION('',(-0.866025403784439,-0.499999999999999,0.));
#12620=DIRECTION('',(0.,-1.,0.));
#12621=DIRECTION('',(0.,0.,1.));
#12622=DIRECTION('',(-1.,0.,0.));
#12623=DIRECTION('',(0.,0.,1.));
#12624=DIRECTION('',(0.866025403784439,-0.499999999999998,0.));
#12625=DIRECTION('',(0.,0.,1.));
#12626=DIRECTION('',(-0.499999999999999,-0.86602540378444,0.));
#12627=DIRECTION('',(0.86602540378444,-0.499999999999999,0.));
#12628=DIRECTION('',(0.866025403784438,0.500000000000001,0.));
#12629=DIRECTION('',(0.500000000000001,-0.866025403784438,0.));
#12630=DIRECTION('',(0.866025403784438,0.500000000000001,0.));
#12631=DIRECTION('',(0.,0.,1.));
#12632=DIRECTION('',(1.,0.,0.));
#12633=DIRECTION('',(0.,1.,0.));
#12634=DIRECTION('',(0.,0.,1.));
#12635=DIRECTION('',(0.,0.,1.));
#12636=DIRECTION('',(1.,0.,0.));
#12637=DIRECTION('',(0.,0.,-1.));
#12638=DIRECTION('',(-0.866025403784438,0.500000000000001,0.));
#12639=DIRECTION('',(0.,0.,1.));
#12640=DIRECTION('',(0.500000000000001,0.866025403784438,0.));
#12641=DIRECTION('',(-0.866025403784438,0.500000000000001,0.));
#12642=DIRECTION('',(-0.866025403784438,-0.500000000000001,0.));
#12643=DIRECTION('',(0.,0.,1.));
#12644=DIRECTION('',(-0.500000000000001,0.866025403784438,0.));
#12645=DIRECTION('',(-0.866025403784438,-0.500000000000001,0.));
#12646=DIRECTION('',(5.77813307206601E-16,-1.,0.));
#12647=DIRECTION('',(0.,0.,1.));
#12648=DIRECTION('',(-1.,-5.77813307206601E-16,0.));
#12649=DIRECTION('',(5.77662917500277E-16,-1.,0.));
#12650=DIRECTION('',(0.866025403784438,-0.5,0.));
#12651=DIRECTION('',(0.,0.,1.));
#12652=DIRECTION('',(-0.500000000000001,-0.866025403784438,0.));
#12653=DIRECTION('',(0.866025403784438,-0.500000000000001,0.));
#12654=DIRECTION('',(0.866025403784438,0.500000000000001,0.));
#12655=DIRECTION('',(0.500000000000001,-0.866025403784438,0.));
#12656=DIRECTION('',(0.866025403784438,0.500000000000001,0.));
#12657=DIRECTION('',(0.,0.,-1.));
#12658=DIRECTION('',(1.,0.,0.));
#12659=DIRECTION('',(0.,0.,1.));
#12660=DIRECTION('',(1.,0.,0.));
#12661=DIRECTION('',(1.1556266144132E-15,1.,0.));
#12662=DIRECTION('',(0.,0.,1.));
#12663=DIRECTION('',(0.,0.,1.));
#12664=DIRECTION('',(1.,-1.1556266144132E-15,0.));
#12665=DIRECTION('',(1.15532583500055E-15,1.,0.));
#12666=DIRECTION('',(-0.866025403784438,0.500000000000001,0.));
#12667=DIRECTION('',(0.,0.,1.));
#12668=DIRECTION('',(0.500000000000001,0.866025403784438,0.));
#12669=DIRECTION('',(-0.866025403784438,0.500000000000001,0.));
#12670=DIRECTION('',(-0.86602540378444,-0.499999999999998,0.));
#12671=DIRECTION('',(0.,0.,1.));
#12672=DIRECTION('',(-0.499999999999998,0.86602540378444,0.));
#12673=DIRECTION('',(-0.86602540378444,-0.499999999999998,0.));
#12674=DIRECTION('',(-5.77813307206598E-16,-1.,0.));
#12675=DIRECTION('',(0.,0.,1.));
#12676=DIRECTION('',(-1.,5.77813307206598E-16,0.));
#12677=DIRECTION('',(-5.77662917500277E-16,-1.,0.));
#12678=DIRECTION('',(0.866025403784438,-0.5,0.));
#12679=DIRECTION('',(0.,0.,1.));
#12680=DIRECTION('',(-0.5,-0.866025403784439,0.));
#12681=DIRECTION('',(0.866025403784439,-0.5,0.));
#12682=DIRECTION('',(0.866025403784438,0.5,0.));
#12683=DIRECTION('',(0.5,-0.866025403784439,0.));
#12684=DIRECTION('',(0.866025403784439,0.5,0.));
#12685=DIRECTION('',(0.,0.,-1.));
#12686=DIRECTION('',(1.,0.,0.));
#12687=DIRECTION('',(0.,0.,1.));
#12688=DIRECTION('',(1.,0.,0.));
#12689=DIRECTION('',(0.,1.,0.));
#12690=DIRECTION('',(0.,0.,1.));
#12691=DIRECTION('',(0.,0.,1.));
#12692=DIRECTION('',(1.,0.,0.));
#12693=DIRECTION('',(0.,0.,-1.));
#12694=DIRECTION('',(0.866025403784439,0.5,0.));
#12695=DIRECTION('',(0.,0.,1.));
#12696=DIRECTION('',(0.5,-0.866025403784439,0.));
#12697=DIRECTION('',(0.866025403784439,0.5,0.));
#12698=DIRECTION('',(0.866025403784439,-0.5,0.));
#12699=DIRECTION('',(0.,0.,1.));
#12700=DIRECTION('',(-0.5,-0.866025403784439,0.));
#12701=DIRECTION('',(0.866025403784439,-0.5,0.));
#12702=DIRECTION('',(1.1556266144132E-15,-1.,0.));
#12703=DIRECTION('',(0.,0.,1.));
#12704=DIRECTION('',(-1.,-1.1556266144132E-15,0.));
#12705=DIRECTION('',(1.15532583500055E-15,-1.,0.));
#12706=DIRECTION('',(-0.866025403784438,-0.500000000000002,0.));
#12707=DIRECTION('',(0.,0.,1.));
#12708=DIRECTION('',(-0.500000000000002,0.866025403784438,0.));
#12709=DIRECTION('',(-0.866025403784438,-0.500000000000002,0.));
#12710=DIRECTION('',(-0.866025403784438,0.500000000000002,0.));
#12711=DIRECTION('',(0.500000000000002,0.866025403784438,0.));
#12712=DIRECTION('',(-0.866025403784438,0.500000000000002,0.));
#12713=DIRECTION('',(0.,0.,1.));
#12714=DIRECTION('',(-1.,0.,0.));
#12715=DIRECTION('',(0.,0.,-1.));
#12716=DIRECTION('',(-1.,0.,0.));
#12717=DIRECTION('',(0.,0.,1.));
#12718=DIRECTION('',(1.,0.,0.));
#12719=DIRECTION('',(0.,0.,-1.));
#12720=DIRECTION('',(-1.,0.,0.));
#12721=DIRECTION('',(0.,0.,1.));
#12722=DIRECTION('',(1.,0.,0.));
#12723=DIRECTION('',(0.,0.,-1.));
#12724=DIRECTION('',(-1.,0.,0.));
#12725=DIRECTION('',(0.,0.,1.));
#12726=DIRECTION('',(1.,0.,0.));
#12727=DIRECTION('',(0.,0.,-1.));
#12728=DIRECTION('',(-1.,0.,0.));
#12729=DIRECTION('',(0.,0.,1.));
#12730=DIRECTION('',(1.,0.,0.));
#12731=DIRECTION('',(0.,0.,-1.));
#12732=DIRECTION('',(-1.,0.,0.));
#12733=DIRECTION('',(0.,0.,-1.));
#12734=DIRECTION('',(-1.,0.,0.));
#12735=DIRECTION('',(0.,0.,-1.));
#12736=DIRECTION('',(1.,0.,0.));
#12737=DIRECTION('',(0.,0.,-1.));
#12738=DIRECTION('',(-1.,0.,0.));
#12739=DIRECTION('',(0.,0.,1.));
#12740=DIRECTION('',(1.,0.,0.));
#12741=DIRECTION('',(0.,0.,-1.));
#12742=DIRECTION('',(1.,0.,0.));
#12743=DIRECTION('',(0.,0.,-1.));
#12744=DIRECTION('',(-1.,0.,0.));
#12745=DIRECTION('',(0.,0.,1.));
#12746=DIRECTION('',(1.,0.,0.));
#12747=DIRECTION('',(0.,0.,-1.));
#12748=DIRECTION('',(0.999999999999999,0.,0.));
#12749=DIRECTION('',(0.,0.,-1.));
#12750=DIRECTION('',(-1.,0.,0.));
#12751=DIRECTION('',(0.,0.,1.));
#12752=DIRECTION('',(1.,0.,0.));
#12753=DIRECTION('',(0.,1.,0.));
#12754=DIRECTION('',(1.,0.,0.));
#12755=DIRECTION('',(0.,0.,-1.));
#12756=DIRECTION('',(0.,1.,0.));
#12757=DIRECTION('',(0.,0.,-1.));
#12758=DIRECTION('',(-1.,0.,0.));
#12759=DIRECTION('',(-1.,0.,0.));
#12760=DIRECTION('',(0.,0.,1.));
#12761=DIRECTION('',(0.,1.,0.));
#12762=DIRECTION('',(-1.,0.,0.));
#12763=DIRECTION('',(0.,0.,1.));
#12764=DIRECTION('',(0.,1.,0.));
#12765=DIRECTION('',(0.,0.,1.));
#12766=DIRECTION('',(1.,0.,0.));
#12767=DIRECTION('',(0.,0.,1.));
#12768=DIRECTION('',(0.,-1.,0.));
#12769=DIRECTION('',(0.,0.,1.));
#12770=DIRECTION('',(1.,0.,0.));
#12771=DIRECTION('',(0.,0.,-1.));
#12772=DIRECTION('',(0.,-1.,0.));
#12773=DIRECTION('',(0.,0.,-1.));
#12774=DIRECTION('',(0.,-1.,0.));
#12775=DIRECTION('',(0.,0.,1.));
#12776=DIRECTION('',(0.,-1.,0.));
#12777=DIRECTION('',(0.,0.,-1.));
#12778=DIRECTION('',(0.,-1.,0.));
#12779=DIRECTION('',(1.,0.,0.));
#12780=DIRECTION('',(0.,-1.,0.));
#12781=DIRECTION('',(0.,0.,-1.));
#12782=DIRECTION('',(0.,1.,0.));
#12783=DIRECTION('',(0.,0.,1.));
#12784=DIRECTION('',(0.,1.,0.));
#12785=DIRECTION('',(1.,0.,0.));
#12786=DIRECTION('',(0.,-1.,0.));
#12787=DIRECTION('',(0.,0.,-1.));
#12788=DIRECTION('',(0.,-1.,0.));
#12789=DIRECTION('',(0.,0.,-1.));
#12790=DIRECTION('',(0.,-1.,0.));
#12791=DIRECTION('',(1.,0.,0.));
#12792=DIRECTION('',(0.,1.,0.));
#12793=DIRECTION('',(0.,0.,1.));
#12794=DIRECTION('',(0.,-1.,0.));
#12795=DIRECTION('',(0.,0.,-1.));
#12796=DIRECTION('',(0.,1.,0.));
#12797=DIRECTION('',(1.,0.,0.));
#12798=DIRECTION('',(0.,1.,0.));
#12799=DIRECTION('',(0.,0.,1.));
#12800=DIRECTION('',(0.,1.,0.));
#12801=DIRECTION('',(0.,0.,1.));
#12802=DIRECTION('',(0.,1.,0.));
#12803=DIRECTION('',(0.,0.,1.));
#12804=DIRECTION('',(0.,1.,0.));
#12805=DIRECTION('',(0.,0.,1.));
#12806=DIRECTION('',(0.,1.,0.));
#12807=DIRECTION('',(0.,0.,1.));
#12808=DIRECTION('',(0.,1.,0.));
#12809=DIRECTION('',(0.,0.,1.));
#12810=DIRECTION('',(1.,0.,-9.05073117900942E-16));
#12811=DIRECTION('',(0.,-1.,0.));
#12812=DIRECTION('',(1.,0.,-9.05073117900942E-16));
#12813=DIRECTION('',(-9.05073117900942E-16,0.,-1.));
#12814=DIRECTION('',(-1.,0.,9.05525654459893E-16));
#12815=DIRECTION('',(6.93889390390723E-16,0.,-1.));
#12816=DIRECTION('',(-1.20676415720126E-15,0.,-1.));
#12817=DIRECTION('',(-1.,0.,-6.93889390390723E-16));
#12818=DIRECTION('',(-6.93889390390723E-16,0.,1.));
#12819=DIRECTION('',(0.,-1.,0.));
#12820=DIRECTION('',(1.,0.,0.));
#12821=DIRECTION('',(0.,-1.,0.));
#12822=DIRECTION('',(1.,0.,0.));
#12823=DIRECTION('',(0.,-1.,0.));
#12824=DIRECTION('',(1.,0.,0.));
#12825=DIRECTION('',(0.,-1.,0.));
#12826=DIRECTION('',(1.,0.,0.));
#12827=DIRECTION('',(0.,-1.,0.));
#12828=DIRECTION('',(1.,0.,0.));
#12829=DIRECTION('',(0.,-1.,0.));
#12830=DIRECTION('',(0.,0.,-1.));
#12831=DIRECTION('',(0.,-1.,0.));
#12832=DIRECTION('',(1.,0.,0.));
#12833=DIRECTION('',(0.,-1.,0.));
#12834=DIRECTION('',(0.,0.,-1.));
#12835=DIRECTION('',(0.,1.,0.));
#12836=DIRECTION('',(1.,0.,0.));
#12837=DIRECTION('',(0.,-1.,0.));
#12838=DIRECTION('',(0.,0.,-1.));
#12839=DIRECTION('',(0.,-1.,0.));
#12840=DIRECTION('',(0.,0.,-1.));
#12841=DIRECTION('',(0.,-1.,0.));
#12842=DIRECTION('',(0.,0.,-1.));
#12843=DIRECTION('',(0.,-1.,0.));
#12844=DIRECTION('',(0.,0.,-1.));
#12845=DIRECTION('',(0.,-1.,0.));
#12846=DIRECTION('',(0.,0.,-1.));
#12847=DIRECTION('',(0.,-1.,0.));
#12848=DIRECTION('',(0.,0.,-1.));
#12849=DIRECTION('',(0.,-1.,0.));
#12850=DIRECTION('',(0.,0.,-1.));
#12851=DIRECTION('',(0.,-1.,0.));
#12852=DIRECTION('',(0.,0.,-1.));
#12853=DIRECTION('',(0.,-1.,0.));
#12854=DIRECTION('',(0.,0.,-1.));
#12855=DIRECTION('',(0.,-1.,0.));
#12856=DIRECTION('',(0.,0.,-1.));
#12857=DIRECTION('',(0.,-1.,0.));
#12858=DIRECTION('',(0.,0.,-1.));
#12859=DIRECTION('',(0.,-1.,0.));
#12860=DIRECTION('',(0.,0.,-1.));
#12861=DIRECTION('',(0.,0.,-1.));
#12862=DIRECTION('',(0.,-1.,0.));
#12863=DIRECTION('',(0.,0.,-1.));
#12864=DIRECTION('',(0.,-1.,0.));
#12865=DIRECTION('',(-1.,0.,0.));
#12866=DIRECTION('',(0.,0.,1.));
#12867=DIRECTION('',(1.,0.,0.));
#12868=DIRECTION('',(1.,0.,0.));
#12869=DIRECTION('',(0.,-1.,0.));
#12870=DIRECTION('',(0.,0.,-1.));
#12871=DIRECTION('',(-1.,0.,0.));
#12872=DIRECTION('',(0.,0.,1.));
#12873=DIRECTION('',(0.,0.,1.));
#12874=DIRECTION('',(0.,-1.,0.));
#12875=DIRECTION('',(1.,0.,0.));
#12876=DIRECTION('',(0.,0.,-1.));
#12877=DIRECTION('',(0.,1.,0.));
#12878=DIRECTION('',(0.,0.,-1.));
#12879=DIRECTION('',(0.,-1.,0.));
#12880=DIRECTION('',(1.,0.,0.));
#12881=DIRECTION('',(0.,-1.,0.));
#12882=DIRECTION('',(0.,0.,-1.));
#12883=DIRECTION('',(0.,-1.,0.));
#12884=DIRECTION('',(1.,0.,0.));
#12885=DIRECTION('',(0.,-1.,0.));
#12886=DIRECTION('',(1.,0.,0.));
#12887=DIRECTION('',(0.,-1.,0.));
#12888=DIRECTION('',(0.,0.,-1.));
#12889=DIRECTION('',(-1.,0.,0.));
#12890=DIRECTION('',(-1.,0.,0.));
#12891=DIRECTION('',(0.,0.,1.));
#12892=DIRECTION('',(1.,0.,0.));
#12893=DIRECTION('',(0.,1.,0.));
#12894=DIRECTION('',(0.,0.,-1.));
#12895=DIRECTION('',(0.,-1.,0.));
#12896=DIRECTION('',(1.,0.,0.));
#12897=DIRECTION('',(0.,-1.,0.));
#12898=DIRECTION('',(0.,0.,-1.));
#12899=DIRECTION('',(0.,-1.,0.));
#12900=DIRECTION('',(0.999999999999999,0.,0.));
#12901=DIRECTION('',(0.,-1.,0.));
#12902=DIRECTION('',(1.,0.,0.));
#12903=DIRECTION('',(0.,-1.,0.));
#12904=DIRECTION('',(0.,0.,-1.));
#12905=DIRECTION('',(0.,-1.,0.));
#12906=DIRECTION('',(0.,0.,-1.));
#12907=DIRECTION('',(0.,1.,0.));
#12908=DIRECTION('',(1.,0.,0.));
#12909=DIRECTION('',(0.,-1.,0.));
#12910=DIRECTION('',(0.,0.,-1.));
#12911=DIRECTION('',(0.,1.,0.));
#12912=DIRECTION('',(0.,0.,0.999999999999999));
#12913=DIRECTION('',(0.,1.,0.));
#12914=DIRECTION('',(0.999999999999999,0.,0.));
#12915=DIRECTION('',(0.,-1.,0.));
#12916=DIRECTION('',(0.,0.,-1.));
#12917=DIRECTION('',(0.,1.,0.));
#12918=DIRECTION('',(0.,0.,1.));
#12919=DIRECTION('',(4.33680868994202E-16,-1.,0.));
#12920=DIRECTION('',(0.,0.,1.));
#12921=DIRECTION('',(4.33680868994202E-16,-1.,0.));
#12922=DIRECTION('',(0.,0.,1.));
#12923=DIRECTION('',(-1.,-4.33680868994202E-16,0.));
#12924=DIRECTION('',(4.33680868994202E-16,-1.,0.));
#12925=DIRECTION('',(1.,0.,0.));
#12926=DIRECTION('',(1.,0.,0.));
#12927=DIRECTION('',(0.,0.,1.));
#12928=DIRECTION('',(0.,-1.,0.));
#12929=DIRECTION('',(0.,0.,-1.));
#12930=DIRECTION('',(0.,0.,1.));
#12931=DIRECTION('',(1.,0.,0.));
#12932=DIRECTION('',(0.,0.,1.));
#12933=DIRECTION('',(1.,0.,0.));
#12934=DIRECTION('',(0.,0.,1.));
#12935=DIRECTION('',(0.,0.,1.));
#12936=DIRECTION('',(1.,0.,0.));
#12937=DIRECTION('',(-1.,0.,0.));
#12938=DIRECTION('',(-1.,0.,0.));
#12939=DIRECTION('',(0.,1.,0.));
#12940=DIRECTION('',(0.,0.,1.));
#12941=DIRECTION('',(0.,0.,1.));
#12942=DIRECTION('',(1.,0.,0.));
#12943=DIRECTION('',(0.,0.,1.));
#12944=DIRECTION('',(1.,0.,0.));
#12945=DIRECTION('',(-1.,-4.33680868994202E-16,0.));
#12946=DIRECTION('',(0.,0.,1.));
#12947=DIRECTION('',(-1.,-4.33680868994202E-16,0.));
#12948=DIRECTION('',(0.,0.,1.));
#12949=DIRECTION('',(1.,4.33680868994202E-16,0.));
#12950=DIRECTION('',(0.,1.,0.));
#12951=DIRECTION('',(-1.,-4.33680868994202E-16,0.));
#12952=DIRECTION('',(4.33680868994202E-16,-1.,0.));
#12953=DIRECTION('',(-1.,-4.33680868994202E-16,0.));
#12954=DIRECTION('',(4.33680868994202E-16,-1.,0.));
#12955=DIRECTION('',(0.,0.,-1.));
#12956=DIRECTION('',(0.,0.,-1.));
#12957=DIRECTION('',(1.,0.,0.));
#12958=DIRECTION('',(0.,0.,-1.));
#12959=DIRECTION('',(0.,0.,-1.));
#12960=DIRECTION('',(1.,0.,0.));
#12961=DIRECTION('',(0.,0.,-1.));
#12962=DIRECTION('',(-1.,0.,0.));
#12963=DIRECTION('',(0.,0.,1.));
#12964=DIRECTION('',(1.,0.,0.));
#12965=DIRECTION('',(0.,0.,1.));
#12966=DIRECTION('',(1.,0.,0.));
#12967=DIRECTION('',(0.,0.,-1.));
#12968=DIRECTION('',(-1.,0.,0.));
#12969=DIRECTION('',(0.,1.,0.));
#12970=DIRECTION('',(0.,0.,-1.));
#12971=DIRECTION('',(0.,1.,0.));
#12972=DIRECTION('',(0.,1.,0.));
#12973=DIRECTION('',(0.,0.,-1.));
#12974=DIRECTION('',(0.,1.,0.));
#12975=DIRECTION('',(0.,0.,-1.));
#12976=DIRECTION('',(-1.,0.,0.));
#12977=DIRECTION('',(0.,0.,1.));
#12978=DIRECTION('',(0.,0.,-1.));
#12979=DIRECTION('',(1.,0.,0.));
#12980=DIRECTION('',(0.,0.,-1.));
#12981=DIRECTION('',(1.,0.,0.));
#12982=DIRECTION('',(0.,0.,-1.));
#12983=DIRECTION('',(0.,0.,-1.));
#12984=DIRECTION('',(-1.,0.,0.));
#12985=DIRECTION('',(0.,-1.,0.));
#12986=DIRECTION('',(0.,-1.,0.));
#12987=DIRECTION('',(0.,0.,-1.));
#12988=DIRECTION('',(0.,-1.,0.));
#12989=DIRECTION('',(0.,-1.,0.));
#12990=DIRECTION('',(0.,0.,1.));
#12991=DIRECTION('',(1.,0.,0.));
#12992=DIRECTION('',(0.,0.,-1.));
#12993=DIRECTION('',(0.,0.,1.));
#12994=DIRECTION('',(1.,0.,0.));
#12995=DIRECTION('',(0.,0.,1.));
#12996=DIRECTION('',(1.,0.,0.));
#12997=DIRECTION('',(0.,0.,-1.));
#12998=DIRECTION('',(-1.,0.,0.));
#12999=DIRECTION('',(0.,0.,-1.));
#13000=DIRECTION('',(1.,1.22464679914735E-16,0.));
#13001=DIRECTION('',(0.,0.,-1.));
#13002=DIRECTION('',(1.,1.22464679914735E-16,0.));
#13003=DIRECTION('',(0.,0.,-1.));
#13004=DIRECTION('',(-1.,0.,0.));
#13005=DIRECTION('',(0.,0.,1.));
#13006=DIRECTION('',(1.,0.,0.));
#13007=DIRECTION('',(0.,0.,1.));
#13008=DIRECTION('',(1.,0.,0.));
#13009=DIRECTION('',(0.,0.,-1.));
#13010=DIRECTION('',(-1.,0.,0.));
#13011=DIRECTION('',(0.,0.,-1.));
#13012=DIRECTION('',(-1.,0.,0.));
#13013=DIRECTION('',(0.,0.,-1.));
#13014=DIRECTION('',(-1.,0.,0.));
#13015=DIRECTION('',(0.,0.,-1.));
#13016=DIRECTION('',(1.,0.,0.));
#13017=DIRECTION('',(0.,0.,-1.));
#13018=DIRECTION('',(1.,0.,0.));
#13019=DIRECTION('',(0.,0.,-1.));
#13020=DIRECTION('',(-1.,0.,0.));
#13021=DIRECTION('',(0.,0.,1.));
#13022=DIRECTION('',(1.,0.,0.));
#13023=DIRECTION('',(0.,0.,1.));
#13024=DIRECTION('',(1.,0.,0.));
#13025=DIRECTION('',(0.,-1.,0.));
#13026=DIRECTION('',(1.,0.,0.));
#13027=DIRECTION('',(0.,-1.,0.));
#13028=DIRECTION('',(1.,0.,0.));
#13029=DIRECTION('',(0.,-1.,0.));
#13030=DIRECTION('',(1.,0.,0.));
#13031=DIRECTION('',(0.,-1.,0.));
#13032=DIRECTION('',(1.,0.,0.));
#13033=DIRECTION('',(0.,-1.,0.));
#13034=DIRECTION('',(1.,0.,0.));
#13035=DIRECTION('',(0.,-1.,0.));
#13036=DIRECTION('',(1.,0.,0.));
#13037=DIRECTION('',(0.,-1.,0.));
#13038=DIRECTION('',(1.,0.,0.));
#13039=DIRECTION('',(0.,-1.,0.));
#13040=DIRECTION('',(1.,0.,0.));
#13041=DIRECTION('',(0.,-1.,0.));
#13042=DIRECTION('',(1.,0.,0.));
#13043=DIRECTION('',(0.,-1.,0.));
#13044=DIRECTION('',(1.,0.,0.));
#13045=DIRECTION('',(0.,-1.,0.));
#13046=DIRECTION('',(1.,0.,0.));
#13047=DIRECTION('',(0.,-1.,0.));
#13048=DIRECTION('',(1.,0.,0.));
#13049=DIRECTION('',(0.,-1.,0.));
#13050=DIRECTION('',(1.,0.,0.));
#13051=DIRECTION('',(0.,-1.,0.));
#13052=DIRECTION('',(1.,0.,0.));
#13053=DIRECTION('',(0.,-1.,0.));
#13054=DIRECTION('',(1.,0.,0.));
#13055=DIRECTION('',(0.,-1.,0.));
#13056=DIRECTION('',(1.,0.,0.));
#13057=DIRECTION('',(0.,-1.,0.));
#13058=DIRECTION('',(1.,0.,0.));
#13059=DIRECTION('',(0.,-1.,0.));
#13060=DIRECTION('',(1.,0.,0.));
#13061=DIRECTION('',(0.,-1.,0.));
#13062=DIRECTION('',(1.,0.,0.));
#13063=DIRECTION('',(0.,-1.,0.));
#13064=DIRECTION('',(1.,0.,0.));
#13065=DIRECTION('',(0.,1.,0.));
#13066=DIRECTION('',(-1.,0.,0.));
#13067=DIRECTION('',(0.,1.,0.));
#13068=DIRECTION('',(-1.,0.,0.));
#13069=DIRECTION('',(0.,1.,0.));
#13070=DIRECTION('',(-1.,0.,0.));
#13071=DIRECTION('',(0.,1.,0.));
#13072=DIRECTION('',(-1.,0.,0.));
#13073=DIRECTION('',(0.,1.,0.));
#13074=DIRECTION('',(-1.,0.,0.));
#13075=DIRECTION('',(0.,1.,0.));
#13076=DIRECTION('',(-1.,0.,0.));
#13077=DIRECTION('',(0.,1.,0.));
#13078=DIRECTION('',(-1.,0.,0.));
#13079=DIRECTION('',(4.08215599715785E-17,0.,-1.));
#13080=DIRECTION('',(-1.,0.,0.));
#13081=DIRECTION('',(-9.25185853854297E-17,0.,1.));
#13082=DIRECTION('',(1.,0.,0.));
#13083=DIRECTION('',(0.,1.,0.));
#13084=DIRECTION('',(1.,0.,0.));
#13085=DIRECTION('',(0.,-1.,0.));
#13086=DIRECTION('',(0.,0.,-1.));
#13087=DIRECTION('',(0.,-1.,0.));
#13088=DIRECTION('',(1.,0.,0.));
#13089=DIRECTION('',(0.,-1.,0.));
#13090=DIRECTION('',(1.,0.,0.));
#13091=DIRECTION('',(0.,-1.,0.));
#13092=DIRECTION('',(1.,0.,0.));
#13093=DIRECTION('',(0.,-1.,0.));
#13094=DIRECTION('',(1.,0.,0.));
#13095=DIRECTION('',(0.,-1.,0.));
#13096=DIRECTION('',(1.,0.,0.));
#13097=DIRECTION('',(0.,-1.,0.));
#13098=DIRECTION('',(1.,0.,0.));
#13099=DIRECTION('',(0.,-1.,0.));
#13100=DIRECTION('',(1.,0.,0.));
#13101=DIRECTION('',(0.,-1.,0.));
#13102=DIRECTION('',(1.,0.,0.));
#13103=DIRECTION('',(0.,-1.,0.));
#13104=DIRECTION('',(1.,0.,0.));
#13105=DIRECTION('',(0.,-1.,0.));
#13106=DIRECTION('',(1.,0.,0.));
#13107=DIRECTION('',(0.,-1.,0.));
#13108=DIRECTION('',(1.,0.,0.));
#13109=DIRECTION('',(0.,-1.,0.));
#13110=DIRECTION('',(1.,0.,0.));
#13111=DIRECTION('',(0.,-1.,0.));
#13112=DIRECTION('',(1.,0.,0.));
#13113=DIRECTION('',(0.,-1.,0.));
#13114=DIRECTION('',(1.,0.,0.));
#13115=DIRECTION('',(0.,-1.,0.));
#13116=DIRECTION('',(1.,0.,0.));
#13117=DIRECTION('',(0.,-1.,0.));
#13118=DIRECTION('',(1.,0.,0.));
#13119=DIRECTION('',(0.,-1.,0.));
#13120=DIRECTION('',(1.,0.,0.));
#13121=DIRECTION('',(0.,-1.,0.));
#13122=DIRECTION('',(1.,0.,0.));
#13123=DIRECTION('',(0.,1.,0.));
#13124=DIRECTION('',(-1.,0.,0.));
#13125=DIRECTION('',(0.,1.,0.));
#13126=DIRECTION('',(-1.,0.,0.));
#13127=DIRECTION('',(0.,1.,0.));
#13128=DIRECTION('',(-1.,0.,0.));
#13129=DIRECTION('',(0.,1.,0.));
#13130=DIRECTION('',(-1.,0.,0.));
#13131=DIRECTION('',(0.,1.,0.));
#13132=DIRECTION('',(-1.,0.,0.));
#13133=DIRECTION('',(0.,1.,0.));
#13134=DIRECTION('',(-1.,0.,0.));
#13135=DIRECTION('',(0.,1.,0.));
#13136=DIRECTION('',(-1.,0.,0.));
#13137=DIRECTION('',(4.08215599715785E-17,0.,-1.));
#13138=DIRECTION('',(1.,0.,0.));
#13139=DIRECTION('',(-9.25185853854297E-17,0.,1.));
#13140=DIRECTION('',(-1.,0.,0.));
#13141=DIRECTION('',(0.,1.,0.));
#13142=DIRECTION('',(0.999999999999999,0.,0.));
#13143=DIRECTION('',(0.920011274424879,0.,0.391891891892536));
#13144=DIRECTION('',(0.,-1.,0.));
#13145=DIRECTION('',(1.,0.,0.));
#13146=DIRECTION('',(0.920011274425297,0.,-0.391891891891553));
#13147=DIRECTION('',(0.,1.,0.));
#13148=DIRECTION('',(0.999999999999999,0.,0.));
#13149=DIRECTION('',(-0.920011274424971,0.,-0.391891891892318));
#13150=DIRECTION('',(0.,-1.,0.));
#13151=DIRECTION('',(1.,0.,0.));
#13152=DIRECTION('',(-0.919984103588526,0.,0.391955672422809));
#13153=DIRECTION('',(0.,-1.,0.));
#13154=DIRECTION('',(0.,0.,-1.));
#13155=DIRECTION('',(0.,1.,0.));
#13156=DIRECTION('',(0.,1.,0.));
#13157=DIRECTION('',(1.,0.,4.08215599715785E-17));
#13158=DIRECTION('',(4.08215599715785E-17,0.,-1.));
#13159=DIRECTION('',(0.,1.,0.));
#13160=DIRECTION('',(0.,0.,1.));
#13161=DIRECTION('',(1.,0.,0.));
#13162=DIRECTION('',(0.,1.,0.));
#13163=DIRECTION('',(-1.,0.,-9.25185853854297E-17));
#13164=DIRECTION('',(-9.71445146547012E-17,0.,1.));
#13165=DIRECTION('',(0.,0.,-1.));
#13166=DIRECTION('',(-1.,0.,0.));
#13167=DIRECTION('',(0.,-1.,0.));
#13168=DIRECTION('',(0.,0.,-1.));
#13169=DIRECTION('',(0.,-1.,0.));
#13170=DIRECTION('',(0.,0.,-1.));
#13171=DIRECTION('',(0.,-1.,0.));
#13172=DIRECTION('',(0.,0.,-1.));
#13173=DIRECTION('',(0.,-1.,0.));
#13174=DIRECTION('',(0.,0.,-1.));
#13175=DIRECTION('',(0.,-1.,0.));
#13176=DIRECTION('',(0.,0.,-1.));
#13177=DIRECTION('',(0.,-1.,0.));
#13178=DIRECTION('',(0.,0.,-1.));
#13179=DIRECTION('',(0.,-1.,0.));
#13180=DIRECTION('',(0.,0.,-1.));
#13181=DIRECTION('',(0.,1.,0.));
#13182=DIRECTION('',(0.,0.,1.));
#13183=DIRECTION('',(0.,1.,0.));
#13184=DIRECTION('',(0.,1.,0.));
#13185=DIRECTION('',(0.,1.,0.));
#13186=DIRECTION('',(0.,0.,1.));
#13187=DIRECTION('',(0.,1.,0.));
#13188=DIRECTION('',(0.,1.,0.));
#13189=DIRECTION('',(0.,1.,0.));
#13190=DIRECTION('',(0.,0.,1.));
#13191=DIRECTION('',(0.,-1.,0.));
#13192=DIRECTION('',(0.,0.,1.));
#13193=DIRECTION('',(-0.920011274424879,0.,-0.391891891892536));
#13194=DIRECTION('',(0.,-1.,0.));
#13195=DIRECTION('',(0.999999999999999,0.,0.));
#13196=DIRECTION('',(0.919984103588526,0.,-0.391955672422809));
#13197=DIRECTION('',(0.,1.,0.));
#13198=DIRECTION('',(0.,0.,1.));
#13199=DIRECTION('',(0.,-1.,0.));
#13200=DIRECTION('',(0.,-1.,0.));
#13201=DIRECTION('',(0.,1.,0.));
#13202=DIRECTION('',(0.,0.,1.));
#13203=DIRECTION('',(-0.391891891892536,0.,0.920011274424879));
#13204=DIRECTION('',(0.920011274424879,0.,0.391891891892536));
#13205=DIRECTION('',(-0.391955672422809,0.,-0.919984103588526));
#13206=DIRECTION('',(-0.919984103588526,0.,0.391955672422809));
#13207=DIRECTION('',(0.,1.,0.));
#13208=DIRECTION('',(0.,0.,1.));
#13209=DIRECTION('',(0.920011274424971,0.,0.391891891892318));
#13210=DIRECTION('',(0.,-1.,0.));
#13211=DIRECTION('',(0.999999999999999,0.,0.));
#13212=DIRECTION('',(-0.920011274425297,0.,0.391891891891553));
#13213=DIRECTION('',(0.,1.,0.));
#13214=DIRECTION('',(0.,0.,1.));
#13215=DIRECTION('',(0.,-1.,0.));
#13216=DIRECTION('',(0.,-1.,0.));
#13217=DIRECTION('',(0.,1.,0.));
#13218=DIRECTION('',(0.,0.,1.));
#13219=DIRECTION('',(0.391891891892318,0.,-0.920011274424971));
#13220=DIRECTION('',(-0.920011274424971,0.,-0.391891891892318));
#13221=DIRECTION('',(0.391891891891553,0.,0.920011274425297));
#13222=DIRECTION('',(0.920011274425297,0.,-0.391891891891553));
#13223=DIRECTION('',(0.,1.,0.));
#13224=DIRECTION('',(0.,0.,1.));
#13225=DIRECTION('',(0.,1.,0.));
#13226=DIRECTION('',(0.,0.,1.));
#13227=DIRECTION('',(0.,1.,0.));
#13228=DIRECTION('',(0.,0.,0.999999999999999));
#13229=DIRECTION('',(0.,1.,0.));
#13230=DIRECTION('',(0.,0.,1.));
#13231=DIRECTION('',(0.,1.,0.));
#13232=DIRECTION('',(0.,0.,1.));
#13233=DIRECTION('',(0.,1.,0.));
#13234=DIRECTION('',(0.,0.,1.));
#13235=DIRECTION('',(0.,1.,0.));
#13236=DIRECTION('',(0.,0.,1.));
#13237=DIRECTION('',(0.,1.,0.));
#13238=DIRECTION('',(0.,0.,1.));
#13239=DIRECTION('',(0.,1.,0.));
#13240=DIRECTION('',(0.,0.,1.));
#13241=DIRECTION('',(0.,1.,0.));
#13242=DIRECTION('',(0.,0.,1.));
#13243=DIRECTION('',(0.,1.,0.));
#13244=DIRECTION('',(0.,0.,1.));
#13245=DIRECTION('',(0.,1.,0.));
#13246=DIRECTION('',(0.,0.,1.));
#13247=DIRECTION('',(0.,-1.,0.));
#13248=DIRECTION('',(0.,0.,-1.));
#13249=DIRECTION('',(0.,-1.,0.));
#13250=DIRECTION('',(0.,0.,-1.));
#13251=DIRECTION('',(0.,-1.,0.));
#13252=DIRECTION('',(0.,0.,-1.));
#13253=DIRECTION('',(0.,-1.,0.));
#13254=DIRECTION('',(0.,0.,-1.));
#13255=DIRECTION('',(0.,-1.,0.));
#13256=DIRECTION('',(0.,0.,-1.));
#13257=DIRECTION('',(0.,-1.,0.));
#13258=DIRECTION('',(0.,0.,-1.));
#13259=DIRECTION('',(0.,-1.,0.));
#13260=DIRECTION('',(0.,0.,-1.));
#13261=DIRECTION('',(0.,-1.,0.));
#13262=DIRECTION('',(0.,0.,-1.));
#13263=DIRECTION('',(0.,1.,0.));
#13264=DIRECTION('',(-1.,0.,-2.89120579329468E-16));
#13265=DIRECTION('',(0.,1.,0.));
#13266=DIRECTION('',(-1.,0.,0.));
#13267=DIRECTION('',(0.,1.,0.));
#13268=DIRECTION('',(-1.,0.,-2.89120579329468E-16));
#13269=DIRECTION('',(0.,1.,0.));
#13270=DIRECTION('',(-1.,0.,0.));
#13271=DIRECTION('',(0.,-1.,0.));
#13272=DIRECTION('',(1.,0.,0.));
#13273=DIRECTION('',(0.,-1.,0.));
#13274=DIRECTION('',(1.,0.,0.));
#13275=DIRECTION('',(0.,-1.,0.));
#13276=DIRECTION('',(1.,0.,0.));
#13277=DIRECTION('',(0.,-1.,0.));
#13278=DIRECTION('',(1.,0.,0.));
#13279=DIRECTION('',(0.,-1.,0.));
#13280=DIRECTION('',(1.,0.,0.));
#13281=DIRECTION('',(0.,-1.,0.));
#13282=DIRECTION('',(1.,0.,0.));
#13283=DIRECTION('',(0.,-1.,0.));
#13284=DIRECTION('',(1.,0.,0.));
#13285=DIRECTION('',(0.,-1.,0.));
#13286=DIRECTION('',(1.,0.,0.));
#13287=DIRECTION('',(0.,1.,0.));
#13288=DIRECTION('',(1.,0.,0.));
#13289=DIRECTION('',(0.,-1.,0.));
#13290=DIRECTION('',(1.,0.,0.));
#13291=DIRECTION('',(0.,1.,0.));
#13292=DIRECTION('',(1.,0.,0.));
#13293=DIRECTION('',(0.,1.,0.));
#13294=DIRECTION('',(-1.,0.,0.));
#13295=DIRECTION('',(0.,1.,0.));
#13296=DIRECTION('',(-1.,0.,0.));
#13297=DIRECTION('',(4.08215599715785E-17,0.,-1.));
#13298=DIRECTION('',(1.,0.,0.));
#13299=DIRECTION('',(-9.25185853854297E-17,0.,1.));
#13300=DIRECTION('',(-1.,0.,0.));
#13301=DIRECTION('',(0.,-1.,0.));
#13302=DIRECTION('',(1.,0.,0.));
#13303=DIRECTION('',(0.,-1.,0.));
#13304=DIRECTION('',(1.,0.,0.));
#13305=DIRECTION('',(0.,1.,0.));
#13306=DIRECTION('',(1.,0.,0.));
#13307=DIRECTION('',(0.,-1.,0.));
#13308=DIRECTION('',(0.,0.,-1.));
#13309=DIRECTION('',(0.,1.,0.));
#13310=DIRECTION('',(-1.,0.,-2.89120579329468E-16));
#13311=DIRECTION('',(0.,1.,0.));
#13312=DIRECTION('',(-1.,0.,0.));
#13313=DIRECTION('',(0.,1.,0.));
#13314=DIRECTION('',(-1.,0.,-2.89120579329468E-16));
#13315=DIRECTION('',(0.,1.,0.));
#13316=DIRECTION('',(-1.,0.,0.));
#13317=DIRECTION('',(0.,-1.,0.));
#13318=DIRECTION('',(1.,0.,0.));
#13319=DIRECTION('',(0.,-1.,0.));
#13320=DIRECTION('',(1.,0.,0.));
#13321=DIRECTION('',(0.,-1.,0.));
#13322=DIRECTION('',(1.,0.,0.));
#13323=DIRECTION('',(0.,-1.,0.));
#13324=DIRECTION('',(1.,0.,0.));
#13325=DIRECTION('',(0.,-1.,0.));
#13326=DIRECTION('',(1.,0.,0.));
#13327=DIRECTION('',(0.,-1.,0.));
#13328=DIRECTION('',(1.,0.,0.));
#13329=DIRECTION('',(0.,-1.,0.));
#13330=DIRECTION('',(1.,0.,0.));
#13331=DIRECTION('',(0.,-1.,0.));
#13332=DIRECTION('',(1.,0.,0.));
#13333=DIRECTION('',(0.,1.,0.));
#13334=DIRECTION('',(-1.,0.,0.));
#13335=DIRECTION('',(0.,1.,0.));
#13336=DIRECTION('',(-1.,0.,0.));
#13337=DIRECTION('',(4.08215599715785E-17,0.,-1.));
#13338=DIRECTION('',(-1.,0.,0.));
#13339=DIRECTION('',(-9.25185853854297E-17,0.,1.));
#13340=DIRECTION('',(1.,0.,0.));
#13341=DIRECTION('',(0.,-1.,0.));
#13342=DIRECTION('',(1.,0.,0.));
#13343=DIRECTION('',(-0.920011274425297,0.,0.391891891891552));
#13344=DIRECTION('',(0.,1.,0.));
#13345=DIRECTION('',(1.,0.,0.));
#13346=DIRECTION('',(-0.920011274425153,0.,-0.391891891891892));
#13347=DIRECTION('',(0.,-1.,0.));
#13348=DIRECTION('',(1.,0.,0.));
#13349=DIRECTION('',(0.919984103588526,0.,-0.391955672422809));
#13350=DIRECTION('',(0.,1.,0.));
#13351=DIRECTION('',(1.,0.,0.));
#13352=DIRECTION('',(0.920011274425263,0.,0.391891891891634));
#13353=DIRECTION('',(-0.919984103588526,0.,0.391955672422809));
#13354=DIRECTION('',(0.,-1.,0.));
#13355=DIRECTION('',(1.,0.,0.));
#13356=DIRECTION('',(-0.920011274424971,0.,-0.391891891892317));
#13357=DIRECTION('',(0.,1.,0.));
#13358=DIRECTION('',(1.,0.,0.));
#13359=DIRECTION('',(0.920011274425297,0.,-0.391891891891553));
#13360=DIRECTION('',(0.,-1.,0.));
#13361=DIRECTION('',(1.,0.,0.));
#13362=DIRECTION('',(0.920011274424879,0.,0.391891891892536));
#13363=DIRECTION('',(0.,1.,0.));
#13364=DIRECTION('',(0.999999999999999,0.,0.));
#13365=DIRECTION('',(0.,-1.,0.));
#13366=DIRECTION('',(0.,0.,-1.));
#13367=DIRECTION('',(0.,1.,0.));
#13368=DIRECTION('',(0.,0.,1.));
#13369=DIRECTION('',(0.,1.,0.));
#13370=DIRECTION('',(0.,1.,0.));
#13371=DIRECTION('',(0.,1.,0.));
#13372=DIRECTION('',(0.,0.,1.));
#13373=DIRECTION('',(0.,1.,0.));
#13374=DIRECTION('',(0.,1.,0.));
#13375=DIRECTION('',(0.,1.,0.));
#13376=DIRECTION('',(0.,0.,1.));
#13377=DIRECTION('',(0.,1.,0.));
#13378=DIRECTION('',(0.,1.,0.));
#13379=DIRECTION('',(1.,0.,4.08215599715785E-17));
#13380=DIRECTION('',(4.08215599715785E-17,0.,-1.));
#13381=DIRECTION('',(0.,1.,0.));
#13382=DIRECTION('',(0.,0.,1.));
#13383=DIRECTION('',(1.,0.,0.));
#13384=DIRECTION('',(0.,1.,0.));
#13385=DIRECTION('',(-1.,0.,-9.25185853854297E-17));
#13386=DIRECTION('',(-9.71445146547012E-17,0.,1.));
#13387=DIRECTION('',(0.,0.,-1.));
#13388=DIRECTION('',(-1.,0.,0.));
#13389=DIRECTION('',(0.,-1.,0.));
#13390=DIRECTION('',(0.,0.,-1.));
#13391=DIRECTION('',(0.,-1.,0.));
#13392=DIRECTION('',(0.,0.,-1.));
#13393=DIRECTION('',(0.,-1.,0.));
#13394=DIRECTION('',(0.,0.,-1.));
#13395=DIRECTION('',(0.,1.,0.));
#13396=DIRECTION('',(0.,1.,0.));
#13397=DIRECTION('',(0.,-1.,0.));
#13398=DIRECTION('',(0.,0.,-1.));
#13399=DIRECTION('',(0.,1.,0.));
#13400=DIRECTION('',(0.,1.,0.));
#13401=DIRECTION('',(0.,1.,0.));
#13402=DIRECTION('',(0.,0.,1.));
#13403=DIRECTION('',(0.,-1.,0.));
#13404=DIRECTION('',(0.,0.,-1.));
#13405=DIRECTION('',(0.920011274425297,0.,-0.391891891891552));
#13406=DIRECTION('',(0.,1.,0.));
#13407=DIRECTION('',(1.,0.,0.));
#13408=DIRECTION('',(-0.920011274425263,0.,-0.391891891891634));
#13409=DIRECTION('',(0.,-1.,0.));
#13410=DIRECTION('',(0.,0.,-1.));
#13411=DIRECTION('',(0.,-1.,0.));
#13412=DIRECTION('',(0.,-1.,0.));
#13413=DIRECTION('',(0.,1.,0.));
#13414=DIRECTION('',(0.,0.,1.));
#13415=DIRECTION('',(-0.391891891891634,0.,0.920011274425263));
#13416=DIRECTION('',(0.920011274425263,0.,0.391891891891634));
#13417=DIRECTION('',(-0.391891891891553,0.,-0.920011274425297));
#13418=DIRECTION('',(-0.920011274425297,0.,0.391891891891553));
#13419=DIRECTION('',(0.,1.,0.));
#13420=DIRECTION('',(0.,0.,-1.));
#13421=DIRECTION('',(-0.919984103588526,0.,0.391955672422809));
#13422=DIRECTION('',(0.,1.,0.));
#13423=DIRECTION('',(1.,0.,0.));
#13424=DIRECTION('',(0.920011274425153,0.,0.391891891891892));
#13425=DIRECTION('',(0.,-1.,0.));
#13426=DIRECTION('',(0.,0.,-1.));
#13427=DIRECTION('',(0.,-1.,0.));
#13428=DIRECTION('',(0.391891891891892,0.,-0.920011274425153));
#13429=DIRECTION('',(-0.920011274425153,0.,-0.391891891891892));
#13430=DIRECTION('',(0.,-1.,0.));
#13431=DIRECTION('',(0.,1.,0.));
#13432=DIRECTION('',(0.,0.,1.));
#13433=DIRECTION('',(0.391955672422809,0.,0.919984103588526));
#13434=DIRECTION('',(0.919984103588526,0.,-0.391955672422809));
#13435=DIRECTION('',(0.,1.,0.));
#13436=DIRECTION('',(0.,0.,1.));
#13437=DIRECTION('',(0.,1.,0.));
#13438=DIRECTION('',(0.,0.,1.));
#13439=DIRECTION('',(0.,-1.,0.));
#13440=DIRECTION('',(0.,0.,1.));
#13441=DIRECTION('',(0.919984103588526,0.,-0.391955672422809));
#13442=DIRECTION('',(0.,-1.,0.));
#13443=DIRECTION('',(0.999999999999999,0.,0.));
#13444=DIRECTION('',(-0.920011274424879,0.,-0.391891891892536));
#13445=DIRECTION('',(0.,1.,0.));
#13446=DIRECTION('',(0.,0.,1.));
#13447=DIRECTION('',(0.,-1.,0.));
#13448=DIRECTION('',(0.,-1.,0.));
#13449=DIRECTION('',(0.,1.,0.));
#13450=DIRECTION('',(0.,0.,1.));
#13451=DIRECTION('',(-0.391891891892536,0.,0.920011274424879));
#13452=DIRECTION('',(0.920011274424879,0.,0.391891891892536));
#13453=DIRECTION('',(-0.391955672422809,0.,-0.919984103588526));
#13454=DIRECTION('',(-0.919984103588526,0.,0.391955672422809));
#13455=DIRECTION('',(0.,1.,0.));
#13456=DIRECTION('',(0.,0.,1.));
#13457=DIRECTION('',(-0.920011274425297,0.,0.391891891891553));
#13458=DIRECTION('',(0.,-1.,0.));
#13459=DIRECTION('',(1.,0.,0.));
#13460=DIRECTION('',(0.920011274424971,0.,0.391891891892317));
#13461=DIRECTION('',(0.,1.,0.));
#13462=DIRECTION('',(0.,0.,1.));
#13463=DIRECTION('',(0.,-1.,0.));
#13464=DIRECTION('',(0.391891891892317,0.,-0.920011274424972));
#13465=DIRECTION('',(-0.920011274424972,0.,-0.391891891892317));
#13466=DIRECTION('',(0.,-1.,0.));
#13467=DIRECTION('',(0.391891891891553,0.,0.920011274425297));
#13468=DIRECTION('',(0.920011274425297,0.,-0.391891891891553));
#13469=DIRECTION('',(0.,1.,0.));
#13470=DIRECTION('',(0.,0.,1.));
#13471=DIRECTION('',(0.,1.,0.));
#13472=DIRECTION('',(0.,0.,1.));
#13473=DIRECTION('',(0.,1.,0.));
#13474=DIRECTION('',(0.,0.,1.));
#13475=DIRECTION('',(0.,1.,0.));
#13476=DIRECTION('',(0.,0.,0.999999999999999));
#13477=DIRECTION('',(0.,1.,0.));
#13478=DIRECTION('',(1.,0.,0.));
#13479=DIRECTION('',(0.,1.,0.));
#13480=DIRECTION('',(0.,0.,1.));
#13481=DIRECTION('',(0.,1.,0.));
#13482=DIRECTION('',(0.,0.,-1.));
#13483=DIRECTION('',(0.,-1.,0.));
#13484=DIRECTION('',(0.,0.,-1.));
#13485=DIRECTION('',(0.,1.,0.));
#13486=DIRECTION('',(0.,0.,1.));
#13487=DIRECTION('',(0.,1.,0.));
#13488=DIRECTION('',(0.,0.,1.));
#13489=DIRECTION('',(0.,1.,0.));
#13490=DIRECTION('',(0.,0.,1.));
#13491=DIRECTION('',(0.,1.,0.));
#13492=DIRECTION('',(0.,0.,1.));
#13493=DIRECTION('',(0.,1.,0.));
#13494=DIRECTION('',(0.,0.,1.));
#13495=DIRECTION('',(0.,1.,0.));
#13496=DIRECTION('',(0.,0.,1.));
#13497=DIRECTION('',(0.,1.,0.));
#13498=DIRECTION('',(0.,0.,1.));
#13499=DIRECTION('',(0.,1.,0.));
#13500=DIRECTION('',(0.,0.,1.));
#13501=DIRECTION('',(0.,1.,0.));
#13502=DIRECTION('',(0.,0.,1.));
#13503=DIRECTION('',(0.,1.,0.));
#13504=DIRECTION('',(0.,0.,1.));
#13505=DIRECTION('',(0.,1.,0.));
#13506=DIRECTION('',(0.,0.,1.));
#13507=DIRECTION('',(0.,-1.,0.));
#13508=DIRECTION('',(0.,0.,1.));
#13509=DIRECTION('',(0.,-1.,0.));
#13510=DIRECTION('',(0.,0.,1.));
#13511=DIRECTION('',(-1.,0.,0.));
#13512=DIRECTION('',(0.,0.,1.));
#13513=DIRECTION('',(1.,0.,0.));
#13514=DIRECTION('',(1.,0.,0.));
#13515=DIRECTION('',(0.,0.,1.));
#13516=DIRECTION('',(0.,-1.,0.));
#13517=DIRECTION('',(0.,0.,-1.));
#13518=DIRECTION('',(0.,1.,0.));
#13519=DIRECTION('',(0.,1.,0.));
#13520=DIRECTION('',(0.,0.,1.));
#13521=DIRECTION('',(1.,0.,0.));
#13522=DIRECTION('',(0.,0.,-1.));
#13523=DIRECTION('',(-1.,0.,0.));
#13524=DIRECTION('',(-1.,0.,0.));
#13525=DIRECTION('',(0.,1.,0.));
#13526=DIRECTION('',(0.,0.,1.));
#13527=DIRECTION('',(0.,0.,1.));
#13528=DIRECTION('',(1.,0.,0.));
#13529=DIRECTION('',(0.,0.,1.));
#13530=DIRECTION('',(1.,0.,0.));
#13531=DIRECTION('',(0.,0.,1.));
#13532=DIRECTION('',(1.,0.,0.));
#13533=DIRECTION('',(0.916515138991168,-0.4,0.));
#13534=DIRECTION('',(0.,0.,1.));
#13535=DIRECTION('',(-1.,0.,0.));
#13536=DIRECTION('',(-0.916515138991168,-0.4,0.));
#13537=DIRECTION('',(0.,0.,-1.));
#13538=DIRECTION('',(1.,1.22464679914735E-16,0.));
#13539=DIRECTION('',(0.,0.,-1.));
#13540=DIRECTION('',(-1.,0.,0.));
#13541=DIRECTION('',(0.916515138991168,0.4,0.));
#13542=DIRECTION('',(0.,0.,1.));
#13543=DIRECTION('',(0.916515138991168,0.4,0.));
#13544=DIRECTION('',(0.,0.,1.));
#13545=DIRECTION('',(0.4,-0.916515138991168,0.));
#13546=DIRECTION('',(0.916515138991168,0.4,0.));
#13547=DIRECTION('',(0.,0.,1.));
#13548=DIRECTION('',(0.916515138991168,-0.4,0.));
#13549=DIRECTION('',(0.,0.,1.));
#13550=DIRECTION('',(-0.4,-0.916515138991168,0.));
#13551=DIRECTION('',(0.916515138991168,-0.4,0.));
#13552=DIRECTION('',(0.,0.,1.));
#13553=DIRECTION('',(0.,0.,-1.));
#13554=DIRECTION('',(1.,1.22464679914735E-16,0.));
#13555=DIRECTION('',(0.,0.,1.));
#13556=DIRECTION('',(1.,0.,0.));
#13557=DIRECTION('',(0.,0.,1.));
#13558=DIRECTION('',(-0.916515138991168,-0.4,0.));
#13559=DIRECTION('',(-0.4,0.916515138991168,0.));
#13560=DIRECTION('',(-0.916515138991168,-0.4,0.));
#13561=DIRECTION('',(0.,0.,-1.));
#13562=DIRECTION('',(1.,1.22464679914735E-16,0.));
#13563=DIRECTION('',(0.,0.,1.));
#13564=DIRECTION('',(-1.,0.,0.));
#13565=DIRECTION('',(0.,0.,1.));
#13566=DIRECTION('',(0.,0.,-1.));
#13567=DIRECTION('',(1.,1.22464679914735E-16,0.));
#13568=DIRECTION('',(0.,0.,1.));
#13569=DIRECTION('',(1.,0.,0.));
#13570=DIRECTION('',(0.,0.,1.));
#13571=DIRECTION('',(1.,0.,0.));
#13572=DIRECTION('',(-0.916515138991168,0.4,0.));
#13573=DIRECTION('',(0.,0.,1.));
#13574=DIRECTION('',(-0.916515138991168,0.4,0.));
#13575=DIRECTION('',(0.4,0.916515138991168,0.));
#13576=DIRECTION('',(-0.916515138991168,0.4,0.));
#13577=DIRECTION('',(0.,0.,1.));
#13578=DIRECTION('',(1.,0.,0.));
#13579=DIRECTION('',(0.,0.,1.));
#13580=DIRECTION('',(1.,0.,0.));
#13581=DIRECTION('',(0.,0.,-1.));
#13582=DIRECTION('',(1.,1.22464679914735E-16,0.));
#13583=DIRECTION('',(0.,0.,-1.));
#13584=DIRECTION('',(1.,1.22464679914735E-16,0.));
#13585=DIRECTION('',(0.,0.,1.));
#13586=DIRECTION('',(1.,0.,0.));
#13587=DIRECTION('',(0.,0.,1.));
#13588=DIRECTION('',(1.,0.,0.));
#13589=DIRECTION('',(0.,0.,1.));
#13590=DIRECTION('',(1.,0.,0.));
#13591=DIRECTION('',(0.,0.,1.));
#13592=DIRECTION('',(1.,0.,0.));
#13593=DIRECTION('',(0.,0.,-1.));
#13594=DIRECTION('',(1.,1.22464679914735E-16,0.));
#13595=DIRECTION('',(0.,0.,-1.));
#13596=DIRECTION('',(-1.,0.,0.));
#13597=DIRECTION('',(0.,0.,-1.));
#13598=DIRECTION('',(-1.,0.,0.));
#13599=DIRECTION('',(0.,0.,-1.));
#13600=DIRECTION('',(1.,1.22464679914735E-16,0.));
#13601=DIRECTION('',(0.,0.,1.));
#13602=DIRECTION('',(1.,0.,0.));
#13603=DIRECTION('',(0.,0.,-1.));
#13604=DIRECTION('',(1.,1.22464679914735E-16,0.));
#13605=DIRECTION('',(0.,0.,-1.));
#13606=DIRECTION('',(-1.,0.,0.));
#13607=DIRECTION('',(0.,0.,-1.));
#13608=DIRECTION('',(1.,1.22464679914735E-16,0.));
#13609=DIRECTION('',(0.,0.,-1.));
#13610=DIRECTION('',(-1.,0.,0.));
#13611=DIRECTION('',(0.,0.,-1.));
#13612=DIRECTION('',(-1.,0.,0.));
#13613=DIRECTION('',(0.,0.,-1.));
#13614=DIRECTION('',(1.,1.22464679914735E-16,0.));
#13615=DIRECTION('',(0.,0.,-1.));
#13616=DIRECTION('',(1.,1.22464679914735E-16,0.));
#13617=DIRECTION('',(0.,0.,1.));
#13618=DIRECTION('',(1.,0.,0.));
#13619=DIRECTION('',(0.,0.,-1.));
#13620=DIRECTION('',(-1.,0.,0.));
#13621=DIRECTION('',(0.,0.,-1.));
#13622=DIRECTION('',(-1.,0.,0.));
#13623=DIRECTION('',(0.,-1.,0.));
#13624=DIRECTION('',(0.,0.,-1.));
#13625=DIRECTION('',(0.,-1.,0.));
#13626=DIRECTION('',(0.,0.,-1.));
#13627=DIRECTION('',(1.,0.,0.));
#13628=DIRECTION('',(0.,0.,-1.));
#13629=DIRECTION('',(0.,0.,1.));
#13630=DIRECTION('',(1.,0.,0.));
#13631=DIRECTION('',(0.,0.,-1.));
#13632=DIRECTION('',(0.,0.,1.));
#13633=DIRECTION('',(1.,0.,0.));
#13634=DIRECTION('',(0.,0.,-1.));
#13635=DIRECTION('',(-1.,0.,0.));
#13636=DIRECTION('',(0.,1.,0.));
#13637=DIRECTION('',(0.,0.,-1.));
#13638=DIRECTION('',(0.,1.,0.));
#13639=DIRECTION('',(-1.,0.,0.));
#13640=DIRECTION('',(0.,0.,1.));
#13641=DIRECTION('',(0.,-1.,0.));
#13642=DIRECTION('',(0.,0.,-1.));
#13643=DIRECTION('',(0.,-1.,0.));
#13644=DIRECTION('',(0.,0.,-1.));
#13645=DIRECTION('',(1.,0.,0.));
#13646=DIRECTION('',(0.,0.,-1.));
#13647=DIRECTION('',(0.,0.,1.));
#13648=DIRECTION('',(1.,0.,0.));
#13649=DIRECTION('',(0.,0.,-1.));
#13650=DIRECTION('',(0.,0.,1.));
#13651=DIRECTION('',(1.,0.,0.));
#13652=DIRECTION('',(0.,0.,-1.));
#13653=DIRECTION('',(-1.,0.,0.));
#13654=DIRECTION('',(0.,1.,0.));
#13655=DIRECTION('',(0.,0.,-1.));
#13656=DIRECTION('',(0.,1.,0.));
#13657=DIRECTION('',(-1.,0.,0.));
#13658=DIRECTION('',(0.,0.,1.));
#13659=DIRECTION('',(0.,0.,1.));
#13660=DIRECTION('',(1.,0.,0.));
#13661=DIRECTION('',(0.,0.,1.));
#13662=DIRECTION('',(1.,0.,0.));
#13663=DIRECTION('',(0.,0.,-1.));
#13664=DIRECTION('',(-1.,0.,0.));
#13665=DIRECTION('',(0.,0.,1.));
#13666=DIRECTION('',(1.,0.,0.));
#13667=DIRECTION('',(0.,0.,1.));
#13668=DIRECTION('',(1.,0.,0.));
#13669=DIRECTION('',(0.,0.,-1.));
#13670=DIRECTION('',(-1.,0.,0.));
#13671=DIRECTION('',(0.,0.,1.));
#13672=DIRECTION('',(1.,0.,0.));
#13673=DIRECTION('',(0.,0.,1.));
#13674=DIRECTION('',(1.,0.,0.));
#13675=DIRECTION('',(0.,0.,1.));
#13676=DIRECTION('',(1.,0.,0.));
#13677=DIRECTION('',(0.,0.,-1.));
#13678=DIRECTION('',(-1.,0.,0.));
#13679=DIRECTION('',(0.,0.,-1.));
#13680=DIRECTION('',(-1.,0.,0.));
#13681=DIRECTION('',(0.,0.,1.));
#13682=DIRECTION('',(1.,0.,0.));
#13683=DIRECTION('',(0.,0.,-1.));
#13684=DIRECTION('',(1.,1.22464679914735E-16,0.));
#13685=DIRECTION('',(0.,0.,-1.));
#13686=DIRECTION('',(1.,1.22464679914735E-16,0.));
#13687=DIRECTION('',(0.,0.,-1.));
#13688=DIRECTION('',(-1.,0.,0.));
#13689=DIRECTION('',(0.,0.,-1.));
#13690=DIRECTION('',(-1.,0.,0.));
#13691=DIRECTION('',(0.,0.,-1.));
#13692=DIRECTION('',(-1.,0.,0.));
#13693=DIRECTION('',(0.,0.,-1.));
#13694=DIRECTION('',(-1.,0.,0.));
#13695=DIRECTION('',(0.,0.,1.));
#13696=DIRECTION('',(1.,0.,0.));
#13697=DIRECTION('',(0.,0.,1.));
#13698=DIRECTION('',(1.,0.,0.));
#13699=DIRECTION('',(0.,0.,-1.));
#13700=DIRECTION('',(-1.,0.,0.));
#13701=DIRECTION('',(0.,0.,1.));
#13702=DIRECTION('',(1.,0.,0.));
#13703=DIRECTION('',(0.,0.,-1.));
#13704=DIRECTION('',(-1.,0.,0.));
#13705=DIRECTION('',(0.,0.,-1.));
#13706=DIRECTION('',(-1.,0.,0.));
#13707=DIRECTION('',(0.,0.,1.));
#13708=DIRECTION('',(1.,0.,0.));
#13709=DIRECTION('',(0.,0.,-1.));
#13710=DIRECTION('',(1.,1.22464679914735E-16,0.));
#13711=DIRECTION('',(0.,0.,-1.));
#13712=DIRECTION('',(1.,1.22464679914735E-16,0.));
#13713=DIRECTION('',(0.,0.,-1.));
#13714=DIRECTION('',(-1.,0.,0.));
#13715=DIRECTION('',(0.,0.,-1.));
#13716=DIRECTION('',(-1.,0.,0.));
#13717=DIRECTION('',(0.,0.,-1.));
#13718=DIRECTION('',(-1.,0.,0.));
#13719=DIRECTION('',(0.,0.,-1.));
#13720=DIRECTION('',(-1.,0.,0.));
#13721=DIRECTION('',(0.,0.,1.));
#13722=DIRECTION('',(1.,0.,0.));
#13723=DIRECTION('',(0.,0.,1.));
#13724=DIRECTION('',(1.,0.,0.));
#13725=DIRECTION('',(0.,0.,-1.));
#13726=DIRECTION('',(-1.,0.,0.));
#13727=DIRECTION('',(-1.,6.27804686543988E-15,0.));
#13728=DIRECTION('',(0.,-1.,0.));
#13729=DIRECTION('',(1.,0.,0.));
#13730=DIRECTION('',(0.,1.,0.));
#13731=DIRECTION('',(-1.,1.15648231731787E-15,0.));
#13732=DIRECTION('',(0.,1.,0.));
#13733=DIRECTION('',(-1.,-1.15648231731787E-16,0.));
#13734=DIRECTION('',(8.67361737988403E-16,-1.,0.));
#13735=DIRECTION('',(0.,0.,1.));
#13736=DIRECTION('',(1.,0.,0.));
#13737=DIRECTION('',(0.,-1.,0.));
#13738=DIRECTION('',(1.,0.,0.));
#13739=DIRECTION('',(0.,-1.,0.));
#13740=DIRECTION('',(1.,0.,0.));
#13741=DIRECTION('',(0.,0.,-1.));
#13742=DIRECTION('',(1.,7.10542735760101E-16,0.));
#13743=DIRECTION('',(0.,0.,-1.));
#13744=DIRECTION('',(1.,0.,0.));
#13745=DIRECTION('',(0.,0.,1.));
#13746=DIRECTION('',(1.,1.09437268946995E-14,0.));
#13747=DIRECTION('',(0.,0.,-1.));
#13748=DIRECTION('',(0.,-1.,0.));
#13749=DIRECTION('',(1.,0.,0.));
#13750=DIRECTION('',(0.,-1.,0.));
#13751=DIRECTION('',(1.,0.,0.));
#13752=DIRECTION('',(0.,-1.,0.));
#13753=DIRECTION('',(1.,0.,0.));
#13754=DIRECTION('',(0.,-1.,0.));
#13755=DIRECTION('',(1.,0.,0.));
#13756=DIRECTION('',(0.,1.,0.));
#13757=DIRECTION('',(0.,0.,1.));
#13758=DIRECTION('',(0.,-1.,0.));
#13759=DIRECTION('',(1.,0.,0.));
#13760=DIRECTION('',(0.,-1.,0.));
#13761=DIRECTION('',(1.,0.,0.));
#13762=DIRECTION('',(0.,-1.,0.));
#13763=DIRECTION('',(1.,0.,0.));
#13764=DIRECTION('',(0.,-1.,0.));
#13765=DIRECTION('',(1.,0.,0.));
#13766=DIRECTION('',(-1.,-1.15648231731787E-16,0.));
#13767=DIRECTION('',(0.,0.,-1.));
#13768=DIRECTION('',(-1.,-1.92747052886312E-16,0.));
#13769=DIRECTION('',(0.,0.,-1.));
#13770=DIRECTION('',(0.,0.,-1.));
#13771=DIRECTION('',(-1.,-1.92747052886312E-16,0.));
#13772=DIRECTION('',(0.,0.,1.));
#13773=DIRECTION('',(1.15648231731787E-16,-1.,0.));
#13774=DIRECTION('',(1.,1.16226472890446E-16,0.));
#13775=DIRECTION('',(0.,-1.,0.));
#13776=DIRECTION('',(0.,-1.,0.));
#13777=DIRECTION('',(0.,0.,1.));
#13778=DIRECTION('',(1.,0.,0.));
#13779=DIRECTION('',(0.,0.,-1.));
#13780=DIRECTION('',(0.,-1.,0.));
#13781=DIRECTION('',(1.,0.,0.));
#13782=DIRECTION('',(0.,0.,-1.));
#13783=DIRECTION('',(0.,0.,-1.));
#13784=DIRECTION('',(1.,-1.15648231731787E-15,0.));
#13785=DIRECTION('',(1.15648231731787E-15,1.,0.));
#13786=DIRECTION('',(-1.,1.15619319673854E-15,0.));
#13787=DIRECTION('',(0.,-1.,0.));
#13788=DIRECTION('',(1.,0.,0.));
#13789=DIRECTION('',(0.,0.,-1.));
#13790=DIRECTION('',(0.,0.,1.));
#13791=DIRECTION('',(1.,0.,0.));
#13792=DIRECTION('',(0.,-1.,0.));
#13793=DIRECTION('',(0.,0.,1.));
#13794=DIRECTION('',(1.,0.,0.));
#13795=DIRECTION('',(0.,0.,-1.));
#13796=DIRECTION('',(0.,1.,0.));
#13797=DIRECTION('',(-1.,0.,0.));
#13798=DIRECTION('',(0.,0.,1.));
#13799=DIRECTION('',(0.,0.,-1.));
#13800=DIRECTION('',(1.,-6.27804686543988E-15,0.));
#13801=DIRECTION('',(6.27804686543988E-15,1.,0.));
#13802=DIRECTION('',(-1.,6.27796425956006E-15,0.));
#13803=DIRECTION('',(-8.67361737988403E-16,1.,0.));
#13804=DIRECTION('',(-1.,-8.67361737988403E-16,0.));
#13805=DIRECTION('',(8.67361737988404E-16,-1.,0.));
#13806=DIRECTION('',(0.,0.,1.));
#13807=DIRECTION('',(1.,0.,0.));
#13808=DIRECTION('',(0.,-1.,0.));
#13809=DIRECTION('',(0.,0.,1.));
#13810=DIRECTION('',(1.,0.,0.));
#13811=DIRECTION('',(-1.,0.,0.));
#13812=DIRECTION('',(0.,0.,1.));
#13813=DIRECTION('',(0.,1.,0.));
#13814=DIRECTION('',(0.,0.,-1.));
#13815=DIRECTION('',(0.,-1.,0.));
#13816=DIRECTION('',(0.,0.,-1.));
#13817=DIRECTION('',(0.,1.,0.));
#13818=DIRECTION('',(0.,0.,-1.));
#13819=DIRECTION('',(0.,-1.,0.));
#13820=DIRECTION('',(0.,0.,-1.));
#13821=DIRECTION('',(1.,0.,0.));
#13822=DIRECTION('',(0.,0.,-1.));
#13823=DIRECTION('',(0.,1.,0.));
#13824=DIRECTION('',(0.,0.,-1.));
#13825=DIRECTION('',(0.,-1.,0.));
#13826=DIRECTION('',(0.,0.,-1.));
#13827=DIRECTION('',(0.,1.,0.));
#13828=DIRECTION('',(0.,0.,-1.));
#13829=DIRECTION('',(0.,-1.,0.));
#13830=DIRECTION('',(0.,0.,-1.));
#13831=DIRECTION('',(0.,1.,0.));
#13832=DIRECTION('',(1.,0.,0.));
#13833=DIRECTION('',(0.,-1.,0.));
#13834=DIRECTION('',(0.,0.,-1.));
#13835=DIRECTION('',(0.,-1.,0.));
#13836=DIRECTION('',(0.,0.,-1.));
#13837=DIRECTION('',(0.,1.,0.));
#13838=DIRECTION('',(1.,0.,0.));
#13839=DIRECTION('',(0.,-1.,0.));
#13840=DIRECTION('',(0.,0.,-1.));
#13841=DIRECTION('',(0.,-1.,0.));
#13842=DIRECTION('',(0.,0.,-1.));
#13843=DIRECTION('',(0.,1.,0.));
#13844=DIRECTION('',(1.,0.,0.));
#13845=DIRECTION('',(0.,-1.,0.));
#13846=DIRECTION('',(0.,0.,-1.));
#13847=DIRECTION('',(0.,-1.,0.));
#13848=DIRECTION('',(0.,0.,-0.999999999999999));
#13849=DIRECTION('',(0.,1.,0.));
#13850=DIRECTION('',(1.,0.,0.));
#13851=DIRECTION('',(0.,-1.,0.));
#13852=DIRECTION('',(0.,0.,-1.));
#13853=DIRECTION('',(0.,-1.,0.));
#13854=DIRECTION('',(0.,0.,-1.));
#13855=DIRECTION('',(0.,0.,-1.));
#13856=DIRECTION('',(1.,0.,0.));
#13857=DIRECTION('',(0.,0.,1.));
#13858=DIRECTION('',(1.,0.,0.));
#13859=DIRECTION('',(0.,0.,1.));
#13860=DIRECTION('',(1.,0.,0.));
#13861=DIRECTION('',(0.,0.,-1.));
#13862=DIRECTION('',(1.,0.,0.));
#13863=DIRECTION('',(0.,0.,1.));
#13864=DIRECTION('',(1.,0.,0.));
#13865=DIRECTION('',(0.,0.,1.));
#13866=DIRECTION('',(1.,0.,0.));
#13867=DIRECTION('',(0.,1.,0.));
#13868=DIRECTION('',(1.,0.,0.));
#13869=DIRECTION('',(0.,-1.,0.));
#13870=DIRECTION('',(0.,0.,-1.));
#13871=DIRECTION('',(0.,-1.,0.));
#13872=DIRECTION('',(0.,0.,-1.));
#13873=DIRECTION('',(0.,1.,0.));
#13874=DIRECTION('',(1.,0.,0.));
#13875=DIRECTION('',(0.,-1.,0.));
#13876=DIRECTION('',(0.,0.,-1.));
#13877=DIRECTION('',(0.,-1.,0.));
#13878=DIRECTION('',(0.,0.,-1.));
#13879=DIRECTION('',(0.,0.,1.));
#13880=DIRECTION('',(1.,0.,0.));
#13881=DIRECTION('',(0.,0.,1.));
#13882=DIRECTION('',(1.,0.,0.));
#13883=DIRECTION('',(0.,0.,-1.));
#13884=DIRECTION('',(-1.,0.,0.));
#13885=DIRECTION('',(0.,0.,1.));
#13886=DIRECTION('',(1.,0.,0.));
#13887=DIRECTION('',(0.,0.,1.));
#13888=DIRECTION('',(1.,0.,0.));
#13889=DIRECTION('',(0.,0.,-1.));
#13890=DIRECTION('',(-1.,0.,0.));
#13891=DIRECTION('',(0.,0.,1.));
#13892=DIRECTION('',(1.,0.,0.));
#13893=DIRECTION('',(0.,0.,1.));
#13894=DIRECTION('',(1.,0.,0.));
#13895=DIRECTION('',(0.,-1.,0.));
#13896=DIRECTION('',(1.,0.,0.));
#13897=DIRECTION('',(2.31296463463575E-15,1.,0.));
#13898=DIRECTION('',(-1.,0.,0.));
#13899=DIRECTION('',(0.,1.,0.));
#13900=DIRECTION('',(-1.,0.,0.));
#13901=DIRECTION('',(0.,0.,-1.));
#13902=DIRECTION('',(-1.,0.,0.));
#13903=DIRECTION('',(0.,1.,0.));
#13904=DIRECTION('',(-1.,0.,0.));
#13905=DIRECTION('',(0.,-1.,0.));
#13906=DIRECTION('',(-1.,0.,0.));
#13907=DIRECTION('',(0.,-1.,0.));
#13908=DIRECTION('',(1.,0.,0.));
#13909=DIRECTION('',(0.,0.,-1.));
#13910=DIRECTION('',(-1.,0.,0.));
#13911=DIRECTION('',(0.,-1.,0.));
#13912=DIRECTION('',(1.,0.,0.));
#13913=DIRECTION('',(-1.,1.26161707343768E-15,0.));
#13914=DIRECTION('',(0.,0.,-1.));
#13915=DIRECTION('',(0.,0.,-1.));
#13916=DIRECTION('',(1.,0.,0.));
#13917=DIRECTION('',(0.,0.,-1.));
#13918=DIRECTION('',(0.,0.,-1.));
#13919=DIRECTION('',(-1.26161707343768E-15,-1.,0.));
#13920=DIRECTION('',(1.,-1.26287869051112E-15,0.));
#13921=DIRECTION('',(0.,1.,0.));
#13922=DIRECTION('',(0.,0.,-1.));
#13923=DIRECTION('',(-1.,0.,0.));
#13924=DIRECTION('',(0.,0.,1.));
#13925=DIRECTION('',(0.,1.,0.));
#13926=DIRECTION('',(0.,0.,-1.));
#13927=DIRECTION('',(-1.,0.,0.));
#13928=DIRECTION('',(0.,0.,-1.));
#13929=DIRECTION('',(0.,-1.,0.));
#13930=DIRECTION('',(0.,0.,-1.));
#13931=DIRECTION('',(2.31296463463575E-15,1.,0.));
#13932=DIRECTION('',(0.,0.,-1.));
#13933=DIRECTION('',(-1.,2.31296463463575E-15,0.));
#13934=DIRECTION('',(-2.31412111695306E-15,-1.,0.));
#13935=DIRECTION('',(0.,-1.,0.));
#13936=DIRECTION('',(1.,0.,0.));
#13937=DIRECTION('',(0.,-1.,0.));
#13938=DIRECTION('',(1.,0.,0.));
#13939=DIRECTION('',(1.,0.,0.));
#13940=DIRECTION('',(0.,0.,-1.));
#13941=DIRECTION('',(-1.,0.,0.));
#13942=DIRECTION('',(0.,0.,-1.));
#13943=DIRECTION('',(0.,0.,-1.));
#13944=DIRECTION('',(0.,1.,0.));
#13945=DIRECTION('',(0.,0.,1.));
#13946=DIRECTION('',(0.,-1.,0.));
#13947=DIRECTION('',(0.,0.,-1.));
#13948=DIRECTION('',(1.,0.,0.));
#13949=DIRECTION('',(0.,0.,-1.));
#13950=DIRECTION('',(0.,1.,0.));
#13951=DIRECTION('',(0.,0.,-1.));
#13952=DIRECTION('',(-1.,0.,0.));
#13953=DIRECTION('',(0.,0.,-1.));
#13954=DIRECTION('',(0.,-1.,0.));
#13955=DIRECTION('',(0.,0.,-1.));
#13956=DIRECTION('',(0.,-1.,0.));
#13957=DIRECTION('',(1.,0.,0.));
#13958=DIRECTION('',(0.,0.,-1.));
#13959=DIRECTION('',(0.,0.,-1.));
#13960=DIRECTION('',(-1.,0.,0.));
#13961=DIRECTION('',(0.,-1.,0.));
#13962=DIRECTION('',(1.,0.,0.));
#13963=DIRECTION('',(0.,0.,-1.));
#13964=DIRECTION('',(0.,1.,0.));
#13965=DIRECTION('',(-1.,0.,0.));
#13966=DIRECTION('',(0.,0.,1.));
#13967=DIRECTION('',(0.,0.,1.));
#13968=DIRECTION('',(1.,0.,0.));
#13969=DIRECTION('',(0.,-1.,0.));
#13970=DIRECTION('',(1.,0.,0.));
#13971=DIRECTION('',(0.,1.,0.));
#13972=DIRECTION('',(0.,0.,1.));
#13973=DIRECTION('',(0.,-1.,0.));
#13974=DIRECTION('',(0.,0.,-1.));
#13975=DIRECTION('',(0.,1.,0.));
#13976=DIRECTION('',(0.,0.,1.));
#13977=DIRECTION('',(0.,1.,0.));
#13978=DIRECTION('',(0.,0.,1.));
#13979=DIRECTION('',(0.,-1.,0.));
#13980=DIRECTION('',(0.,0.,-1.));
#13981=DIRECTION('',(0.,-1.,0.));
#13982=DIRECTION('',(0.,0.,-1.));
#13983=DIRECTION('',(1.,0.,0.));
#13984=DIRECTION('',(0.,0.,-1.));
#13985=DIRECTION('',(0.,0.,-1.));
#13986=DIRECTION('',(1.,1.22464679914735E-16,0.));
#13987=DIRECTION('',(0.,0.,-1.));
#13988=DIRECTION('',(0.,0.,-1.));
#13989=DIRECTION('',(1.,1.22464679914735E-16,0.));
#13990=DIRECTION('',(0.,0.,-1.));
#13991=DIRECTION('',(-1.,0.,0.));
#13992=DIRECTION('',(-2.31296463463574E-16,1.,0.));
#13993=DIRECTION('',(0.,0.,-1.));
#13994=DIRECTION('',(-2.31296463463574E-16,1.,0.));
#13995=DIRECTION('',(-1.,-2.31296463463574E-16,0.));
#13996=DIRECTION('',(2.30718222304915E-16,-1.,0.));
#13997=DIRECTION('',(0.,-1.,0.));
#13998=DIRECTION('',(1.,0.,0.));
#13999=DIRECTION('',(-1.,-1.5770213417971E-16,0.));
#14000=DIRECTION('',(-1.,-1.5770213417971E-16,0.));
#14001=DIRECTION('',(1.5770213417971E-16,-1.,0.));
#14002=DIRECTION('',(1.,1.57859836313889E-16,0.));
#14003=DIRECTION('',(0.,0.,-1.));
#14004=DIRECTION('',(-1.,0.,0.));
#14005=DIRECTION('',(0.,0.,-1.));
#14006=DIRECTION('',(-1.,0.,0.));
#14007=DIRECTION('',(0.,-1.,0.));
#14008=DIRECTION('',(1.,0.,0.));
#14009=DIRECTION('',(0.,-1.,0.));
#14010=DIRECTION('',(0.,0.,-1.));
#14011=DIRECTION('',(0.,-1.,0.));
#14012=DIRECTION('',(0.,0.,-1.));
#14013=DIRECTION('',(0.,0.,1.));
#14014=DIRECTION('',(-1.,0.,0.));
#14015=DIRECTION('',(0.,0.,1.));
#14016=DIRECTION('',(-1.,0.,0.));
#14017=DIRECTION('',(0.,-1.,0.));
#14018=DIRECTION('',(1.,0.,0.));
#14019=DIRECTION('',(0.,-1.,0.));
#14020=DIRECTION('',(1.,0.,0.));
#14021=DIRECTION('',(0.,1.,0.));
#14022=DIRECTION('',(1.,0.,0.));
#14023=DIRECTION('',(0.,-1.,0.));
#14024=DIRECTION('',(0.,0.,-1.));
#14025=DIRECTION('',(0.,1.,0.));
#14026=DIRECTION('',(1.,0.,0.));
#14027=DIRECTION('',(0.,1.,0.));
#14028=DIRECTION('',(1.,0.,0.));
#14029=DIRECTION('',(0.,1.,0.));
#14030=DIRECTION('',(1.,0.,0.));
#14031=DIRECTION('',(-1.,0.,0.));
#14032=DIRECTION('',(0.,1.,0.));
#14033=DIRECTION('',(0.,0.,-1.));
#14034=DIRECTION('',(-1.,0.,0.));
#14035=DIRECTION('',(0.,1.,0.));
#14036=DIRECTION('',(1.,0.,0.));
#14037=DIRECTION('',(0.,-1.,0.));
#14038=DIRECTION('',(1.,0.,0.));
#14039=DIRECTION('',(0.,-1.,0.));
#14040=DIRECTION('',(0.,0.,-1.));
#14041=DIRECTION('',(0.,1.,0.));
#14042=DIRECTION('',(0.,0.,1.));
#14043=DIRECTION('',(0.,-1.,0.));
#14044=DIRECTION('',(0.,0.,1.));
#14045=DIRECTION('',(0.,1.,0.));
#14046=DIRECTION('',(0.,0.,1.));
#14047=DIRECTION('',(0.,-1.,0.));
#14048=DIRECTION('',(1.,0.,0.));
#14049=DIRECTION('',(1.,0.,0.));
#14050=DIRECTION('',(0.,0.,-1.));
#14051=DIRECTION('',(-1.,0.,0.));
#14052=DIRECTION('',(0.,0.,-1.));
#14053=DIRECTION('',(-1.,0.,0.));
#14054=DIRECTION('',(0.,-1.,0.));
#14055=DIRECTION('',(0.,0.,1.));
#14056=DIRECTION('',(0.,1.,0.));
#14057=DIRECTION('',(0.,0.,1.));
#14058=DIRECTION('',(0.,1.,0.));
#14059=DIRECTION('',(0.,-1.,0.));
#14060=DIRECTION('',(1.,0.,0.));
#14061=DIRECTION('',(0.,0.,-1.));
#14062=DIRECTION('',(0.,1.,0.));
#14063=DIRECTION('',(0.,0.,1.));
#14064=DIRECTION('',(1.,0.,0.));
#14065=DIRECTION('',(0.,-1.,0.));
#14066=DIRECTION('',(0.,0.,-1.));
#14067=DIRECTION('',(-1.,0.,0.));
#14068=DIRECTION('',(1.,0.,0.));
#14069=DIRECTION('',(0.,0.,-1.));
#14070=DIRECTION('',(0.,1.,0.));
#14071=DIRECTION('',(1.,0.,0.));
#14072=DIRECTION('',(0.,1.,0.));
#14073=DIRECTION('',(1.,0.,0.));
#14074=DIRECTION('',(0.,1.,0.));
#14075=DIRECTION('',(0.,-1.,0.));
#14076=DIRECTION('',(0.,1.,0.));
#14077=DIRECTION('',(0.,0.,1.));
#14078=DIRECTION('',(0.,0.,1.));
#14079=DIRECTION('',(1.,0.,0.));
#14080=DIRECTION('',(0.,1.,0.));
#14081=DIRECTION('',(0.,0.,1.));
#14082=DIRECTION('',(0.,-1.,0.));
#14083=DIRECTION('',(0.,0.,-1.));
#14084=DIRECTION('',(0.,1.,0.));
#14085=DIRECTION('',(0.,0.,1.));
#14086=DIRECTION('',(0.,-1.,0.));
#14087=DIRECTION('',(1.,0.,0.));
#14088=DIRECTION('',(0.,1.,0.));
#14089=DIRECTION('',(0.,0.,1.));
#14090=DIRECTION('',(0.,1.,0.));
#14091=DIRECTION('',(0.,0.,1.));
#14092=DIRECTION('',(0.,1.,0.));
#14093=DIRECTION('',(1.,0.,0.));
#14094=DIRECTION('',(0.,-1.,0.));
#14095=DIRECTION('',(0.,0.,-1.));
#14096=DIRECTION('',(0.,1.,0.));
#14097=DIRECTION('',(0.,0.,1.));
#14098=DIRECTION('',(1.,0.,0.));
#14099=DIRECTION('',(0.,1.,0.));
#14100=DIRECTION('',(0.,-1.,-4.85722573273506E-15));
#14101=DIRECTION('',(1.33226762955019E-15,4.25007251614318E-15,-1.));
#14102=DIRECTION('',(0.,1.,4.85722573273506E-15));
#14103=DIRECTION('',(-1.33226762955019E-15,-4.25007251614318E-15,1.));
#14104=DIRECTION('',(-1.,0.,0.));
#14105=DIRECTION('',(0.,1.,0.));
#14106=DIRECTION('',(1.,0.,0.));
#14107=DIRECTION('',(0.,1.,0.));
#14108=DIRECTION('',(1.,0.,0.));
#14109=DIRECTION('',(0.,0.,-1.));
#14110=DIRECTION('',(1.,0.,0.));
#14111=DIRECTION('',(0.,1.,0.));
#14112=DIRECTION('',(1.,0.,0.));
#14113=DIRECTION('',(0.,0.,-1.));
#14114=DIRECTION('',(-1.,0.,0.));
#14115=DIRECTION('',(0.,0.,1.));
#14116=DIRECTION('',(0.,-1.,-4.85722573273506E-15));
#14117=DIRECTION('',(-1.,0.,0.));
#14118=DIRECTION('',(-1.,0.,0.));
#14119=DIRECTION('',(0.,-4.85722573273506E-15,1.));
#14120=DIRECTION('',(0.,-1.,-4.85722573273506E-15));
#14121=DIRECTION('',(1.33226762955019E-15,4.25007251614318E-15,-1.));
#14122=DIRECTION('',(-1.,0.,0.));
#14123=DIRECTION('',(0.,-1.,-4.25007251614318E-15));
#14124=DIRECTION('',(0.,4.25007251614318E-15,-1.));
#14125=DIRECTION('',(0.,1.,4.85722573273506E-15));
#14126=DIRECTION('',(-1.,0.,0.));
#14127=DIRECTION('',(0.,4.85722573273506E-15,-1.));
#14128=DIRECTION('',(0.,1.,4.85722573273506E-15));
#14129=DIRECTION('',(1.,0.,0.));
#14130=DIRECTION('',(0.,1.,0.));
#14131=DIRECTION('',(-1.,0.,0.));
#14132=DIRECTION('',(0.,0.,0.999999999999999));
#14133=DIRECTION('',(-1.33226762955019E-15,-4.25007251614318E-15,1.));
#14134=DIRECTION('',(0.,1.,4.25007251614318E-15));
#14135=DIRECTION('',(0.,-4.25007251614318E-15,1.));
#14136=DIRECTION('',(-1.,0.,0.));
#14137=DIRECTION('',(0.,0.,1.));
#14138=DIRECTION('',(1.,0.,0.));
#14139=DIRECTION('',(0.,1.,0.));
#14140=DIRECTION('',(-1.,0.,0.));
#14141=DIRECTION('',(0.,0.,1.));
#14142=DIRECTION('',(1.,0.,0.));
#14143=DIRECTION('',(0.,0.,-1.));
#14144=DIRECTION('',(1.,0.,0.));
#14145=DIRECTION('',(0.,1.,0.));
#14146=DIRECTION('',(1.,0.,0.));
#14147=DIRECTION('',(0.,0.,-1.));
#14148=DIRECTION('',(-1.,0.,0.));
#14149=DIRECTION('',(0.,0.,1.));
#14150=DIRECTION('',(-1.,0.,0.));
#14151=DIRECTION('',(0.,1.,0.));
#14152=DIRECTION('',(1.,0.,0.));
#14153=DIRECTION('',(0.,0.,-1.));
#14154=DIRECTION('',(1.,0.,0.));
#14155=DIRECTION('',(0.,0.,-1.));
#14156=DIRECTION('',(1.,0.,0.));
#14157=DIRECTION('',(0.,1.,0.));
#14158=DIRECTION('',(1.,0.,0.));
#14159=DIRECTION('',(0.,0.,1.));
#14160=DIRECTION('',(1.,0.,0.));
#14161=DIRECTION('',(0.,0.,-1.));
#14162=DIRECTION('',(0.,1.,4.85722573273506E-15));
#14163=DIRECTION('',(1.,0.,0.));
#14164=DIRECTION('',(0.,1.,4.85722573273506E-15));
#14165=DIRECTION('',(1.,0.,0.));
#14166=DIRECTION('',(0.,4.85722573273506E-15,-1.));
#14167=DIRECTION('',(0.,1.,4.85722573273506E-15));
#14168=DIRECTION('',(-1.33226762955019E-15,-4.25007251614318E-15,1.));
#14169=DIRECTION('',(-1.33226762955019E-15,-4.25007251614318E-15,1.));
#14170=DIRECTION('',(1.,0.,0.));
#14171=DIRECTION('',(0.,1.,4.25007251614318E-15));
#14172=DIRECTION('',(0.,-4.25007251614318E-15,1.));
#14173=DIRECTION('',(0.,-1.,-4.85722573273506E-15));
#14174=DIRECTION('',(0.,-1.,-4.85722573273506E-15));
#14175=DIRECTION('',(1.,0.,0.));
#14176=DIRECTION('',(0.,-4.85722573273506E-15,1.));
#14177=DIRECTION('',(0.,-1.,-4.85722573273506E-15));
#14178=DIRECTION('',(1.,0.,0.));
#14179=DIRECTION('',(0.,1.,0.));
#14180=DIRECTION('',(1.,0.,0.));
#14181=DIRECTION('',(0.,1.,0.));
#14182=DIRECTION('',(1.,0.,0.));
#14183=DIRECTION('',(0.,0.,-0.999999999999999));
#14184=DIRECTION('',(-1.,0.,0.));
#14185=DIRECTION('',(0.,0.,-1.));
#14186=DIRECTION('',(1.,0.,0.));
#14187=DIRECTION('',(0.,1.,0.));
#14188=DIRECTION('',(1.,0.,0.));
#14189=DIRECTION('',(0.,0.,-1.));
#14190=DIRECTION('',(1.33226762955019E-15,4.25007251614318E-15,-1.));
#14191=DIRECTION('',(1.33226762955019E-15,4.25007251614318E-15,-1.));
#14192=DIRECTION('',(0.,-1.,-4.25007251614318E-15));
#14193=DIRECTION('',(0.,4.25007251614318E-15,-1.));
#14194=DIRECTION('',(1.,0.,0.));
#14195=DIRECTION('',(0.,1.,0.));
#14196=DIRECTION('',(-1.,0.,0.));
#14197=DIRECTION('',(0.,1.,0.));
#14198=DIRECTION('',(1.,0.,0.));
#14199=DIRECTION('',(0.,0.,-1.));
#14200=DIRECTION('',(1.,0.,0.));
#14201=DIRECTION('',(0.,0.,-1.));
#14202=DIRECTION('',(1.,0.,0.));
#14203=DIRECTION('',(0.,1.,0.));
#14204=DIRECTION('',(-1.,0.,0.));
#14205=DIRECTION('',(0.,0.,1.));
#14206=DIRECTION('',(1.,0.,0.));
#14207=DIRECTION('',(0.,0.,-1.));
#14208=DIRECTION('',(1.,0.,0.));
#14209=DIRECTION('',(0.,1.,0.));
#14210=DIRECTION('',(1.,0.,0.));
#14211=DIRECTION('',(0.,0.,-1.));
#14212=DIRECTION('',(1.,0.,0.));
#14213=DIRECTION('',(0.,0.,-1.));
#14214=DIRECTION('',(1.33226762955019E-15,0.,-1.));
#14215=DIRECTION('',(1.,0.,0.));
#14216=DIRECTION('',(1.33226762955019E-15,0.,-1.));
#14217=DIRECTION('',(1.,0.,0.));
#14218=DIRECTION('',(0.,-1.,0.));
#14219=DIRECTION('',(0.,0.,-1.));
#14220=DIRECTION('',(0.,1.,0.));
#14221=DIRECTION('',(0.,0.,-1.));
#14222=DIRECTION('',(0.,-1.,0.));
#14223=DIRECTION('',(0.,0.,-1.));
#14224=DIRECTION('',(0.,-1.,0.));
#14225=DIRECTION('',(0.,0.,-1.));
#14226=DIRECTION('',(0.,1.44560289664734E-16,-1.));
#14227=DIRECTION('',(-1.,0.,0.));
#14228=DIRECTION('',(1.31478380239074E-15,-3.58806052296012E-15,-1.));
#14229=DIRECTION('',(-1.,0.,0.));
#14230=DIRECTION('',(1.31478380239074E-15,-3.58806052296012E-15,-1.));
#14231=DIRECTION('',(-1.,0.,0.));
#14232=DIRECTION('',(0.,1.44560289664734E-16,-1.));
#14233=DIRECTION('',(-1.,0.,0.));
#14234=DIRECTION('',(-1.26882631385732E-15,-1.44560289664734E-16,1.));
#14235=DIRECTION('',(-1.,0.,0.));
#14236=DIRECTION('',(-1.26882631385732E-15,-1.44560289664734E-16,1.));
#14237=DIRECTION('',(1.,0.,0.));
#14238=DIRECTION('',(0.,1.,1.44560289664734E-16));
#14239=DIRECTION('',(0.,-1.43982048506075E-16,1.));
#14240=DIRECTION('',(1.,0.,0.));
#14241=DIRECTION('',(-1.33623325702631E-15,0.0518780999864169,0.998653424738432));
#14242=DIRECTION('',(-1.,0.,0.));
#14243=DIRECTION('',(-1.,0.,0.));
#14244=DIRECTION('',(-1.,0.,0.));
#14245=DIRECTION('',(-1.33623325702631E-15,0.0518780999864169,0.998653424738432));
#14246=DIRECTION('',(0.,-0.998653424738432,0.0518780999864169));
#14247=DIRECTION('',(0.,-0.0518780999864169,-0.998653424738432));
#14248=DIRECTION('',(-1.,0.,0.));
#14249=DIRECTION('',(-1.33623325702631E-15,0.0518780999864169,0.998653424738432));
#14250=DIRECTION('',(-1.,0.,0.));
#14251=DIRECTION('',(-1.33623325702631E-15,0.0518780999864169,0.998653424738432));
#14252=DIRECTION('',(0.,-0.998653424738432,0.0518780999864169));
#14253=DIRECTION('',(0.,-0.0518780999864169,-0.998653424738432));
#14254=DIRECTION('',(0.,-1.,0.));
#14255=DIRECTION('',(0.,1.,5.55111512312578E-16));
#14256=DIRECTION('',(0.,-1.,-3.54172709678598E-15));
#14257=DIRECTION('',(0.,1.,4.85722573273506E-15));
#14258=DIRECTION('',(-1.33226762955019E-15,-4.25007251614318E-15,1.));
#14259=DIRECTION('',(-1.,0.,0.));
#14260=DIRECTION('',(0.,1.,0.));
#14261=DIRECTION('',(1.,0.,0.));
#14262=DIRECTION('',(0.,1.,0.));
#14263=DIRECTION('',(1.,0.,0.));
#14264=DIRECTION('',(0.,1.,0.));
#14265=DIRECTION('',(1.,0.,0.));
#14266=DIRECTION('',(0.,0.,-1.));
#14267=DIRECTION('',(0.,1.,5.55111512312578E-16));
#14268=DIRECTION('',(0.,-1.,0.));
#14269=DIRECTION('',(-1.33226762955019E-15,-4.25007251614318E-15,1.));
#14270=DIRECTION('',(0.,1.,0.));
#14271=DIRECTION('',(0.,-1.,-3.54172709678598E-15));
#14272=DIRECTION('',(1.,0.,0.));
#14273=DIRECTION('',(0.,1.,0.));
#14274=DIRECTION('',(-1.,0.,0.));
#14275=DIRECTION('',(0.,1.,0.));
#14276=DIRECTION('',(1.,0.,0.));
#14277=DIRECTION('',(0.,1.,0.));
#14278=DIRECTION('',(1.,0.,0.));
#14279=DIRECTION('',(0.,0.,-1.));
#14280=DIRECTION('',(0.,-5.05961013826569E-16,1.));
#14281=DIRECTION('',(-1.,0.,0.));
#14282=DIRECTION('',(0.,-5.05961013826569E-16,1.));
#14283=DIRECTION('',(0.,-1.,-5.05961013826569E-16));
#14284=DIRECTION('',(0.,5.06539254985228E-16,-1.));
#14285=DIRECTION('',(0.,-1.,0.));
#14286=DIRECTION('',(0.,-1.,0.));
#14287=DIRECTION('',(0.,0.,-1.));
#14288=DIRECTION('',(-1.,0.,0.));
#14289=DIRECTION('',(1.,0.,0.));
#14290=DIRECTION('',(0.,0.,-1.));
#14291=DIRECTION('',(1.,0.,0.));
#14292=DIRECTION('',(0.,1.,-6.12323399573677E-17));
#14293=DIRECTION('',(-1.,0.,0.));
#14294=DIRECTION('',(0.,0.,1.));
#14295=DIRECTION('',(1.,0.,0.));
#14296=DIRECTION('',(0.,1.,-6.12323399573696E-17));
#14297=DIRECTION('',(1.,0.,0.));
#14298=DIRECTION('',(0.,1.,0.));
#14299=DIRECTION('',(1.,0.,0.));
#14300=DIRECTION('',(0.,1.,0.));
#14301=DIRECTION('',(1.,0.,0.));
#14302=DIRECTION('',(0.,1.,-6.12323399573696E-17));
#14303=DIRECTION('',(0.,1.,2.89120579329468E-16));
#14304=DIRECTION('',(1.,0.,0.));
#14305=DIRECTION('',(0.,0.,-1.));
#14306=DIRECTION('',(1.,0.,0.));
#14307=DIRECTION('',(0.,1.,-6.12323399573677E-17));
#14308=DIRECTION('',(0.,1.,2.89120579329468E-16));
#14309=DIRECTION('',(1.,0.,0.));
#14310=DIRECTION('',(0.,0.,-1.));
#14311=DIRECTION('',(-1.,0.,0.));
#14312=DIRECTION('',(0.,1.,-6.12323399573677E-17));
#14313=DIRECTION('',(-1.,0.,0.));
#14314=DIRECTION('',(0.,0.,1.));
#14315=DIRECTION('',(-1.,0.,0.));
#14316=DIRECTION('',(0.,0.,-1.));
#14317=DIRECTION('',(-1.,0.,0.));
#14318=DIRECTION('',(0.,0.,-1.));
#14319=DIRECTION('',(-1.,0.,0.));
#14320=DIRECTION('',(0.,0.,-1.));
#14321=DIRECTION('',(-1.,0.,0.));
#14322=DIRECTION('',(0.,0.,-1.));
#14323=DIRECTION('',(1.,0.,0.));
#14324=DIRECTION('',(0.,0.,-1.));
#14325=DIRECTION('',(-1.,0.,0.));
#14326=DIRECTION('',(0.,0.,1.));
#14327=DIRECTION('',(-1.,0.,0.));
#14328=DIRECTION('',(0.,0.,1.));
#14329=DIRECTION('',(-1.,0.,0.));
#14330=DIRECTION('',(0.,0.,1.));
#14331=DIRECTION('',(-1.,0.,0.));
#14332=DIRECTION('',(0.,0.,1.));
#14333=DIRECTION('',(0.,3.54172709678598E-15,-1.));
#14334=DIRECTION('',(0.,1.,3.54230533794464E-15));
#14335=DIRECTION('',(-1.,0.,0.));
#14336=DIRECTION('',(0.,-1.,-4.25007251614318E-15));
#14337=DIRECTION('',(0.,4.25007251614318E-15,-1.));
#14338=DIRECTION('',(0.,3.54172709678598E-15,-1.));
#14339=DIRECTION('',(0.,1.,3.54230533794464E-15));
#14340=DIRECTION('',(0.,0.,1.));
#14341=DIRECTION('',(1.,0.,0.));
#14342=DIRECTION('',(-1.,0.,0.));
#14343=DIRECTION('',(0.,0.,1.));
#14344=DIRECTION('',(1.,0.,0.));
#14345=DIRECTION('',(0.,0.,-1.));
#14346=DIRECTION('',(1.,0.,0.));
#14347=DIRECTION('',(0.,0.,-1.));
#14348=DIRECTION('',(0.,5.55111512312578E-16,-1.));
#14349=DIRECTION('',(0.,1.,5.55111512312578E-16));
#14350=DIRECTION('',(0.,0.,1.));
#14351=DIRECTION('',(1.,0.,0.));
#14352=DIRECTION('',(0.,1.,0.));
#14353=DIRECTION('',(0.,0.,1.));
#14354=DIRECTION('',(0.,1.,0.));
#14355=DIRECTION('',(0.,0.,1.));
#14356=DIRECTION('',(0.,1.,1.38777878078145E-16));
#14357=DIRECTION('',(1.,0.,0.));
#14358=DIRECTION('',(0.,1.,1.38777878078145E-16));
#14359=DIRECTION('',(0.,1.38777878078145E-16,-1.));
#14360=DIRECTION('',(0.,1.,1.38777878078145E-16));
#14361=DIRECTION('',(0.,-1.,-2.77555756156289E-16));
#14362=DIRECTION('',(1.,0.,0.));
#14363=DIRECTION('',(0.,-1.,-2.77555756156289E-16));
#14364=DIRECTION('',(0.,-2.77555756156289E-16,1.));
#14365=DIRECTION('',(0.,-1.,-2.77555756156289E-16));
#14366=DIRECTION('',(-1.26882631385732E-15,0.,1.));
#14367=DIRECTION('',(-1.,1.76085023486833E-31,-1.26882631385732E-15));
#14368=DIRECTION('',(-1.26808286093905E-15,0.,1.));
#14369=DIRECTION('',(-1.26882631385732E-15,0.,1.));
#14370=DIRECTION('',(-1.,1.76085023486833E-31,-1.26882631385732E-15));
#14371=DIRECTION('',(-1.26882631385732E-15,0.,1.));
#14372=DIRECTION('',(0.,1.,0.));
#14373=DIRECTION('',(0.,0.,1.));
#14374=DIRECTION('',(0.,1.,0.));
#14375=DIRECTION('',(1.,0.,0.));
#14376=DIRECTION('',(0.,1.,0.));
#14377=DIRECTION('',(0.,0.,1.));
#14378=DIRECTION('',(0.,-1.,0.));
#14379=DIRECTION('',(0.,0.,-1.));
#14380=DIRECTION('',(0.,-1.,0.));
#14381=DIRECTION('',(1.,0.,0.));
#14382=DIRECTION('',(0.,1.,0.));
#14383=DIRECTION('',(0.,0.,1.));
#14384=DIRECTION('',(0.,1.,0.));
#14385=DIRECTION('',(0.,0.,1.));
#14386=DIRECTION('',(0.,1.,0.));
#14387=DIRECTION('',(0.,-4.1086505480261E-31,1.));
#14388=DIRECTION('',(0.,1.,0.));
#14389=DIRECTION('',(0.,0.,1.));
#14390=DIRECTION('',(-1.,0.,0.));
#14391=DIRECTION('',(0.,0.,1.));
#14392=DIRECTION('',(1.,1.77635683940025E-16,4.90381194622419E-16));
#14393=DIRECTION('',(0.,1.,0.));
#14394=DIRECTION('',(1.,0.,4.90381194622419E-16));
#14395=DIRECTION('',(-4.90381194622419E-16,0.,1.));
#14396=DIRECTION('',(1.,0.,4.92661467177413E-16));
#14397=DIRECTION('',(0.,4.1086505480261E-31,-1.));
#14398=DIRECTION('',(0.,1.,0.));
#14399=DIRECTION('',(0.,0.,-1.));
#14400=DIRECTION('',(1.,0.,0.));
#14401=DIRECTION('',(0.,0.,-1.));
#14402=DIRECTION('',(0.,0.,1.));
#14403=DIRECTION('',(1.,0.,0.));
#14404=DIRECTION('',(0.,0.,1.));
#14405=DIRECTION('',(1.,0.,0.));
#14406=DIRECTION('',(0.,0.,1.));
#14407=DIRECTION('',(1.,0.,0.));
#14408=DIRECTION('',(0.,0.,1.));
#14409=DIRECTION('',(1.,0.,0.));
#14410=DIRECTION('',(1.,1.77635683940025E-16,0.));
#14411=DIRECTION('',(0.,1.,0.));
#14412=DIRECTION('',(1.,1.77635683940025E-16,0.));
#14413=DIRECTION('',(0.,1.,0.));
#14414=DIRECTION('',(0.,0.,1.));
#14415=DIRECTION('',(1.,0.,0.));
#14416=DIRECTION('',(2.31296463463574E-15,0.,1.));
#14417=DIRECTION('',(0.,1.,0.));
#14418=DIRECTION('',(2.31296463463574E-15,0.,1.));
#14419=DIRECTION('',(-1.,0.,2.31296463463574E-15));
#14420=DIRECTION('',(2.31065167000111E-15,0.,1.));
#14421=DIRECTION('',(0.,0.,1.));
#14422=DIRECTION('',(1.,0.,0.));
#14423=DIRECTION('',(0.,0.,1.));
#14424=DIRECTION('',(1.,0.,0.));
#14425=DIRECTION('',(0.,0.,1.));
#14426=DIRECTION('',(1.,0.,0.));
#14427=DIRECTION('',(0.,0.,1.));
#14428=DIRECTION('',(1.,0.,0.));
#14429=DIRECTION('',(-1.,0.,0.));
#14430=DIRECTION('',(0.,0.,1.));
#14431=DIRECTION('',(-1.,0.,0.));
#14432=DIRECTION('',(-1.,-1.77635683940025E-16,-4.90381194622419E-16));
#14433=DIRECTION('',(0.,0.,1.));
#14434=DIRECTION('',(-1.,0.,0.));
#14435=DIRECTION('',(-1.,0.,0.));
#14436=DIRECTION('',(0.,1.,0.));
#14437=DIRECTION('',(-1.,0.,0.));
#14438=DIRECTION('',(0.,0.,-1.));
#14439=DIRECTION('',(-1.,0.,0.));
#14440=DIRECTION('',(0.,0.,-1.));
#14441=DIRECTION('',(0.,0.,-1.));
#14442=DIRECTION('',(1.,0.,0.));
#14443=DIRECTION('',(0.,0.,-1.));
#14444=DIRECTION('',(-1.,-1.77635683940025E-16,-9.80762389244838E-17));
#14445=DIRECTION('',(-1.,-2.00860137317343E-16,-9.80762389244838E-17));
#14446=DIRECTION('',(9.80762389244838E-17,0.,-1.));
#14447=DIRECTION('',(-1.,0.,-9.71445146547012E-17));
#14448=DIRECTION('',(1.77635683940025E-16,-1.,-4.1086505480261E-31));
#14449=DIRECTION('',(1.,1.76941794549634E-16,0.));
#14450=DIRECTION('',(1.,1.77635683940025E-16,9.80762389244838E-17));
#14451=DIRECTION('',(0.,-4.1086505480261E-31,1.));
#14452=DIRECTION('',(0.,4.1086505480261E-31,-1.));
#14453=DIRECTION('',(1.77635683940025E-16,-1.,-4.1086505480261E-31));
#14454=DIRECTION('',(1.,1.77635683940025E-16,0.));
#14455=DIRECTION('',(0.,0.,1.));
#14456=DIRECTION('',(1.,0.,0.));
#14457=DIRECTION('',(0.,0.,1.));
#14458=DIRECTION('',(1.,0.,0.));
#14459=DIRECTION('',(0.,0.,1.));
#14460=DIRECTION('',(1.,0.,0.));
#14461=DIRECTION('',(0.,0.,1.));
#14462=DIRECTION('',(1.,0.,0.));
#14463=DIRECTION('',(0.707106781186547,1.25607396694702E-16,0.707106781186547));
#14464=DIRECTION('',(0.707106781186548,1.25607396694702E-16,-0.707106781186547));
#14465=DIRECTION('',(-0.707106781186547,-1.25607396694702E-16,0.707106781186547));
#14466=DIRECTION('',(0.707106781186547,1.25607396694702E-16,0.707106781186547));
#14467=DIRECTION('',(-1.,-1.77635683940025E-16,-9.80762389244838E-17));
#14468=DIRECTION('',(0.,-1.,0.));
#14469=DIRECTION('',(0.707106781186547,1.25607396694702E-16,0.707106781186548));
#14470=DIRECTION('',(-0.707106781186548,-1.25607396694702E-16,0.707106781186547));
#14471=DIRECTION('',(0.,-4.1086505480261E-31,1.));
#14472=DIRECTION('',(0.,-1.,0.));
#14473=DIRECTION('',(-0.707106781186548,-1.25607396694702E-16,0.707106781186547));
#14474=DIRECTION('',(-0.707106781186547,-1.25607396694702E-16,-0.707106781186548));
#14475=DIRECTION('',(0.,4.1086505480261E-31,-1.));
#14476=DIRECTION('',(0.,1.,0.));
#14477=DIRECTION('',(1.,1.77635683940025E-16,4.90381194622419E-16));
#14478=DIRECTION('',(0.,0.,-1.));
#14479=DIRECTION('',(0.,0.,1.));
#14480=DIRECTION('',(1.,0.,0.));
#14481=DIRECTION('',(0.,0.,-1.));
#14482=DIRECTION('',(-1.,0.,0.));
#14483=DIRECTION('',(0.,0.,-1.));
#14484=DIRECTION('',(-1.,0.,0.));
#14485=DIRECTION('',(0.,0.,1.));
#14486=DIRECTION('',(1.,0.,0.));
#14487=DIRECTION('',(0.,0.,-1.));
#14488=DIRECTION('',(-1.,0.,0.));
#14489=DIRECTION('',(0.,0.,-1.));
#14490=DIRECTION('',(-1.,0.,0.));
#14491=DIRECTION('',(0.,0.,1.));
#14492=DIRECTION('',(1.,0.,0.));
#14493=DIRECTION('',(0.,0.,-1.));
#14494=DIRECTION('',(-1.,0.,0.));
#14495=DIRECTION('',(0.,0.,-1.));
#14496=DIRECTION('',(-1.,0.,0.));
#14497=DIRECTION('',(0.,0.,1.));
#14498=DIRECTION('',(1.,0.,0.));
#14499=DIRECTION('',(0.,0.,-1.));
#14500=DIRECTION('',(-1.,0.,0.));
#14501=DIRECTION('',(0.,0.,-1.));
#14502=DIRECTION('',(-1.,0.,0.));
#14503=DIRECTION('',(0.,0.,-1.));
#14504=DIRECTION('',(1.,0.,0.));
#14505=DIRECTION('',(0.,0.,-1.));
#14506=DIRECTION('',(-1.,0.,0.));
#14507=DIRECTION('',(0.,0.,-1.));
#14508=DIRECTION('',(-1.,0.,0.));
#14509=DIRECTION('',(0.,0.,1.));
#14510=DIRECTION('',(1.,0.,0.));
#14511=DIRECTION('',(1.,0.,0.));
#14512=DIRECTION('',(1.,0.,0.));
#14513=DIRECTION('',(0.,0.,1.));
#14514=DIRECTION('',(1.,0.,0.));
#14515=DIRECTION('',(0.,0.,-1.));
#14516=DIRECTION('',(1.,0.,0.));
#14517=DIRECTION('',(0.,0.,-1.));
#14518=DIRECTION('',(-1.,0.,0.));
#14519=DIRECTION('',(0.,0.,-1.));
#14520=DIRECTION('',(-1.,0.,0.));
#14521=DIRECTION('',(0.,0.,-1.));
#14522=DIRECTION('',(1.,0.,0.));
#14523=DIRECTION('',(0.,0.,-1.));
#14524=DIRECTION('',(-1.,0.,0.));
#14525=DIRECTION('',(0.,1.,0.));
#14526=DIRECTION('',(0.,0.,1.));
#14527=DIRECTION('',(1.,0.,0.));
#14528=DIRECTION('',(0.,1.,0.));
#14529=DIRECTION('',(1.,0.,0.));
#14530=DIRECTION('',(0.,1.,0.));
#14531=DIRECTION('',(1.,0.,0.));
#14532=DIRECTION('',(0.,1.,0.));
#14533=DIRECTION('',(1.,0.,0.));
#14534=DIRECTION('',(0.,1.,0.));
#14535=DIRECTION('',(1.,0.,0.));
#14536=DIRECTION('',(0.,1.,0.));
#14537=DIRECTION('',(-2.8421709430404E-15,-1.,0.));
#14538=DIRECTION('',(0.,0.,1.));
#14539=DIRECTION('',(0.,-1.,0.));
#14540=DIRECTION('',(1.,0.,0.));
#14541=DIRECTION('',(0.,0.,-1.));
#14542=DIRECTION('',(1.,0.,0.));
#14543=DIRECTION('',(0.,-1.,0.));
#14544=DIRECTION('',(2.8421709430404E-15,1.,0.));
#14545=DIRECTION('',(0.,0.,-1.));
#14546=DIRECTION('',(-1.,0.,0.));
#14547=DIRECTION('',(-3.46944695195361E-16,1.,0.));
#14548=DIRECTION('',(1.,0.,0.));
#14549=DIRECTION('',(2.8421709430404E-15,1.,0.));
#14550=DIRECTION('',(0.,0.,-1.));
#14551=DIRECTION('',(-1.,0.,0.));
#14552=DIRECTION('',(0.,0.,1.));
#14553=DIRECTION('',(-1.,0.,0.));
#14554=DIRECTION('',(1.,0.,0.));
#14555=DIRECTION('',(0.,0.,-1.));
#14556=DIRECTION('',(0.,0.,-1.));
#14557=DIRECTION('',(-1.,-1.06752213906265E-16,0.));
#14558=DIRECTION('',(0.,0.,-1.));
#14559=DIRECTION('',(0.,0.,-1.));
#14560=DIRECTION('',(-1.,0.,0.));
#14561=DIRECTION('',(0.,0.,1.));
#14562=DIRECTION('',(-1.,0.,0.));
#14563=DIRECTION('',(0.,0.,1.));
#14564=DIRECTION('',(1.,0.,0.));
#14565=DIRECTION('',(0.,-1.,0.));
#14566=DIRECTION('',(0.,0.,-1.));
#14567=DIRECTION('',(1.,0.,0.));
#14568=DIRECTION('',(0.,1.,0.));
#14569=DIRECTION('',(-1.,0.,0.));
#14570=DIRECTION('',(0.,0.,1.));
#14571=DIRECTION('',(0.,-1.,0.));
#14572=DIRECTION('',(0.,0.,-1.));
#14573=DIRECTION('',(-1.,0.,0.));
#14574=DIRECTION('',(1.,0.,0.));
#14575=DIRECTION('',(0.,1.,0.));
#14576=DIRECTION('',(-1.,0.,0.));
#14577=DIRECTION('',(0.,0.,1.));
#14578=DIRECTION('',(0.,1.,0.));
#14579=DIRECTION('',(1.,0.,0.));
#14580=DIRECTION('',(0.,0.,-1.));
#14581=DIRECTION('',(0.,1.,0.));
#14582=DIRECTION('',(0.,0.,1.));
#14583=DIRECTION('',(1.,0.,0.));
#14584=DIRECTION('',(1.,0.,0.));
#14585=DIRECTION('',(0.,1.,0.));
#14586=DIRECTION('',(0.,-1.,0.));
#14587=DIRECTION('',(-2.8421709430404E-15,-1.,0.));
#14588=DIRECTION('',(1.,0.,0.));
#14589=DIRECTION('',(0.,1.,0.));
#14590=DIRECTION('',(1.,0.,0.));
#14591=DIRECTION('',(0.,1.,0.));
#14592=DIRECTION('',(1.,0.,0.));
#14593=DIRECTION('',(0.,1.,0.));
#14594=DIRECTION('',(1.,0.,0.));
#14595=DIRECTION('',(0.,1.,0.));
#14596=DIRECTION('',(1.,-2.8421709430404E-15,0.));
#14597=DIRECTION('',(2.83106871279415E-15,1.,0.));
#14598=DIRECTION('',(-2.8421709430404E-15,-1.,0.));
#14599=DIRECTION('',(0.,0.,1.));
#14600=DIRECTION('',(1.,0.,0.));
#14601=DIRECTION('',(1.,0.,0.));
#14602=DIRECTION('',(0.,1.,0.));
#14603=DIRECTION('',(1.,0.,0.));
#14604=DIRECTION('',(0.,0.,-1.));
#14605=DIRECTION('',(1.,0.,0.));
#14606=DIRECTION('',(0.,1.,0.));
#14607=DIRECTION('',(1.,0.,0.));
#14608=DIRECTION('',(0.,0.,-1.));
#14609=DIRECTION('',(1.,0.,0.));
#14610=DIRECTION('',(0.,0.,-1.));
#14611=DIRECTION('',(1.,0.,0.));
#14612=DIRECTION('',(0.,1.,0.));
#14613=DIRECTION('',(-1.,0.,0.));
#14614=DIRECTION('',(0.,0.,1.));
#14615=DIRECTION('',(0.,-1.,0.));
#14616=DIRECTION('',(0.,0.,-1.));
#14617=DIRECTION('',(-1.,0.,0.));
#14618=DIRECTION('',(1.,0.,0.));
#14619=DIRECTION('',(0.,1.,0.));
#14620=DIRECTION('',(-1.,0.,0.));
#14621=DIRECTION('',(0.,0.,1.));
#14622=DIRECTION('',(1.,0.,0.));
#14623=DIRECTION('',(0.,0.,-1.));
#14624=DIRECTION('',(1.,0.,0.));
#14625=DIRECTION('',(0.,1.,0.));
#14626=DIRECTION('',(-1.,0.,0.));
#14627=DIRECTION('',(0.,0.,1.));
#14628=DIRECTION('',(-2.8421709430404E-15,-1.,0.));
#14629=DIRECTION('',(0.,0.,-1.));
#14630=DIRECTION('',(-1.,0.,0.));
#14631=DIRECTION('',(1.,0.,0.));
#14632=DIRECTION('',(0.,1.,0.));
#14633=DIRECTION('',(-1.,0.,0.));
#14634=DIRECTION('',(0.,0.,1.));
#14635=DIRECTION('',(1.,0.,0.));
#14636=DIRECTION('',(0.,0.,-1.));
#14637=DIRECTION('',(0.,-1.,0.));
#14638=DIRECTION('',(1.,4.2700885562506E-16,0.));
#14639=DIRECTION('',(-3.46944695195361E-16,1.,0.));
#14640=DIRECTION('',(0.,0.,1.));
#14641=DIRECTION('',(1.,0.,0.));
#14642=DIRECTION('',(0.,-1.,0.));
#14643=DIRECTION('',(0.,0.,-1.));
#14644=DIRECTION('',(1.,0.,0.));
#14645=DIRECTION('',(0.,0.,-1.));
#14646=DIRECTION('',(1.,4.2700885562506E-16,0.));
#14647=DIRECTION('',(0.,0.,-1.));
#14648=DIRECTION('',(-4.2700885562506E-16,1.,0.));
#14649=DIRECTION('',(-1.,-4.30211422042248E-16,0.));
#14650=DIRECTION('',(-3.46944695195361E-16,1.,0.));
#14651=DIRECTION('',(-1.,-3.46944695195361E-16,0.));
#14652=DIRECTION('',(3.46944695195361E-16,-1.,0.));
#14653=DIRECTION('',(0.,1.,0.));
#14654=DIRECTION('',(1.,1.77635683940025E-16,0.));
#14655=DIRECTION('',(0.,-1.,0.));
#14656=DIRECTION('',(1.,1.77635683940025E-16,0.));
#14657=DIRECTION('',(0.,0.,1.));
#14658=DIRECTION('',(1.,0.,0.));
#14659=DIRECTION('',(-1.,0.,0.));
#14660=DIRECTION('',(0.,1.,0.));
#14661=DIRECTION('',(1.,0.,0.));
#14662=DIRECTION('',(0.,0.,-1.));
#14663=DIRECTION('',(-1.,0.,0.));
#14664=DIRECTION('',(0.,0.,1.));
#14665=DIRECTION('',(-1.,0.,0.));
#14666=DIRECTION('',(0.,1.,0.));
#14667=DIRECTION('',(1.,0.,0.));
#14668=DIRECTION('',(0.,0.,-1.));
#14669=DIRECTION('',(1.,0.,0.));
#14670=DIRECTION('',(0.,0.,-1.));
#14671=DIRECTION('',(-2.31296463463574E-15,0.,-1.));
#14672=DIRECTION('',(0.,-1.,0.));
#14673=DIRECTION('',(-2.31296463463574E-15,0.,-1.));
#14674=DIRECTION('',(-1.,0.,2.31296463463574E-15));
#14675=DIRECTION('',(2.31065167000111E-15,0.,1.));
#14676=DIRECTION('',(0.,0.,1.));
#14677=DIRECTION('',(0.,-1.,0.));
#14678=DIRECTION('',(0.,0.,1.));
#14679=DIRECTION('',(1.,0.,0.));
#14680=DIRECTION('',(0.,0.,-1.));
#14681=DIRECTION('',(1.,0.,0.));
#14682=DIRECTION('',(1.77635683940025E-16,-1.,-4.1086505480261E-31));
#14683=DIRECTION('',(1.,1.76941794549634E-16,0.));
#14684=DIRECTION('',(1.,0.,0.));
#14685=DIRECTION('',(1.77635683940025E-16,-1.,-4.1086505480261E-31));
#14686=DIRECTION('',(1.,1.77592315853126E-16,0.));
#14687=DIRECTION('',(0.,0.,-1.));
#14688=DIRECTION('',(-1.,0.,0.));
#14689=DIRECTION('',(3.58954748960144E-15,1.,3.01198797461789E-15));
#14690=DIRECTION('',(-0.766044443118978,4.68582145833009E-15,-0.642787609686539));
#14691=DIRECTION('',(0.,0.,1.));
#14692=DIRECTION('',(1.,0.,0.));
#14693=DIRECTION('',(0.,0.,-1.));
#14694=DIRECTION('',(1.,-7.72329060608805E-17,0.));
#14695=DIRECTION('',(0.,0.,-1.));
#14696=DIRECTION('',(-1.,-1.38777878078145E-16,0.));
#14697=DIRECTION('',(0.,0.,1.));
#14698=DIRECTION('',(1.,0.,0.));
#14699=DIRECTION('',(0.,0.,1.));
#14700=DIRECTION('',(1.,0.,0.));
#14701=DIRECTION('',(0.,0.,1.));
#14702=DIRECTION('',(1.,0.,0.));
#14703=DIRECTION('',(-4.6858214583301E-15,0.,1.));
#14704=DIRECTION('',(1.,0.,4.6858214583301E-15));
#14705=DIRECTION('',(0.,0.,1.));
#14706=DIRECTION('',(1.,0.,0.));
#14707=DIRECTION('',(0.,-1.,1.27675647831893E-15));
#14708=DIRECTION('',(1.,0.,0.));
#14709=DIRECTION('',(0.,-1.,-7.88860905221012E-31));
#14710=DIRECTION('',(1.,0.,0.));
#14711=DIRECTION('',(0.,1.,7.88860905221012E-31));
#14712=DIRECTION('',(1.,0.,0.));
#14713=DIRECTION('',(0.,-1.,0.));
#14714=DIRECTION('',(1.,0.,0.));
#14715=DIRECTION('',(0.,1.,0.));
#14716=DIRECTION('',(-1.,0.,-4.6858214583301E-15));
#14717=DIRECTION('',(0.,1.,0.));
#14718=DIRECTION('',(1.,0.,0.));
#14719=DIRECTION('',(0.,1.,1.47104550762833E-15));
#14720=DIRECTION('',(1.,0.,0.));
#14721=DIRECTION('',(0.,-1.,0.));
#14722=DIRECTION('',(1.,0.,0.));
#14723=DIRECTION('',(-2.34291072916505E-15,-1.,-1.09784613696734E-29));
#14724=DIRECTION('',(1.,-2.34291072916505E-15,4.6858214583301E-15));
#14725=DIRECTION('',(0.,0.,1.));
#14726=DIRECTION('',(-1.,-1.16573417585641E-15,0.));
#14727=DIRECTION('',(-1.48492329543615E-15,-1.,1.38777878078168E-17));
#14728=DIRECTION('',(1.,-1.48492329543615E-15,-1.45716771982052E-15));
#14729=DIRECTION('',(-4.6858214583301E-15,0.,1.));
#14730=DIRECTION('',(1.,-3.16121174484789E-29,4.6858214583301E-15));
#14731=DIRECTION('',(2.30796740156886E-15,1.,1.173735987483E-16));
#14732=DIRECTION('',(-1.,2.30796740156886E-15,-4.6858214583301E-15));
#14733=DIRECTION('',(0.,-1.,0.));
#14734=DIRECTION('',(1.,0.,0.));
#14735=DIRECTION('',(0.,1.,0.));
#14736=DIRECTION('',(-1.,0.,-4.6858214583301E-15));
#14737=DIRECTION('',(1.,1.34614541735798E-15,0.));
#14738=DIRECTION('',(-1.34614541735798E-15,1.,-3.09015907934533E-33));
#14739=DIRECTION('',(-1.72276194370616E-81,1.,0.));
#14740=DIRECTION('',(-1.,-1.72276194370616E-81,0.));
#14741=DIRECTION('',(0.,0.,-1.));
#14742=DIRECTION('',(2.77555756156293E-15,1.,0.));
#14743=CARTESIAN_POINT('',(0.,0.,0.));
#14744=CARTESIAN_POINT('',(0.,42.,0.));
#14745=CARTESIAN_POINT('',(0.,42.,0.));
#14746=CARTESIAN_POINT('',(0.,0.,0.));
#14747=CARTESIAN_POINT('',(0.,0.,5.));
#14748=CARTESIAN_POINT('',(0.,0.,5.));
#14749=CARTESIAN_POINT('',(0.,42.,5.));
#14750=CARTESIAN_POINT('',(0.,42.,5.));
#14751=CARTESIAN_POINT('',(0.,42.,5.));
#14752=CARTESIAN_POINT('',(0.,42.,5.));
#14753=CARTESIAN_POINT('',(0.,0.,0.));
#14754=CARTESIAN_POINT('',(42.,0.,0.));
#14755=CARTESIAN_POINT('',(42.,0.,5.));
#14756=CARTESIAN_POINT('',(42.,0.,5.));
#14757=CARTESIAN_POINT('',(0.,0.,5.));
#14758=CARTESIAN_POINT('',(0.,0.,5.));
#14759=CARTESIAN_POINT('',(42.,0.,0.));
#14760=CARTESIAN_POINT('',(42.,42.,0.));
#14761=CARTESIAN_POINT('',(42.,42.,5.));
#14762=CARTESIAN_POINT('',(42.,42.,5.));
#14763=CARTESIAN_POINT('',(42.,0.,5.));
#14764=CARTESIAN_POINT('',(42.,0.,5.));
#14765=CARTESIAN_POINT('',(36.5,5.50000000000001,3.));
#14766=CARTESIAN_POINT('',(38.,5.50000000000001,3.));
#14767=CARTESIAN_POINT('',(36.5,5.50000000000001,5.));
#14768=CARTESIAN_POINT('',(38.,5.50000000000001,5.));
#14769=CARTESIAN_POINT('',(36.5,5.50000000000001,5.));
#14770=CARTESIAN_POINT('',(21.,21.,5.));
#14771=CARTESIAN_POINT('',(32.5,21.,5.));
#14772=CARTESIAN_POINT('',(21.,21.,0.));
#14773=CARTESIAN_POINT('',(32.5,21.,0.));
#14774=CARTESIAN_POINT('',(21.,21.,5.));
#14775=CARTESIAN_POINT('',(5.5,36.5,3.));
#14776=CARTESIAN_POINT('',(7.,36.5,3.));
#14777=CARTESIAN_POINT('',(5.5,36.5,5.));
#14778=CARTESIAN_POINT('',(7.,36.5,5.));
#14779=CARTESIAN_POINT('',(5.5,36.5,5.));
#14780=CARTESIAN_POINT('',(5.5,5.5,3.));
#14781=CARTESIAN_POINT('',(7.,5.5,3.));
#14782=CARTESIAN_POINT('',(5.5,5.5,5.));
#14783=CARTESIAN_POINT('',(7.,5.5,5.));
#14784=CARTESIAN_POINT('',(5.5,5.5,5.));
#14785=CARTESIAN_POINT('',(42.,42.,0.));
#14786=CARTESIAN_POINT('',(42.,42.,5.));
#14787=CARTESIAN_POINT('',(42.,42.,5.));
#14788=CARTESIAN_POINT('',(36.5,36.5,3.));
#14789=CARTESIAN_POINT('',(38.,36.5,3.));
#14790=CARTESIAN_POINT('',(36.5,36.5,5.));
#14791=CARTESIAN_POINT('',(38.,36.5,5.));
#14792=CARTESIAN_POINT('',(36.5,36.5,5.));
#14793=CARTESIAN_POINT('',(5.5,5.5,5.));
#14794=CARTESIAN_POINT('',(36.5,5.50000000000001,0.));
#14795=CARTESIAN_POINT('',(40.5,5.50000000000001,0.));
#14796=CARTESIAN_POINT('',(5.5,36.5,0.));
#14797=CARTESIAN_POINT('',(9.5,36.5,0.));
#14798=CARTESIAN_POINT('',(5.5,5.5,0.));
#14799=CARTESIAN_POINT('',(9.50000000000001,5.5,0.));
#14800=CARTESIAN_POINT('',(36.5,36.5,0.));
#14801=CARTESIAN_POINT('',(40.5,36.5,0.));
#14802=CARTESIAN_POINT('',(5.5,5.5,0.));
#14803=CARTESIAN_POINT('',(36.5,36.5,3.));
#14804=CARTESIAN_POINT('',(40.5,36.5,3.));
#14805=CARTESIAN_POINT('',(36.5,36.5,3.));
#14806=CARTESIAN_POINT('',(36.5,36.5,3.));
#14807=CARTESIAN_POINT('',(5.5,5.5,3.));
#14808=CARTESIAN_POINT('',(9.50000000000001,5.5,3.));
#14809=CARTESIAN_POINT('',(5.5,5.5,3.));
#14810=CARTESIAN_POINT('',(5.5,5.5,3.));
#14811=CARTESIAN_POINT('',(5.5,36.5,3.));
#14812=CARTESIAN_POINT('',(9.5,36.5,3.));
#14813=CARTESIAN_POINT('',(5.5,36.5,3.));
#14814=CARTESIAN_POINT('',(5.5,36.5,3.));
#14815=CARTESIAN_POINT('',(36.5,5.50000000000001,3.));
#14816=CARTESIAN_POINT('',(40.5,5.50000000000001,3.));
#14817=CARTESIAN_POINT('',(36.5,5.50000000000001,3.));
#14818=CARTESIAN_POINT('',(36.5,5.50000000000001,3.));
#14819=CARTESIAN_POINT('',(0.,0.,1.55));
#14820=CARTESIAN_POINT('',(2.1,0.,1.55));
#14821=CARTESIAN_POINT('',(0.,0.,80.));
#14822=CARTESIAN_POINT('',(2.1,0.,80.));
#14823=CARTESIAN_POINT('',(0.,0.,80.));
#14824=CARTESIAN_POINT('',(0.,0.,80.));
#14825=CARTESIAN_POINT('',(0.,0.,0.));
#14826=CARTESIAN_POINT('',(0.55,0.,0.));
#14827=CARTESIAN_POINT('',(0.,0.,0.));
#14828=CARTESIAN_POINT('',(0.,0.,1.55));
#14829=CARTESIAN_POINT('',(0.,0.,10.5));
#14830=CARTESIAN_POINT('',(5.5,0.,10.5));
#14831=CARTESIAN_POINT('',(0.,0.,0.));
#14832=CARTESIAN_POINT('',(5.5,0.,0.));
#14833=CARTESIAN_POINT('',(0.,0.,10.5));
#14834=CARTESIAN_POINT('',(0.,0.,0.));
#14835=CARTESIAN_POINT('',(1.2,0.,0.));
#14836=CARTESIAN_POINT('',(0.,0.,65.5));
#14837=CARTESIAN_POINT('',(1.2,0.,65.5));
#14838=CARTESIAN_POINT('',(0.,0.,10.5));
#14839=CARTESIAN_POINT('',(0.,0.,10.5));
#14840=CARTESIAN_POINT('',(5.15,0.,10.5));
#14841=CARTESIAN_POINT('',(0.,0.,10.5));
#14842=CARTESIAN_POINT('',(0.,0.,0.));
#14843=CARTESIAN_POINT('',(0.,0.,16.5));
#14844=CARTESIAN_POINT('',(5.15,0.,16.5));
#14845=CARTESIAN_POINT('',(0.,0.,16.5));
#14846=CARTESIAN_POINT('',(0.,0.,27.5));
#14847=CARTESIAN_POINT('',(5.5,0.,27.5));
#14848=CARTESIAN_POINT('',(0.,0.,16.5));
#14849=CARTESIAN_POINT('',(5.5,0.,16.5));
#14850=CARTESIAN_POINT('',(0.,0.,27.5));
#14851=CARTESIAN_POINT('',(0.,0.,16.5));
#14852=CARTESIAN_POINT('',(0.,0.,38.6));
#14853=CARTESIAN_POINT('',(-3.5,0.,38.6));
#14854=CARTESIAN_POINT('',(0.,0.,28.5));
#14855=CARTESIAN_POINT('',(3.5,0.,28.5));
#14856=CARTESIAN_POINT('',(0.,0.,38.5));
#14857=CARTESIAN_POINT('',(0.,0.,28.5));
#14858=CARTESIAN_POINT('',(0.,0.,39.5));
#14859=CARTESIAN_POINT('',(1.25,0.,39.5));
#14860=CARTESIAN_POINT('',(0.,0.,65.5));
#14861=CARTESIAN_POINT('',(1.25,0.,65.5));
#14862=CARTESIAN_POINT('',(0.,0.,65.5));
#14863=CARTESIAN_POINT('',(0.,0.,65.5));
#14864=CARTESIAN_POINT('',(0.,0.,39.5));
#14865=CARTESIAN_POINT('',(0.,0.,36.5));
#14866=CARTESIAN_POINT('',(3.25,3.9801020972289E-16,36.5));
#14867=CARTESIAN_POINT('',(0.,0.,3.));
#14868=CARTESIAN_POINT('',(-3.25,0.,3.));
#14869=CARTESIAN_POINT('',(0.,0.,36.5));
#14870=CARTESIAN_POINT('',(0.,0.,36.5));
#14871=CARTESIAN_POINT('',(-1.,0.,36.5));
#14872=CARTESIAN_POINT('',(0.,0.,36.5));
#14873=CARTESIAN_POINT('',(0.,0.,3.));
#14874=CARTESIAN_POINT('',(5.,6.12323399573677E-16,3.));
#14875=CARTESIAN_POINT('',(0.,0.,0.));
#14876=CARTESIAN_POINT('',(5.,6.12323399573677E-16,0.));
#14877=CARTESIAN_POINT('',(0.,0.,3.));
#14878=CARTESIAN_POINT('',(0.,0.,3.));
#14879=CARTESIAN_POINT('',(0.,0.,0.));
#14880=CARTESIAN_POINT('',(0.,0.,39.5));
#14881=CARTESIAN_POINT('',(1.,1.22464679914735E-16,39.5));
#14882=CARTESIAN_POINT('',(0.,0.,39.5));
#14883=CARTESIAN_POINT('',(0.,0.,39.5));
#14884=CARTESIAN_POINT('',(9.50000000000001,9.49999999999996,-78.5));
#14885=CARTESIAN_POINT('',(9.50000000000001,9.49999999999996,-78.5));
#14886=CARTESIAN_POINT('',(9.50000000000001,32.5,-78.5));
#14887=CARTESIAN_POINT('',(9.50000000000001,32.5,-83.5));
#14888=CARTESIAN_POINT('',(9.50000000000001,32.5,-83.5));
#14889=CARTESIAN_POINT('',(9.50000000000001,9.49999999999996,-83.5));
#14890=CARTESIAN_POINT('',(9.50000000000001,9.49999999999996,-83.5));
#14891=CARTESIAN_POINT('',(9.50000000000001,9.49999999999996,-83.5));
#14892=CARTESIAN_POINT('',(9.50000000000001,9.49999999999996,-83.5));
#14893=CARTESIAN_POINT('',(9.50000000000001,32.5,-78.5));
#14894=CARTESIAN_POINT('',(32.5,32.5,-78.5));
#14895=CARTESIAN_POINT('',(32.5,32.5,-83.5));
#14896=CARTESIAN_POINT('',(32.5,32.5,-83.5));
#14897=CARTESIAN_POINT('',(9.50000000000001,32.5,-83.5));
#14898=CARTESIAN_POINT('',(9.50000000000001,32.5,-83.5));
#14899=CARTESIAN_POINT('',(32.5,32.5,-78.5));
#14900=CARTESIAN_POINT('',(32.5,9.49999999999996,-78.5));
#14901=CARTESIAN_POINT('',(32.5,9.49999999999996,-83.5));
#14902=CARTESIAN_POINT('',(32.5,9.49999999999996,-83.5));
#14903=CARTESIAN_POINT('',(32.5,32.5,-83.5));
#14904=CARTESIAN_POINT('',(32.5,32.5,-83.5));
#14905=CARTESIAN_POINT('',(21.,21.,-78.5));
#14906=CARTESIAN_POINT('',(17.65,21.,-78.5));
#14907=CARTESIAN_POINT('',(21.,21.,-108.5));
#14908=CARTESIAN_POINT('',(17.65,21.,-108.5));
#14909=CARTESIAN_POINT('',(21.,21.,-83.5));
#14910=CARTESIAN_POINT('',(12.5,12.5,-83.5));
#14911=CARTESIAN_POINT('',(11.,12.5,-83.5));
#14912=CARTESIAN_POINT('',(12.5,12.5,-78.5));
#14913=CARTESIAN_POINT('',(11.,12.5,-78.5));
#14914=CARTESIAN_POINT('',(12.5,12.5,-83.5));
#14915=CARTESIAN_POINT('',(12.5,29.5,-83.5));
#14916=CARTESIAN_POINT('',(11.,29.5,-83.5));
#14917=CARTESIAN_POINT('',(12.5,29.5,-78.5));
#14918=CARTESIAN_POINT('',(11.,29.5,-78.5));
#14919=CARTESIAN_POINT('',(12.5,29.5,-83.5));
#14920=CARTESIAN_POINT('',(29.5,12.5,-83.5));
#14921=CARTESIAN_POINT('',(28.,12.5,-83.5));
#14922=CARTESIAN_POINT('',(29.5,12.5,-78.5));
#14923=CARTESIAN_POINT('',(28.,12.5,-78.5));
#14924=CARTESIAN_POINT('',(29.5,12.5,-83.5));
#14925=CARTESIAN_POINT('',(32.5,9.49999999999996,-78.5));
#14926=CARTESIAN_POINT('',(32.5,9.49999999999996,-83.5));
#14927=CARTESIAN_POINT('',(32.5,9.49999999999996,-83.5));
#14928=CARTESIAN_POINT('',(29.5,29.5,-83.5));
#14929=CARTESIAN_POINT('',(28.,29.5,-83.5));
#14930=CARTESIAN_POINT('',(29.5,29.5,-78.5));
#14931=CARTESIAN_POINT('',(28.,29.5,-78.5));
#14932=CARTESIAN_POINT('',(29.5,29.5,-83.5));
#14933=CARTESIAN_POINT('',(21.,21.,-83.5));
#14934=CARTESIAN_POINT('',(21.,26.5,-83.5));
#14935=CARTESIAN_POINT('',(29.5,12.5,-83.5));
#14936=CARTESIAN_POINT('',(29.5,12.5,-78.5));
#14937=CARTESIAN_POINT('',(21.,21.,-108.5));
#14938=CARTESIAN_POINT('',(21.,26.5,-108.5));
#14939=CARTESIAN_POINT('',(21.,21.,-108.5));
#14940=CARTESIAN_POINT('',(21.,21.,-108.5));
#14941=CARTESIAN_POINT('',(21.,21.,-51.));
#14942=CARTESIAN_POINT('',(21.,26.5,-51.));
#14943=CARTESIAN_POINT('',(21.,21.,-78.5));
#14944=CARTESIAN_POINT('',(21.,26.5,-78.5));
#14945=CARTESIAN_POINT('',(21.,21.,-51.));
#14946=CARTESIAN_POINT('',(21.,21.,-51.));
#14947=CARTESIAN_POINT('',(21.,21.,-78.5));
#14948=CARTESIAN_POINT('',(21.,26.25,-78.5));
#14949=CARTESIAN_POINT('',(21.,21.,-75.5));
#14950=CARTESIAN_POINT('',(21.,26.25,-75.5));
#14951=CARTESIAN_POINT('',(21.,21.,-78.5));
#14952=CARTESIAN_POINT('',(21.,21.,-78.5));
#14953=CARTESIAN_POINT('',(21.,21.,-75.5));
#14954=CARTESIAN_POINT('',(29.,21.,3.));
#14955=CARTESIAN_POINT('',(30.5,21.,3.));
#14956=CARTESIAN_POINT('',(29.,21.,-30.));
#14957=CARTESIAN_POINT('',(30.5,21.,-30.));
#14958=CARTESIAN_POINT('',(29.,21.,5.));
#14959=CARTESIAN_POINT('',(21.0000000000245,29.,3.));
#14960=CARTESIAN_POINT('',(22.5000000000245,29.,3.));
#14961=CARTESIAN_POINT('',(21.0000000000245,29.,-30.));
#14962=CARTESIAN_POINT('',(22.5000000000245,29.,-30.));
#14963=CARTESIAN_POINT('',(21.0000000000245,29.,5.));
#14964=CARTESIAN_POINT('',(20.9999999999999,13.0399826013986,3.));
#14965=CARTESIAN_POINT('',(22.4999999999999,13.0399826013986,3.));
#14966=CARTESIAN_POINT('',(20.9999999999999,13.0399826013986,-30.));
#14967=CARTESIAN_POINT('',(22.4999999999999,13.0399826013986,-30.));
#14968=CARTESIAN_POINT('',(20.9999999999999,13.0399826013986,5.));
#14969=CARTESIAN_POINT('',(21.,21.,3.));
#14970=CARTESIAN_POINT('',(26.,21.,3.));
#14971=CARTESIAN_POINT('',(21.,21.,-50.));
#14972=CARTESIAN_POINT('',(26.,21.,-50.));
#14973=CARTESIAN_POINT('',(21.,21.,5.));
#14974=CARTESIAN_POINT('',(12.9844722585525,21.,3.));
#14975=CARTESIAN_POINT('',(14.4844722585525,21.,3.));
#14976=CARTESIAN_POINT('',(12.9844722585525,21.,-30.));
#14977=CARTESIAN_POINT('',(14.4844722585525,21.,-30.));
#14978=CARTESIAN_POINT('',(12.9844722585525,21.,5.));
#14979=CARTESIAN_POINT('',(33.85,34.9700217866475,-20.));
#14980=CARTESIAN_POINT('',(33.85,34.9700217866475,-20.));
#14981=CARTESIAN_POINT('',(33.85,38.0299782133525,-20.));
#14982=CARTESIAN_POINT('',(33.85,38.0299782133525,5.));
#14983=CARTESIAN_POINT('',(33.85,38.0299782133525,5.));
#14984=CARTESIAN_POINT('',(33.85,34.9700217866475,5.));
#14985=CARTESIAN_POINT('',(33.85,34.9700217866475,5.));
#14986=CARTESIAN_POINT('',(33.85,34.9700217866475,5.));
#14987=CARTESIAN_POINT('',(33.85,34.9700217866475,5.));
#14988=CARTESIAN_POINT('',(33.85,38.0299782133525,-20.));
#14989=CARTESIAN_POINT('',(36.5,39.559956426705,-20.));
#14990=CARTESIAN_POINT('',(36.5,39.559956426705,5.));
#14991=CARTESIAN_POINT('',(36.5,39.559956426705,5.));
#14992=CARTESIAN_POINT('',(33.85,38.0299782133525,5.));
#14993=CARTESIAN_POINT('',(33.85,38.0299782133525,5.));
#14994=CARTESIAN_POINT('',(36.5,39.559956426705,-20.));
#14995=CARTESIAN_POINT('',(39.,38.116580753731,-20.));
#14996=CARTESIAN_POINT('',(42.296796802871,36.2131742321299,7.47330669059121));
#14997=CARTESIAN_POINT('',(39.15,38.0299782133525,-18.75));
#14998=CARTESIAN_POINT('',(39.15,38.0299782133525,5.));
#14999=CARTESIAN_POINT('',(39.15,38.0299782133525,5.));
#15000=CARTESIAN_POINT('',(36.5,39.559956426705,5.));
#15001=CARTESIAN_POINT('',(36.5,39.559956426705,5.));
#15002=CARTESIAN_POINT('',(39.1500000000001,-4.55267463053767E-13,-18.7499999999992));
#15003=CARTESIAN_POINT('',(39.15,34.9700217866475,-18.7499999999999));
#15004=CARTESIAN_POINT('',(39.15,34.9700217866475,5.));
#15005=CARTESIAN_POINT('',(39.15,34.9700217866475,5.));
#15006=CARTESIAN_POINT('',(39.15,38.0299782133525,5.));
#15007=CARTESIAN_POINT('',(39.15,38.0299782133525,5.));
#15008=CARTESIAN_POINT('',(41.7013193666738,36.4430267097853,2.51099472228161));
#15009=CARTESIAN_POINT('',(39.,34.883419246269,-20.));
#15010=CARTESIAN_POINT('',(39.15,34.9700217866475,-20.));
#15011=CARTESIAN_POINT('',(36.5,33.440043573295,-20.));
#15012=CARTESIAN_POINT('',(36.5,33.440043573295,5.));
#15013=CARTESIAN_POINT('',(36.5,33.440043573295,5.));
#15014=CARTESIAN_POINT('',(39.15,34.9700217866475,5.));
#15015=CARTESIAN_POINT('',(39.15,34.9700217866475,5.));
#15016=CARTESIAN_POINT('',(33.85,7.0299782133525,-20.));
#15017=CARTESIAN_POINT('',(33.85,7.0299782133525,-20.));
#15018=CARTESIAN_POINT('',(36.5,8.55995642670502,-20.));
#15019=CARTESIAN_POINT('',(36.5,8.55995642670502,5.));
#15020=CARTESIAN_POINT('',(36.5,8.55995642670502,5.));
#15021=CARTESIAN_POINT('',(33.85,7.0299782133525,5.));
#15022=CARTESIAN_POINT('',(33.85,7.0299782133525,5.));
#15023=CARTESIAN_POINT('',(33.85,7.0299782133525,5.));
#15024=CARTESIAN_POINT('',(33.85,7.0299782133525,5.));
#15025=CARTESIAN_POINT('',(36.5,8.55995642670502,-20.));
#15026=CARTESIAN_POINT('',(39.,7.11658075373095,-20.));
#15027=CARTESIAN_POINT('',(42.043922823116,5.35917109241249,5.36602352596659));
#15028=CARTESIAN_POINT('',(39.15,7.02997821335251,-18.75));
#15029=CARTESIAN_POINT('',(39.15,7.02997821335251,5.));
#15030=CARTESIAN_POINT('',(39.15,7.02997821335251,5.));
#15031=CARTESIAN_POINT('',(36.5,8.55995642670502,5.));
#15032=CARTESIAN_POINT('',(36.5,8.55995642670502,5.));
#15033=CARTESIAN_POINT('',(39.15,0.,-18.75));
#15034=CARTESIAN_POINT('',(39.15,3.97002178664749,-18.75));
#15035=CARTESIAN_POINT('',(39.15,3.97002178664749,5.));
#15036=CARTESIAN_POINT('',(39.15,3.97002178664749,5.));
#15037=CARTESIAN_POINT('',(39.15,7.02997821335251,5.));
#15038=CARTESIAN_POINT('',(39.15,7.02997821335251,5.));
#15039=CARTESIAN_POINT('',(41.9541933464288,5.58902357006789,4.61827788690625));
#15040=CARTESIAN_POINT('',(39.,3.88341924626905,-20.));
#15041=CARTESIAN_POINT('',(39.15,3.97002178664749,-20.));
#15042=CARTESIAN_POINT('',(36.5,2.44004357329498,-20.));
#15043=CARTESIAN_POINT('',(36.5,2.44004357329498,5.));
#15044=CARTESIAN_POINT('',(36.5,2.44004357329498,5.));
#15045=CARTESIAN_POINT('',(39.15,3.97002178664749,5.));
#15046=CARTESIAN_POINT('',(39.15,3.97002178664749,5.));
#15047=CARTESIAN_POINT('',(36.5,2.44004357329498,-20.));
#15048=CARTESIAN_POINT('',(33.85,3.97002178664749,-20.));
#15049=CARTESIAN_POINT('',(33.85,3.97002178664749,5.));
#15050=CARTESIAN_POINT('',(33.85,3.97002178664749,5.));
#15051=CARTESIAN_POINT('',(36.5,2.44004357329498,5.));
#15052=CARTESIAN_POINT('',(36.5,2.44004357329498,5.));
#15053=CARTESIAN_POINT('',(5.5,33.440043573295,-20.));
#15054=CARTESIAN_POINT('',(5.5,33.440043573295,-20.));
#15055=CARTESIAN_POINT('',(3.,34.883419246269,-20.));
#15056=CARTESIAN_POINT('',(-0.0439228231159913,36.6408289075875,5.36602352596659));
#15057=CARTESIAN_POINT('',(2.85,34.9700217866475,-18.75));
#15058=CARTESIAN_POINT('',(2.85,34.9700217866475,5.));
#15059=CARTESIAN_POINT('',(2.85,34.9700217866475,5.));
#15060=CARTESIAN_POINT('',(5.5,33.440043573295,5.));
#15061=CARTESIAN_POINT('',(5.5,33.440043573295,5.));
#15062=CARTESIAN_POINT('',(5.5,33.440043573295,5.));
#15063=CARTESIAN_POINT('',(5.5,33.440043573295,5.));
#15064=CARTESIAN_POINT('',(2.85000000000001,41.9999999999998,-18.75));
#15065=CARTESIAN_POINT('',(2.85,38.0299782133525,-18.75));
#15066=CARTESIAN_POINT('',(2.85,38.0299782133525,5.));
#15067=CARTESIAN_POINT('',(2.85,38.0299782133525,5.));
#15068=CARTESIAN_POINT('',(2.85,34.9700217866475,5.));
#15069=CARTESIAN_POINT('',(2.85,34.9700217866475,5.));
#15070=CARTESIAN_POINT('',(0.0458066535712503,36.4109764299321,4.61827788690625));
#15071=CARTESIAN_POINT('',(3.,38.116580753731,-20.));
#15072=CARTESIAN_POINT('',(2.85,38.0299782133525,-20.));
#15073=CARTESIAN_POINT('',(5.5,39.559956426705,-20.));
#15074=CARTESIAN_POINT('',(5.5,39.559956426705,5.));
#15075=CARTESIAN_POINT('',(5.5,39.559956426705,5.));
#15076=CARTESIAN_POINT('',(2.85,38.0299782133525,5.));
#15077=CARTESIAN_POINT('',(2.85,38.0299782133525,5.));
#15078=CARTESIAN_POINT('',(5.5,39.559956426705,-20.));
#15079=CARTESIAN_POINT('',(8.15,38.0299782133525,-20.));
#15080=CARTESIAN_POINT('',(8.15,38.0299782133525,5.));
#15081=CARTESIAN_POINT('',(8.15,38.0299782133525,5.));
#15082=CARTESIAN_POINT('',(5.5,39.559956426705,5.));
#15083=CARTESIAN_POINT('',(5.5,39.559956426705,5.));
#15084=CARTESIAN_POINT('',(8.15,38.0299782133525,-20.));
#15085=CARTESIAN_POINT('',(8.15,34.9700217866475,-20.));
#15086=CARTESIAN_POINT('',(8.15,34.9700217866475,5.));
#15087=CARTESIAN_POINT('',(8.15,34.9700217866475,5.));
#15088=CARTESIAN_POINT('',(8.15,38.0299782133525,5.));
#15089=CARTESIAN_POINT('',(8.15,38.0299782133525,5.));
#15090=CARTESIAN_POINT('',(8.15,7.02997821335251,-20.));
#15091=CARTESIAN_POINT('',(8.15,7.02997821335251,-20.));
#15092=CARTESIAN_POINT('',(8.15,3.97002178664749,-20.));
#15093=CARTESIAN_POINT('',(8.15,3.97002178664749,5.));
#15094=CARTESIAN_POINT('',(8.15,3.97002178664749,5.));
#15095=CARTESIAN_POINT('',(8.15,7.02997821335251,5.));
#15096=CARTESIAN_POINT('',(8.15,7.02997821335251,5.));
#15097=CARTESIAN_POINT('',(8.15,7.02997821335251,5.));
#15098=CARTESIAN_POINT('',(8.15,7.02997821335251,5.));
#15099=CARTESIAN_POINT('',(8.15,3.97002178664749,-20.));
#15100=CARTESIAN_POINT('',(5.49999999999999,2.44004357329499,-20.));
#15101=CARTESIAN_POINT('',(5.49999999999999,2.44004357329499,5.));
#15102=CARTESIAN_POINT('',(5.49999999999999,2.44004357329499,5.));
#15103=CARTESIAN_POINT('',(8.15,3.97002178664749,5.));
#15104=CARTESIAN_POINT('',(8.15,3.97002178664749,5.));
#15105=CARTESIAN_POINT('',(5.49999999999999,2.44004357329499,-20.));
#15106=CARTESIAN_POINT('',(3.,3.88341924626905,-20.));
#15107=CARTESIAN_POINT('',(-0.296796802870946,5.7868257678701,7.47330669059122));
#15108=CARTESIAN_POINT('',(2.85,3.9700217866475,-18.75));
#15109=CARTESIAN_POINT('',(2.85,3.9700217866475,5.));
#15110=CARTESIAN_POINT('',(2.85,3.9700217866475,5.));
#15111=CARTESIAN_POINT('',(5.49999999999999,2.44004357329499,5.));
#15112=CARTESIAN_POINT('',(5.49999999999999,2.44004357329499,5.));
#15113=CARTESIAN_POINT('',(2.85000000000001,41.9999999999999,-18.7500000000001));
#15114=CARTESIAN_POINT('',(2.85,7.02997821335251,-18.75));
#15115=CARTESIAN_POINT('',(2.85,7.02997821335251,5.));
#15116=CARTESIAN_POINT('',(2.85,7.02997821335251,5.));
#15117=CARTESIAN_POINT('',(2.85,3.9700217866475,5.));
#15118=CARTESIAN_POINT('',(2.85,3.9700217866475,5.));
#15119=CARTESIAN_POINT('',(0.298680633326203,5.55697329021469,2.51099472228164));
#15120=CARTESIAN_POINT('',(3.,7.11658075373095,-20.));
#15121=CARTESIAN_POINT('',(2.85,7.02997821335251,-20.));
#15122=CARTESIAN_POINT('',(5.5,8.55995642670501,-20.));
#15123=CARTESIAN_POINT('',(5.5,8.55995642670501,5.));
#15124=CARTESIAN_POINT('',(5.5,8.55995642670501,5.));
#15125=CARTESIAN_POINT('',(2.85,7.02997821335251,5.));
#15126=CARTESIAN_POINT('',(2.85,7.02997821335251,5.));
#15127=CARTESIAN_POINT('',(42.,42.,-20.));
#15128=CARTESIAN_POINT('',(39.,42.,-20.));
#15129=CARTESIAN_POINT('',(3.,42.,-20.));
#15130=CARTESIAN_POINT('',(0.,42.,5.));
#15131=CARTESIAN_POINT('',(0.,42.,5.));
#15132=CARTESIAN_POINT('',(42.,42.,5.));
#15133=CARTESIAN_POINT('',(42.,42.,5.));
#15134=CARTESIAN_POINT('',(42.,42.,5.));
#15135=CARTESIAN_POINT('',(42.,42.,5.));
#15136=CARTESIAN_POINT('',(33.85,3.97002178664749,-20.));
#15137=CARTESIAN_POINT('',(33.85,3.97002178664749,5.));
#15138=CARTESIAN_POINT('',(33.85,3.97002178664749,5.));
#15139=CARTESIAN_POINT('',(8.15,34.9700217866475,-20.));
#15140=CARTESIAN_POINT('',(8.15,34.9700217866475,5.));
#15141=CARTESIAN_POINT('',(8.15,34.9700217866475,5.));
#15142=CARTESIAN_POINT('',(5.5,8.55995642670501,-20.));
#15143=CARTESIAN_POINT('',(5.5,8.55995642670501,5.));
#15144=CARTESIAN_POINT('',(5.5,8.55995642670501,5.));
#15145=CARTESIAN_POINT('',(0.,0.,5.));
#15146=CARTESIAN_POINT('',(0.,0.,5.));
#15147=CARTESIAN_POINT('',(42.,0.,5.));
#15148=CARTESIAN_POINT('',(0.,0.,5.));
#15149=CARTESIAN_POINT('',(3.,0.,-20.));
#15150=CARTESIAN_POINT('',(0.,0.,-20.));
#15151=CARTESIAN_POINT('',(39.,0.,-20.));
#15152=CARTESIAN_POINT('',(42.,0.,5.));
#15153=CARTESIAN_POINT('',(0.,0.,5.));
#15154=CARTESIAN_POINT('',(36.5,33.440043573295,-20.));
#15155=CARTESIAN_POINT('',(36.5,33.440043573295,5.));
#15156=CARTESIAN_POINT('',(36.5,33.440043573295,5.));
#15157=CARTESIAN_POINT('',(21.,21.,5.));
#15158=CARTESIAN_POINT('',(32.5,21.,5.));
#15159=CARTESIAN_POINT('',(42.,0.,5.));
#15160=CARTESIAN_POINT('',(0.,42.,5.));
#15161=CARTESIAN_POINT('',(12.9844722585525,21.,5.));
#15162=CARTESIAN_POINT('',(12.9844722585525,32.5,-20.));
#15163=CARTESIAN_POINT('',(32.5,32.5,-20.));
#15164=CARTESIAN_POINT('',(9.50000000000001,32.5,-20.));
#15165=CARTESIAN_POINT('',(9.50000000000001,21.,-20.));
#15166=CARTESIAN_POINT('',(9.50000000000001,9.5,-20.));
#15167=CARTESIAN_POINT('',(12.9844722585525,9.5,-20.));
#15168=CARTESIAN_POINT('',(32.5,9.5,-20.));
#15169=CARTESIAN_POINT('',(32.5,21.,-20.));
#15170=CARTESIAN_POINT('',(3.,21.,-20.));
#15171=CARTESIAN_POINT('',(3.,21.,-20.));
#15172=CARTESIAN_POINT('',(3.,21.,-20.));
#15173=CARTESIAN_POINT('',(39.,21.,-20.));
#15174=CARTESIAN_POINT('',(39.,21.,-20.));
#15175=CARTESIAN_POINT('',(39.,21.,-20.));
#15176=CARTESIAN_POINT('',(12.9844722585525,21.,-20.));
#15177=CARTESIAN_POINT('',(21.,21.,3.));
#15178=CARTESIAN_POINT('',(32.5,21.,3.));
#15179=CARTESIAN_POINT('',(21.,21.,5.));
#15180=CARTESIAN_POINT('',(21.,21.,3.));
#15181=CARTESIAN_POINT('',(32.5,32.5,-50.));
#15182=CARTESIAN_POINT('',(32.5,32.5,-78.5));
#15183=CARTESIAN_POINT('',(9.50000000000001,32.5,-78.5));
#15184=CARTESIAN_POINT('',(9.50000000000001,32.5,-78.5));
#15185=CARTESIAN_POINT('',(9.50000000000001,32.5,-50.));
#15186=CARTESIAN_POINT('',(32.5,32.5,-50.));
#15187=CARTESIAN_POINT('',(32.5,9.5,-50.));
#15188=CARTESIAN_POINT('',(32.5,9.49999999999996,-78.5));
#15189=CARTESIAN_POINT('',(32.5,32.5,-78.5));
#15190=CARTESIAN_POINT('',(32.5,9.5,-50.));
#15191=CARTESIAN_POINT('',(9.50000000000001,9.5,-50.));
#15192=CARTESIAN_POINT('',(9.50000000000001,9.49999999999996,-78.5));
#15193=CARTESIAN_POINT('',(32.5,9.49999999999996,-78.5));
#15194=CARTESIAN_POINT('',(9.50000000000001,9.5,-50.));
#15195=CARTESIAN_POINT('',(9.50000000000001,9.49999999999996,-78.5));
#15196=CARTESIAN_POINT('',(9.50000000000001,32.5,-50.));
#15197=CARTESIAN_POINT('',(29.,21.,-30.));
#15198=CARTESIAN_POINT('',(21.0000000000245,29.,-30.));
#15199=CARTESIAN_POINT('',(20.9999999999999,13.0399826013986,-30.));
#15200=CARTESIAN_POINT('',(12.9844722585525,21.,-30.));
#15201=CARTESIAN_POINT('',(0.,0.,-50.));
#15202=CARTESIAN_POINT('',(21.,21.,-78.5));
#15203=CARTESIAN_POINT('',(26.625,21.,-78.5));
#15204=CARTESIAN_POINT('',(21.,21.,-51.));
#15205=CARTESIAN_POINT('',(26.625,21.,-51.));
#15206=CARTESIAN_POINT('',(21.,21.,-78.5));
#15207=CARTESIAN_POINT('',(29.5,29.5,-78.5));
#15208=CARTESIAN_POINT('',(28.,29.5,-78.5));
#15209=CARTESIAN_POINT('',(12.5,29.5,-78.5));
#15210=CARTESIAN_POINT('',(11.,29.5,-78.5));
#15211=CARTESIAN_POINT('',(12.5,12.5,-78.5));
#15212=CARTESIAN_POINT('',(11.,12.5,-78.5));
#15213=CARTESIAN_POINT('',(29.5,12.5,-78.5));
#15214=CARTESIAN_POINT('',(28.,12.5,-78.5));
#15215=CARTESIAN_POINT('',(21.,21.,-78.5));
#15216=CARTESIAN_POINT('',(0.,0.,-51.));
#15217=CARTESIAN_POINT('',(29.5,12.5,-68.5));
#15218=CARTESIAN_POINT('',(28.,12.5,-68.5));
#15219=CARTESIAN_POINT('',(29.5,12.5,-68.5));
#15220=CARTESIAN_POINT('',(29.5,12.5,-68.5));
#15221=CARTESIAN_POINT('',(12.5,12.5,-68.5));
#15222=CARTESIAN_POINT('',(11.,12.5,-68.5));
#15223=CARTESIAN_POINT('',(12.5,12.5,-68.5));
#15224=CARTESIAN_POINT('',(12.5,12.5,-68.5));
#15225=CARTESIAN_POINT('',(12.5,29.5,-68.5));
#15226=CARTESIAN_POINT('',(11.,29.5,-68.5));
#15227=CARTESIAN_POINT('',(12.5,29.5,-68.5));
#15228=CARTESIAN_POINT('',(12.5,29.5,-68.5));
#15229=CARTESIAN_POINT('',(29.5,29.5,-68.5));
#15230=CARTESIAN_POINT('',(28.,29.5,-68.5));
#15231=CARTESIAN_POINT('',(29.5,29.5,-68.5));
#15232=CARTESIAN_POINT('',(29.5,29.5,-68.5));
#15233=CARTESIAN_POINT('',(0.,42.,5.));
#15234=CARTESIAN_POINT('',(42.,0.,5.));
#15235=CARTESIAN_POINT('',(31.,-39.,10.));
#15236=CARTESIAN_POINT('',(35.5,-39.,10.));
#15237=CARTESIAN_POINT('',(21.,-39.,20.));
#15238=CARTESIAN_POINT('',(21.,-39.,0.));
#15239=CARTESIAN_POINT('',(21.,-39.,20.));
#15240=CARTESIAN_POINT('',(21.,-39.,0.));
#15241=CARTESIAN_POINT('',(41.,-39.,0.));
#15242=CARTESIAN_POINT('',(41.,-39.,0.));
#15243=CARTESIAN_POINT('',(41.,-39.,20.));
#15244=CARTESIAN_POINT('',(41.,-39.,20.));
#15245=CARTESIAN_POINT('',(24.,-39.,3.));
#15246=CARTESIAN_POINT('',(26.5,-39.,3.));
#15247=CARTESIAN_POINT('',(38.,-39.,17.));
#15248=CARTESIAN_POINT('',(40.5,-39.,17.));
#15249=CARTESIAN_POINT('',(38.,-39.,17.));
#15250=CARTESIAN_POINT('',(24.,-34.,3.));
#15251=CARTESIAN_POINT('',(25.5,-34.,3.));
#15252=CARTESIAN_POINT('',(24.,-36.,3.));
#15253=CARTESIAN_POINT('',(24.,-36.,1.5));
#15254=CARTESIAN_POINT('',(24.,-39.,3.));
#15255=CARTESIAN_POINT('',(21.,-34.,20.));
#15256=CARTESIAN_POINT('',(21.,-34.,0.));
#15257=CARTESIAN_POINT('',(21.,-34.,20.));
#15258=CARTESIAN_POINT('',(21.,-39.,0.));
#15259=CARTESIAN_POINT('',(21.,-39.,20.));
#15260=CARTESIAN_POINT('',(21.,-39.,20.));
#15261=CARTESIAN_POINT('',(21.,-34.,0.));
#15262=CARTESIAN_POINT('',(41.,-34.,0.));
#15263=CARTESIAN_POINT('',(41.,-39.,0.));
#15264=CARTESIAN_POINT('',(21.,-39.,0.));
#15265=CARTESIAN_POINT('',(41.,-34.,0.));
#15266=CARTESIAN_POINT('',(41.,-34.,20.));
#15267=CARTESIAN_POINT('',(41.,-39.,20.));
#15268=CARTESIAN_POINT('',(41.,-39.,0.));
#15269=CARTESIAN_POINT('',(38.,-36.,17.));
#15270=CARTESIAN_POINT('',(38.,-36.,18.5));
#15271=CARTESIAN_POINT('',(38.,-34.,17.));
#15272=CARTESIAN_POINT('',(39.5,-34.,17.));
#15273=CARTESIAN_POINT('',(38.,-39.,17.));
#15274=CARTESIAN_POINT('',(41.,-34.,20.));
#15275=CARTESIAN_POINT('',(41.,-39.,20.));
#15276=CARTESIAN_POINT('',(31.,-34.,10.));
#15277=CARTESIAN_POINT('',(35.5,-34.,10.));
#15278=CARTESIAN_POINT('',(31.,-39.,10.));
#15279=CARTESIAN_POINT('',(38.,-34.,17.));
#15280=CARTESIAN_POINT('',(38.,-36.,17.));
#15281=CARTESIAN_POINT('',(40.5,-36.,17.));
#15282=CARTESIAN_POINT('',(38.,-39.,17.));
#15283=CARTESIAN_POINT('',(38.,-36.,17.));
#15284=CARTESIAN_POINT('',(24.,-36.,3.));
#15285=CARTESIAN_POINT('',(26.5,-36.,3.));
#15286=CARTESIAN_POINT('',(24.,-39.,3.));
#15287=CARTESIAN_POINT('',(24.,-36.,3.));
#15288=CARTESIAN_POINT('',(-41.,34.,0.));
#15289=CARTESIAN_POINT('',(-41.,34.,0.));
#15290=CARTESIAN_POINT('',(-41.,34.,20.));
#15291=CARTESIAN_POINT('',(-41.,39.,20.));
#15292=CARTESIAN_POINT('',(-41.,39.,20.));
#15293=CARTESIAN_POINT('',(-41.,39.,0.));
#15294=CARTESIAN_POINT('',(-41.,39.,0.));
#15295=CARTESIAN_POINT('',(-41.,39.,0.));
#15296=CARTESIAN_POINT('',(-41.,39.,0.));
#15297=CARTESIAN_POINT('',(-41.,34.,20.));
#15298=CARTESIAN_POINT('',(-21.,34.,20.));
#15299=CARTESIAN_POINT('',(-21.,39.,20.));
#15300=CARTESIAN_POINT('',(-21.,39.,20.));
#15301=CARTESIAN_POINT('',(-41.,39.,20.));
#15302=CARTESIAN_POINT('',(-41.,39.,20.));
#15303=CARTESIAN_POINT('',(-21.,34.,20.));
#15304=CARTESIAN_POINT('',(-21.,34.,0.));
#15305=CARTESIAN_POINT('',(-21.,39.,0.));
#15306=CARTESIAN_POINT('',(-21.,39.,0.));
#15307=CARTESIAN_POINT('',(-21.,39.,20.));
#15308=CARTESIAN_POINT('',(-21.,39.,20.));
#15309=CARTESIAN_POINT('',(-38.,36.,17.));
#15310=CARTESIAN_POINT('',(-38.,36.,15.5));
#15311=CARTESIAN_POINT('',(-38.,34.,17.));
#15312=CARTESIAN_POINT('',(-36.5,34.,17.));
#15313=CARTESIAN_POINT('',(-38.,39.,17.));
#15314=CARTESIAN_POINT('',(-31.,39.,9.99999999999999));
#15315=CARTESIAN_POINT('',(-26.5,39.,9.99999999999999));
#15316=CARTESIAN_POINT('',(-31.,34.,9.99999999999999));
#15317=CARTESIAN_POINT('',(-26.5,34.,9.99999999999999));
#15318=CARTESIAN_POINT('',(-31.,39.,9.99999999999999));
#15319=CARTESIAN_POINT('',(-21.,34.,0.));
#15320=CARTESIAN_POINT('',(-21.,39.,0.));
#15321=CARTESIAN_POINT('',(-21.,39.,0.));
#15322=CARTESIAN_POINT('',(-24.,36.,3.));
#15323=CARTESIAN_POINT('',(-24.,36.,1.5));
#15324=CARTESIAN_POINT('',(-24.,34.,3.));
#15325=CARTESIAN_POINT('',(-22.5,34.,3.));
#15326=CARTESIAN_POINT('',(-24.,39.,3.));
#15327=CARTESIAN_POINT('',(-38.,39.,17.));
#15328=CARTESIAN_POINT('',(-35.5,39.,17.));
#15329=CARTESIAN_POINT('',(-24.,39.,3.));
#15330=CARTESIAN_POINT('',(-21.5,39.,3.));
#15331=CARTESIAN_POINT('',(-31.,39.,9.99999999999999));
#15332=CARTESIAN_POINT('',(-31.,34.,9.99999999999999));
#15333=CARTESIAN_POINT('',(-24.,36.,3.));
#15334=CARTESIAN_POINT('',(-21.5,36.,3.));
#15335=CARTESIAN_POINT('',(-24.,36.,3.));
#15336=CARTESIAN_POINT('',(-24.,36.,3.));
#15337=CARTESIAN_POINT('',(-38.,36.,17.));
#15338=CARTESIAN_POINT('',(-35.5,36.,17.));
#15339=CARTESIAN_POINT('',(-38.,36.,17.));
#15340=CARTESIAN_POINT('',(-38.,36.,17.));
#15341=CARTESIAN_POINT('',(-38.,-34.,17.));
#15342=CARTESIAN_POINT('',(-36.5,-34.,17.));
#15343=CARTESIAN_POINT('',(-38.,-36.,17.));
#15344=CARTESIAN_POINT('',(-38.,-36.,15.5));
#15345=CARTESIAN_POINT('',(-38.,-39.,17.));
#15346=CARTESIAN_POINT('',(-24.,-34.,3.));
#15347=CARTESIAN_POINT('',(-22.5,-34.,3.));
#15348=CARTESIAN_POINT('',(-24.,-36.,3.));
#15349=CARTESIAN_POINT('',(-24.,-36.,1.5));
#15350=CARTESIAN_POINT('',(-24.,-39.,3.));
#15351=CARTESIAN_POINT('',(-41.,-34.,20.));
#15352=CARTESIAN_POINT('',(-41.,-34.,0.));
#15353=CARTESIAN_POINT('',(-41.,-34.,20.));
#15354=CARTESIAN_POINT('',(-41.,-39.,0.));
#15355=CARTESIAN_POINT('',(-41.,-39.,0.));
#15356=CARTESIAN_POINT('',(-41.,-39.,20.));
#15357=CARTESIAN_POINT('',(-41.,-39.,20.));
#15358=CARTESIAN_POINT('',(-41.,-39.,20.));
#15359=CARTESIAN_POINT('',(-41.,-39.,20.));
#15360=CARTESIAN_POINT('',(-41.,-34.,0.));
#15361=CARTESIAN_POINT('',(-21.,-34.,0.));
#15362=CARTESIAN_POINT('',(-21.,-39.,0.));
#15363=CARTESIAN_POINT('',(-21.,-39.,0.));
#15364=CARTESIAN_POINT('',(-41.,-39.,0.));
#15365=CARTESIAN_POINT('',(-41.,-39.,0.));
#15366=CARTESIAN_POINT('',(-21.,-34.,0.));
#15367=CARTESIAN_POINT('',(-21.,-34.,20.));
#15368=CARTESIAN_POINT('',(-21.,-39.,20.));
#15369=CARTESIAN_POINT('',(-21.,-39.,20.));
#15370=CARTESIAN_POINT('',(-21.,-39.,0.));
#15371=CARTESIAN_POINT('',(-21.,-39.,0.));
#15372=CARTESIAN_POINT('',(-21.,-34.,20.));
#15373=CARTESIAN_POINT('',(-21.,-39.,20.));
#15374=CARTESIAN_POINT('',(-21.,-39.,20.));
#15375=CARTESIAN_POINT('',(-31.,-39.,9.99999999999999));
#15376=CARTESIAN_POINT('',(-26.5,-39.,9.99999999999999));
#15377=CARTESIAN_POINT('',(-31.,-34.,9.99999999999999));
#15378=CARTESIAN_POINT('',(-26.5,-34.,9.99999999999999));
#15379=CARTESIAN_POINT('',(-31.,-39.,9.99999999999999));
#15380=CARTESIAN_POINT('',(-38.,-39.,17.));
#15381=CARTESIAN_POINT('',(-35.5,-39.,17.));
#15382=CARTESIAN_POINT('',(-24.,-39.,3.));
#15383=CARTESIAN_POINT('',(-21.5,-39.,3.));
#15384=CARTESIAN_POINT('',(-24.,-39.,3.));
#15385=CARTESIAN_POINT('',(-24.,-34.,3.));
#15386=CARTESIAN_POINT('',(-24.,-36.,3.));
#15387=CARTESIAN_POINT('',(-21.5,-36.,3.));
#15388=CARTESIAN_POINT('',(-24.,-39.,3.));
#15389=CARTESIAN_POINT('',(-24.,-36.,3.));
#15390=CARTESIAN_POINT('',(-38.,-36.,17.));
#15391=CARTESIAN_POINT('',(-35.5,-36.,17.));
#15392=CARTESIAN_POINT('',(-38.,-39.,17.));
#15393=CARTESIAN_POINT('',(-38.,-36.,17.));
#15394=CARTESIAN_POINT('',(15.5,15.5,0.));
#15395=CARTESIAN_POINT('',(18.,15.5,0.));
#15396=CARTESIAN_POINT('',(-15.5,-15.5,0.));
#15397=CARTESIAN_POINT('',(-13.,-15.5,0.));
#15398=CARTESIAN_POINT('',(-12.,-12.,0.));
#15399=CARTESIAN_POINT('',(-12.,-12.,0.));
#15400=CARTESIAN_POINT('',(-12.,12.,0.));
#15401=CARTESIAN_POINT('',(12.,-12.,0.));
#15402=CARTESIAN_POINT('',(12.,-12.,0.));
#15403=CARTESIAN_POINT('',(12.,12.,0.));
#15404=CARTESIAN_POINT('',(12.,12.,0.));
#15405=CARTESIAN_POINT('',(-12.,12.,0.));
#15406=CARTESIAN_POINT('',(15.5,-15.5,0.));
#15407=CARTESIAN_POINT('',(18.,-15.5,0.));
#15408=CARTESIAN_POINT('',(-15.5,15.5,0.));
#15409=CARTESIAN_POINT('',(-13.,15.5,0.));
#15410=CARTESIAN_POINT('',(41.,-10.,0.));
#15411=CARTESIAN_POINT('',(41.,-10.,0.));
#15412=CARTESIAN_POINT('',(18.,-10.,8.88178419700125E-16));
#15413=CARTESIAN_POINT('',(41.,34.,0.));
#15414=CARTESIAN_POINT('',(41.,-34.,0.));
#15415=CARTESIAN_POINT('',(-21.,-34.,0.));
#15416=CARTESIAN_POINT('',(-41.,-34.,0.));
#15417=CARTESIAN_POINT('',(-41.,34.,0.));
#15418=CARTESIAN_POINT('',(-41.,34.,0.));
#15419=CARTESIAN_POINT('',(21.0000000000001,34.,0.));
#15420=CARTESIAN_POINT('',(41.,34.,0.));
#15421=CARTESIAN_POINT('',(41.,34.,0.));
#15422=CARTESIAN_POINT('',(41.,10.,0.));
#15423=CARTESIAN_POINT('',(41.,10.,0.));
#15424=CARTESIAN_POINT('',(18.,10.,8.88178419700125E-16));
#15425=CARTESIAN_POINT('',(18.,10.,8.88178419700125E-16));
#15426=CARTESIAN_POINT('',(0.,0.,0.));
#15427=CARTESIAN_POINT('',(38.,34.,17.));
#15428=CARTESIAN_POINT('',(39.5,34.,17.));
#15429=CARTESIAN_POINT('',(-24.,34.,3.));
#15430=CARTESIAN_POINT('',(-22.5,34.,3.));
#15431=CARTESIAN_POINT('',(-38.,34.,17.));
#15432=CARTESIAN_POINT('',(-36.5,34.,17.));
#15433=CARTESIAN_POINT('',(24.,34.,3.));
#15434=CARTESIAN_POINT('',(25.5,34.,3.));
#15435=CARTESIAN_POINT('',(-41.,34.,0.));
#15436=CARTESIAN_POINT('',(-41.,34.,20.));
#15437=CARTESIAN_POINT('',(-41.,34.,20.));
#15438=CARTESIAN_POINT('',(-21.,34.,20.));
#15439=CARTESIAN_POINT('',(-21.,34.,20.));
#15440=CARTESIAN_POINT('',(-21.,34.,8.));
#15441=CARTESIAN_POINT('',(21.0000000000001,34.,8.));
#15442=CARTESIAN_POINT('',(21.0000000000001,34.,8.));
#15443=CARTESIAN_POINT('',(21.,34.,20.));
#15444=CARTESIAN_POINT('',(21.,34.,20.));
#15445=CARTESIAN_POINT('',(41.,34.,20.));
#15446=CARTESIAN_POINT('',(41.,34.,20.));
#15447=CARTESIAN_POINT('',(41.,34.,0.));
#15448=CARTESIAN_POINT('',(31.,34.,10.));
#15449=CARTESIAN_POINT('',(38.5,34.,10.));
#15450=CARTESIAN_POINT('',(-31.,34.,10.));
#15451=CARTESIAN_POINT('',(-23.5,34.,10.));
#15452=CARTESIAN_POINT('',(21.0000000000001,34.,8.));
#15453=CARTESIAN_POINT('',(-31.,-9.49999999999999,9.99999999999999));
#15454=CARTESIAN_POINT('',(-31.,-9.49999999999999,5.49999999999999));
#15455=CARTESIAN_POINT('',(-31.,9.49999999999999,9.99999999999999));
#15456=CARTESIAN_POINT('',(-31.,9.49999999999999,14.5));
#15457=CARTESIAN_POINT('',(-31.,100.,9.99999999999999));
#15458=CARTESIAN_POINT('',(38.,-34.,17.));
#15459=CARTESIAN_POINT('',(39.5,-34.,17.));
#15460=CARTESIAN_POINT('',(-24.,-34.,3.));
#15461=CARTESIAN_POINT('',(-22.5,-34.,3.));
#15462=CARTESIAN_POINT('',(-38.,-34.,17.));
#15463=CARTESIAN_POINT('',(-36.5,-34.,17.));
#15464=CARTESIAN_POINT('',(24.,-34.,3.));
#15465=CARTESIAN_POINT('',(25.5,-34.,3.));
#15466=CARTESIAN_POINT('',(41.,-34.,0.));
#15467=CARTESIAN_POINT('',(41.,-34.,20.));
#15468=CARTESIAN_POINT('',(41.,-34.,20.));
#15469=CARTESIAN_POINT('',(21.,-34.,20.));
#15470=CARTESIAN_POINT('',(21.,-34.,20.));
#15471=CARTESIAN_POINT('',(21.,-34.,8.));
#15472=CARTESIAN_POINT('',(-21.,-34.,8.));
#15473=CARTESIAN_POINT('',(-20.9999999999999,-34.,8.));
#15474=CARTESIAN_POINT('',(-21.,-34.,20.));
#15475=CARTESIAN_POINT('',(-21.,-34.,20.));
#15476=CARTESIAN_POINT('',(-41.,-34.,20.));
#15477=CARTESIAN_POINT('',(-41.,-34.,20.));
#15478=CARTESIAN_POINT('',(-41.,-34.,0.));
#15479=CARTESIAN_POINT('',(-31.,-34.,9.99999999999999));
#15480=CARTESIAN_POINT('',(-23.5,-34.,9.99999999999999));
#15481=CARTESIAN_POINT('',(31.,-34.,9.99999999999999));
#15482=CARTESIAN_POINT('',(38.5,-34.,9.99999999999999));
#15483=CARTESIAN_POINT('',(-21.,-34.,8.));
#15484=CARTESIAN_POINT('',(15.5,15.5,6.5));
#15485=CARTESIAN_POINT('',(17.,15.5,6.5));
#15486=CARTESIAN_POINT('',(15.5,15.5,3.));
#15487=CARTESIAN_POINT('',(14.,15.5,3.));
#15488=CARTESIAN_POINT('',(15.5,15.5,8.));
#15489=CARTESIAN_POINT('',(18.1,-13.998889300107,8.));
#15490=CARTESIAN_POINT('',(18.1,-13.998889300107,8.));
#15491=CARTESIAN_POINT('',(18.1,-17.001110699893,8.));
#15492=CARTESIAN_POINT('',(18.1,-17.001110699893,8.));
#15493=CARTESIAN_POINT('',(15.5,-18.5022213997861,8.));
#15494=CARTESIAN_POINT('',(15.5,-18.5022213997861,8.));
#15495=CARTESIAN_POINT('',(12.9,-17.001110699893,8.));
#15496=CARTESIAN_POINT('',(12.9,-17.001110699893,8.));
#15497=CARTESIAN_POINT('',(12.9,-13.998889300107,8.));
#15498=CARTESIAN_POINT('',(12.9,-13.998889300107,8.));
#15499=CARTESIAN_POINT('',(15.5,-12.4977786002139,8.));
#15500=CARTESIAN_POINT('',(15.5,-12.4977786002139,8.));
#15501=CARTESIAN_POINT('',(21.0000000000001,-34.,8.));
#15502=CARTESIAN_POINT('',(-21.,34.,8.));
#15503=CARTESIAN_POINT('',(-12.,-12.,8.));
#15504=CARTESIAN_POINT('',(-12.,-12.,8.));
#15505=CARTESIAN_POINT('',(-12.,12.,8.));
#15506=CARTESIAN_POINT('',(-12.,12.,8.));
#15507=CARTESIAN_POINT('',(12.,12.,8.));
#15508=CARTESIAN_POINT('',(12.,12.,8.));
#15509=CARTESIAN_POINT('',(12.,-12.,8.));
#15510=CARTESIAN_POINT('',(12.,-12.,8.));
#15511=CARTESIAN_POINT('',(12.9,13.998889300107,8.));
#15512=CARTESIAN_POINT('',(12.9,13.998889300107,8.));
#15513=CARTESIAN_POINT('',(15.5,12.4977786002139,8.));
#15514=CARTESIAN_POINT('',(12.9,17.001110699893,8.));
#15515=CARTESIAN_POINT('',(12.9,17.001110699893,8.));
#15516=CARTESIAN_POINT('',(15.5,18.5022213997861,8.));
#15517=CARTESIAN_POINT('',(15.5,18.5022213997861,8.));
#15518=CARTESIAN_POINT('',(18.1,17.001110699893,8.));
#15519=CARTESIAN_POINT('',(18.1,17.001110699893,8.));
#15520=CARTESIAN_POINT('',(18.1,13.998889300107,8.));
#15521=CARTESIAN_POINT('',(18.1,13.998889300107,8.));
#15522=CARTESIAN_POINT('',(15.5,12.4977786002139,8.));
#15523=CARTESIAN_POINT('',(-18.1,13.998889300107,8.));
#15524=CARTESIAN_POINT('',(-18.1,13.998889300107,8.));
#15525=CARTESIAN_POINT('',(-15.5,12.4977786002139,8.));
#15526=CARTESIAN_POINT('',(-18.1,17.001110699893,8.));
#15527=CARTESIAN_POINT('',(-18.1,17.001110699893,8.));
#15528=CARTESIAN_POINT('',(-15.5,18.502221399786,8.));
#15529=CARTESIAN_POINT('',(-15.5,18.502221399786,8.));
#15530=CARTESIAN_POINT('',(-12.9,17.001110699893,8.));
#15531=CARTESIAN_POINT('',(-12.9,17.001110699893,8.));
#15532=CARTESIAN_POINT('',(-12.9,13.998889300107,8.));
#15533=CARTESIAN_POINT('',(-12.9,13.998889300107,8.));
#15534=CARTESIAN_POINT('',(-15.5,12.4977786002139,8.));
#15535=CARTESIAN_POINT('',(-18.1,-17.001110699893,8.));
#15536=CARTESIAN_POINT('',(-18.1,-17.001110699893,8.));
#15537=CARTESIAN_POINT('',(-15.5,-18.5022213997861,8.));
#15538=CARTESIAN_POINT('',(-18.1,-13.998889300107,8.));
#15539=CARTESIAN_POINT('',(-18.1,-13.998889300107,8.));
#15540=CARTESIAN_POINT('',(-15.5,-12.4977786002139,8.));
#15541=CARTESIAN_POINT('',(-15.5,-12.4977786002139,8.));
#15542=CARTESIAN_POINT('',(-12.9,-13.998889300107,8.));
#15543=CARTESIAN_POINT('',(-12.9,-13.998889300107,8.));
#15544=CARTESIAN_POINT('',(-12.9,-17.001110699893,8.));
#15545=CARTESIAN_POINT('',(-12.9,-17.001110699893,8.));
#15546=CARTESIAN_POINT('',(-15.5,-18.5022213997861,8.));
#15547=CARTESIAN_POINT('',(0.,0.,8.));
#15548=CARTESIAN_POINT('',(-12.,12.,8.));
#15549=CARTESIAN_POINT('',(-12.,-12.,8.));
#15550=CARTESIAN_POINT('',(-12.,-12.,8.));
#15551=CARTESIAN_POINT('',(12.,12.,8.));
#15552=CARTESIAN_POINT('',(-12.,12.,8.));
#15553=CARTESIAN_POINT('',(12.,-12.,8.));
#15554=CARTESIAN_POINT('',(12.,12.,8.));
#15555=CARTESIAN_POINT('',(12.,-12.,8.));
#15556=CARTESIAN_POINT('',(12.9,17.001110699893,6.5));
#15557=CARTESIAN_POINT('',(12.9,13.998889300107,6.5));
#15558=CARTESIAN_POINT('',(12.9,17.001110699893,6.5));
#15559=CARTESIAN_POINT('',(12.9,17.001110699893,8.));
#15560=CARTESIAN_POINT('',(12.9,13.998889300107,8.));
#15561=CARTESIAN_POINT('',(12.9,17.001110699893,8.));
#15562=CARTESIAN_POINT('',(12.9,13.998889300107,6.5));
#15563=CARTESIAN_POINT('',(15.5,12.4977786002139,6.5));
#15564=CARTESIAN_POINT('',(15.5,12.4977786002139,8.));
#15565=CARTESIAN_POINT('',(12.9,13.998889300107,8.));
#15566=CARTESIAN_POINT('',(15.5,12.4977786002139,6.5));
#15567=CARTESIAN_POINT('',(18.1,13.998889300107,6.5));
#15568=CARTESIAN_POINT('',(18.1,13.998889300107,8.));
#15569=CARTESIAN_POINT('',(15.5,12.4977786002139,8.));
#15570=CARTESIAN_POINT('',(18.1,13.998889300107,6.5));
#15571=CARTESIAN_POINT('',(18.1,17.001110699893,6.5));
#15572=CARTESIAN_POINT('',(18.1,17.001110699893,8.));
#15573=CARTESIAN_POINT('',(18.1,13.998889300107,8.));
#15574=CARTESIAN_POINT('',(18.1,17.001110699893,6.5));
#15575=CARTESIAN_POINT('',(15.5,18.5022213997861,6.5));
#15576=CARTESIAN_POINT('',(15.5,18.5022213997861,8.));
#15577=CARTESIAN_POINT('',(18.1,17.001110699893,8.));
#15578=CARTESIAN_POINT('',(15.5,18.5022213997861,6.5));
#15579=CARTESIAN_POINT('',(15.5,18.5022213997861,8.));
#15580=CARTESIAN_POINT('',(0.,0.,6.5));
#15581=CARTESIAN_POINT('',(-18.1,17.001110699893,6.5));
#15582=CARTESIAN_POINT('',(-18.1,13.998889300107,6.5));
#15583=CARTESIAN_POINT('',(-18.1,17.001110699893,6.5));
#15584=CARTESIAN_POINT('',(-18.1,17.001110699893,8.));
#15585=CARTESIAN_POINT('',(-18.1,13.998889300107,8.));
#15586=CARTESIAN_POINT('',(-18.1,17.001110699893,8.));
#15587=CARTESIAN_POINT('',(-18.1,13.998889300107,6.5));
#15588=CARTESIAN_POINT('',(-15.5,12.4977786002139,6.5));
#15589=CARTESIAN_POINT('',(-15.5,12.4977786002139,8.));
#15590=CARTESIAN_POINT('',(-18.1,13.998889300107,8.));
#15591=CARTESIAN_POINT('',(-15.5,12.4977786002139,6.5));
#15592=CARTESIAN_POINT('',(-12.9,13.998889300107,6.5));
#15593=CARTESIAN_POINT('',(-12.9,13.998889300107,8.));
#15594=CARTESIAN_POINT('',(-15.5,12.4977786002139,8.));
#15595=CARTESIAN_POINT('',(-12.9,13.998889300107,6.5));
#15596=CARTESIAN_POINT('',(-12.9,17.001110699893,6.5));
#15597=CARTESIAN_POINT('',(-12.9,17.001110699893,8.));
#15598=CARTESIAN_POINT('',(-12.9,13.998889300107,8.));
#15599=CARTESIAN_POINT('',(-12.9,17.001110699893,6.5));
#15600=CARTESIAN_POINT('',(-15.5,18.502221399786,6.5));
#15601=CARTESIAN_POINT('',(-15.5,18.502221399786,8.));
#15602=CARTESIAN_POINT('',(-12.9,17.001110699893,8.));
#15603=CARTESIAN_POINT('',(-15.5,18.502221399786,6.5));
#15604=CARTESIAN_POINT('',(-15.5,18.502221399786,8.));
#15605=CARTESIAN_POINT('',(-15.5,15.5,6.5));
#15606=CARTESIAN_POINT('',(-14.,15.5,6.5));
#15607=CARTESIAN_POINT('',(0.,0.,6.5));
#15608=CARTESIAN_POINT('',(-18.1,-13.998889300107,6.5));
#15609=CARTESIAN_POINT('',(-18.1,-17.001110699893,6.5));
#15610=CARTESIAN_POINT('',(-18.1,-13.998889300107,6.5));
#15611=CARTESIAN_POINT('',(-18.1,-13.998889300107,8.));
#15612=CARTESIAN_POINT('',(-18.1,-17.001110699893,8.));
#15613=CARTESIAN_POINT('',(-18.1,-13.998889300107,8.));
#15614=CARTESIAN_POINT('',(-18.1,-17.001110699893,6.5));
#15615=CARTESIAN_POINT('',(-15.5,-18.5022213997861,6.5));
#15616=CARTESIAN_POINT('',(-15.5,-18.5022213997861,8.));
#15617=CARTESIAN_POINT('',(-18.1,-17.001110699893,8.));
#15618=CARTESIAN_POINT('',(-15.5,-18.5022213997861,6.5));
#15619=CARTESIAN_POINT('',(-12.9,-17.001110699893,6.5));
#15620=CARTESIAN_POINT('',(-12.9,-17.001110699893,8.));
#15621=CARTESIAN_POINT('',(-15.5,-18.5022213997861,8.));
#15622=CARTESIAN_POINT('',(-12.9,-17.001110699893,6.5));
#15623=CARTESIAN_POINT('',(-12.9,-13.998889300107,6.5));
#15624=CARTESIAN_POINT('',(-12.9,-13.998889300107,8.));
#15625=CARTESIAN_POINT('',(-12.9,-17.001110699893,8.));
#15626=CARTESIAN_POINT('',(-12.9,-13.998889300107,6.5));
#15627=CARTESIAN_POINT('',(-15.5,-12.4977786002139,6.5));
#15628=CARTESIAN_POINT('',(-15.5,-12.4977786002139,8.));
#15629=CARTESIAN_POINT('',(-12.9,-13.998889300107,8.));
#15630=CARTESIAN_POINT('',(-15.5,-12.4977786002139,6.5));
#15631=CARTESIAN_POINT('',(-15.5,-12.4977786002139,8.));
#15632=CARTESIAN_POINT('',(-15.5,-15.5,6.5));
#15633=CARTESIAN_POINT('',(-14.,-15.5,6.5));
#15634=CARTESIAN_POINT('',(0.,0.,6.5));
#15635=CARTESIAN_POINT('',(18.1,-13.998889300107,6.5));
#15636=CARTESIAN_POINT('',(18.1,-17.001110699893,6.5));
#15637=CARTESIAN_POINT('',(18.1,-13.998889300107,6.5));
#15638=CARTESIAN_POINT('',(18.1,-17.001110699893,8.));
#15639=CARTESIAN_POINT('',(18.1,-13.998889300107,8.));
#15640=CARTESIAN_POINT('',(18.1,-13.998889300107,8.));
#15641=CARTESIAN_POINT('',(18.1,-17.001110699893,6.5));
#15642=CARTESIAN_POINT('',(15.5,-18.5022213997861,6.5));
#15643=CARTESIAN_POINT('',(15.5,-18.5022213997861,8.));
#15644=CARTESIAN_POINT('',(18.1,-17.001110699893,8.));
#15645=CARTESIAN_POINT('',(15.5,-18.5022213997861,6.5));
#15646=CARTESIAN_POINT('',(12.9,-17.001110699893,6.5));
#15647=CARTESIAN_POINT('',(12.9,-17.001110699893,8.));
#15648=CARTESIAN_POINT('',(15.5,-18.5022213997861,8.));
#15649=CARTESIAN_POINT('',(12.9,-17.001110699893,6.5));
#15650=CARTESIAN_POINT('',(12.9,-13.998889300107,6.5));
#15651=CARTESIAN_POINT('',(12.9,-13.998889300107,8.));
#15652=CARTESIAN_POINT('',(12.9,-17.001110699893,8.));
#15653=CARTESIAN_POINT('',(12.9,-13.998889300107,6.5));
#15654=CARTESIAN_POINT('',(15.5,-12.4977786002139,6.5));
#15655=CARTESIAN_POINT('',(15.5,-12.4977786002139,8.));
#15656=CARTESIAN_POINT('',(12.9,-13.998889300107,8.));
#15657=CARTESIAN_POINT('',(15.5,-12.4977786002139,6.5));
#15658=CARTESIAN_POINT('',(15.5,-12.4977786002139,8.));
#15659=CARTESIAN_POINT('',(15.5,-15.5,6.5));
#15660=CARTESIAN_POINT('',(14.,-15.5,6.5));
#15661=CARTESIAN_POINT('',(0.,0.,6.5));
#15662=CARTESIAN_POINT('',(15.5,-15.5,3.));
#15663=CARTESIAN_POINT('',(17.,-15.5,3.));
#15664=CARTESIAN_POINT('',(15.5,-15.5,8.));
#15665=CARTESIAN_POINT('',(-15.5,-15.5,3.));
#15666=CARTESIAN_POINT('',(-14.,-15.5,3.));
#15667=CARTESIAN_POINT('',(-15.5,-15.5,8.));
#15668=CARTESIAN_POINT('',(-15.5,15.5,3.));
#15669=CARTESIAN_POINT('',(-14.,15.5,3.));
#15670=CARTESIAN_POINT('',(-15.5,15.5,8.));
#15671=CARTESIAN_POINT('',(15.5,15.5,3.));
#15672=CARTESIAN_POINT('',(18.,15.5,3.));
#15673=CARTESIAN_POINT('',(15.5,15.5,3.));
#15674=CARTESIAN_POINT('',(15.5,15.5,3.));
#15675=CARTESIAN_POINT('',(-15.5,15.5,3.));
#15676=CARTESIAN_POINT('',(-13.,15.5,3.));
#15677=CARTESIAN_POINT('',(-15.5,15.5,3.));
#15678=CARTESIAN_POINT('',(-15.5,15.5,3.));
#15679=CARTESIAN_POINT('',(-15.5,-15.5,3.));
#15680=CARTESIAN_POINT('',(-13.,-15.5,3.));
#15681=CARTESIAN_POINT('',(-15.5,-15.5,3.));
#15682=CARTESIAN_POINT('',(-15.5,-15.5,3.));
#15683=CARTESIAN_POINT('',(15.5,-15.5,3.));
#15684=CARTESIAN_POINT('',(18.,-15.5,3.));
#15685=CARTESIAN_POINT('',(15.5,-15.5,3.));
#15686=CARTESIAN_POINT('',(15.5,-15.5,3.));
#15687=CARTESIAN_POINT('',(-41.,34.,20.));
#15688=CARTESIAN_POINT('',(-41.,34.,0.));
#15689=CARTESIAN_POINT('',(-21.,34.,20.));
#15690=CARTESIAN_POINT('',(-41.,34.,20.));
#15691=CARTESIAN_POINT('',(-21.,34.,20.));
#15692=CARTESIAN_POINT('',(21.,34.,20.));
#15693=CARTESIAN_POINT('',(21.,34.,20.));
#15694=CARTESIAN_POINT('',(41.,34.,20.));
#15695=CARTESIAN_POINT('',(41.,34.,20.));
#15696=CARTESIAN_POINT('',(41.,-10.,-5.));
#15697=CARTESIAN_POINT('',(41.,-10.,-28.));
#15698=CARTESIAN_POINT('',(41.,10.,-28.));
#15699=CARTESIAN_POINT('',(41.,10.,-28.));
#15700=CARTESIAN_POINT('',(41.,10.,-28.));
#15701=CARTESIAN_POINT('',(41.,34.,0.));
#15702=CARTESIAN_POINT('',(31.,9.49999999999999,9.99999999999999));
#15703=CARTESIAN_POINT('',(31.,9.49999999999999,5.49999999999999));
#15704=CARTESIAN_POINT('',(31.,-9.49999999999999,9.99999999999999));
#15705=CARTESIAN_POINT('',(31.,-9.49999999999999,14.5));
#15706=CARTESIAN_POINT('',(31.,100.,9.99999999999999));
#15707=CARTESIAN_POINT('',(31.,-9.5,9.99999999999999));
#15708=CARTESIAN_POINT('',(38.5,-9.5,9.99999999999999));
#15709=CARTESIAN_POINT('',(31.,-9.5,9.99999999999999));
#15710=CARTESIAN_POINT('',(31.,-9.5,9.99999999999999));
#15711=CARTESIAN_POINT('',(-31.,-9.5,9.99999999999999));
#15712=CARTESIAN_POINT('',(-23.5,-9.5,9.99999999999999));
#15713=CARTESIAN_POINT('',(-31.,-9.5,9.99999999999999));
#15714=CARTESIAN_POINT('',(-31.,-9.5,9.99999999999999));
#15715=CARTESIAN_POINT('',(31.,9.5,10.));
#15716=CARTESIAN_POINT('',(38.5,9.5,10.));
#15717=CARTESIAN_POINT('',(31.,9.5,10.));
#15718=CARTESIAN_POINT('',(31.,9.5,10.));
#15719=CARTESIAN_POINT('',(-31.,9.5,10.));
#15720=CARTESIAN_POINT('',(-23.5,9.5,10.));
#15721=CARTESIAN_POINT('',(-31.,9.5,10.));
#15722=CARTESIAN_POINT('',(-31.,9.5,10.));
#15723=CARTESIAN_POINT('',(24.,-34.,3.));
#15724=CARTESIAN_POINT('',(-38.,-34.,17.));
#15725=CARTESIAN_POINT('',(-24.,-34.,3.));
#15726=CARTESIAN_POINT('',(38.,-34.,17.));
#15727=CARTESIAN_POINT('',(18.,-10.,-28.));
#15728=CARTESIAN_POINT('',(18.,-10.,-28.));
#15729=CARTESIAN_POINT('',(18.,10.,-28.));
#15730=CARTESIAN_POINT('',(18.,10.,-28.));
#15731=CARTESIAN_POINT('',(18.,10.,-28.));
#15732=CARTESIAN_POINT('',(18.,10.,-28.));
#15733=CARTESIAN_POINT('',(18.,-10.,8.88178419700125E-16));
#15734=CARTESIAN_POINT('',(18.,10.,-5.));
#15735=CARTESIAN_POINT('',(18.,10.,8.88178419700125E-16));
#15736=CARTESIAN_POINT('',(29.5,10.,-8.5));
#15737=CARTESIAN_POINT('',(31.,10.,-8.5));
#15738=CARTESIAN_POINT('',(37.5,10.,-16.5));
#15739=CARTESIAN_POINT('',(39.,10.,-16.5));
#15740=CARTESIAN_POINT('',(29.5,10.,-24.5));
#15741=CARTESIAN_POINT('',(31.,10.,-24.5));
#15742=CARTESIAN_POINT('',(21.5,10.,-16.5));
#15743=CARTESIAN_POINT('',(23.,10.,-16.5));
#15744=CARTESIAN_POINT('',(29.5,10.,-16.5));
#15745=CARTESIAN_POINT('',(34.5,10.,-16.5));
#15746=CARTESIAN_POINT('',(0.,10.,0.));
#15747=CARTESIAN_POINT('',(29.5,-10.,-16.5));
#15748=CARTESIAN_POINT('',(40.5,-10.,-16.5));
#15749=CARTESIAN_POINT('',(0.,-10.,0.));
#15750=CARTESIAN_POINT('',(29.5,-6.,-16.5));
#15751=CARTESIAN_POINT('',(40.5,-6.,-16.5));
#15752=CARTESIAN_POINT('',(29.5,-6.,-16.5));
#15753=CARTESIAN_POINT('',(29.5,-6.,-8.5));
#15754=CARTESIAN_POINT('',(29.5,-6.,-10.));
#15755=CARTESIAN_POINT('',(37.5,-6.,-16.5));
#15756=CARTESIAN_POINT('',(37.5,-6.,-18.));
#15757=CARTESIAN_POINT('',(29.5,-6.,-24.5));
#15758=CARTESIAN_POINT('',(29.5,-6.,-26.));
#15759=CARTESIAN_POINT('',(21.5,-6.,-16.5));
#15760=CARTESIAN_POINT('',(21.5,-6.,-18.));
#15761=CARTESIAN_POINT('',(29.5,-6.,-16.5));
#15762=CARTESIAN_POINT('',(29.5,-6.,-21.5));
#15763=CARTESIAN_POINT('',(29.5,-6.,-16.5));
#15764=CARTESIAN_POINT('',(29.5,10.,-16.5));
#15765=CARTESIAN_POINT('',(21.5,10.,-16.5));
#15766=CARTESIAN_POINT('',(29.5,10.,-24.5));
#15767=CARTESIAN_POINT('',(37.5,10.,-16.5));
#15768=CARTESIAN_POINT('',(29.5,10.,-8.5));
#15769=CARTESIAN_POINT('',(21.,34.,20.));
#15770=CARTESIAN_POINT('',(21.,34.,20.));
#15771=CARTESIAN_POINT('',(21.,34.,0.));
#15772=CARTESIAN_POINT('',(21.,39.,20.));
#15773=CARTESIAN_POINT('',(21.,39.,20.));
#15774=CARTESIAN_POINT('',(21.,39.,20.));
#15775=CARTESIAN_POINT('',(21.,39.,0.));
#15776=CARTESIAN_POINT('',(21.,39.,0.));
#15777=CARTESIAN_POINT('',(21.,39.,20.));
#15778=CARTESIAN_POINT('',(21.,34.,0.));
#15779=CARTESIAN_POINT('',(41.,34.,0.));
#15780=CARTESIAN_POINT('',(21.,39.,0.));
#15781=CARTESIAN_POINT('',(41.,39.,0.));
#15782=CARTESIAN_POINT('',(41.,39.,0.));
#15783=CARTESIAN_POINT('',(21.,39.,0.));
#15784=CARTESIAN_POINT('',(41.,34.,0.));
#15785=CARTESIAN_POINT('',(41.,34.,20.));
#15786=CARTESIAN_POINT('',(41.,39.,0.));
#15787=CARTESIAN_POINT('',(41.,39.,20.));
#15788=CARTESIAN_POINT('',(41.,39.,20.));
#15789=CARTESIAN_POINT('',(41.,39.,0.));
#15790=CARTESIAN_POINT('',(24.,36.,3.));
#15791=CARTESIAN_POINT('',(24.,36.,1.5));
#15792=CARTESIAN_POINT('',(24.,34.,3.));
#15793=CARTESIAN_POINT('',(25.5,34.,3.));
#15794=CARTESIAN_POINT('',(24.,39.,3.));
#15795=CARTESIAN_POINT('',(31.,39.,10.));
#15796=CARTESIAN_POINT('',(35.5,39.,10.));
#15797=CARTESIAN_POINT('',(31.,34.,10.));
#15798=CARTESIAN_POINT('',(35.5,34.,10.));
#15799=CARTESIAN_POINT('',(31.,39.,10.));
#15800=CARTESIAN_POINT('',(41.,34.,20.));
#15801=CARTESIAN_POINT('',(41.,39.,20.));
#15802=CARTESIAN_POINT('',(41.,39.,20.));
#15803=CARTESIAN_POINT('',(38.,36.,17.));
#15804=CARTESIAN_POINT('',(38.,36.,15.5));
#15805=CARTESIAN_POINT('',(38.,34.,17.));
#15806=CARTESIAN_POINT('',(39.5,34.,17.));
#15807=CARTESIAN_POINT('',(38.,39.,17.));
#15808=CARTESIAN_POINT('',(24.,39.,3.));
#15809=CARTESIAN_POINT('',(26.5,39.,3.));
#15810=CARTESIAN_POINT('',(38.,39.,17.));
#15811=CARTESIAN_POINT('',(40.5,39.,17.));
#15812=CARTESIAN_POINT('',(31.,39.,10.));
#15813=CARTESIAN_POINT('',(31.,34.,10.));
#15814=CARTESIAN_POINT('',(38.,36.,17.));
#15815=CARTESIAN_POINT('',(40.5,36.,17.));
#15816=CARTESIAN_POINT('',(38.,36.,17.));
#15817=CARTESIAN_POINT('',(38.,36.,17.));
#15818=CARTESIAN_POINT('',(24.,36.,3.));
#15819=CARTESIAN_POINT('',(26.5,36.,3.));
#15820=CARTESIAN_POINT('',(24.,36.,3.));
#15821=CARTESIAN_POINT('',(24.,36.,3.));
#15822=CARTESIAN_POINT('',(-5.,24.,0.));
#15823=CARTESIAN_POINT('',(-5.,24.,0.));
#15824=CARTESIAN_POINT('',(-5.,16.,0.));
#15825=CARTESIAN_POINT('',(-5.,24.,-7.5));
#15826=CARTESIAN_POINT('',(-5.,24.,-7.5));
#15827=CARTESIAN_POINT('',(-5.,24.,-7.5));
#15828=CARTESIAN_POINT('',(-5.,16.,-7.5));
#15829=CARTESIAN_POINT('',(-5.,16.,-7.5));
#15830=CARTESIAN_POINT('',(-5.,24.,-7.5));
#15831=CARTESIAN_POINT('',(-5.,16.,0.));
#15832=CARTESIAN_POINT('',(0.,16.,0.));
#15833=CARTESIAN_POINT('',(-5.,16.,-7.5));
#15834=CARTESIAN_POINT('',(0.,16.,-7.5));
#15835=CARTESIAN_POINT('',(0.,16.,-7.5));
#15836=CARTESIAN_POINT('',(-5.,16.,-7.5));
#15837=CARTESIAN_POINT('',(0.,20.,0.));
#15838=CARTESIAN_POINT('',(1.2303292399046E-11,24.,0.));
#15839=CARTESIAN_POINT('',(0.,20.,-7.5));
#15840=CARTESIAN_POINT('',(1.2303292399046E-11,24.,-7.5));
#15841=CARTESIAN_POINT('',(1.2303292399046E-11,24.,-7.5));
#15842=CARTESIAN_POINT('',(0.,20.,-7.5));
#15843=CARTESIAN_POINT('',(0.,24.,0.));
#15844=CARTESIAN_POINT('',(0.,24.,-7.5));
#15845=CARTESIAN_POINT('',(0.,24.,-7.5));
#15846=CARTESIAN_POINT('',(0.,20.,-7.5));
#15847=CARTESIAN_POINT('',(0.,20.,0.));
#15848=CARTESIAN_POINT('',(-8.,20.0522254174251,-3.75));
#15849=CARTESIAN_POINT('',(-8.,20.0522254174251,-2.25));
#15850=CARTESIAN_POINT('',(-5.,20.0522254174251,-3.75));
#15851=CARTESIAN_POINT('',(-5.,20.0522254174251,-2.25));
#15852=CARTESIAN_POINT('',(-8.,20.0522254174251,-3.75));
#15853=CARTESIAN_POINT('',(-8.,20.0522254174251,-3.75));
#15854=CARTESIAN_POINT('',(-5.,20.0522254174251,-3.75));
#15855=CARTESIAN_POINT('',(-4.,20.,14.));
#15856=CARTESIAN_POINT('',(-4.,20.,2.));
#15857=CARTESIAN_POINT('',(-4.,20.,0.));
#15858=CARTESIAN_POINT('',(0.,20.,2.));
#15859=CARTESIAN_POINT('',(4.,20.,2.));
#15860=CARTESIAN_POINT('',(4.,20.,14.));
#15861=CARTESIAN_POINT('',(4.,20.,0.));
#15862=CARTESIAN_POINT('',(0.,20.,0.));
#15863=CARTESIAN_POINT('',(0.,20.,14.));
#15864=CARTESIAN_POINT('',(0.,20.,0.));
#15865=CARTESIAN_POINT('',(1.5,20.,0.));
#15866=CARTESIAN_POINT('',(0.,20.,2.));
#15867=CARTESIAN_POINT('',(1.5,20.,2.));
#15868=CARTESIAN_POINT('',(0.,20.,14.));
#15869=CARTESIAN_POINT('',(-4.,0.,12.));
#15870=CARTESIAN_POINT('',(-4.,10.8348486100883,12.));
#15871=CARTESIAN_POINT('',(-4.,20.,12.));
#15872=CARTESIAN_POINT('',(-4.,10.8348486100883,12.));
#15873=CARTESIAN_POINT('',(-4.,10.8348486100883,2.));
#15874=CARTESIAN_POINT('',(-4.,0.,2.));
#15875=CARTESIAN_POINT('',(-4.,0.,0.));
#15876=CARTESIAN_POINT('',(-4.,0.,0.));
#15877=CARTESIAN_POINT('',(-4.,0.,14.));
#15878=CARTESIAN_POINT('',(-4.,0.,14.));
#15879=CARTESIAN_POINT('',(-4.,0.,14.));
#15880=CARTESIAN_POINT('',(-4.,20.,14.));
#15881=CARTESIAN_POINT('',(-4.,20.,14.));
#15882=CARTESIAN_POINT('',(-4.,0.,14.));
#15883=CARTESIAN_POINT('',(0.,20.,12.));
#15884=CARTESIAN_POINT('',(4.,20.,12.));
#15885=CARTESIAN_POINT('',(0.,20.,14.));
#15886=CARTESIAN_POINT('',(4.,20.,14.));
#15887=CARTESIAN_POINT('',(4.,20.,14.));
#15888=CARTESIAN_POINT('',(0.,20.,14.));
#15889=CARTESIAN_POINT('',(4.,20.,12.));
#15890=CARTESIAN_POINT('',(4.,10.8348486100883,12.));
#15891=CARTESIAN_POINT('',(4.,20.,14.));
#15892=CARTESIAN_POINT('',(4.,0.,14.));
#15893=CARTESIAN_POINT('',(4.,0.,14.));
#15894=CARTESIAN_POINT('',(4.,0.,0.));
#15895=CARTESIAN_POINT('',(4.,20.,0.));
#15896=CARTESIAN_POINT('',(4.,20.,2.));
#15897=CARTESIAN_POINT('',(4.,10.8348486100883,2.));
#15898=CARTESIAN_POINT('',(4.,10.8348486100883,12.));
#15899=CARTESIAN_POINT('',(4.,20.,14.));
#15900=CARTESIAN_POINT('',(0.,20.,12.));
#15901=CARTESIAN_POINT('',(1.5,20.,12.));
#15902=CARTESIAN_POINT('',(0.,20.,14.));
#15903=CARTESIAN_POINT('',(1.5,20.,14.));
#15904=CARTESIAN_POINT('',(0.,20.,14.));
#15905=CARTESIAN_POINT('',(0.,0.,0.));
#15906=CARTESIAN_POINT('',(0.,0.,14.));
#15907=CARTESIAN_POINT('',(0.,0.,14.));
#15908=CARTESIAN_POINT('',(0.,0.,14.));
#15909=CARTESIAN_POINT('',(2.75,0.,14.));
#15910=CARTESIAN_POINT('',(0.,0.,0.));
#15911=CARTESIAN_POINT('',(2.75,0.,0.));
#15912=CARTESIAN_POINT('',(0.,0.,14.));
#15913=CARTESIAN_POINT('',(0.,20.,14.));
#15914=CARTESIAN_POINT('',(0.,20.,0.));
#15915=CARTESIAN_POINT('',(0.,20.,12.));
#15916=CARTESIAN_POINT('',(0.,20.,2.));
#15917=CARTESIAN_POINT('',(0.,20.,12.));
#15918=CARTESIAN_POINT('',(0.,20.,12.));
#15919=CARTESIAN_POINT('',(0.,20.,2.));
#15920=CARTESIAN_POINT('',(42.2000000000003,0.,131.));
#15921=CARTESIAN_POINT('',(43.7000000000003,0.,131.));
#15922=CARTESIAN_POINT('',(3.20000000000026,0.,131.));
#15923=CARTESIAN_POINT('',(4.70000000000026,0.,131.));
#15924=CARTESIAN_POINT('',(3.20000000000026,0.,72.0000000000002));
#15925=CARTESIAN_POINT('',(4.70000000000026,0.,72.0000000000002));
#15926=CARTESIAN_POINT('',(42.2000000000003,0.,72.0000000000002));
#15927=CARTESIAN_POINT('',(43.7000000000003,0.,72.0000000000002));
#15928=CARTESIAN_POINT('',(97.4999999999999,0.,50.7500000000001));
#15929=CARTESIAN_POINT('',(98.9999999999999,0.,50.7500000000001));
#15930=CARTESIAN_POINT('',(92.4999999999994,0.,50.7500000000002));
#15931=CARTESIAN_POINT('',(93.9999999999994,0.,50.7500000000002));
#15932=CARTESIAN_POINT('',(92.4999999999993,0.,2.49999999999992));
#15933=CARTESIAN_POINT('',(93.9999999999993,0.,2.49999999999992));
#15934=CARTESIAN_POINT('',(97.4999999999993,0.,2.49999999999989));
#15935=CARTESIAN_POINT('',(98.9999999999993,0.,2.49999999999989));
#15936=CARTESIAN_POINT('',(38.6500000000001,0.,83.5));
#15937=CARTESIAN_POINT('',(40.1500000000001,0.,83.5));
#15938=CARTESIAN_POINT('',(3.65000000000013,0.,83.5));
#15939=CARTESIAN_POINT('',(5.15000000000012,0.,83.5));
#15940=CARTESIAN_POINT('',(3.65000000000001,0.,53.5));
#15941=CARTESIAN_POINT('',(5.15000000000001,0.,53.5));
#15942=CARTESIAN_POINT('',(38.65,0.,53.5));
#15943=CARTESIAN_POINT('',(40.15,0.,53.5));
#15944=CARTESIAN_POINT('',(36.6500000000001,0.,59.5000000000001));
#15945=CARTESIAN_POINT('',(38.1500000000001,0.,59.5000000000001));
#15946=CARTESIAN_POINT('',(21.15,0.,44.0000000000001));
#15947=CARTESIAN_POINT('',(33.65,0.,44.0000000000001));
#15948=CARTESIAN_POINT('',(5.64999999999995,0.,28.5000000000002));
#15949=CARTESIAN_POINT('',(7.14999999999995,0.,28.5000000000002));
#15950=CARTESIAN_POINT('',(5.65000000000009,0.,59.5000000000003));
#15951=CARTESIAN_POINT('',(7.15000000000009,0.,59.5000000000003));
#15952=CARTESIAN_POINT('',(36.6499999999999,0.,28.5000000000001));
#15953=CARTESIAN_POINT('',(38.1499999999999,0.,28.5000000000001));
#15954=CARTESIAN_POINT('',(9.99999999999277,0.,16.5));
#15955=CARTESIAN_POINT('',(12.4999999999928,0.,16.5));
#15956=CARTESIAN_POINT('',(52.0000000000157,0.,16.4999999999937));
#15957=CARTESIAN_POINT('',(54.3000000000157,0.,16.4999999999937));
#15958=CARTESIAN_POINT('',(70.5,0.,16.5));
#15959=CARTESIAN_POINT('',(83.75,0.,16.5));
#15960=CARTESIAN_POINT('',(54.9999999999938,0.,98.0000000000001));
#15961=CARTESIAN_POINT('',(53.4999999999938,0.,98.0000000000001));
#15962=CARTESIAN_POINT('',(54.999999999994,0.,129.));
#15963=CARTESIAN_POINT('',(53.499999999994,0.,129.));
#15964=CARTESIAN_POINT('',(70.5000000000002,0.,113.5));
#15965=CARTESIAN_POINT('',(58.0000000000002,0.,113.5));
#15966=CARTESIAN_POINT('',(85.9999999999938,0.,98.));
#15967=CARTESIAN_POINT('',(84.4999999999938,0.,98.));
#15968=CARTESIAN_POINT('',(85.999999999994,0.,129.));
#15969=CARTESIAN_POINT('',(84.499999999994,0.,129.));
#15970=CARTESIAN_POINT('',(72.0000000000004,0.,140.));
#15971=CARTESIAN_POINT('',(69.5000000000004,0.,140.));
#15972=CARTESIAN_POINT('',(10.0000000000004,0.,140.));
#15973=CARTESIAN_POINT('',(7.5000000000004,0.,140.));
#15974=CARTESIAN_POINT('',(-6.12323399573677E-15,0.,150.));
#15975=CARTESIAN_POINT('',(-6.12323399573677E-15,0.,150.));
#15976=CARTESIAN_POINT('',(0.,0.,0.));
#15977=CARTESIAN_POINT('',(100.,0.,150.));
#15978=CARTESIAN_POINT('',(100.,0.,150.));
#15979=CARTESIAN_POINT('',(100.,0.,0.));
#15980=CARTESIAN_POINT('',(100.,0.,0.));
#15981=CARTESIAN_POINT('',(0.,0.,0.));
#15982=CARTESIAN_POINT('',(88.999999999998,0.,16.5000000000077));
#15983=CARTESIAN_POINT('',(91.299999999998,0.,16.5000000000077));
#15984=CARTESIAN_POINT('',(0.,0.,0.));
#15985=CARTESIAN_POINT('',(42.2000000000003,-10.,131.));
#15986=CARTESIAN_POINT('',(43.7000000000003,-10.,131.));
#15987=CARTESIAN_POINT('',(3.20000000000026,-10.,131.));
#15988=CARTESIAN_POINT('',(4.70000000000026,-10.,131.));
#15989=CARTESIAN_POINT('',(3.20000000000026,-10.,72.0000000000002));
#15990=CARTESIAN_POINT('',(4.70000000000026,-10.,72.0000000000002));
#15991=CARTESIAN_POINT('',(42.2000000000003,-10.,72.0000000000002));
#15992=CARTESIAN_POINT('',(43.7000000000003,-10.,72.0000000000002));
#15993=CARTESIAN_POINT('',(97.4999999999999,-10.,50.7500000000001));
#15994=CARTESIAN_POINT('',(98.9999999999999,-10.,50.7500000000001));
#15995=CARTESIAN_POINT('',(92.4999999999994,-10.,50.7500000000002));
#15996=CARTESIAN_POINT('',(93.9999999999994,-10.,50.7500000000002));
#15997=CARTESIAN_POINT('',(92.4999999999993,-10.,2.49999999999992));
#15998=CARTESIAN_POINT('',(93.9999999999993,-10.,2.49999999999992));
#15999=CARTESIAN_POINT('',(97.4999999999993,-10.,2.49999999999989));
#16000=CARTESIAN_POINT('',(98.9999999999993,-10.,2.49999999999989));
#16001=CARTESIAN_POINT('',(38.6500000000001,-10.,83.5));
#16002=CARTESIAN_POINT('',(40.1500000000001,-10.,83.5));
#16003=CARTESIAN_POINT('',(3.65000000000013,-10.,83.5));
#16004=CARTESIAN_POINT('',(5.15000000000012,-10.,83.5));
#16005=CARTESIAN_POINT('',(3.65000000000001,-10.,53.5));
#16006=CARTESIAN_POINT('',(5.15000000000001,-10.,53.5));
#16007=CARTESIAN_POINT('',(38.65,-10.,53.5));
#16008=CARTESIAN_POINT('',(40.15,-10.,53.5));
#16009=CARTESIAN_POINT('',(36.6500000000001,-10.,59.5000000000001));
#16010=CARTESIAN_POINT('',(38.1500000000001,-10.,59.5000000000001));
#16011=CARTESIAN_POINT('',(21.15,-10.,44.0000000000001));
#16012=CARTESIAN_POINT('',(33.65,-10.,44.0000000000001));
#16013=CARTESIAN_POINT('',(5.64999999999995,-10.,28.5000000000002));
#16014=CARTESIAN_POINT('',(7.14999999999995,-10.,28.5000000000002));
#16015=CARTESIAN_POINT('',(5.65000000000009,-10.,59.5000000000003));
#16016=CARTESIAN_POINT('',(7.15000000000009,-10.,59.5000000000003));
#16017=CARTESIAN_POINT('',(36.6499999999999,-10.,28.5000000000001));
#16018=CARTESIAN_POINT('',(38.1499999999999,-10.,28.5000000000001));
#16019=CARTESIAN_POINT('',(9.99999999999277,-10.,16.5));
#16020=CARTESIAN_POINT('',(12.4999999999928,-10.,16.5));
#16021=CARTESIAN_POINT('',(54.9999999999938,-10.,98.0000000000001));
#16022=CARTESIAN_POINT('',(53.4999999999938,-10.,98.0000000000001));
#16023=CARTESIAN_POINT('',(54.999999999994,-10.,129.));
#16024=CARTESIAN_POINT('',(53.499999999994,-10.,129.));
#16025=CARTESIAN_POINT('',(70.5000000000002,-10.,113.5));
#16026=CARTESIAN_POINT('',(58.0000000000002,-10.,113.5));
#16027=CARTESIAN_POINT('',(85.9999999999938,-10.,98.));
#16028=CARTESIAN_POINT('',(84.4999999999938,-10.,98.));
#16029=CARTESIAN_POINT('',(85.999999999994,-10.,129.));
#16030=CARTESIAN_POINT('',(84.499999999994,-10.,129.));
#16031=CARTESIAN_POINT('',(72.0000000000004,-10.,140.));
#16032=CARTESIAN_POINT('',(69.5000000000004,-10.,140.));
#16033=CARTESIAN_POINT('',(10.0000000000004,-10.,140.));
#16034=CARTESIAN_POINT('',(7.5000000000004,-10.,140.));
#16035=CARTESIAN_POINT('',(-6.12323399573677E-15,-10.,150.));
#16036=CARTESIAN_POINT('',(-6.12323399573677E-15,-10.,150.));
#16037=CARTESIAN_POINT('',(0.,-10.,0.));
#16038=CARTESIAN_POINT('',(0.,-10.,0.));
#16039=CARTESIAN_POINT('',(100.,-10.,0.));
#16040=CARTESIAN_POINT('',(100.,-10.,0.));
#16041=CARTESIAN_POINT('',(100.,-10.,150.));
#16042=CARTESIAN_POINT('',(100.,-10.,150.));
#16043=CARTESIAN_POINT('',(52.0000000000157,-10.,16.4999999999937));
#16044=CARTESIAN_POINT('',(49.7581945186056,-10.,10.9345433086233));
#16045=CARTESIAN_POINT('',(49.6486486486605,-10.,22.020067646543));
#16046=CARTESIAN_POINT('',(49.6486486486605,-10.,22.020067646543));
#16047=CARTESIAN_POINT('',(65.3074324324239,-10.,28.6901493861296));
#16048=CARTESIAN_POINT('',(70.5,-10.,16.5));
#16049=CARTESIAN_POINT('',(75.6925675675631,-10.,28.6901493861352));
#16050=CARTESIAN_POINT('',(75.6925675675631,-10.,28.6901493861352));
#16051=CARTESIAN_POINT('',(91.3513513513473,-10.,22.0200676465595));
#16052=CARTESIAN_POINT('',(88.999999999998,-10.,16.5000000000077));
#16053=CARTESIAN_POINT('',(91.3513513513519,-10.,10.9799323534579));
#16054=CARTESIAN_POINT('',(91.3513513513519,-10.,10.9799323534579));
#16055=CARTESIAN_POINT('',(75.6925675675732,-10.,4.30985061386912));
#16056=CARTESIAN_POINT('',(70.5,-10.,16.5));
#16057=CARTESIAN_POINT('',(65.3065873403978,-10.,4.31021062745203));
#16058=CARTESIAN_POINT('',(65.3065873403978,-10.,4.31021062745203));
#16059=CARTESIAN_POINT('',(0.,-10.,0.));
#16060=CARTESIAN_POINT('',(0.,-10.,0.));
#16061=CARTESIAN_POINT('',(-6.12323399573677E-15,-10.,150.));
#16062=CARTESIAN_POINT('',(-6.12323399573677E-15,-10.,150.));
#16063=CARTESIAN_POINT('',(100.,-10.,0.));
#16064=CARTESIAN_POINT('',(0.,-10.,0.));
#16065=CARTESIAN_POINT('',(100.,-10.,150.));
#16066=CARTESIAN_POINT('',(100.,-10.,0.));
#16067=CARTESIAN_POINT('',(100.,-10.,150.));
#16068=CARTESIAN_POINT('',(10.0000000000004,0.,140.));
#16069=CARTESIAN_POINT('',(72.0000000000004,0.,140.));
#16070=CARTESIAN_POINT('',(85.999999999994,0.,129.));
#16071=CARTESIAN_POINT('',(85.9999999999938,0.,98.));
#16072=CARTESIAN_POINT('',(70.5000000000002,0.,113.5));
#16073=CARTESIAN_POINT('',(54.999999999994,0.,129.));
#16074=CARTESIAN_POINT('',(54.9999999999938,0.,98.0000000000001));
#16075=CARTESIAN_POINT('',(70.5,-5.,16.5));
#16076=CARTESIAN_POINT('',(75.6925675675631,-5.,28.6901493861352));
#16077=CARTESIAN_POINT('',(75.6925675675732,-5.,4.30985061386912));
#16078=CARTESIAN_POINT('',(75.6925675675631,-10.,28.6901493861352));
#16079=CARTESIAN_POINT('',(65.3074324324239,-10.,28.6901493861296));
#16080=CARTESIAN_POINT('',(65.3074324324239,-5.,28.6901493861296));
#16081=CARTESIAN_POINT('',(70.5,-5.,16.5));
#16082=CARTESIAN_POINT('',(65.3065873403978,-5.,4.31021062745203));
#16083=CARTESIAN_POINT('',(65.3065873403978,-10.,4.31021062745203));
#16084=CARTESIAN_POINT('',(75.6925675675732,-10.,4.30985061386912));
#16085=CARTESIAN_POINT('',(70.5,-10.,16.5));
#16086=CARTESIAN_POINT('',(52.0000000000157,-5.,16.4999999999937));
#16087=CARTESIAN_POINT('',(52.0000000000157,-5.,18.7999999999937));
#16088=CARTESIAN_POINT('',(49.6486486486605,-5.,22.020067646543));
#16089=CARTESIAN_POINT('',(49.6486486486605,-5.,22.020067646543));
#16090=CARTESIAN_POINT('',(52.0000000000157,-5.,16.4999999999937));
#16091=CARTESIAN_POINT('',(49.7581945186056,-5.,10.9345433086233));
#16092=CARTESIAN_POINT('',(65.3065873403978,-5.,4.31021062745203));
#16093=CARTESIAN_POINT('',(88.999999999998,-5.,16.5000000000077));
#16094=CARTESIAN_POINT('',(49.6486486486605,-10.,22.020067646543));
#16095=CARTESIAN_POINT('',(49.7581945186056,-10.,10.9345433086233));
#16096=CARTESIAN_POINT('',(52.0000000000157,-10.,16.4999999999937));
#16097=CARTESIAN_POINT('',(49.6486486486605,-10.,22.020067646543));
#16098=CARTESIAN_POINT('',(65.3065873403978,-10.,4.31021062745203));
#16099=CARTESIAN_POINT('',(88.999999999998,-5.,16.5000000000077));
#16100=CARTESIAN_POINT('',(88.999999999998,-5.,18.8000000000077));
#16101=CARTESIAN_POINT('',(91.3513513513519,-5.,10.9799323534579));
#16102=CARTESIAN_POINT('',(91.3513513513519,-5.,10.9799323534579));
#16103=CARTESIAN_POINT('',(88.999999999998,-5.,16.5000000000077));
#16104=CARTESIAN_POINT('',(91.3513513513473,-5.,22.0200676465595));
#16105=CARTESIAN_POINT('',(75.6925675675631,-5.,28.6901493861352));
#16106=CARTESIAN_POINT('',(88.999999999998,-5.,16.5000000000077));
#16107=CARTESIAN_POINT('',(91.3513513513519,-10.,10.9799323534579));
#16108=CARTESIAN_POINT('',(91.3513513513473,-10.,22.0200676465595));
#16109=CARTESIAN_POINT('',(88.999999999998,-10.,16.5000000000077));
#16110=CARTESIAN_POINT('',(91.3513513513519,-10.,10.9799323534579));
#16111=CARTESIAN_POINT('',(75.6925675675631,-10.,28.6901493861352));
#16112=CARTESIAN_POINT('',(88.999999999998,-10.,16.5000000000077));
#16113=CARTESIAN_POINT('',(52.0000000000157,-10.,16.4999999999937));
#16114=CARTESIAN_POINT('',(9.99999999999277,-10.,16.5));
#16115=CARTESIAN_POINT('',(36.6499999999999,-10.,28.5000000000001));
#16116=CARTESIAN_POINT('',(5.65000000000009,-10.,59.5000000000003));
#16117=CARTESIAN_POINT('',(5.64999999999995,-10.,28.5000000000002));
#16118=CARTESIAN_POINT('',(21.15,-10.,44.0000000000001));
#16119=CARTESIAN_POINT('',(36.6500000000001,-10.,59.5000000000001));
#16120=CARTESIAN_POINT('',(38.65,-10.,53.5));
#16121=CARTESIAN_POINT('',(3.65000000000001,-10.,53.5));
#16122=CARTESIAN_POINT('',(3.65000000000013,-10.,83.5));
#16123=CARTESIAN_POINT('',(38.6500000000001,-10.,83.5));
#16124=CARTESIAN_POINT('',(97.4999999999993,0.,2.49999999999989));
#16125=CARTESIAN_POINT('',(92.4999999999993,0.,2.49999999999992));
#16126=CARTESIAN_POINT('',(92.4999999999994,0.,50.7500000000002));
#16127=CARTESIAN_POINT('',(97.4999999999999,0.,50.7500000000001));
#16128=CARTESIAN_POINT('',(42.2000000000003,0.,72.0000000000002));
#16129=CARTESIAN_POINT('',(3.20000000000026,0.,72.0000000000002));
#16130=CARTESIAN_POINT('',(3.20000000000026,0.,131.));
#16131=CARTESIAN_POINT('',(42.2000000000003,0.,131.));
#16132=CARTESIAN_POINT('',(97.5000000000001,-10.,2.5));
#16133=CARTESIAN_POINT('',(96.0000000000001,-10.,2.5));
#16134=CARTESIAN_POINT('',(92.5000000000004,-10.,50.7500000000002));
#16135=CARTESIAN_POINT('',(91.0000000000004,-10.,50.7500000000002));
#16136=CARTESIAN_POINT('',(92.5000000000001,-10.,2.5));
#16137=CARTESIAN_POINT('',(91.0000000000001,-10.,2.5));
#16138=CARTESIAN_POINT('',(97.5000000000004,-10.,50.7500000000002));
#16139=CARTESIAN_POINT('',(96.0000000000004,-10.,50.7500000000002));
#16140=CARTESIAN_POINT('',(38.6499999999999,-10.,83.5));
#16141=CARTESIAN_POINT('',(40.1499999999999,-10.,83.5));
#16142=CARTESIAN_POINT('',(3.64999999999993,-10.,83.5));
#16143=CARTESIAN_POINT('',(5.14999999999993,-10.,83.5));
#16144=CARTESIAN_POINT('',(3.65000000000013,-10.,53.5));
#16145=CARTESIAN_POINT('',(5.15000000000013,-10.,53.5));
#16146=CARTESIAN_POINT('',(38.6500000000001,-10.,53.5));
#16147=CARTESIAN_POINT('',(40.1500000000001,-10.,53.5));
#16148=CARTESIAN_POINT('',(33.7000000000001,-10.,43.9999999999999));
#16149=CARTESIAN_POINT('',(35.2000000000001,-10.,43.9999999999999));
#16150=CARTESIAN_POINT('',(8.60000000000007,-10.,43.9999999999999));
#16151=CARTESIAN_POINT('',(10.1000000000001,-10.,43.9999999999999));
#16152=CARTESIAN_POINT('',(21.1500000000001,-10.,43.9999999999999));
#16153=CARTESIAN_POINT('',(25.6500000000001,-10.,43.9999999999999));
#16154=CARTESIAN_POINT('',(9.99999999999289,-10.,16.5));
#16155=CARTESIAN_POINT('',(12.4999999999929,-10.,16.5));
#16156=CARTESIAN_POINT('',(89.,-10.,113.5));
#16157=CARTESIAN_POINT('',(91.3,-10.,113.5));
#16158=CARTESIAN_POINT('',(52.,-10.,113.5));
#16159=CARTESIAN_POINT('',(54.3,-10.,113.5));
#16160=CARTESIAN_POINT('',(70.5,-10.,113.5));
#16161=CARTESIAN_POINT('',(83.75,-10.,113.5));
#16162=CARTESIAN_POINT('',(72.0000000000004,-10.,140.));
#16163=CARTESIAN_POINT('',(69.5000000000004,-10.,140.));
#16164=CARTESIAN_POINT('',(10.0000000000004,-10.,140.));
#16165=CARTESIAN_POINT('',(7.5000000000004,-10.,140.));
#16166=CARTESIAN_POINT('',(-6.12323399573677E-15,-10.,150.));
#16167=CARTESIAN_POINT('',(-6.12323399573677E-15,-10.,150.));
#16168=CARTESIAN_POINT('',(0.,-10.,0.));
#16169=CARTESIAN_POINT('',(0.,-10.,0.));
#16170=CARTESIAN_POINT('',(100.,-10.,0.));
#16171=CARTESIAN_POINT('',(100.,-10.,0.));
#16172=CARTESIAN_POINT('',(100.,-10.,150.));
#16173=CARTESIAN_POINT('',(100.,-10.,150.));
#16174=CARTESIAN_POINT('',(70.5,-10.,16.5));
#16175=CARTESIAN_POINT('',(83.75,-10.,16.5));
#16176=CARTESIAN_POINT('',(52.0000000000157,-10.,16.4999999999937));
#16177=CARTESIAN_POINT('',(54.3000000000157,-10.,16.4999999999937));
#16178=CARTESIAN_POINT('',(88.999999999998,-10.,16.5000000000077));
#16179=CARTESIAN_POINT('',(91.299999999998,-10.,16.5000000000077));
#16180=CARTESIAN_POINT('',(0.,-10.,0.));
#16181=CARTESIAN_POINT('',(97.5000000000001,0.,2.5));
#16182=CARTESIAN_POINT('',(96.0000000000001,0.,2.5));
#16183=CARTESIAN_POINT('',(92.5000000000004,0.,50.7500000000002));
#16184=CARTESIAN_POINT('',(91.0000000000004,0.,50.7500000000002));
#16185=CARTESIAN_POINT('',(92.5000000000001,0.,2.5));
#16186=CARTESIAN_POINT('',(91.0000000000001,0.,2.5));
#16187=CARTESIAN_POINT('',(97.5000000000004,0.,50.7500000000002));
#16188=CARTESIAN_POINT('',(96.0000000000004,0.,50.7500000000002));
#16189=CARTESIAN_POINT('',(38.6499999999999,0.,83.5));
#16190=CARTESIAN_POINT('',(40.1499999999999,0.,83.5));
#16191=CARTESIAN_POINT('',(3.64999999999993,0.,83.5));
#16192=CARTESIAN_POINT('',(5.14999999999993,0.,83.5));
#16193=CARTESIAN_POINT('',(3.65000000000013,0.,53.5));
#16194=CARTESIAN_POINT('',(5.15000000000013,0.,53.5));
#16195=CARTESIAN_POINT('',(38.6500000000001,0.,53.5));
#16196=CARTESIAN_POINT('',(40.1500000000001,0.,53.5));
#16197=CARTESIAN_POINT('',(33.7000000000001,0.,43.9999999999999));
#16198=CARTESIAN_POINT('',(35.2000000000001,0.,43.9999999999999));
#16199=CARTESIAN_POINT('',(8.60000000000007,0.,43.9999999999999));
#16200=CARTESIAN_POINT('',(10.1000000000001,0.,43.9999999999999));
#16201=CARTESIAN_POINT('',(21.1500000000001,0.,43.9999999999999));
#16202=CARTESIAN_POINT('',(32.1500000000001,0.,43.9999999999999));
#16203=CARTESIAN_POINT('',(9.99999999999289,0.,16.5));
#16204=CARTESIAN_POINT('',(12.4999999999929,0.,16.5));
#16205=CARTESIAN_POINT('',(72.0000000000004,0.,140.));
#16206=CARTESIAN_POINT('',(69.5000000000004,0.,140.));
#16207=CARTESIAN_POINT('',(10.0000000000004,0.,140.));
#16208=CARTESIAN_POINT('',(7.5000000000004,0.,140.));
#16209=CARTESIAN_POINT('',(-6.12323399573677E-15,0.,150.));
#16210=CARTESIAN_POINT('',(-6.12323399573677E-15,0.,150.));
#16211=CARTESIAN_POINT('',(0.,0.,0.));
#16212=CARTESIAN_POINT('',(100.,0.,150.));
#16213=CARTESIAN_POINT('',(100.,0.,150.));
#16214=CARTESIAN_POINT('',(100.,0.,0.));
#16215=CARTESIAN_POINT('',(100.,0.,0.));
#16216=CARTESIAN_POINT('',(0.,0.,0.));
#16217=CARTESIAN_POINT('',(89.,0.,113.5));
#16218=CARTESIAN_POINT('',(91.3513513513517,0.,107.979932353444));
#16219=CARTESIAN_POINT('',(91.3513513513518,0.,119.020067646558));
#16220=CARTESIAN_POINT('',(91.3513513513518,0.,119.020067646558));
#16221=CARTESIAN_POINT('',(75.6925675675676,0.,125.690149386133));
#16222=CARTESIAN_POINT('',(70.5,0.,113.5));
#16223=CARTESIAN_POINT('',(65.3074324324239,0.,125.69014938613));
#16224=CARTESIAN_POINT('',(65.3074324324168,0.,125.690149386127));
#16225=CARTESIAN_POINT('',(49.6486486486487,0.,119.020067646551));
#16226=CARTESIAN_POINT('',(52.,0.,113.5));
#16227=CARTESIAN_POINT('',(49.7581945186064,0.,107.934543308623));
#16228=CARTESIAN_POINT('',(49.7581945186056,0.,107.934543308623));
#16229=CARTESIAN_POINT('',(65.3065873403978,0.,101.310210627452));
#16230=CARTESIAN_POINT('',(70.5,0.,113.5));
#16231=CARTESIAN_POINT('',(75.6925675675597,0.,101.309850613863));
#16232=CARTESIAN_POINT('',(75.6925675675642,0.,101.309850613865));
#16233=CARTESIAN_POINT('',(65.3065873403978,0.,4.31021062745203));
#16234=CARTESIAN_POINT('',(65.3065873403978,0.,4.31021062745203));
#16235=CARTESIAN_POINT('',(49.7581945186056,0.,10.9345433086233));
#16236=CARTESIAN_POINT('',(70.5,0.,16.5));
#16237=CARTESIAN_POINT('',(75.6925675675732,0.,4.30985061386912));
#16238=CARTESIAN_POINT('',(91.3513513513519,0.,10.9799323534578));
#16239=CARTESIAN_POINT('',(91.3513513513519,0.,10.9799323534578));
#16240=CARTESIAN_POINT('',(88.999999999998,0.,16.5000000000077));
#16241=CARTESIAN_POINT('',(91.3513513513473,0.,22.0200676465595));
#16242=CARTESIAN_POINT('',(75.6925675675631,0.,28.6901493861352));
#16243=CARTESIAN_POINT('',(75.6925675675631,0.,28.6901493861352));
#16244=CARTESIAN_POINT('',(70.5,0.,16.5));
#16245=CARTESIAN_POINT('',(65.3074324324239,0.,28.6901493861296));
#16246=CARTESIAN_POINT('',(49.6486486486605,0.,22.020067646543));
#16247=CARTESIAN_POINT('',(49.6486486486605,0.,22.020067646543));
#16248=CARTESIAN_POINT('',(52.0000000000157,0.,16.4999999999937));
#16249=CARTESIAN_POINT('',(0.,0.,0.));
#16250=CARTESIAN_POINT('',(70.5,-5.,16.5));
#16251=CARTESIAN_POINT('',(65.3065873403978,-5.,4.31021062745203));
#16252=CARTESIAN_POINT('',(65.3074324324239,-5.,28.6901493861296));
#16253=CARTESIAN_POINT('',(65.3074324324239,-5.,28.6901493861296));
#16254=CARTESIAN_POINT('',(75.6925675675631,-5.,28.6901493861352));
#16255=CARTESIAN_POINT('',(75.6925675675631,-5.,28.6901493861352));
#16256=CARTESIAN_POINT('',(70.5,-5.,16.5));
#16257=CARTESIAN_POINT('',(75.6925675675732,-5.,4.30985061386912));
#16258=CARTESIAN_POINT('',(75.6925675675732,-5.,4.30985061386912));
#16259=CARTESIAN_POINT('',(65.3065873403978,-5.,4.31021062745203));
#16260=CARTESIAN_POINT('',(70.5,-10.,16.5));
#16261=CARTESIAN_POINT('',(0.,-10.,0.));
#16262=CARTESIAN_POINT('',(-6.12323399573677E-15,-10.,150.));
#16263=CARTESIAN_POINT('',(-6.12323399573677E-15,-10.,150.));
#16264=CARTESIAN_POINT('',(100.,-10.,0.));
#16265=CARTESIAN_POINT('',(0.,-10.,0.));
#16266=CARTESIAN_POINT('',(100.,-10.,150.));
#16267=CARTESIAN_POINT('',(100.,-10.,0.));
#16268=CARTESIAN_POINT('',(100.,-10.,150.));
#16269=CARTESIAN_POINT('',(10.0000000000004,0.,140.));
#16270=CARTESIAN_POINT('',(72.0000000000004,0.,140.));
#16271=CARTESIAN_POINT('',(70.5,-5.,113.5));
#16272=CARTESIAN_POINT('',(75.6925675675597,-5.,101.309850613863));
#16273=CARTESIAN_POINT('',(75.6925675675676,-5.,125.690149386133));
#16274=CARTESIAN_POINT('',(75.6925675675597,-5.,101.309850613863));
#16275=CARTESIAN_POINT('',(65.3065873403978,-5.,101.310210627452));
#16276=CARTESIAN_POINT('',(65.3065873403978,-5.,101.310210627452));
#16277=CARTESIAN_POINT('',(70.5,-5.,113.5));
#16278=CARTESIAN_POINT('',(65.3074324324239,-5.,125.69014938613));
#16279=CARTESIAN_POINT('',(65.3074324324239,-5.,125.69014938613));
#16280=CARTESIAN_POINT('',(75.6925675675676,-5.,125.690149386133));
#16281=CARTESIAN_POINT('',(70.5,-10.,113.5));
#16282=CARTESIAN_POINT('',(89.,-5.,113.5));
#16283=CARTESIAN_POINT('',(89.,-5.,111.2));
#16284=CARTESIAN_POINT('',(91.3513513513518,-5.,119.020067646558));
#16285=CARTESIAN_POINT('',(91.3513513513518,-5.,119.020067646558));
#16286=CARTESIAN_POINT('',(89.,-5.,113.5));
#16287=CARTESIAN_POINT('',(91.3513513513517,-5.,107.979932353444));
#16288=CARTESIAN_POINT('',(75.6925675675642,-5.,101.309850613865));
#16289=CARTESIAN_POINT('',(70.5,-5.,113.5));
#16290=CARTESIAN_POINT('',(91.3513513513517,-5.,107.979932353444));
#16291=CARTESIAN_POINT('',(91.3513513513518,-5.,119.020067646558));
#16292=CARTESIAN_POINT('',(89.,-5.,113.5));
#16293=CARTESIAN_POINT('',(75.6925675675642,-5.,101.309850613865));
#16294=CARTESIAN_POINT('',(91.3513513513518,-5.,119.020067646558));
#16295=CARTESIAN_POINT('',(52.,-5.,113.5));
#16296=CARTESIAN_POINT('',(52.,-5.,111.2));
#16297=CARTESIAN_POINT('',(49.7581945186056,-5.,107.934543308623));
#16298=CARTESIAN_POINT('',(49.7581945186064,-5.,107.934543308623));
#16299=CARTESIAN_POINT('',(52.,-5.,113.5));
#16300=CARTESIAN_POINT('',(49.6486486486487,-5.,119.020067646551));
#16301=CARTESIAN_POINT('',(65.3074324324168,-5.,125.690149386127));
#16302=CARTESIAN_POINT('',(70.5,-5.,113.5));
#16303=CARTESIAN_POINT('',(49.6486486486487,-5.,119.020067646551));
#16304=CARTESIAN_POINT('',(65.3074324324168,-5.,125.690149386127));
#16305=CARTESIAN_POINT('',(49.7581945186064,-5.,107.934543308623));
#16306=CARTESIAN_POINT('',(52.,-5.,113.5));
#16307=CARTESIAN_POINT('',(49.7581945186056,-5.,107.934543308623));
#16308=CARTESIAN_POINT('',(52.,-10.,113.5));
#16309=CARTESIAN_POINT('',(89.,-10.,113.5));
#16310=CARTESIAN_POINT('',(52.0000000000157,-5.,16.4999999999937));
#16311=CARTESIAN_POINT('',(52.0000000000157,-5.,18.7999999999937));
#16312=CARTESIAN_POINT('',(65.3065873403978,-5.,4.31021062745203));
#16313=CARTESIAN_POINT('',(49.7581945186056,-5.,10.9345433086233));
#16314=CARTESIAN_POINT('',(52.0000000000157,-5.,16.4999999999937));
#16315=CARTESIAN_POINT('',(49.6486486486605,-5.,22.020067646543));
#16316=CARTESIAN_POINT('',(49.6486486486605,-5.,22.020067646543));
#16317=CARTESIAN_POINT('',(70.5,-5.,16.5));
#16318=CARTESIAN_POINT('',(49.6486486486605,-5.,22.020067646543));
#16319=CARTESIAN_POINT('',(49.7581945186056,-5.,10.9345433086233));
#16320=CARTESIAN_POINT('',(52.0000000000157,-5.,16.4999999999937));
#16321=CARTESIAN_POINT('',(49.6486486486605,-5.,22.020067646543));
#16322=CARTESIAN_POINT('',(65.3065873403978,-5.,4.31021062745203));
#16323=CARTESIAN_POINT('',(88.999999999998,-5.,16.5000000000077));
#16324=CARTESIAN_POINT('',(88.999999999998,-5.,18.8000000000077));
#16325=CARTESIAN_POINT('',(75.6925675675631,-5.,28.6901493861352));
#16326=CARTESIAN_POINT('',(91.3513513513473,-5.,22.0200676465595));
#16327=CARTESIAN_POINT('',(88.999999999998,-5.,16.5000000000077));
#16328=CARTESIAN_POINT('',(91.3513513513519,-5.,10.9799323534578));
#16329=CARTESIAN_POINT('',(91.3513513513519,-5.,10.9799323534578));
#16330=CARTESIAN_POINT('',(70.5,-5.,16.5));
#16331=CARTESIAN_POINT('',(91.3513513513519,-5.,10.9799323534578));
#16332=CARTESIAN_POINT('',(91.3513513513519,-5.,10.9799323534578));
#16333=CARTESIAN_POINT('',(91.3513513513473,-5.,22.0200676465595));
#16334=CARTESIAN_POINT('',(75.6925675675631,-5.,28.6901493861352));
#16335=CARTESIAN_POINT('',(88.999999999998,-5.,16.5000000000077));
#16336=CARTESIAN_POINT('',(88.999999999998,-10.,16.5000000000077));
#16337=CARTESIAN_POINT('',(52.0000000000157,-10.,16.4999999999937));
#16338=CARTESIAN_POINT('',(9.99999999999289,-10.,16.5));
#16339=CARTESIAN_POINT('',(21.1500000000001,-7.,43.9999999999999));
#16340=CARTESIAN_POINT('',(32.1500000000001,-7.,43.9999999999999));
#16341=CARTESIAN_POINT('',(21.1500000000001,-7.,43.9999999999999));
#16342=CARTESIAN_POINT('',(21.1500000000001,-7.,43.9999999999999));
#16343=CARTESIAN_POINT('',(21.1500000000001,-7.,39.4999999999999));
#16344=CARTESIAN_POINT('',(21.1500000000001,-7.,43.9999999999999));
#16345=CARTESIAN_POINT('',(21.1500000000001,-10.,43.9999999999999));
#16346=CARTESIAN_POINT('',(8.60000000000007,-10.,43.9999999999999));
#16347=CARTESIAN_POINT('',(33.7000000000001,-10.,43.9999999999999));
#16348=CARTESIAN_POINT('',(38.6500000000001,-10.,53.5));
#16349=CARTESIAN_POINT('',(3.65000000000013,-10.,53.5));
#16350=CARTESIAN_POINT('',(3.64999999999993,-10.,83.5));
#16351=CARTESIAN_POINT('',(38.6499999999999,-10.,83.5));
#16352=CARTESIAN_POINT('',(97.5000000000004,-10.,50.7500000000002));
#16353=CARTESIAN_POINT('',(92.5000000000001,-10.,2.5));
#16354=CARTESIAN_POINT('',(92.5000000000004,-10.,50.7500000000002));
#16355=CARTESIAN_POINT('',(97.5000000000001,-10.,2.5));
#16356=CARTESIAN_POINT('',(0.,0.5,70.));
#16357=CARTESIAN_POINT('',(0.,0.5,70.));
#16358=CARTESIAN_POINT('',(0.,0.,70.));
#16359=CARTESIAN_POINT('',(0.,0.5,0.));
#16360=CARTESIAN_POINT('',(0.,0.5,0.));
#16361=CARTESIAN_POINT('',(0.,0.5,0.));
#16362=CARTESIAN_POINT('',(0.,0.,0.));
#16363=CARTESIAN_POINT('',(0.,0.,0.));
#16364=CARTESIAN_POINT('',(0.,0.5,0.));
#16365=CARTESIAN_POINT('',(0.,0.,70.));
#16366=CARTESIAN_POINT('',(400.,0.,70.));
#16367=CARTESIAN_POINT('',(0.,0.,0.));
#16368=CARTESIAN_POINT('',(400.,0.,0.));
#16369=CARTESIAN_POINT('',(400.,0.,0.));
#16370=CARTESIAN_POINT('',(0.,0.,0.));
#16371=CARTESIAN_POINT('',(400.,0.,70.));
#16372=CARTESIAN_POINT('',(400.,0.5,70.));
#16373=CARTESIAN_POINT('',(400.,0.,0.));
#16374=CARTESIAN_POINT('',(400.,0.5,0.));
#16375=CARTESIAN_POINT('',(400.,0.5,0.));
#16376=CARTESIAN_POINT('',(400.,0.,0.));
#16377=CARTESIAN_POINT('',(400.,0.5,70.));
#16378=CARTESIAN_POINT('',(400.,0.5,0.));
#16379=CARTESIAN_POINT('',(400.,0.5,0.));
#16380=CARTESIAN_POINT('',(0.,0.,0.));
#16381=CARTESIAN_POINT('',(0.,0.,70.));
#16382=CARTESIAN_POINT('',(18.5,0.,4.));
#16383=CARTESIAN_POINT('',(21.1,0.,4.));
#16384=CARTESIAN_POINT('',(5.16,11.8230452929861,4.));
#16385=CARTESIAN_POINT('',(5.16,11.8230452929861,4.));
#16386=CARTESIAN_POINT('',(20.7,5.04083326445142,4.));
#16387=CARTESIAN_POINT('',(0.,0.,4.));
#16388=CARTESIAN_POINT('',(5.15999999999999,-11.8230452929861,4.));
#16389=CARTESIAN_POINT('',(20.7,-5.04083326445142,4.));
#16390=CARTESIAN_POINT('',(20.6999999999984,-5.04083326445213,4.));
#16391=CARTESIAN_POINT('',(18.5,0.,4.));
#16392=CARTESIAN_POINT('',(0.,0.,4.));
#16393=CARTESIAN_POINT('',(-20.7,5.04083326445142,4.));
#16394=CARTESIAN_POINT('',(-20.7,5.04083326445142,4.));
#16395=CARTESIAN_POINT('',(-5.16,11.8230452929861,4.));
#16396=CARTESIAN_POINT('',(-5.16,11.8230452929861,0.));
#16397=CARTESIAN_POINT('',(-5.16,11.8230452929861,0.));
#16398=CARTESIAN_POINT('',(-20.7,5.04083326445142,0.));
#16399=CARTESIAN_POINT('',(-20.7,5.04083326445142,0.));
#16400=CARTESIAN_POINT('',(-20.7,5.04083326445142,0.));
#16401=CARTESIAN_POINT('',(-20.7,5.04083326445142,0.));
#16402=CARTESIAN_POINT('',(20.7,5.04083326445142,0.));
#16403=CARTESIAN_POINT('',(20.7,5.04083326445142,0.));
#16404=CARTESIAN_POINT('',(5.16,11.8230452929861,0.));
#16405=CARTESIAN_POINT('',(5.16000000004628,11.8230452929659,0.));
#16406=CARTESIAN_POINT('',(5.16000000004628,11.8230452929659,0.));
#16407=CARTESIAN_POINT('',(5.16,11.8230452929861,0.));
#16408=CARTESIAN_POINT('',(20.6999999999984,-5.04083326445213,0.));
#16409=CARTESIAN_POINT('',(20.6999999999984,-5.04083326445213,0.));
#16410=CARTESIAN_POINT('',(18.5,0.,0.));
#16411=CARTESIAN_POINT('',(18.5,0.,0.));
#16412=CARTESIAN_POINT('',(5.15999999999999,-11.8230452929861,0.));
#16413=CARTESIAN_POINT('',(5.15999999999999,-11.8230452929861,0.));
#16414=CARTESIAN_POINT('',(20.7,-5.04083326445142,0.));
#16415=CARTESIAN_POINT('',(20.7,-5.04083326445142,0.));
#16416=CARTESIAN_POINT('',(0.,0.,0.));
#16417=CARTESIAN_POINT('',(0.,0.,4.));
#16418=CARTESIAN_POINT('',(-5.15999999998409,-11.823045292993,4.));
#16419=CARTESIAN_POINT('',(-5.15999999998409,-11.823045292993,0.));
#16420=CARTESIAN_POINT('',(-5.15999999998409,-11.823045292993,0.));
#16421=CARTESIAN_POINT('',(0.,0.,0.));
#16422=CARTESIAN_POINT('',(0.,0.,8.5));
#16423=CARTESIAN_POINT('',(12.9,0.,8.5));
#16424=CARTESIAN_POINT('',(0.,0.,0.));
#16425=CARTESIAN_POINT('',(-5.16,-11.8230452929861,4.));
#16426=CARTESIAN_POINT('',(-20.7,-5.04083326445143,4.));
#16427=CARTESIAN_POINT('',(-20.7,-5.04083326445143,0.));
#16428=CARTESIAN_POINT('',(-20.7,-5.04083326445143,0.));
#16429=CARTESIAN_POINT('',(-5.16,-11.8230452929861,0.));
#16430=CARTESIAN_POINT('',(-5.16,-11.8230452929861,0.));
#16431=CARTESIAN_POINT('',(18.5,0.,0.));
#16432=CARTESIAN_POINT('',(21.1,0.,0.));
#16433=CARTESIAN_POINT('',(18.5,0.,0.));
#16434=CARTESIAN_POINT('',(-18.5,0.,4.));
#16435=CARTESIAN_POINT('',(-18.5,0.,0.));
#16436=CARTESIAN_POINT('',(-18.5,0.,0.));
#16437=CARTESIAN_POINT('',(-18.5,0.,0.));
#16438=CARTESIAN_POINT('',(-15.9,0.,0.));
#16439=CARTESIAN_POINT('',(-18.5,0.,4.));
#16440=CARTESIAN_POINT('',(-15.9,0.,4.));
#16441=CARTESIAN_POINT('',(-18.5,0.,0.));
#16442=CARTESIAN_POINT('',(0.,0.,0.));
#16443=CARTESIAN_POINT('',(4.,4.89858719658941E-16,0.));
#16444=CARTESIAN_POINT('',(0.,0.,0.));
#16445=CARTESIAN_POINT('',(0.,0.,4.));
#16446=CARTESIAN_POINT('',(0.,0.,8.5));
#16447=CARTESIAN_POINT('',(6.1,7.47034547479885E-16,8.5));
#16448=CARTESIAN_POINT('',(0.,0.,8.5));
#16449=CARTESIAN_POINT('',(0.,0.,11.5));
#16450=CARTESIAN_POINT('',(6.1,7.47034547479885E-16,11.5));
#16451=CARTESIAN_POINT('',(0.,0.,11.5));
#16452=CARTESIAN_POINT('',(0.,0.,11.5));
#16453=CARTESIAN_POINT('',(4.,4.89858719658941E-16,11.5));
#16454=CARTESIAN_POINT('',(0.,0.,11.5));
#16455=CARTESIAN_POINT('',(0.,0.,11.5));
#16456=CARTESIAN_POINT('',(0.,0.,0.));
#16457=CARTESIAN_POINT('',(4.,4.89858719658941E-16,0.));
#16458=CARTESIAN_POINT('',(0.,0.,200.));
#16459=CARTESIAN_POINT('',(4.,4.89858719658941E-16,200.));
#16460=CARTESIAN_POINT('',(0.,0.,0.));
#16461=CARTESIAN_POINT('',(0.,0.,0.));
#16462=CARTESIAN_POINT('',(0.,0.,200.));
#16463=CARTESIAN_POINT('',(-6.,97.,0.));
#16464=CARTESIAN_POINT('',(-6.,97.,0.));
#16465=CARTESIAN_POINT('',(-6.,0.,0.));
#16466=CARTESIAN_POINT('',(-6.,97.,6.));
#16467=CARTESIAN_POINT('',(-6.,97.,6.));
#16468=CARTESIAN_POINT('',(-6.,97.,6.));
#16469=CARTESIAN_POINT('',(-6.,0.,6.));
#16470=CARTESIAN_POINT('',(-6.,0.,6.));
#16471=CARTESIAN_POINT('',(-6.,97.,6.));
#16472=CARTESIAN_POINT('',(0.,97.,0.));
#16473=CARTESIAN_POINT('',(6.,97.,0.));
#16474=CARTESIAN_POINT('',(6.,97.,6.));
#16475=CARTESIAN_POINT('',(6.,97.,6.));
#16476=CARTESIAN_POINT('',(0.,97.,6.));
#16477=CARTESIAN_POINT('',(0.,97.,6.));
#16478=CARTESIAN_POINT('',(6.,0.,0.));
#16479=CARTESIAN_POINT('',(6.,0.,0.));
#16480=CARTESIAN_POINT('',(6.,0.,6.));
#16481=CARTESIAN_POINT('',(6.,0.,6.));
#16482=CARTESIAN_POINT('',(6.,0.,6.));
#16483=CARTESIAN_POINT('',(6.,0.,6.));
#16484=CARTESIAN_POINT('',(-7.,97.,0.));
#16485=CARTESIAN_POINT('',(-7.,97.,0.));
#16486=CARTESIAN_POINT('',(-7.,0.,0.));
#16487=CARTESIAN_POINT('',(-7.,0.,6.));
#16488=CARTESIAN_POINT('',(-7.,0.,6.));
#16489=CARTESIAN_POINT('',(-7.,97.,6.));
#16490=CARTESIAN_POINT('',(-7.,97.,6.));
#16491=CARTESIAN_POINT('',(-7.,97.,6.));
#16492=CARTESIAN_POINT('',(-7.,97.,6.));
#16493=CARTESIAN_POINT('',(0.,0.,0.));
#16494=CARTESIAN_POINT('',(7.,0.,0.));
#16495=CARTESIAN_POINT('',(7.,0.,6.));
#16496=CARTESIAN_POINT('',(7.,0.,6.));
#16497=CARTESIAN_POINT('',(0.,0.,6.));
#16498=CARTESIAN_POINT('',(0.,0.,6.));
#16499=CARTESIAN_POINT('',(7.,0.,0.));
#16500=CARTESIAN_POINT('',(7.,97.,0.));
#16501=CARTESIAN_POINT('',(7.,97.,6.));
#16502=CARTESIAN_POINT('',(7.,97.,6.));
#16503=CARTESIAN_POINT('',(7.,0.,6.));
#16504=CARTESIAN_POINT('',(7.,0.,6.));
#16505=CARTESIAN_POINT('',(0.,97.,0.));
#16506=CARTESIAN_POINT('',(0.,97.,6.));
#16507=CARTESIAN_POINT('',(0.,97.,6.));
#16508=CARTESIAN_POINT('',(0.,0.,0.));
#16509=CARTESIAN_POINT('',(0.,0.,6.));
#16510=CARTESIAN_POINT('',(0.,0.,6.));
#16511=CARTESIAN_POINT('',(0.,0.,6.));
#16512=CARTESIAN_POINT('',(0.,0.,0.));
#16513=CARTESIAN_POINT('',(0.,0.,200.));
#16514=CARTESIAN_POINT('',(4.,0.,200.));
#16515=CARTESIAN_POINT('',(0.,0.,180.));
#16516=CARTESIAN_POINT('',(-4.,0.,180.));
#16517=CARTESIAN_POINT('',(0.,0.,200.));
#16518=CARTESIAN_POINT('',(0.,0.,200.));
#16519=CARTESIAN_POINT('',(0.,0.,180.));
#16520=CARTESIAN_POINT('',(9.5,1.16341445918999E-15,180.));
#16521=CARTESIAN_POINT('',(0.,0.,20.));
#16522=CARTESIAN_POINT('',(9.5,1.16341445918999E-15,20.));
#16523=CARTESIAN_POINT('',(0.,0.,180.));
#16524=CARTESIAN_POINT('',(0.,0.,180.));
#16525=CARTESIAN_POINT('',(0.,0.,20.));
#16526=CARTESIAN_POINT('',(-4.,0.,20.));
#16527=CARTESIAN_POINT('',(0.,0.,20.));
#16528=CARTESIAN_POINT('',(0.,0.,0.));
#16529=CARTESIAN_POINT('',(4.,0.,0.));
#16530=CARTESIAN_POINT('',(0.,0.,0.));
#16531=CARTESIAN_POINT('',(0.,0.,200.));
#16532=CARTESIAN_POINT('',(0.,0.,189.));
#16533=CARTESIAN_POINT('',(4.,0.,189.));
#16534=CARTESIAN_POINT('',(0.,0.,180.));
#16535=CARTESIAN_POINT('',(-4.,0.,180.));
#16536=CARTESIAN_POINT('',(0.,0.,189.));
#16537=CARTESIAN_POINT('',(0.,0.,189.));
#16538=CARTESIAN_POINT('',(0.,0.,180.));
#16539=CARTESIAN_POINT('',(9.5,1.16341445918999E-15,180.));
#16540=CARTESIAN_POINT('',(0.,0.,20.));
#16541=CARTESIAN_POINT('',(9.5,1.16341445918999E-15,20.));
#16542=CARTESIAN_POINT('',(0.,0.,180.));
#16543=CARTESIAN_POINT('',(0.,0.,180.));
#16544=CARTESIAN_POINT('',(0.,0.,20.));
#16545=CARTESIAN_POINT('',(-4.,0.,20.));
#16546=CARTESIAN_POINT('',(0.,0.,20.));
#16547=CARTESIAN_POINT('',(0.,0.,11.));
#16548=CARTESIAN_POINT('',(4.,0.,11.));
#16549=CARTESIAN_POINT('',(0.,0.,11.));
#16550=CARTESIAN_POINT('',(0.,0.,189.));
#16551=CARTESIAN_POINT('',(4.70853514907994E-14,7.50000000000006,3.));
#16552=CARTESIAN_POINT('',(9.,7.5,3.));
#16553=CARTESIAN_POINT('',(3.75,7.50000000000003,3.));
#16554=CARTESIAN_POINT('',(3.75,0.,3.));
#16555=CARTESIAN_POINT('',(3.75,3.81916720471054E-14,3.));
#16556=CARTESIAN_POINT('',(0.,0.,3.));
#16557=CARTESIAN_POINT('',(26.25,-5.20417042793042E-15,3.));
#16558=CARTESIAN_POINT('',(26.25,0.,3.));
#16559=CARTESIAN_POINT('',(26.25,7.49999999999999,3.));
#16560=CARTESIAN_POINT('',(8.67361737988406E-15,7.50000000000002,3.));
#16561=CARTESIAN_POINT('',(21.,7.5,3.));
#16562=CARTESIAN_POINT('',(21.,0.,3.));
#16563=CARTESIAN_POINT('',(21.,9.5,3.));
#16564=CARTESIAN_POINT('',(30.,9.5,3.));
#16565=CARTESIAN_POINT('',(9.,9.5,3.));
#16566=CARTESIAN_POINT('',(9.00000000000001,7.80625564189563E-15,3.));
#16567=CARTESIAN_POINT('',(0.,0.,3.));
#16568=CARTESIAN_POINT('',(-0.500000000000039,-4.2632564145606E-14,11.));
#16569=CARTESIAN_POINT('',(2.49999999999996,-4.2632564145606E-14,11.));
#16570=CARTESIAN_POINT('',(30.5,-4.2632564145607E-14,10.9999999999998));
#16571=CARTESIAN_POINT('',(33.5,-4.2632564145607E-14,10.9999999999998));
#16572=CARTESIAN_POINT('',(3.75,3.81916720471054E-14,50.));
#16573=CARTESIAN_POINT('',(3.75,3.81916720471054E-14,50.));
#16574=CARTESIAN_POINT('',(8.88178419700125E-16,3.5527136788005E-14,50.));
#16575=CARTESIAN_POINT('',(-5.,0.,50.));
#16576=CARTESIAN_POINT('',(-5.,0.,50.));
#16577=CARTESIAN_POINT('',(-5.,0.,0.));
#16578=CARTESIAN_POINT('',(0.,0.,0.));
#16579=CARTESIAN_POINT('',(35.,0.,0.));
#16580=CARTESIAN_POINT('',(35.,0.,0.));
#16581=CARTESIAN_POINT('',(35.,0.,50.));
#16582=CARTESIAN_POINT('',(26.25,-5.51183906711798E-15,50.));
#16583=CARTESIAN_POINT('',(26.25,-5.20417042793042E-15,50.));
#16584=CARTESIAN_POINT('',(26.25,-5.20417042793042E-15,50.));
#16585=CARTESIAN_POINT('',(-2.5,0.,5.));
#16586=CARTESIAN_POINT('',(-1.,0.,5.));
#16587=CARTESIAN_POINT('',(-2.50000000000001,0.,35.));
#16588=CARTESIAN_POINT('',(-1.00000000000001,0.,35.));
#16589=CARTESIAN_POINT('',(32.5,0.,35.));
#16590=CARTESIAN_POINT('',(34.,0.,35.));
#16591=CARTESIAN_POINT('',(32.5,0.,5.));
#16592=CARTESIAN_POINT('',(34.,0.,5.));
#16593=CARTESIAN_POINT('',(0.,0.,3.));
#16594=CARTESIAN_POINT('',(32.5,9.5,35.));
#16595=CARTESIAN_POINT('',(34.995,9.5,35.));
#16596=CARTESIAN_POINT('',(-2.50000000000001,9.5,35.));
#16597=CARTESIAN_POINT('',(-0.0050000000000089,9.5,35.));
#16598=CARTESIAN_POINT('',(-2.5,9.5,5.));
#16599=CARTESIAN_POINT('',(-0.00499999999999936,9.5,5.));
#16600=CARTESIAN_POINT('',(32.5,9.5,5.));
#16601=CARTESIAN_POINT('',(34.995,9.5,5.));
#16602=CARTESIAN_POINT('',(30.,9.5,0.));
#16603=CARTESIAN_POINT('',(35.,9.5,0.));
#16604=CARTESIAN_POINT('',(-5.,9.5,0.));
#16605=CARTESIAN_POINT('',(-5.,9.5,50.));
#16606=CARTESIAN_POINT('',(-5.,9.5,50.));
#16607=CARTESIAN_POINT('',(9.,9.5,50.));
#16608=CARTESIAN_POINT('',(9.,9.5,50.));
#16609=CARTESIAN_POINT('',(9.,9.5,50.));
#16610=CARTESIAN_POINT('',(21.,9.5,50.));
#16611=CARTESIAN_POINT('',(21.,9.5,50.));
#16612=CARTESIAN_POINT('',(30.,9.5,50.));
#16613=CARTESIAN_POINT('',(35.,9.5,50.));
#16614=CARTESIAN_POINT('',(35.,9.5,0.));
#16615=CARTESIAN_POINT('',(30.,9.5,3.));
#16616=CARTESIAN_POINT('',(-5.,9.5,0.));
#16617=CARTESIAN_POINT('',(35.,9.5,0.));
#16618=CARTESIAN_POINT('',(0.,0.,0.));
#16619=CARTESIAN_POINT('',(21.,7.5,50.));
#16620=CARTESIAN_POINT('',(21.,7.5,50.));
#16621=CARTESIAN_POINT('',(21.,9.5,50.));
#16622=CARTESIAN_POINT('',(21.,9.5,50.));
#16623=CARTESIAN_POINT('',(26.25,7.49999999999999,50.));
#16624=CARTESIAN_POINT('',(26.25,7.49999999999999,50.));
#16625=CARTESIAN_POINT('',(21.,7.5,50.));
#16626=CARTESIAN_POINT('',(21.,7.5,50.));
#16627=CARTESIAN_POINT('',(26.25,7.49999999999999,50.));
#16628=CARTESIAN_POINT('',(26.25,7.49999999999999,50.));
#16629=CARTESIAN_POINT('',(32.,3.25,50.));
#16630=CARTESIAN_POINT('',(33.25,3.25,50.));
#16631=CARTESIAN_POINT('',(35.,9.5,50.));
#16632=CARTESIAN_POINT('',(0.,0.,50.));
#16633=CARTESIAN_POINT('',(3.75,7.50000000000003,50.));
#16634=CARTESIAN_POINT('',(3.75,7.50000000000003,50.));
#16635=CARTESIAN_POINT('',(3.75,3.81916720471054E-14,50.));
#16636=CARTESIAN_POINT('',(3.75,3.81916720471054E-14,50.));
#16637=CARTESIAN_POINT('',(9.,7.5,50.));
#16638=CARTESIAN_POINT('',(9.,7.5,50.));
#16639=CARTESIAN_POINT('',(3.75,7.50000000000003,50.));
#16640=CARTESIAN_POINT('',(3.75,7.50000000000003,50.));
#16641=CARTESIAN_POINT('',(9.,7.49999999999999,50.));
#16642=CARTESIAN_POINT('',(9.,7.49999999999999,50.));
#16643=CARTESIAN_POINT('',(-1.99999999999999,3.25000000000001,50.));
#16644=CARTESIAN_POINT('',(-0.749999999999989,3.25000000000001,50.));
#16645=CARTESIAN_POINT('',(-5.,9.5,50.));
#16646=CARTESIAN_POINT('',(0.,0.,50.));
#16647=CARTESIAN_POINT('',(-5.,9.5,50.));
#16648=CARTESIAN_POINT('',(-2.5,6.5,5.));
#16649=CARTESIAN_POINT('',(-2.5,6.5,3.5));
#16650=CARTESIAN_POINT('',(-2.5,9.5,5.));
#16651=CARTESIAN_POINT('',(-2.50000000000001,6.5,35.));
#16652=CARTESIAN_POINT('',(-2.50000000000001,6.5,33.5));
#16653=CARTESIAN_POINT('',(-2.50000000000001,9.5,35.));
#16654=CARTESIAN_POINT('',(35.,9.5,0.));
#16655=CARTESIAN_POINT('',(32.5,6.5,35.));
#16656=CARTESIAN_POINT('',(32.5,6.5,33.5));
#16657=CARTESIAN_POINT('',(32.5,9.5,35.));
#16658=CARTESIAN_POINT('',(32.5,6.5,5.));
#16659=CARTESIAN_POINT('',(32.5,6.5,3.5));
#16660=CARTESIAN_POINT('',(32.5,9.5,5.));
#16661=CARTESIAN_POINT('',(32.5,6.5,5.));
#16662=CARTESIAN_POINT('',(34.995,6.5,5.));
#16663=CARTESIAN_POINT('',(32.5,6.5,5.));
#16664=CARTESIAN_POINT('',(32.5,9.5,5.));
#16665=CARTESIAN_POINT('',(32.5,6.5,35.));
#16666=CARTESIAN_POINT('',(34.995,6.5,35.));
#16667=CARTESIAN_POINT('',(32.5,6.5,35.));
#16668=CARTESIAN_POINT('',(32.5,9.5,35.));
#16669=CARTESIAN_POINT('',(-2.50000000000001,6.5,35.));
#16670=CARTESIAN_POINT('',(-0.0050000000000089,6.5,35.));
#16671=CARTESIAN_POINT('',(-2.50000000000001,6.5,35.));
#16672=CARTESIAN_POINT('',(-2.50000000000001,9.5,35.));
#16673=CARTESIAN_POINT('',(-2.5,6.5,5.));
#16674=CARTESIAN_POINT('',(-0.00499999999999936,6.5,5.));
#16675=CARTESIAN_POINT('',(-2.5,6.5,5.));
#16676=CARTESIAN_POINT('',(-2.5,9.5,5.));
#16677=CARTESIAN_POINT('',(-1.99999999999999,3.25000000000001,40.));
#16678=CARTESIAN_POINT('',(-0.749999999999989,3.25000000000001,40.));
#16679=CARTESIAN_POINT('',(-1.99999999999999,3.25000000000001,40.));
#16680=CARTESIAN_POINT('',(-1.99999999999999,3.25000000000001,40.));
#16681=CARTESIAN_POINT('',(32.,3.25,40.));
#16682=CARTESIAN_POINT('',(33.25,3.25,40.));
#16683=CARTESIAN_POINT('',(32.,3.25,40.));
#16684=CARTESIAN_POINT('',(32.,3.25,40.));
#16685=CARTESIAN_POINT('',(30.5,3.99999999999996,10.9999999999998));
#16686=CARTESIAN_POINT('',(33.5,3.99999999999996,10.9999999999998));
#16687=CARTESIAN_POINT('',(30.5,3.99999999999996,10.9999999999998));
#16688=CARTESIAN_POINT('',(30.5,3.99999999999996,10.9999999999998));
#16689=CARTESIAN_POINT('',(-0.500000000000039,3.99999999999996,11.));
#16690=CARTESIAN_POINT('',(2.49999999999996,3.99999999999996,11.));
#16691=CARTESIAN_POINT('',(-0.500000000000039,3.99999999999996,11.));
#16692=CARTESIAN_POINT('',(-0.500000000000039,3.99999999999996,11.));
#16693=CARTESIAN_POINT('',(0.,0.,7.));
#16694=CARTESIAN_POINT('',(11.,0.,7.));
#16695=CARTESIAN_POINT('',(0.,0.,0.));
#16696=CARTESIAN_POINT('',(11.,0.,0.));
#16697=CARTESIAN_POINT('',(0.,0.,7.));
#16698=CARTESIAN_POINT('',(0.,0.,7.));
#16699=CARTESIAN_POINT('',(4.,0.,7.));
#16700=CARTESIAN_POINT('',(0.,0.,0.));
#16701=CARTESIAN_POINT('',(4.,0.,0.));
#16702=CARTESIAN_POINT('',(0.,0.,7.));
#16703=CARTESIAN_POINT('',(0.,0.,7.));
#16704=CARTESIAN_POINT('',(0.,0.,0.));
#16705=CARTESIAN_POINT('',(-5.,38.5,7.25));
#16706=CARTESIAN_POINT('',(-5.,38.5,7.25));
#16707=CARTESIAN_POINT('',(-5.,32.,7.25));
#16708=CARTESIAN_POINT('',(-20.,38.5,7.25));
#16709=CARTESIAN_POINT('',(-20.,38.5,7.25));
#16710=CARTESIAN_POINT('',(-20.,35.5,7.25));
#16711=CARTESIAN_POINT('',(-20.,35.5,7.25));
#16712=CARTESIAN_POINT('',(-11.,35.5,7.25));
#16713=CARTESIAN_POINT('',(-11.,35.5,7.25));
#16714=CARTESIAN_POINT('',(-11.,32.,7.25));
#16715=CARTESIAN_POINT('',(-11.,32.,7.25));
#16716=CARTESIAN_POINT('',(11.,32.,7.25));
#16717=CARTESIAN_POINT('',(0.,0.,7.25));
#16718=CARTESIAN_POINT('',(5.,32.,7.25));
#16719=CARTESIAN_POINT('',(5.,32.,7.25));
#16720=CARTESIAN_POINT('',(5.,38.5,7.25));
#16721=CARTESIAN_POINT('',(11.,32.,7.25));
#16722=CARTESIAN_POINT('',(11.,32.,7.25));
#16723=CARTESIAN_POINT('',(11.,35.5,7.25));
#16724=CARTESIAN_POINT('',(11.,35.5,7.25));
#16725=CARTESIAN_POINT('',(20.,35.5,7.25));
#16726=CARTESIAN_POINT('',(20.,35.5,7.25));
#16727=CARTESIAN_POINT('',(20.,38.5,7.25));
#16728=CARTESIAN_POINT('',(20.,38.5,7.25));
#16729=CARTESIAN_POINT('',(-20.,38.5,7.25));
#16730=CARTESIAN_POINT('',(0.,0.,7.25));
#16731=CARTESIAN_POINT('',(0.,32.,4.));
#16732=CARTESIAN_POINT('',(2.25,32.,4.));
#16733=CARTESIAN_POINT('',(0.,32.,0.25));
#16734=CARTESIAN_POINT('',(11.,32.,0.25));
#16735=CARTESIAN_POINT('',(-11.,32.,0.25));
#16736=CARTESIAN_POINT('',(11.,32.,7.25));
#16737=CARTESIAN_POINT('',(5.,32.,9.5));
#16738=CARTESIAN_POINT('',(5.,32.,9.5));
#16739=CARTESIAN_POINT('',(-5.,32.,9.5));
#16740=CARTESIAN_POINT('',(-5.,32.,9.5));
#16741=CARTESIAN_POINT('',(-5.,32.,9.5));
#16742=CARTESIAN_POINT('',(-11.,32.,7.25));
#16743=CARTESIAN_POINT('',(0.,32.,7.25));
#16744=CARTESIAN_POINT('',(-11.,32.,0.25));
#16745=CARTESIAN_POINT('',(-11.,35.5,0.25));
#16746=CARTESIAN_POINT('',(-11.,35.5,7.25));
#16747=CARTESIAN_POINT('',(-11.,32.,7.25));
#16748=CARTESIAN_POINT('',(-17.,35.5,3.));
#16749=CARTESIAN_POINT('',(-17.,35.5,1.5));
#16750=CARTESIAN_POINT('',(-11.,35.5,0.25));
#16751=CARTESIAN_POINT('',(-20.,35.5,0.25));
#16752=CARTESIAN_POINT('',(-20.,35.5,7.25));
#16753=CARTESIAN_POINT('',(-11.,35.5,7.25));
#16754=CARTESIAN_POINT('',(-20.,35.5,0.25));
#16755=CARTESIAN_POINT('',(-20.,38.5,0.25));
#16756=CARTESIAN_POINT('',(-20.,38.5,7.25));
#16757=CARTESIAN_POINT('',(-20.,35.5,7.25));
#16758=CARTESIAN_POINT('',(-17.,38.5,3.));
#16759=CARTESIAN_POINT('',(-15.5,38.5,3.));
#16760=CARTESIAN_POINT('',(17.,38.5,3.));
#16761=CARTESIAN_POINT('',(18.5,38.5,3.));
#16762=CARTESIAN_POINT('',(-20.,38.5,0.25));
#16763=CARTESIAN_POINT('',(20.,38.5,0.25));
#16764=CARTESIAN_POINT('',(-5.,38.5,9.5));
#16765=CARTESIAN_POINT('',(-5.,38.5,9.5));
#16766=CARTESIAN_POINT('',(5.,38.5,9.5));
#16767=CARTESIAN_POINT('',(5.,38.5,9.5));
#16768=CARTESIAN_POINT('',(5.,38.5,9.5));
#16769=CARTESIAN_POINT('',(20.,38.5,7.25));
#16770=CARTESIAN_POINT('',(-20.,38.5,7.25));
#16771=CARTESIAN_POINT('',(20.,38.5,0.25));
#16772=CARTESIAN_POINT('',(20.,35.5,0.25));
#16773=CARTESIAN_POINT('',(20.,35.5,7.25));
#16774=CARTESIAN_POINT('',(20.,38.5,7.25));
#16775=CARTESIAN_POINT('',(17.,35.5,3.));
#16776=CARTESIAN_POINT('',(17.,35.5,1.5));
#16777=CARTESIAN_POINT('',(20.,35.5,0.25));
#16778=CARTESIAN_POINT('',(11.,35.5,0.25));
#16779=CARTESIAN_POINT('',(11.,35.5,7.25));
#16780=CARTESIAN_POINT('',(20.,35.5,7.25));
#16781=CARTESIAN_POINT('',(11.,35.5,0.25));
#16782=CARTESIAN_POINT('',(11.,35.5,7.25));
#16783=CARTESIAN_POINT('',(0.,0.,0.25));
#16784=CARTESIAN_POINT('',(-5.,38.5,9.5));
#16785=CARTESIAN_POINT('',(-5.,38.5,9.5));
#16786=CARTESIAN_POINT('',(5.,32.,9.5));
#16787=CARTESIAN_POINT('',(5.,32.,9.5));
#16788=CARTESIAN_POINT('',(0.,0.,9.5));
#16789=CARTESIAN_POINT('',(0.,29.,4.));
#16790=CARTESIAN_POINT('',(2.25,29.,4.));
#16791=CARTESIAN_POINT('',(0.,29.,4.));
#16792=CARTESIAN_POINT('',(0.,29.,4.));
#16793=CARTESIAN_POINT('',(17.,29.,3.));
#16794=CARTESIAN_POINT('',(-17.,29.,3.));
#16795=CARTESIAN_POINT('',(-11.,15.,0.));
#16796=CARTESIAN_POINT('',(-11.,15.,0.));
#16797=CARTESIAN_POINT('',(-11.,0.,0.));
#16798=CARTESIAN_POINT('',(-11.,0.,7.));
#16799=CARTESIAN_POINT('',(-11.,0.,7.));
#16800=CARTESIAN_POINT('',(-11.,15.,7.));
#16801=CARTESIAN_POINT('',(-11.,15.,7.));
#16802=CARTESIAN_POINT('',(-11.,15.,7.));
#16803=CARTESIAN_POINT('',(-11.,15.,7.));
#16804=CARTESIAN_POINT('',(0.,0.,0.));
#16805=CARTESIAN_POINT('',(11.,1.34711147906209E-15,0.));
#16806=CARTESIAN_POINT('',(11.,1.34711147906209E-15,7.));
#16807=CARTESIAN_POINT('',(11.,1.34711147906209E-15,7.));
#16808=CARTESIAN_POINT('',(0.,0.,7.));
#16809=CARTESIAN_POINT('',(0.,0.,7.));
#16810=CARTESIAN_POINT('',(11.,0.,0.));
#16811=CARTESIAN_POINT('',(11.,15.,0.));
#16812=CARTESIAN_POINT('',(11.,15.,7.));
#16813=CARTESIAN_POINT('',(11.,15.,7.));
#16814=CARTESIAN_POINT('',(11.,0.,7.));
#16815=CARTESIAN_POINT('',(11.,0.,7.));
#16816=CARTESIAN_POINT('',(0.,15.,4.));
#16817=CARTESIAN_POINT('',(2.25,15.,4.));
#16818=CARTESIAN_POINT('',(11.,15.,0.));
#16819=CARTESIAN_POINT('',(11.,15.,7.));
#16820=CARTESIAN_POINT('',(11.,15.,7.));
#16821=CARTESIAN_POINT('',(0.,0.,7.));
#16822=CARTESIAN_POINT('',(0.,0.,0.));
#16823=CARTESIAN_POINT('',(0.,18.,4.));
#16824=CARTESIAN_POINT('',(2.25,18.,4.));
#16825=CARTESIAN_POINT('',(0.,18.,4.));
#16826=CARTESIAN_POINT('',(0.,18.,4.));
#16827=CARTESIAN_POINT('',(17.0000000000001,36.7500000000001,-35.));
#16828=CARTESIAN_POINT('',(17.0000000000001,36.7500000000001,-35.));
#16829=CARTESIAN_POINT('',(17.0000000000001,36.7500000000001,-23.));
#16830=CARTESIAN_POINT('',(168.300000000001,36.7500000000001,-35.));
#16831=CARTESIAN_POINT('',(-6.99999999999992,36.7500000000001,-35.));
#16832=CARTESIAN_POINT('',(-6.99999999999992,36.7500000000001,-35.));
#16833=CARTESIAN_POINT('',(-6.99999999999992,36.7500000000001,-23.));
#16834=CARTESIAN_POINT('',(168.300000000001,36.7500000000001,-23.));
#16835=CARTESIAN_POINT('',(5.,36.75,-30.));
#16836=CARTESIAN_POINT('',(8.375,36.75,-30.));
#16837=CARTESIAN_POINT('',(13.,36.75,-30.));
#16838=CARTESIAN_POINT('',(15.75,36.75,-30.));
#16839=CARTESIAN_POINT('',(-3.,36.75,-30.));
#16840=CARTESIAN_POINT('',(-0.249999999999999,36.75,-30.));
#16841=CARTESIAN_POINT('',(168.300000000001,36.7500000000001,-35.));
#16842=CARTESIAN_POINT('',(5.,33.75,-30.));
#16843=CARTESIAN_POINT('',(-0.504882812500003,33.75,-28.8437603100386));
#16844=CARTESIAN_POINT('',(10.5048828125,33.75,-28.8437603100386));
#16845=CARTESIAN_POINT('',(-3.,33.75,-30.));
#16846=CARTESIAN_POINT('',(-0.504882812500004,33.75,-31.1562396899614));
#16847=CARTESIAN_POINT('',(5.,33.75,-30.));
#16848=CARTESIAN_POINT('',(0.500000000008999,33.75,-33.375000000012));
#16849=CARTESIAN_POINT('',(4.99999999999999,33.75,-33.375));
#16850=CARTESIAN_POINT('',(5.,33.75,-33.375));
#16851=CARTESIAN_POINT('',(5.,33.75,-30.));
#16852=CARTESIAN_POINT('',(4.99999999999999,33.75,-33.375));
#16853=CARTESIAN_POINT('',(9.50000000000405,33.75,-33.3749999999946));
#16854=CARTESIAN_POINT('',(5.,33.75,-30.));
#16855=CARTESIAN_POINT('',(10.5048828125,33.75,-31.1562396899614));
#16856=CARTESIAN_POINT('',(13.,33.75,-30.));
#16857=CARTESIAN_POINT('',(5.,33.75,-30.));
#16858=CARTESIAN_POINT('',(-3.,31.7500000000001,-30.));
#16859=CARTESIAN_POINT('',(-3.,31.7500000000001,-28.5));
#16860=CARTESIAN_POINT('',(-3.,33.75,-30.));
#16861=CARTESIAN_POINT('',(-3.,33.75,-28.5));
#16862=CARTESIAN_POINT('',(-3.,25.,-30.));
#16863=CARTESIAN_POINT('',(5.,31.75,-30.));
#16864=CARTESIAN_POINT('',(9.50000000000405,31.75,-33.3749999999946));
#16865=CARTESIAN_POINT('',(0.500000000008993,31.7500000000001,-33.375));
#16866=CARTESIAN_POINT('',(0.5,31.75,-33.375));
#16867=CARTESIAN_POINT('',(17.0000000000001,31.7500000000001,-23.));
#16868=CARTESIAN_POINT('',(17.0000000000001,31.7500000000001,-23.));
#16869=CARTESIAN_POINT('',(17.0000000000001,31.7500000000001,-35.));
#16870=CARTESIAN_POINT('',(168.300000000001,31.7500000000001,-23.));
#16871=CARTESIAN_POINT('',(-6.99999999999992,31.7500000000001,-23.));
#16872=CARTESIAN_POINT('',(-6.99999999999992,31.7500000000001,-23.));
#16873=CARTESIAN_POINT('',(-6.99999999999992,31.7500000000001,-35.));
#16874=CARTESIAN_POINT('',(168.300000000001,31.7500000000001,-35.));
#16875=CARTESIAN_POINT('',(13.,31.7500000000001,-30.));
#16876=CARTESIAN_POINT('',(13.,31.7500000000001,-28.5));
#16877=CARTESIAN_POINT('',(168.300000000001,31.7500000000001,-23.));
#16878=CARTESIAN_POINT('',(17.0000000000001,31.7500000000001,-35.));
#16879=CARTESIAN_POINT('',(17.0000000000001,36.7500000000001,-23.));
#16880=CARTESIAN_POINT('',(17.0000000000001,-2.77555756156289E-14,-60.5000000000074));
#16881=CARTESIAN_POINT('',(-6.99999999999992,31.7500000000001,-35.));
#16882=CARTESIAN_POINT('',(168.300000000001,31.7500000000001,-35.));
#16883=CARTESIAN_POINT('',(-6.99999999999992,36.7500000000001,-23.));
#16884=CARTESIAN_POINT('',(168.300000000001,36.7500000000001,-23.));
#16885=CARTESIAN_POINT('',(-6.99999999999992,-2.77555756156289E-14,-60.5000000000074));
#16886=CARTESIAN_POINT('',(5.,33.75,-30.));
#16887=CARTESIAN_POINT('',(5.,33.75,-30.));
#16888=CARTESIAN_POINT('',(9.50000000000405,31.75,-33.3749999999946));
#16889=CARTESIAN_POINT('',(0.500000000008999,31.75,-33.375000000012));
#16890=CARTESIAN_POINT('',(5.,31.75,-30.));
#16891=CARTESIAN_POINT('',(4.99999999999999,31.75,-33.375));
#16892=CARTESIAN_POINT('',(5.,31.75,-30.));
#16893=CARTESIAN_POINT('',(13.,33.75,-30.));
#16894=CARTESIAN_POINT('',(13.,33.75,-31.5));
#16895=CARTESIAN_POINT('',(13.,25.,-30.));
#16896=CARTESIAN_POINT('',(-3.,33.75,-30.));
#16897=CARTESIAN_POINT('',(-3.,33.75,-30.));
#16898=CARTESIAN_POINT('',(-3.,33.75,-30.));
#16899=CARTESIAN_POINT('',(13.,33.75,-30.));
#16900=CARTESIAN_POINT('',(13.,33.75,-30.));
#16901=CARTESIAN_POINT('',(13.,33.75,-30.));
#16902=CARTESIAN_POINT('',(22.0000000000001,-2.77555756156289E-14,-60.5000000000072));
#16903=CARTESIAN_POINT('',(22.0000000000001,4.49999999999997,-60.5000000000072));
#16904=CARTESIAN_POINT('',(22.0000000000001,-10.0000000000001,-70.5000000000074));
#16905=CARTESIAN_POINT('',(22.0000000000001,9.99999999999989,-70.5000000000073));
#16906=CARTESIAN_POINT('',(22.0000000000001,-10.0000000000001,-70.5000000000074));
#16907=CARTESIAN_POINT('',(22.0000000000001,9.99999999999989,-70.5000000000073));
#16908=CARTESIAN_POINT('',(22.0000000000001,9.9999999999998,-50.5000000000073));
#16909=CARTESIAN_POINT('',(22.0000000000001,9.9999999999998,-50.5000000000073));
#16910=CARTESIAN_POINT('',(22.0000000000001,-10.0000000000002,-50.5000000000074));
#16911=CARTESIAN_POINT('',(22.0000000000001,-10.0000000000002,-50.5000000000074));
#16912=CARTESIAN_POINT('',(22.0000000000001,7.00000000000031,-67.5));
#16913=CARTESIAN_POINT('',(22.0000000000001,9.50000000000031,-67.5));
#16914=CARTESIAN_POINT('',(22.0000000000001,-7.00000000000008,-53.5000000000073));
#16915=CARTESIAN_POINT('',(22.0000000000001,-4.50000000000008,-53.5000000000073));
#16916=CARTESIAN_POINT('',(22.0000000000001,-7.0000000000001,-53.5000000000073));
#16917=CARTESIAN_POINT('',(17.0000000000001,-7.0000000000001,-53.5000000000073));
#16918=CARTESIAN_POINT('',(17.0000000000001,-5.5000000000001,-53.5000000000073));
#16919=CARTESIAN_POINT('',(19.0000000000001,-7.0000000000001,-53.5000000000073));
#16920=CARTESIAN_POINT('',(19.0000000000001,-7.0000000000001,-55.0000000000073));
#16921=CARTESIAN_POINT('',(22.0000000000001,-7.0000000000001,-53.5000000000073));
#16922=CARTESIAN_POINT('',(17.0000000000001,-10.0000000000001,-70.5000000000074));
#16923=CARTESIAN_POINT('',(17.0000000000001,9.99999999999989,-70.5000000000073));
#16924=CARTESIAN_POINT('',(17.0000000000001,-10.0000000000001,-70.5000000000074));
#16925=CARTESIAN_POINT('',(22.0000000000001,9.99999999999989,-70.5000000000073));
#16926=CARTESIAN_POINT('',(22.0000000000001,-10.0000000000001,-70.5000000000074));
#16927=CARTESIAN_POINT('',(22.0000000000001,-10.0000000000001,-70.5000000000074));
#16928=CARTESIAN_POINT('',(17.0000000000001,9.99999999999989,-70.5000000000073));
#16929=CARTESIAN_POINT('',(17.0000000000001,9.9999999999998,-50.5000000000073));
#16930=CARTESIAN_POINT('',(22.0000000000001,9.9999999999998,-50.5000000000073));
#16931=CARTESIAN_POINT('',(22.0000000000001,9.99999999999989,-70.5000000000073));
#16932=CARTESIAN_POINT('',(17.0000000000001,9.9999999999998,-50.5000000000073));
#16933=CARTESIAN_POINT('',(17.0000000000001,-10.0000000000002,-50.5000000000074));
#16934=CARTESIAN_POINT('',(22.0000000000001,-10.0000000000002,-50.5000000000074));
#16935=CARTESIAN_POINT('',(22.0000000000001,9.9999999999998,-50.5000000000073));
#16936=CARTESIAN_POINT('',(17.0000000000001,-2.77555756156289E-14,-60.5000000000072));
#16937=CARTESIAN_POINT('',(17.0000000000001,4.49999999999997,-60.5000000000072));
#16938=CARTESIAN_POINT('',(22.0000000000001,-2.77555756156289E-14,-60.5000000000072));
#16939=CARTESIAN_POINT('',(17.0000000000001,-10.0000000000002,-50.5000000000074));
#16940=CARTESIAN_POINT('',(22.0000000000001,-10.0000000000002,-50.5000000000074));
#16941=CARTESIAN_POINT('',(19.0000000000001,7.00000000000031,-67.5));
#16942=CARTESIAN_POINT('',(19.0000000000001,7.00000000000031,-66.));
#16943=CARTESIAN_POINT('',(17.0000000000001,7.00000000000031,-67.5));
#16944=CARTESIAN_POINT('',(17.0000000000001,8.50000000000031,-67.5));
#16945=CARTESIAN_POINT('',(22.0000000000001,7.00000000000031,-67.5));
#16946=CARTESIAN_POINT('',(17.0000000000001,-7.0000000000001,-53.5000000000073));
#16947=CARTESIAN_POINT('',(19.0000000000001,7.00000000000031,-67.5));
#16948=CARTESIAN_POINT('',(19.0000000000001,9.50000000000031,-67.5));
#16949=CARTESIAN_POINT('',(19.0000000000001,7.00000000000031,-67.5));
#16950=CARTESIAN_POINT('',(19.0000000000001,7.00000000000031,-67.5));
#16951=CARTESIAN_POINT('',(19.0000000000001,-7.00000000000008,-53.5000000000073));
#16952=CARTESIAN_POINT('',(19.0000000000001,-4.50000000000008,-53.5000000000073));
#16953=CARTESIAN_POINT('',(19.0000000000001,-7.00000000000008,-53.5000000000073));
#16954=CARTESIAN_POINT('',(19.0000000000001,-7.00000000000008,-53.5000000000073));
#16955=CARTESIAN_POINT('',(-6.99999999999991,7.00000000000031,-67.5));
#16956=CARTESIAN_POINT('',(-6.99999999999991,8.50000000000031,-67.5));
#16957=CARTESIAN_POINT('',(-8.99999999999992,7.00000000000031,-67.5));
#16958=CARTESIAN_POINT('',(-8.99999999999992,7.00000000000031,-66.));
#16959=CARTESIAN_POINT('',(-11.9999999999999,7.00000000000031,-67.5));
#16960=CARTESIAN_POINT('',(-6.99999999999991,-10.0000000000001,-70.5000000000074));
#16961=CARTESIAN_POINT('',(-6.99999999999991,-10.0000000000001,-70.5000000000074));
#16962=CARTESIAN_POINT('',(-6.99999999999991,9.99999999999991,-70.5000000000073));
#16963=CARTESIAN_POINT('',(-11.9999999999999,-10.0000000000001,-70.5000000000074));
#16964=CARTESIAN_POINT('',(-11.9999999999999,-10.0000000000001,-70.5000000000074));
#16965=CARTESIAN_POINT('',(-11.9999999999999,-10.0000000000001,-70.5000000000074));
#16966=CARTESIAN_POINT('',(-11.9999999999999,9.99999999999991,-70.5000000000073));
#16967=CARTESIAN_POINT('',(-11.9999999999999,9.99999999999991,-70.5000000000073));
#16968=CARTESIAN_POINT('',(-11.9999999999999,-10.0000000000001,-70.5000000000074));
#16969=CARTESIAN_POINT('',(-6.99999999999991,9.99999999999991,-70.5000000000073));
#16970=CARTESIAN_POINT('',(-6.99999999999993,9.99999999999983,-50.5000000000073));
#16971=CARTESIAN_POINT('',(-11.9999999999999,9.99999999999991,-70.5000000000073));
#16972=CARTESIAN_POINT('',(-11.9999999999999,9.99999999999983,-50.5000000000073));
#16973=CARTESIAN_POINT('',(-11.9999999999999,9.99999999999983,-50.5000000000073));
#16974=CARTESIAN_POINT('',(-11.9999999999999,9.99999999999991,-70.5000000000073));
#16975=CARTESIAN_POINT('',(-6.99999999999993,9.9999999999998,-50.5000000000073));
#16976=CARTESIAN_POINT('',(-6.99999999999993,-10.0000000000002,-50.5000000000074));
#16977=CARTESIAN_POINT('',(-11.9999999999999,9.9999999999998,-50.5000000000073));
#16978=CARTESIAN_POINT('',(-11.9999999999999,-10.0000000000002,-50.5000000000074));
#16979=CARTESIAN_POINT('',(-11.9999999999999,-10.0000000000002,-50.5000000000074));
#16980=CARTESIAN_POINT('',(-11.9999999999999,9.9999999999998,-50.5000000000073));
#16981=CARTESIAN_POINT('',(-11.9999999999999,-2.77555756156289E-14,-60.5000000000072));
#16982=CARTESIAN_POINT('',(-11.9999999999999,4.49999999999997,-60.5000000000072));
#16983=CARTESIAN_POINT('',(-6.99999999999992,-2.77555756156289E-14,-60.5000000000072));
#16984=CARTESIAN_POINT('',(-6.99999999999992,4.49999999999997,-60.5000000000072));
#16985=CARTESIAN_POINT('',(-11.9999999999999,-2.77555756156289E-14,-60.5000000000072));
#16986=CARTESIAN_POINT('',(-8.99999999999993,-7.0000000000001,-53.5000000000073));
#16987=CARTESIAN_POINT('',(-8.99999999999993,-7.0000000000001,-55.0000000000073));
#16988=CARTESIAN_POINT('',(-6.99999999999993,-7.0000000000001,-53.5000000000073));
#16989=CARTESIAN_POINT('',(-6.99999999999993,-5.5000000000001,-53.5000000000073));
#16990=CARTESIAN_POINT('',(-11.9999999999999,-7.0000000000001,-53.5000000000073));
#16991=CARTESIAN_POINT('',(-6.99999999999993,-10.0000000000002,-50.5000000000074));
#16992=CARTESIAN_POINT('',(-11.9999999999999,-10.0000000000002,-50.5000000000074));
#16993=CARTESIAN_POINT('',(-11.9999999999999,-10.0000000000002,-50.5000000000074));
#16994=CARTESIAN_POINT('',(-11.9999999999999,-7.00000000000008,-53.5000000000073));
#16995=CARTESIAN_POINT('',(-11.9999999999999,-4.50000000000008,-53.5000000000073));
#16996=CARTESIAN_POINT('',(-11.9999999999999,7.00000000000031,-67.5));
#16997=CARTESIAN_POINT('',(-11.9999999999999,9.50000000000031,-67.5));
#16998=CARTESIAN_POINT('',(-11.9999999999999,-7.0000000000001,-53.5000000000073));
#16999=CARTESIAN_POINT('',(-6.99999999999993,-7.0000000000001,-53.5000000000073));
#17000=CARTESIAN_POINT('',(-8.99999999999992,7.00000000000031,-67.5));
#17001=CARTESIAN_POINT('',(-8.99999999999992,9.50000000000031,-67.5));
#17002=CARTESIAN_POINT('',(-8.99999999999992,7.00000000000031,-67.5));
#17003=CARTESIAN_POINT('',(-11.9999999999999,7.00000000000031,-67.5));
#17004=CARTESIAN_POINT('',(-8.99999999999993,-7.00000000000008,-53.5000000000073));
#17005=CARTESIAN_POINT('',(-8.99999999999993,-4.50000000000008,-53.5000000000073));
#17006=CARTESIAN_POINT('',(-8.99999999999993,-7.00000000000008,-53.5000000000073));
#17007=CARTESIAN_POINT('',(-11.9999999999999,-7.00000000000008,-53.5000000000073));
#17008=CARTESIAN_POINT('',(17.,31.7500000000001,-23.));
#17009=CARTESIAN_POINT('',(17.,31.7500000000001,-23.));
#17010=CARTESIAN_POINT('',(17.,31.7500000000001,-35.));
#17011=CARTESIAN_POINT('',(-6.99999999999995,31.7500000000001,-35.));
#17012=CARTESIAN_POINT('',(-6.99999999999995,31.7500000000001,-35.));
#17013=CARTESIAN_POINT('',(-6.99999999999997,31.7500000000001,-23.));
#17014=CARTESIAN_POINT('',(-6.99999999999997,31.7500000000001,-23.));
#17015=CARTESIAN_POINT('',(-6.99999999999997,31.7500000000001,-23.));
#17016=CARTESIAN_POINT('',(5.,31.7500000000001,-30.));
#17017=CARTESIAN_POINT('',(5.,31.7500000000001,-31.5));
#17018=CARTESIAN_POINT('',(13.,31.7500000000001,-30.));
#17019=CARTESIAN_POINT('',(13.,31.7500000000001,-31.5));
#17020=CARTESIAN_POINT('',(-3.,31.7500000000001,-30.));
#17021=CARTESIAN_POINT('',(-3.,31.7500000000001,-31.5));
#17022=CARTESIAN_POINT('',(-6.99999999999997,31.7500000000001,-23.));
#17023=CARTESIAN_POINT('',(0.,-12.,12.));
#17024=CARTESIAN_POINT('',(0.,-12.,12.));
#17025=CARTESIAN_POINT('',(0.,-12.,-12.0000000000001));
#17026=CARTESIAN_POINT('',(17.,-12.,-12.0000000000001));
#17027=CARTESIAN_POINT('',(-6.99999999999998,-12.,-12.0000000000001));
#17028=CARTESIAN_POINT('',(-6.99999999999998,-12.,-12.));
#17029=CARTESIAN_POINT('',(-6.99999999999991,-12.0000000000002,-70.5000000000074));
#17030=CARTESIAN_POINT('',(17.0000000000001,-12.0000000000002,-70.5000000000074));
#17031=CARTESIAN_POINT('',(17.0000000000001,-12.0000000000002,-70.5000000000074));
#17032=CARTESIAN_POINT('',(17.,-12.,-12.));
#17033=CARTESIAN_POINT('',(17.,-12.,-12.0000000000001));
#17034=CARTESIAN_POINT('',(17.,-12.,-12.0000000000001));
#17035=CARTESIAN_POINT('',(10.,-12.,-12.0000000000001));
#17036=CARTESIAN_POINT('',(10.,-12.,12.));
#17037=CARTESIAN_POINT('',(10.,-12.,12.));
#17038=CARTESIAN_POINT('',(10.,-12.,12.));
#17039=CARTESIAN_POINT('',(9.99999999999999,-12.,12.));
#17040=CARTESIAN_POINT('',(10.,-12.,-32.5));
#17041=CARTESIAN_POINT('',(10.,-12.,-25.5));
#17042=CARTESIAN_POINT('',(10.,-12.,-32.5));
#17043=CARTESIAN_POINT('',(4.2632564145606E-14,-12.,-32.5));
#17044=CARTESIAN_POINT('',(-1.38777878078145E-14,-12.,12.));
#17045=CARTESIAN_POINT('',(3.37031989618351E-14,-12.,-25.5));
#17046=CARTESIAN_POINT('',(10.,-12.,-25.5));
#17047=CARTESIAN_POINT('',(10.,-12.,12.));
#17048=CARTESIAN_POINT('',(17.0000000000001,11.4285714285714,-23.));
#17049=CARTESIAN_POINT('',(-6.99999999999997,11.4285714285714,-23.));
#17050=CARTESIAN_POINT('',(17.,11.4285714285714,-23.));
#17051=CARTESIAN_POINT('',(-6.99999999999993,9.99999999999983,-50.5000000000002));
#17052=CARTESIAN_POINT('',(-6.99999999999998,12.,-12.));
#17053=CARTESIAN_POINT('',(17.,12.,-12.));
#17054=CARTESIAN_POINT('',(0.,12.,-12.));
#17055=CARTESIAN_POINT('',(10.,12.,-12.));
#17056=CARTESIAN_POINT('',(10.,12.,-12.));
#17057=CARTESIAN_POINT('',(17.,12.,-12.));
#17058=CARTESIAN_POINT('',(17.,12.,-12.));
#17059=CARTESIAN_POINT('',(17.0000000000001,9.99999999999983,-50.5000000000002));
#17060=CARTESIAN_POINT('',(17.0000000000001,9.99999999999983,-50.5000000000002));
#17061=CARTESIAN_POINT('',(17.0000000000001,10.8051948051947,-35.));
#17062=CARTESIAN_POINT('',(17.,10.8051948051947,-35.));
#17063=CARTESIAN_POINT('',(-6.99999999999995,10.8051948051947,-35.));
#17064=CARTESIAN_POINT('',(17.0000000000001,9.99999999999983,-50.5000000000002));
#17065=CARTESIAN_POINT('',(17.0000000000001,9.99999999999983,-50.5000000000073));
#17066=CARTESIAN_POINT('',(17.0000000000001,9.99999999999983,-50.5000000000073));
#17067=CARTESIAN_POINT('',(-6.99999999999993,9.99999999999983,-50.5000000000073));
#17068=CARTESIAN_POINT('',(-6.99999999999993,9.99999999999983,-50.5000000000002));
#17069=CARTESIAN_POINT('',(17.0000000000001,9.99999999999983,-50.5000000000002));
#17070=CARTESIAN_POINT('',(17.,31.7500000000001,-35.));
#17071=CARTESIAN_POINT('',(17.,6.75000000000009,-23.));
#17072=CARTESIAN_POINT('',(17.,12.,-12.));
#17073=CARTESIAN_POINT('',(17.0000000000001,-10.0000000000001,-70.5000000000074));
#17074=CARTESIAN_POINT('',(17.0000000000001,9.99999999999991,-70.5000000000073));
#17075=CARTESIAN_POINT('',(17.0000000000001,9.99999999999991,-70.5000000000073));
#17076=CARTESIAN_POINT('',(17.0000000000001,7.00000000000031,-67.5));
#17077=CARTESIAN_POINT('',(17.0000000000001,8.50000000000031,-67.5));
#17078=CARTESIAN_POINT('',(17.0000000000001,-2.77555756156289E-14,-60.5000000000074));
#17079=CARTESIAN_POINT('',(17.0000000000001,7.62499999999997,-60.5000000000074));
#17080=CARTESIAN_POINT('',(17.0000000000001,-7.0000000000001,-53.5000000000073));
#17081=CARTESIAN_POINT('',(17.0000000000001,-5.5000000000001,-53.5000000000073));
#17082=CARTESIAN_POINT('',(17.0000000000001,-2.77555756156289E-14,-60.5000000000074));
#17083=CARTESIAN_POINT('',(-6.99999999999997,6.75000000000009,-23.));
#17084=CARTESIAN_POINT('',(-6.99999999999995,31.7500000000001,-35.));
#17085=CARTESIAN_POINT('',(-6.99999999999991,9.99999999999991,-70.5000000000073));
#17086=CARTESIAN_POINT('',(-6.99999999999991,9.99999999999991,-70.5000000000073));
#17087=CARTESIAN_POINT('',(-6.9999999999999,-12.0000000000002,-70.5000000000074));
#17088=CARTESIAN_POINT('',(-6.99999999999998,12.,-12.));
#17089=CARTESIAN_POINT('',(-6.99999999999993,-7.0000000000001,-53.5000000000073));
#17090=CARTESIAN_POINT('',(-6.99999999999993,-5.5000000000001,-53.5000000000073));
#17091=CARTESIAN_POINT('',(-6.99999999999991,7.00000000000031,-67.5));
#17092=CARTESIAN_POINT('',(-6.99999999999991,8.50000000000031,-67.5));
#17093=CARTESIAN_POINT('',(-6.99999999999992,-2.77555756156289E-14,-60.5000000000074));
#17094=CARTESIAN_POINT('',(-6.99999999999992,7.62499999999997,-60.5000000000074));
#17095=CARTESIAN_POINT('',(-6.99999999999992,-2.77555756156289E-14,-60.5000000000074));
#17096=CARTESIAN_POINT('',(0.,12.,-12.));
#17097=CARTESIAN_POINT('',(0.,12.,12.));
#17098=CARTESIAN_POINT('',(10.,12.,12.));
#17099=CARTESIAN_POINT('',(10.,12.,12.));
#17100=CARTESIAN_POINT('',(10.,12.,-12.));
#17101=CARTESIAN_POINT('',(10.,12.,-12.));
#17102=CARTESIAN_POINT('',(0.,12.,12.));
#17103=CARTESIAN_POINT('',(10.,12.,12.));
#17104=CARTESIAN_POINT('',(10.,12.,12.));
#17105=CARTESIAN_POINT('',(3.5,0.,0.));
#17106=CARTESIAN_POINT('',(3.5,0.,-5.));
#17107=CARTESIAN_POINT('',(10.,0.,0.));
#17108=CARTESIAN_POINT('',(10.,5.,-3.06161699786838E-16));
#17109=CARTESIAN_POINT('',(10.,0.,0.));
#17110=CARTESIAN_POINT('',(10.,8.,3.46944695195361E-14));
#17111=CARTESIAN_POINT('',(10.,9.5,3.46026210096001E-14));
#17112=CARTESIAN_POINT('',(10.,0.,-8.));
#17113=CARTESIAN_POINT('',(10.,1.5,-8.));
#17114=CARTESIAN_POINT('',(9.99999999999999,-0.0656846627580584,7.99973034077263));
#17115=CARTESIAN_POINT('',(9.99999999999999,1.43431533724194,7.99973034077263));
#17116=CARTESIAN_POINT('',(10.,-8.,-3.46944695195361E-14));
#17117=CARTESIAN_POINT('',(10.,-6.5,-3.47863180294722E-14));
#17118=CARTESIAN_POINT('',(10.,-12.,-12.));
#17119=CARTESIAN_POINT('',(10.,0.,0.));
#17120=CARTESIAN_POINT('',(0.,0.,0.));
#17121=CARTESIAN_POINT('',(0.,11.25,-6.88863824520386E-16));
#17122=CARTESIAN_POINT('',(0.,-12.,-12.));
#17123=CARTESIAN_POINT('',(0.,0.,0.));
#17124=CARTESIAN_POINT('',(3.5,0.,0.));
#17125=CARTESIAN_POINT('',(3.5,11.25,-6.88863824520386E-16));
#17126=CARTESIAN_POINT('',(3.5,0.,0.));
#17127=CARTESIAN_POINT('',(3.5,8.,3.46944695195361E-14));
#17128=CARTESIAN_POINT('',(3.5,8.,-1.49999999999997));
#17129=CARTESIAN_POINT('',(3.5,0.,-8.));
#17130=CARTESIAN_POINT('',(3.5,0.,-9.5));
#17131=CARTESIAN_POINT('',(3.5,-0.0656846627580584,7.99973034077263));
#17132=CARTESIAN_POINT('',(3.5,-0.0656846627580584,6.49973034077263));
#17133=CARTESIAN_POINT('',(3.5,-8.,-3.46944695195361E-14));
#17134=CARTESIAN_POINT('',(3.5,-8.,-1.50000000000003));
#17135=CARTESIAN_POINT('',(3.5,0.,0.));
#17136=CARTESIAN_POINT('',(10.,-8.,-3.46944695195361E-14));
#17137=CARTESIAN_POINT('',(9.99999999999999,-0.0656846627580584,7.99973034077263));
#17138=CARTESIAN_POINT('',(10.,0.,-8.));
#17139=CARTESIAN_POINT('',(10.,8.,3.46944695195361E-14));
#17140=CARTESIAN_POINT('',(17.,12.,-12.));
#17141=CARTESIAN_POINT('',(17.0000000000001,9.99999999999991,-70.5000000000073));
#17142=CARTESIAN_POINT('',(17.0000000000001,9.99999999999991,-70.5000000000073));
#17143=CARTESIAN_POINT('',(17.,12.,-12.));
#17144=CARTESIAN_POINT('',(17.0000000000001,-12.0000000000002,-70.5000000000074));
#17145=CARTESIAN_POINT('',(17.0000000000001,-2.77555756156289E-14,-60.5000000000074));
#17146=CARTESIAN_POINT('',(-6.99999999999991,7.00000000000031,-67.5));
#17147=CARTESIAN_POINT('',(-6.99999999999993,-7.0000000000001,-53.5000000000073));
#17148=CARTESIAN_POINT('',(-6.99999999999997,6.75000000000009,-23.));
#17149=CARTESIAN_POINT('',(-6.99999999999995,31.7500000000001,-35.));
#17150=CARTESIAN_POINT('',(5.,28.7500000000001,-30.));
#17151=CARTESIAN_POINT('',(5.,28.7500000000001,-28.5));
#17152=CARTESIAN_POINT('',(5.,27.,-30.));
#17153=CARTESIAN_POINT('',(10.,28.7500000000001,-32.5));
#17154=CARTESIAN_POINT('',(10.,28.7500000000001,-32.5));
#17155=CARTESIAN_POINT('',(10.,28.7500000000001,-32.5));
#17156=CARTESIAN_POINT('',(4.2632564145606E-14,28.7500000000001,-32.5));
#17157=CARTESIAN_POINT('',(4.2632564145606E-14,28.7500000000001,-32.5));
#17158=CARTESIAN_POINT('',(10.,28.7500000000001,-32.5));
#17159=CARTESIAN_POINT('',(3.37507799486048E-14,-21.2499999999999,-25.5));
#17160=CARTESIAN_POINT('',(3.37507799486048E-14,28.7500000000001,-25.5));
#17161=CARTESIAN_POINT('',(10.,28.7500000000001,-25.5));
#17162=CARTESIAN_POINT('',(10.,28.7500000000001,-25.5));
#17163=CARTESIAN_POINT('',(10.,-21.2499999999999,-25.5));
#17164=CARTESIAN_POINT('',(10.,-21.2499999999999,-25.5));
#17165=CARTESIAN_POINT('',(10.,28.7500000000001,-25.5));
#17166=CARTESIAN_POINT('',(10.,-2.4576344240391E-46,1.77091223621047E-30));
#17167=CARTESIAN_POINT('',(3.37507799486048E-14,28.7500000000001,-25.5));
#17168=CARTESIAN_POINT('',(1.39570894524308E-15,-2.4576344240391E-46,1.77091223621047E-30));
#17169=CARTESIAN_POINT('',(10.,28.7500000000001,-25.5));
#17170=CARTESIAN_POINT('',(13.,25.,-30.));
#17171=CARTESIAN_POINT('',(14.5,25.,-30.));
#17172=CARTESIAN_POINT('',(13.,25.,-30.));
#17173=CARTESIAN_POINT('',(13.,25.,-30.));
#17174=CARTESIAN_POINT('',(-3.,25.,-30.));
#17175=CARTESIAN_POINT('',(-1.5,25.,-30.));
#17176=CARTESIAN_POINT('',(-3.,25.,-30.));
#17177=CARTESIAN_POINT('',(-3.,25.,-30.));
#17178=CARTESIAN_POINT('',(-125.375000000001,-30.,-48.7500000000011));
#17179=CARTESIAN_POINT('',(-125.375000000001,-30.,-48.7500000000011));
#17180=CARTESIAN_POINT('',(-125.375000000001,-2.50000000000002,-48.7500000000011));
#17181=CARTESIAN_POINT('',(-125.375000000001,-2.50000000000002,-48.7500000000011));
#17182=CARTESIAN_POINT('',(-125.375000000001,-2.50000000000002,-48.2500000000011));
#17183=CARTESIAN_POINT('',(-125.375000000001,-30.,-48.2500000000011));
#17184=CARTESIAN_POINT('',(-125.375000000001,-30.,-48.2500000000011));
#17185=CARTESIAN_POINT('',(-125.375000000001,-30.,-48.7500000000011));
#17186=CARTESIAN_POINT('',(-125.375000000001,-30.,-48.7500000000011));
#17187=CARTESIAN_POINT('',(-125.375000000001,-2.50000000000001,-48.2500000000011));
#17188=CARTESIAN_POINT('',(-54.6250000000007,-2.5,-48.2500000000011));
#17189=CARTESIAN_POINT('',(-54.6250000000007,-30.,-48.2500000000011));
#17190=CARTESIAN_POINT('',(-54.6250000000007,-30.,-48.2500000000011));
#17191=CARTESIAN_POINT('',(-125.375000000001,-30.,-48.2500000000011));
#17192=CARTESIAN_POINT('',(-125.375000000001,-30.,-48.2500000000011));
#17193=CARTESIAN_POINT('',(-54.6250000000007,-2.5,-48.2500000000011));
#17194=CARTESIAN_POINT('',(-54.6250000000007,-2.5,-48.7500000000011));
#17195=CARTESIAN_POINT('',(-54.6250000000007,-30.,-48.7500000000011));
#17196=CARTESIAN_POINT('',(-54.6250000000007,-30.,-48.7500000000011));
#17197=CARTESIAN_POINT('',(-54.6250000000007,-30.,-48.2500000000011));
#17198=CARTESIAN_POINT('',(-54.6250000000007,-30.,-48.2500000000011));
#17199=CARTESIAN_POINT('',(-52.5,-25.,-53.2500000000004));
#17200=CARTESIAN_POINT('',(-51.,-25.,-53.2500000000004));
#17201=CARTESIAN_POINT('',(-127.5,-5.,-53.2500000000004));
#17202=CARTESIAN_POINT('',(-126.,-5.,-53.2500000000004));
#17203=CARTESIAN_POINT('',(-127.5,-25.,-53.2500000000004));
#17204=CARTESIAN_POINT('',(-126.,-25.,-53.2500000000004));
#17205=CARTESIAN_POINT('',(-52.5000000000001,-4.99999999999987,-53.2500000000004));
#17206=CARTESIAN_POINT('',(-51.0000000000001,-4.99999999999987,-53.2500000000004));
#17207=CARTESIAN_POINT('',(-130.000000000001,-1.4210854715202E-14,-53.2500000000011));
#17208=CARTESIAN_POINT('',(-130.000000000001,-1.4210854715202E-14,-53.2500000000011));
#17209=CARTESIAN_POINT('',(-50.0000000000007,0.,-53.2500000000011));
#17210=CARTESIAN_POINT('',(-50.0000000000007,-30.,-53.2500000000011));
#17211=CARTESIAN_POINT('',(-50.0000000000007,-30.,-53.2500000000011));
#17212=CARTESIAN_POINT('',(-130.000000000001,-30.,-53.2500000000011));
#17213=CARTESIAN_POINT('',(-130.000000000001,-30.,-53.2500000000011));
#17214=CARTESIAN_POINT('',(-130.000000000001,-30.,-53.2500000000011));
#17215=CARTESIAN_POINT('',(-130.000000000001,-30.,-53.2500000000011));
#17216=CARTESIAN_POINT('',(-50.0000000000007,0.,-53.2500000000011));
#17217=CARTESIAN_POINT('',(-50.0000000000007,0.,-47.2500000000011));
#17218=CARTESIAN_POINT('',(-50.0000000000007,-30.,-47.2500000000011));
#17219=CARTESIAN_POINT('',(-50.0000000000007,-30.,-47.2500000000011));
#17220=CARTESIAN_POINT('',(-50.0000000000007,-30.,-53.2500000000011));
#17221=CARTESIAN_POINT('',(-50.0000000000007,-30.,-53.2500000000011));
#17222=CARTESIAN_POINT('',(-52.5,-25.,-47.2500000000004));
#17223=CARTESIAN_POINT('',(-51.,-25.,-47.2500000000004));
#17224=CARTESIAN_POINT('',(-127.5,-5.,-47.2500000000004));
#17225=CARTESIAN_POINT('',(-126.,-5.,-47.2500000000004));
#17226=CARTESIAN_POINT('',(-127.5,-25.,-47.2500000000004));
#17227=CARTESIAN_POINT('',(-126.,-25.,-47.2500000000004));
#17228=CARTESIAN_POINT('',(-52.5000000000001,-4.99999999999987,-47.2500000000004));
#17229=CARTESIAN_POINT('',(-51.0000000000001,-4.99999999999987,-47.2500000000004));
#17230=CARTESIAN_POINT('',(-50.0000000000007,0.,-47.2500000000011));
#17231=CARTESIAN_POINT('',(-52.1250000000007,0.,-47.2500000000011));
#17232=CARTESIAN_POINT('',(-52.1250000000007,-2.5,-47.2500000000011));
#17233=CARTESIAN_POINT('',(-53.6250000000008,-0.500000000000023,-47.2500000000011));
#17234=CARTESIAN_POINT('',(-90.0000000000007,-0.500000000000002,-47.2500000000011));
#17235=CARTESIAN_POINT('',(-126.375000000001,-0.500000000000015,-47.2500000000011));
#17236=CARTESIAN_POINT('',(-127.875000000001,-2.50000000000002,-47.2500000000011));
#17237=CARTESIAN_POINT('',(-127.875000000001,0.,-47.2500000000011));
#17238=CARTESIAN_POINT('',(-50.0000000000007,0.,-47.2500000000011));
#17239=CARTESIAN_POINT('',(-130.000000000001,0.,-47.2500000000011));
#17240=CARTESIAN_POINT('',(-130.000000000001,-30.,-47.2500000000011));
#17241=CARTESIAN_POINT('',(-130.000000000001,-30.,-47.2500000000011));
#17242=CARTESIAN_POINT('',(-50.0000000000007,-30.,-47.2500000000011));
#17243=CARTESIAN_POINT('',(-50.0000000000007,-30.,-47.2500000000011));
#17244=CARTESIAN_POINT('',(-130.000000000001,0.,-47.2500000000011));
#17245=CARTESIAN_POINT('',(-130.000000000001,-30.,-47.2500000000011));
#17246=CARTESIAN_POINT('',(-130.000000000001,-30.,-47.2500000000011));
#17247=CARTESIAN_POINT('',(-54.6250000000007,-2.5,-48.7500000000011));
#17248=CARTESIAN_POINT('',(-54.6250000000007,-30.,-48.7500000000011));
#17249=CARTESIAN_POINT('',(-54.6250000000007,-30.,-48.7500000000011));
#17250=CARTESIAN_POINT('',(-1.57772181044204E-30,-30.,3.64921475084592E-45));
#17251=CARTESIAN_POINT('',(5.0264072448799E-15,8.88178419700137E-15,-51.2500000000011));
#17252=CARTESIAN_POINT('',(-127.875000000001,-1.38333788868295E-14,-51.2500000000011));
#17253=CARTESIAN_POINT('',(-52.1250000000007,-3.77475828372561E-16,-51.2500000000011));
#17254=CARTESIAN_POINT('',(-52.1250000000007,-3.77475828372583E-16,-1.55091626910962E-46));
#17255=CARTESIAN_POINT('',(-127.875000000001,-1.38333788868295E-14,-5.68365197444246E-45));
#17256=CARTESIAN_POINT('',(-1.57772181044204E-30,8.88178419700135E-15,3.64921475084592E-45));
#17257=CARTESIAN_POINT('',(-52.5000000000001,-4.99999999999987,-53.2500000000004));
#17258=CARTESIAN_POINT('',(-127.5,-25.,-53.2500000000004));
#17259=CARTESIAN_POINT('',(-127.5,-5.,-53.2500000000004));
#17260=CARTESIAN_POINT('',(-52.5,-25.,-53.2500000000004));
#17261=CARTESIAN_POINT('',(-52.1250000000007,-2.5,-51.2500000000011));
#17262=CARTESIAN_POINT('',(-127.875000000001,-2.50000000000002,-51.2500000000011));
#17263=CARTESIAN_POINT('',(-54.6250000000007,-2.5,-51.2500000000011));
#17264=CARTESIAN_POINT('',(-127.875000000001,-2.50000000000001,-45.7500000000011));
#17265=CARTESIAN_POINT('',(-127.875000000001,-2.50000000000002,-48.7500000000011));
#17266=CARTESIAN_POINT('',(-52.1250000000007,-2.5,-45.7500000000011));
#17267=CARTESIAN_POINT('',(-52.1250000000007,-2.5,-48.2500000000011));
#17268=CARTESIAN_POINT('',(-125.375000000001,-2.50000000000001,-45.7500000000011));
#17269=CARTESIAN_POINT('',(-52.5000000000001,-4.99999999999987,-43.2500000000004));
#17270=CARTESIAN_POINT('',(-51.0000000000001,-4.99999999999987,-43.2500000000004));
#17271=CARTESIAN_POINT('',(-52.5000000000001,-4.99999999999987,-47.2500000000011));
#17272=CARTESIAN_POINT('',(-54.0000000000001,-4.99999999999987,-47.2500000000011));
#17273=CARTESIAN_POINT('',(-52.5000000000001,-4.99999999999987,-43.2500000000004));
#17274=CARTESIAN_POINT('',(-127.5,-25.,-43.2500000000004));
#17275=CARTESIAN_POINT('',(-126.,-25.,-43.2500000000004));
#17276=CARTESIAN_POINT('',(-127.5,-25.,-47.2500000000011));
#17277=CARTESIAN_POINT('',(-129.,-25.,-47.2500000000011));
#17278=CARTESIAN_POINT('',(-127.5,-25.,-43.2500000000004));
#17279=CARTESIAN_POINT('',(-127.5,-5.,-43.2500000000004));
#17280=CARTESIAN_POINT('',(-126.,-5.,-43.2500000000004));
#17281=CARTESIAN_POINT('',(-127.5,-5.,-47.2500000000011));
#17282=CARTESIAN_POINT('',(-129.000000000001,-5.,-47.2500000000011));
#17283=CARTESIAN_POINT('',(-127.5,-5.,-43.2500000000004));
#17284=CARTESIAN_POINT('',(-52.5,-25.,-43.2500000000004));
#17285=CARTESIAN_POINT('',(-51.,-25.,-43.2500000000004));
#17286=CARTESIAN_POINT('',(-52.5,-25.,-47.2500000000011));
#17287=CARTESIAN_POINT('',(-54.,-25.,-47.2500000000011));
#17288=CARTESIAN_POINT('',(-52.5,-25.,-43.2500000000004));
#17289=CARTESIAN_POINT('',(-175.,1.4210854715202E-14,0.));
#17290=CARTESIAN_POINT('',(-175.,0.,5.));
#17291=CARTESIAN_POINT('',(-175.,1.43114686768087E-14,-8.67157287525292));
#17292=CARTESIAN_POINT('',(-175.,0.,-8.67157287525291));
#17293=CARTESIAN_POINT('',(-170.,0.,-8.67157287525291));
#17294=CARTESIAN_POINT('',(-170.,0.,5.));
#17295=CARTESIAN_POINT('',(-170.,0.,-14.3284271247455));
#17296=CARTESIAN_POINT('',(-175.,0.,-14.3284271247455));
#17297=CARTESIAN_POINT('',(-175.,1.43114686768087E-14,-14.3284271247455));
#17298=CARTESIAN_POINT('',(-175.,1.4210854715202E-14,0.));
#17299=CARTESIAN_POINT('',(-175.,-7.105427357601E-14,-48.2500000000002));
#17300=CARTESIAN_POINT('',(-170.,-7.105427357601E-14,-48.2500000000002));
#17301=CARTESIAN_POINT('',(-170.,-7.105427357601E-14,-48.2500000000002));
#17302=CARTESIAN_POINT('',(-170.,-7.105427357601E-14,-48.2500000000002));
#17303=CARTESIAN_POINT('',(-170.,-7.105427357601E-14,-43.2500000000002));
#17304=CARTESIAN_POINT('',(-175.,1.4210854715202E-14,-43.2500000000005));
#17305=CARTESIAN_POINT('',(-150.,0.,-43.2500000000004));
#17306=CARTESIAN_POINT('',(-175.,1.4210854715202E-14,-43.2500000000005));
#17307=CARTESIAN_POINT('',(-20.,0.,-43.2500000000004));
#17308=CARTESIAN_POINT('',(-175.,1.4210854715202E-14,-43.2500000000005));
#17309=CARTESIAN_POINT('',(-2.77555756156289E-14,1.4210854715202E-14,-43.2500000000005));
#17310=CARTESIAN_POINT('',(0.,-7.105427357601E-14,-48.2500000000002));
#17311=CARTESIAN_POINT('',(0.,-7.11236625150491E-14,-48.2500000000002));
#17312=CARTESIAN_POINT('',(0.,-7.11236625150491E-14,-48.2500000000002));
#17313=CARTESIAN_POINT('',(5.,-7.11236625150491E-14,-48.2500000000002));
#17314=CARTESIAN_POINT('',(5.,0.,5.));
#17315=CARTESIAN_POINT('',(5.00000000000006,0.,-14.3284271247455));
#17316=CARTESIAN_POINT('',(5.00000000000006,0.,-14.3284271247455));
#17317=CARTESIAN_POINT('',(5.67323965583455E-14,0.,-14.3284271247455));
#17318=CARTESIAN_POINT('',(5.63785129692462E-14,0.,5.));
#17319=CARTESIAN_POINT('',(5.67323965583455E-14,0.,-8.67157287525291));
#17320=CARTESIAN_POINT('',(5.00000000000006,0.,-8.67157287525291));
#17321=CARTESIAN_POINT('',(5.00000000000006,0.,-8.67157287525291));
#17322=CARTESIAN_POINT('',(5.,0.,5.));
#17323=CARTESIAN_POINT('',(5.,0.,5.));
#17324=CARTESIAN_POINT('',(5.,0.,5.));
#17325=CARTESIAN_POINT('',(0.,0.,5.));
#17326=CARTESIAN_POINT('',(0.,0.,5.));
#17327=CARTESIAN_POINT('',(0.,0.,0.));
#17328=CARTESIAN_POINT('',(-175.,1.4210854715202E-14,0.));
#17329=CARTESIAN_POINT('',(-170.,1.4210854715202E-14,0.));
#17330=CARTESIAN_POINT('',(-170.,0.,5.));
#17331=CARTESIAN_POINT('',(-170.,0.,5.));
#17332=CARTESIAN_POINT('',(-170.,0.,5.));
#17333=CARTESIAN_POINT('',(5.,0.,5.));
#17334=CARTESIAN_POINT('',(5.00000000000009,2.49999999999993,-45.7500000000002));
#17335=CARTESIAN_POINT('',(5.00000000000009,3.99999999999993,-45.7500000000002));
#17336=CARTESIAN_POINT('',(5.0000000000001,7.5000000000003,-45.7500000000001));
#17337=CARTESIAN_POINT('',(5.0000000000001,9.0000000000003,-45.7500000000001));
#17338=CARTESIAN_POINT('',(5.,7.5,2.5));
#17339=CARTESIAN_POINT('',(5.,9.,2.5));
#17340=CARTESIAN_POINT('',(5.,2.5,2.5));
#17341=CARTESIAN_POINT('',(5.,4.,2.5));
#17342=CARTESIAN_POINT('',(5.00000000000006,-0.999999999999661,-11.4999999999992));
#17343=CARTESIAN_POINT('',(5.00000000000003,9.99999999999994,-48.2500000000002));
#17344=CARTESIAN_POINT('',(5.00000000000003,9.99999999999994,-48.2500000000002));
#17345=CARTESIAN_POINT('',(5.,10.,0.));
#17346=CARTESIAN_POINT('',(5.,10.,5.));
#17347=CARTESIAN_POINT('',(5.,10.,5.));
#17348=CARTESIAN_POINT('',(5.,2.5,2.5));
#17349=CARTESIAN_POINT('',(-175.,10.,-43.2500000000005));
#17350=CARTESIAN_POINT('',(-170.,10.,-43.2500000000005));
#17351=CARTESIAN_POINT('',(-150.,10.,-43.2500000000004));
#17352=CARTESIAN_POINT('',(-150.,10.,-43.2500000000004));
#17353=CARTESIAN_POINT('',(-170.,-7.105427357601E-14,-43.2500000000002));
#17354=CARTESIAN_POINT('',(-175.,1.4210854715202E-14,-43.2500000000005));
#17355=CARTESIAN_POINT('',(-20.,-40.,-43.2500000000004));
#17356=CARTESIAN_POINT('',(-20.0000000000001,10.,-43.2500000000005));
#17357=CARTESIAN_POINT('',(-175.,10.,-43.2500000000005));
#17358=CARTESIAN_POINT('',(2.86229373536173E-14,9.99999999999994,-43.2500000000002));
#17359=CARTESIAN_POINT('',(0.,-7.105427357601E-14,-43.2500000000002));
#17360=CARTESIAN_POINT('',(-175.,1.4210854715202E-14,-43.2500000000005));
#17361=CARTESIAN_POINT('',(0.,10.,0.));
#17362=CARTESIAN_POINT('',(-5.55111512312578E-14,10.,0.));
#17363=CARTESIAN_POINT('',(0.,10.,5.));
#17364=CARTESIAN_POINT('',(5.,10.,5.));
#17365=CARTESIAN_POINT('',(2.86229373536173E-14,9.99999999999994,-48.2500000000002));
#17366=CARTESIAN_POINT('',(2.86229373536173E-14,9.99999999999994,-48.2500000000002));
#17367=CARTESIAN_POINT('',(2.86229373536173E-14,9.99999999999994,-43.2500000000002));
#17368=CARTESIAN_POINT('',(-20.,10.,-43.2500000000004));
#17369=CARTESIAN_POINT('',(-20.,10.,-48.2500000000004));
#17370=CARTESIAN_POINT('',(-20.,10.,-48.2500000000004));
#17371=CARTESIAN_POINT('',(-150.,10.,-48.2500000000004));
#17372=CARTESIAN_POINT('',(-150.,10.,-43.2500000000004));
#17373=CARTESIAN_POINT('',(-170.,9.99999999999994,-43.2500000000002));
#17374=CARTESIAN_POINT('',(-170.,9.99999999999994,-48.2500000000002));
#17375=CARTESIAN_POINT('',(-170.,9.99999999999994,-48.2500000000002));
#17376=CARTESIAN_POINT('',(-175.,9.99999999999994,-48.2500000000002));
#17377=CARTESIAN_POINT('',(-175.,10.,-43.2500000000005));
#17378=CARTESIAN_POINT('',(-175.,10.,5.));
#17379=CARTESIAN_POINT('',(-170.,10.,5.));
#17380=CARTESIAN_POINT('',(-170.,10.,5.));
#17381=CARTESIAN_POINT('',(-170.,10.,0.));
#17382=CARTESIAN_POINT('',(-170.,10.,0.));
#17383=CARTESIAN_POINT('',(-175.,10.,0.));
#17384=CARTESIAN_POINT('',(5.,10.,0.));
#17385=CARTESIAN_POINT('',(0.,2.5,2.5));
#17386=CARTESIAN_POINT('',(0.,4.,2.5));
#17387=CARTESIAN_POINT('',(5.,2.5,2.5));
#17388=CARTESIAN_POINT('',(0.,10.,5.));
#17389=CARTESIAN_POINT('',(5.,10.,5.));
#17390=CARTESIAN_POINT('',(0.,7.5,2.5));
#17391=CARTESIAN_POINT('',(0.,9.,2.5));
#17392=CARTESIAN_POINT('',(5.,7.5,2.5));
#17393=CARTESIAN_POINT('',(0.,0.,0.));
#17394=CARTESIAN_POINT('',(0.,2.5,2.5));
#17395=CARTESIAN_POINT('',(-170.,0.,0.));
#17396=CARTESIAN_POINT('',(-175.,10.,0.));
#17397=CARTESIAN_POINT('',(-175.,-0.999999999999661,-11.4999999999992));
#17398=CARTESIAN_POINT('',(-175.,10.,5.));
#17399=CARTESIAN_POINT('',(-175.,9.99999999999994,-48.2500000000002));
#17400=CARTESIAN_POINT('',(-175.,7.5,2.5));
#17401=CARTESIAN_POINT('',(-175.,9.,2.5));
#17402=CARTESIAN_POINT('',(-175.,2.5,2.5));
#17403=CARTESIAN_POINT('',(-175.,4.,2.5));
#17404=CARTESIAN_POINT('',(-175.,7.5000000000003,-45.7500000000001));
#17405=CARTESIAN_POINT('',(-175.,9.0000000000003,-45.7500000000001));
#17406=CARTESIAN_POINT('',(-175.,2.49999999999993,-45.7500000000002));
#17407=CARTESIAN_POINT('',(-175.,3.99999999999993,-45.7500000000002));
#17408=CARTESIAN_POINT('',(-175.,1.14794370197489E-43,0.));
#17409=CARTESIAN_POINT('',(2.86229373536173E-14,9.99999999999994,-48.2500000000002));
#17410=CARTESIAN_POINT('',(2.86229373536173E-14,9.99999999999994,-48.2500000000002));
#17411=CARTESIAN_POINT('',(1.00613961606655E-13,7.5000000000003,-45.7500000000001));
#17412=CARTESIAN_POINT('',(1.00613961606655E-13,9.0000000000003,-45.7500000000001));
#17413=CARTESIAN_POINT('',(1.00613961606655E-13,7.5000000000003,-45.7500000000001));
#17414=CARTESIAN_POINT('',(8.5868812060852E-14,2.49999999999993,-45.7500000000002));
#17415=CARTESIAN_POINT('',(8.5868812060852E-14,3.99999999999993,-45.7500000000002));
#17416=CARTESIAN_POINT('',(8.5868812060852E-14,2.49999999999993,-45.7500000000002));
#17417=CARTESIAN_POINT('',(1.00613961606655E-13,7.5000000000003,-45.7500000000001));
#17418=CARTESIAN_POINT('',(-170.,7.5,2.5));
#17419=CARTESIAN_POINT('',(-170.,9.,2.5));
#17420=CARTESIAN_POINT('',(-170.,7.5,2.5));
#17421=CARTESIAN_POINT('',(-170.,10.,5.));
#17422=CARTESIAN_POINT('',(-170.,10.,5.));
#17423=CARTESIAN_POINT('',(-170.,2.5,2.5));
#17424=CARTESIAN_POINT('',(-170.,4.,2.5));
#17425=CARTESIAN_POINT('',(-170.,2.5,2.5));
#17426=CARTESIAN_POINT('',(-170.,7.5,2.5));
#17427=CARTESIAN_POINT('',(-170.,7.5000000000003,-45.7500000000001));
#17428=CARTESIAN_POINT('',(-170.,9.0000000000003,-45.7500000000001));
#17429=CARTESIAN_POINT('',(-170.,7.5000000000003,-45.7500000000001));
#17430=CARTESIAN_POINT('',(-170.,9.99999999999994,-48.2500000000002));
#17431=CARTESIAN_POINT('',(-170.,9.99999999999994,-48.2500000000002));
#17432=CARTESIAN_POINT('',(-170.,2.49999999999993,-45.7500000000002));
#17433=CARTESIAN_POINT('',(-170.,3.99999999999993,-45.7500000000002));
#17434=CARTESIAN_POINT('',(-170.,2.49999999999993,-45.7500000000002));
#17435=CARTESIAN_POINT('',(-170.,7.5000000000003,-45.7500000000001));
#17436=CARTESIAN_POINT('',(-150.,10.,-43.2500000000004));
#17437=CARTESIAN_POINT('',(-150.,-40.,-43.2500000000004));
#17438=CARTESIAN_POINT('',(-150.,-40.,-43.2500000000004));
#17439=CARTESIAN_POINT('',(-20.,-40.,-43.2500000000004));
#17440=CARTESIAN_POINT('',(-20.,-40.,-43.2500000000004));
#17441=CARTESIAN_POINT('',(0.,0.,-43.2500000000004));
#17442=CARTESIAN_POINT('',(-150.,10.,-48.2500000000004));
#17443=CARTESIAN_POINT('',(-150.,-40.,-48.2500000000004));
#17444=CARTESIAN_POINT('',(-150.,-40.,-43.2500000000004));
#17445=CARTESIAN_POINT('',(-150.,10.,-43.2500000000004));
#17446=CARTESIAN_POINT('',(-150.,-40.,-48.2500000000004));
#17447=CARTESIAN_POINT('',(-20.,-40.,-48.2500000000004));
#17448=CARTESIAN_POINT('',(-20.,-40.,-43.2500000000004));
#17449=CARTESIAN_POINT('',(-150.,-40.,-43.2500000000004));
#17450=CARTESIAN_POINT('',(-20.,-40.,-48.2500000000004));
#17451=CARTESIAN_POINT('',(-20.,-40.,-43.2500000000004));
#17452=CARTESIAN_POINT('',(-130.000000000001,0.,-48.2500000000004));
#17453=CARTESIAN_POINT('',(-130.000000000001,-30.5,-48.2500000000004));
#17454=CARTESIAN_POINT('',(-130.000000000001,0.499999999999986,-48.2500000000004));
#17455=CARTESIAN_POINT('',(5.41788836017076E-15,-30.5,-48.2500000000004));
#17456=CARTESIAN_POINT('',(-50.0000000000007,-30.5,-48.2500000000004));
#17457=CARTESIAN_POINT('',(-50.0000000000007,0.,-48.2500000000004));
#17458=CARTESIAN_POINT('',(-50.0000000000007,0.5,-48.2500000000004));
#17459=CARTESIAN_POINT('',(-8.88178419700141E-17,0.500000000000009,-48.2500000000004));
#17460=CARTESIAN_POINT('',(0.,0.,-48.2500000000004));
#17461=CARTESIAN_POINT('',(5.67323965583455E-14,-0.999999999999661,-11.4999999999992));
#17462=CARTESIAN_POINT('',(5.67323965583455E-14,-0.999999999999661,-11.4999999999992));
#17463=CARTESIAN_POINT('',(5.00000000000006,-0.999999999999661,-11.4999999999992));
#17464=CARTESIAN_POINT('',(-170.,-0.999999999999661,-11.4999999999992));
#17465=CARTESIAN_POINT('',(-170.,-0.999999999999661,-11.4999999999992));
#17466=CARTESIAN_POINT('',(-175.,-0.999999999999661,-11.4999999999992));
#17467=CARTESIAN_POINT('',(-50.0000000000007,-30.5,-53.2500000000011));
#17468=CARTESIAN_POINT('',(-50.0000000000007,-30.5,-47.2500000000011));
#17469=CARTESIAN_POINT('',(-50.0000000000007,-30.5,-47.2500000000011));
#17470=CARTESIAN_POINT('',(-50.0000000000007,0.5,-47.2500000000011));
#17471=CARTESIAN_POINT('',(-50.0000000000007,0.5,-53.2500000000011));
#17472=CARTESIAN_POINT('',(-50.0000000000007,-30.5,-53.2500000000011));
#17473=CARTESIAN_POINT('',(-130.000000000001,0.5,-47.2500000000011));
#17474=CARTESIAN_POINT('',(-130.000000000001,0.5,-47.2500000000011));
#17475=CARTESIAN_POINT('',(-130.000000000001,-30.5,-47.2500000000011));
#17476=CARTESIAN_POINT('',(-130.000000000001,-30.5,-47.2500000000011));
#17477=CARTESIAN_POINT('',(-130.000000000001,-30.5,-47.2500000000011));
#17478=CARTESIAN_POINT('',(-130.000000000001,-30.5,-47.2500000000011));
#17479=CARTESIAN_POINT('',(-50.0000000000007,-30.5,-47.2500000000011));
#17480=CARTESIAN_POINT('',(-1.57772181044204E-30,-30.5,3.64921475084592E-45));
#17481=CARTESIAN_POINT('',(-50.0000000000007,0.5,-47.2500000000011));
#17482=CARTESIAN_POINT('',(-1.57772181044204E-30,0.500000000000009,3.64921475084592E-45));
#17483=CARTESIAN_POINT('',(-50.0000000000007,-30.5,-47.2500000000011));
#17484=CARTESIAN_POINT('',(94.8364059148722,8.00000000000003,60.0827589640855));
#17485=CARTESIAN_POINT('',(21.,5.5,-80.));
#17486=CARTESIAN_POINT('',(21.,21.,-51.));
#17487=CARTESIAN_POINT('',(21.0000000000001,21.,-75.5));
#17488=CARTESIAN_POINT('',(0.,0.,0.));
#17489=CARTESIAN_POINT('',(-0.49999999999981,-3.81639164714898E-14,-8.));
#17490=CARTESIAN_POINT('',(21.,21.,-54.));
#17491=CARTESIAN_POINT('',(-19.9999999999997,-89.,-184.));
#17492=CARTESIAN_POINT('',(-20.,101.,-184.));
#17493=CARTESIAN_POINT('',(-155.753454896109,30.9,-130.75));
#17494=CARTESIAN_POINT('',(50.5,101.,-70.5));
#17495=CARTESIAN_POINT('',(50.5,-99.8,-70.5));
#17496=CARTESIAN_POINT('',(50.5,101.,-167.5));
#17497=CARTESIAN_POINT('',(50.5000000000002,-99.,-167.5));
#17498=CARTESIAN_POINT('',(50.5000000000002,-99.,-167.5));
#17499=CARTESIAN_POINT('',(50.5,-76.9999999999999,-70.5000000000001));
#17500=CARTESIAN_POINT('',(1.15000000000007,101.,-140.));
#17501=CARTESIAN_POINT('',(1.1500000000003,101.,-121.));
#17502=CARTESIAN_POINT('',(16.15,91.,-135.5));
#17503=CARTESIAN_POINT('',(1.15000000000027,90.75,-121.));
#17504=CARTESIAN_POINT('',(-13.8499999999998,-89.,-135.5));
#17505=CARTESIAN_POINT('',(1.14999999999986,-88.75,-121.));
#17506=CARTESIAN_POINT('',(1.15,90.75,-121.));
#17507=CARTESIAN_POINT('',(1.15000000000023,-88.75,-121.));
#17508=CARTESIAN_POINT('',(50.5000000000002,16.,-167.5));
#17509=CARTESIAN_POINT('',(1.15000000000007,94.,-140.));
#17510=CARTESIAN_POINT('',(70.,86.0000000000001,-179.));
#17511=MECHANICAL_DESIGN_GEOMETRIC_PRESENTATION_REPRESENTATION('',(#385),
#17532);
#17512=MECHANICAL_DESIGN_GEOMETRIC_PRESENTATION_REPRESENTATION('',(#389,
#390,#391),#17533);
#17513=MECHANICAL_DESIGN_GEOMETRIC_PRESENTATION_REPRESENTATION('',(#392,
#393,#394,#395,#396),#17534);
#17514=MECHANICAL_DESIGN_GEOMETRIC_PRESENTATION_REPRESENTATION('',(#400),
#17535);
#17515=MECHANICAL_DESIGN_GEOMETRIC_PRESENTATION_REPRESENTATION('',(#401),
#17536);
#17516=MECHANICAL_DESIGN_GEOMETRIC_PRESENTATION_REPRESENTATION('',(#402),
#17537);
#17517=MECHANICAL_DESIGN_GEOMETRIC_PRESENTATION_REPRESENTATION('',(#403),
#17538);
#17518=MECHANICAL_DESIGN_GEOMETRIC_PRESENTATION_REPRESENTATION('',(#404),
#17539);
#17519=MECHANICAL_DESIGN_GEOMETRIC_PRESENTATION_REPRESENTATION('',(#405),
#17540);
#17520=MECHANICAL_DESIGN_GEOMETRIC_PRESENTATION_REPRESENTATION('',(#406),
#17541);
#17521=MECHANICAL_DESIGN_GEOMETRIC_PRESENTATION_REPRESENTATION('',(#407),
#17542);
#17522=MECHANICAL_DESIGN_GEOMETRIC_PRESENTATION_REPRESENTATION('',(#408),
#17543);
#17523=MECHANICAL_DESIGN_GEOMETRIC_PRESENTATION_REPRESENTATION('',(#409),
#17544);
#17524=MECHANICAL_DESIGN_GEOMETRIC_PRESENTATION_REPRESENTATION('',(#410,
#411),#17545);
#17525=MECHANICAL_DESIGN_GEOMETRIC_PRESENTATION_REPRESENTATION('',(#412,
#413,#414,#415),#17546);
#17526=MECHANICAL_DESIGN_GEOMETRIC_PRESENTATION_REPRESENTATION('',(#416,
#417),#17547);
#17527=MECHANICAL_DESIGN_GEOMETRIC_PRESENTATION_REPRESENTATION('',(#386),
#17548);
#17528=MECHANICAL_DESIGN_GEOMETRIC_PRESENTATION_REPRESENTATION('',(#387),
#17549);
#17529=MECHANICAL_DESIGN_GEOMETRIC_PRESENTATION_REPRESENTATION('',(#388),
#17550);
#17530=MECHANICAL_DESIGN_GEOMETRIC_PRESENTATION_REPRESENTATION('',(#397,
#398,#399),#17551);
#17531=(
GEOMETRIC_REPRESENTATION_CONTEXT(3)
GLOBAL_UNCERTAINTY_ASSIGNED_CONTEXT((#17552))
GLOBAL_UNIT_ASSIGNED_CONTEXT((#17578,#17574,#17573))
REPRESENTATION_CONTEXT('\X2\603B88C5914D\X0\','TOP_LEVEL_ASSEMBLY_PART')
);
#17532=(
GEOMETRIC_REPRESENTATION_CONTEXT(3)
GLOBAL_UNCERTAINTY_ASSIGNED_CONTEXT((#17553))
GLOBAL_UNIT_ASSIGNED_CONTEXT((#17578,#17574,#17573))
REPRESENTATION_CONTEXT('Z\X2\8F74\X0\42\X2\7535673A56FA5B9A67B6\X0\',
'COMPONENT_PART')
);
#17533=(
GEOMETRIC_REPRESENTATION_CONTEXT(3)
GLOBAL_UNCERTAINTY_ASSIGNED_CONTEXT((#17554))
GLOBAL_UNIT_ASSIGNED_CONTEXT((#17578,#17574,#17573))
REPRESENTATION_CONTEXT('\X2\51B259346ED15757\X0\','COMPONENT_PART')
);
#17534=(
GEOMETRIC_REPRESENTATION_CONTEXT(3)
GLOBAL_UNCERTAINTY_ASSIGNED_CONTEXT((#17555))
GLOBAL_UNIT_ASSIGNED_CONTEXT((#17578,#17574,#17573))
REPRESENTATION_CONTEXT('\X2\8FD052A85E7353F0\X0\','COMPONENT_PART')
);
#17535=(
GEOMETRIC_REPRESENTATION_CONTEXT(3)
GLOBAL_UNCERTAINTY_ASSIGNED_CONTEXT((#17556))
GLOBAL_UNIT_ASSIGNED_CONTEXT((#17578,#17574,#17573))
REPRESENTATION_CONTEXT('\X2\524D6321677F\X0\','COMPONENT_PART')
);
#17536=(
GEOMETRIC_REPRESENTATION_CONTEXT(3)
GLOBAL_UNCERTAINTY_ASSIGNED_CONTEXT((#17557))
GLOBAL_UNIT_ASSIGNED_CONTEXT((#17578,#17574,#17573))
REPRESENTATION_CONTEXT('\X2\540E6321677F\X0\','COMPONENT_PART')
);
#17537=(
GEOMETRIC_REPRESENTATION_CONTEXT(3)
GLOBAL_UNCERTAINTY_ASSIGNED_CONTEXT((#17558))
GLOBAL_UNIT_ASSIGNED_CONTEXT((#17578,#17574,#17573))
REPRESENTATION_CONTEXT('\X2\7EB85E26\X0\','COMPONENT_PART')
);
#17538=(
GEOMETRIC_REPRESENTATION_CONTEXT(3)
GLOBAL_UNCERTAINTY_ASSIGNED_CONTEXT((#17559))
GLOBAL_UNIT_ASSIGNED_CONTEXT((#17578,#17574,#17573))
REPRESENTATION_CONTEXT('KFL08_\X2\53675F0F68AF5F624E1D6746652F67B6\X0\',
'COMPONENT_PART')
);
#17539=(
GEOMETRIC_REPRESENTATION_CONTEXT(3)
GLOBAL_UNCERTAINTY_ASSIGNED_CONTEXT((#17560))
GLOBAL_UNIT_ASSIGNED_CONTEXT((#17578,#17574,#17573))
REPRESENTATION_CONTEXT('T8\X2\4E1D67467B8066136A21578B\X0\_L200',
'COMPONENT_PART')
);
#17540=(
GEOMETRIC_REPRESENTATION_CONTEXT(3)
GLOBAL_UNCERTAINTY_ASSIGNED_CONTEXT((#17561))
GLOBAL_UNIT_ASSIGNED_CONTEXT((#17578,#17574,#17573))
REPRESENTATION_CONTEXT('GT2_232mm\X2\540C6B655E267B8066136A21578B\X0\',
'COMPONENT_PART')
);
#17541=(
GEOMETRIC_REPRESENTATION_CONTEXT(3)
GLOBAL_UNCERTAINTY_ASSIGNED_CONTEXT((#17562))
GLOBAL_UNIT_ASSIGNED_CONTEXT((#17578,#17574,#17573))
REPRESENTATION_CONTEXT('\X2\6EDA7EB88F97\X0\','COMPONENT_PART')
);
#17542=(
GEOMETRIC_REPRESENTATION_CONTEXT(3)
GLOBAL_UNCERTAINTY_ASSIGNED_CONTEXT((#17563))
GLOBAL_UNIT_ASSIGNED_CONTEXT((#17578,#17574,#17573))
REPRESENTATION_CONTEXT('\X2\6EDA7EB88F97\X0\2','COMPONENT_PART')
);
#17543=(
GEOMETRIC_REPRESENTATION_CONTEXT(3)
GLOBAL_UNCERTAINTY_ASSIGNED_CONTEXT((#17564))
GLOBAL_UNIT_ASSIGNED_CONTEXT((#17578,#17574,#17573))
REPRESENTATION_CONTEXT('Y\X2\8F746EDA7EB88F976ED169FD\X0\',
'COMPONENT_PART')
);
#17544=(
GEOMETRIC_REPRESENTATION_CONTEXT(3)
GLOBAL_UNCERTAINTY_ASSIGNED_CONTEXT((#17565))
GLOBAL_UNIT_ASSIGNED_CONTEXT((#17578,#17574,#17573))
REPRESENTATION_CONTEXT('608zz','COMPONENT_PART')
);
#17545=(
GEOMETRIC_REPRESENTATION_CONTEXT(3)
GLOBAL_UNCERTAINTY_ASSIGNED_CONTEXT((#17566))
GLOBAL_UNIT_ASSIGNED_CONTEXT((#17578,#17574,#17573))
REPRESENTATION_CONTEXT('Y\X2\8F744ECE52A88F8A5F207D275668\X0\',
'COMPONENT_PART')
);
#17546=(
GEOMETRIC_REPRESENTATION_CONTEXT(3)
GLOBAL_UNCERTAINTY_ASSIGNED_CONTEXT((#17567))
GLOBAL_UNIT_ASSIGNED_CONTEXT((#17578,#17574,#17573))
REPRESENTATION_CONTEXT('\X2\62535B54652F649157AB677F\X0\',
'COMPONENT_PART')
);
#17547=(
GEOMETRIC_REPRESENTATION_CONTEXT(3)
GLOBAL_UNCERTAINTY_ASSIGNED_CONTEXT((#17568))
GLOBAL_UNIT_ASSIGNED_CONTEXT((#17578,#17574,#17573))
REPRESENTATION_CONTEXT('\X2\5BFC541167B6\X0\','COMPONENT_PART')
);
#17548=(
GEOMETRIC_REPRESENTATION_CONTEXT(3)
GLOBAL_UNCERTAINTY_ASSIGNED_CONTEXT((#17569))
GLOBAL_UNIT_ASSIGNED_CONTEXT((#17578,#17574,#17573))
REPRESENTATION_CONTEXT('\X2\51B25934\X0\','COMPONENT_PART')
);
#17549=(
GEOMETRIC_REPRESENTATION_CONTEXT(3)
GLOBAL_UNCERTAINTY_ASSIGNED_CONTEXT((#17570))
GLOBAL_UNIT_ASSIGNED_CONTEXT((#17578,#17574,#17573))
REPRESENTATION_CONTEXT('\X2\51B25934\X0\2','COMPONENT_PART')
);
#17550=(
GEOMETRIC_REPRESENTATION_CONTEXT(3)
GLOBAL_UNCERTAINTY_ASSIGNED_CONTEXT((#17571))
GLOBAL_UNIT_ASSIGNED_CONTEXT((#17578,#17574,#17573))
REPRESENTATION_CONTEXT('\X2\51B25934\X0\3','COMPONENT_PART')
);
#17551=(
GEOMETRIC_REPRESENTATION_CONTEXT(3)
GLOBAL_UNCERTAINTY_ASSIGNED_CONTEXT((#17572))
GLOBAL_UNIT_ASSIGNED_CONTEXT((#17578,#17574,#17573))
REPRESENTATION_CONTEXT('X\X2\8F745F207D275668\X0\','COMPONENT_PART')
);
#17552=UNCERTAINTY_MEASURE_WITH_UNIT(LENGTH_MEASURE(2.E-5),#17578,
'DISTANCE_ACCURACY_VALUE','Maximum Tolerance applied to model');
#17553=UNCERTAINTY_MEASURE_WITH_UNIT(LENGTH_MEASURE(2.E-5),#17578,
'DISTANCE_ACCURACY_VALUE','Maximum Tolerance applied to model');
#17554=UNCERTAINTY_MEASURE_WITH_UNIT(LENGTH_MEASURE(2.E-5),#17578,
'DISTANCE_ACCURACY_VALUE','Maximum Tolerance applied to model');
#17555=UNCERTAINTY_MEASURE_WITH_UNIT(LENGTH_MEASURE(2.E-5),#17578,
'DISTANCE_ACCURACY_VALUE','Maximum Tolerance applied to model');
#17556=UNCERTAINTY_MEASURE_WITH_UNIT(LENGTH_MEASURE(2.E-5),#17578,
'DISTANCE_ACCURACY_VALUE','Maximum Tolerance applied to model');
#17557=UNCERTAINTY_MEASURE_WITH_UNIT(LENGTH_MEASURE(2.E-5),#17578,
'DISTANCE_ACCURACY_VALUE','Maximum Tolerance applied to model');
#17558=UNCERTAINTY_MEASURE_WITH_UNIT(LENGTH_MEASURE(2.E-5),#17578,
'DISTANCE_ACCURACY_VALUE','Maximum Tolerance applied to model');
#17559=UNCERTAINTY_MEASURE_WITH_UNIT(LENGTH_MEASURE(2.E-5),#17578,
'DISTANCE_ACCURACY_VALUE','Maximum Tolerance applied to model');
#17560=UNCERTAINTY_MEASURE_WITH_UNIT(LENGTH_MEASURE(2.E-5),#17578,
'DISTANCE_ACCURACY_VALUE','Maximum Tolerance applied to model');
#17561=UNCERTAINTY_MEASURE_WITH_UNIT(LENGTH_MEASURE(2.E-5),#17578,
'DISTANCE_ACCURACY_VALUE','Maximum Tolerance applied to model');
#17562=UNCERTAINTY_MEASURE_WITH_UNIT(LENGTH_MEASURE(2.E-5),#17578,
'DISTANCE_ACCURACY_VALUE','Maximum Tolerance applied to model');
#17563=UNCERTAINTY_MEASURE_WITH_UNIT(LENGTH_MEASURE(2.E-5),#17578,
'DISTANCE_ACCURACY_VALUE','Maximum Tolerance applied to model');
#17564=UNCERTAINTY_MEASURE_WITH_UNIT(LENGTH_MEASURE(2.E-5),#17578,
'DISTANCE_ACCURACY_VALUE','Maximum Tolerance applied to model');
#17565=UNCERTAINTY_MEASURE_WITH_UNIT(LENGTH_MEASURE(2.E-5),#17578,
'DISTANCE_ACCURACY_VALUE','Maximum Tolerance applied to model');
#17566=UNCERTAINTY_MEASURE_WITH_UNIT(LENGTH_MEASURE(2.E-5),#17578,
'DISTANCE_ACCURACY_VALUE','Maximum Tolerance applied to model');
#17567=UNCERTAINTY_MEASURE_WITH_UNIT(LENGTH_MEASURE(2.E-5),#17578,
'DISTANCE_ACCURACY_VALUE','Maximum Tolerance applied to model');
#17568=UNCERTAINTY_MEASURE_WITH_UNIT(LENGTH_MEASURE(2.E-5),#17578,
'DISTANCE_ACCURACY_VALUE','Maximum Tolerance applied to model');
#17569=UNCERTAINTY_MEASURE_WITH_UNIT(LENGTH_MEASURE(2.E-5),#17578,
'DISTANCE_ACCURACY_VALUE','Maximum Tolerance applied to model');
#17570=UNCERTAINTY_MEASURE_WITH_UNIT(LENGTH_MEASURE(2.E-5),#17578,
'DISTANCE_ACCURACY_VALUE','Maximum Tolerance applied to model');
#17571=UNCERTAINTY_MEASURE_WITH_UNIT(LENGTH_MEASURE(2.E-5),#17578,
'DISTANCE_ACCURACY_VALUE','Maximum Tolerance applied to model');
#17572=UNCERTAINTY_MEASURE_WITH_UNIT(LENGTH_MEASURE(2.E-5),#17578,
'DISTANCE_ACCURACY_VALUE','Maximum Tolerance applied to model');
#17573=(
NAMED_UNIT(*)
SI_UNIT($,.STERADIAN.)
SOLID_ANGLE_UNIT()
);
#17574=(
CONVERSION_BASED_UNIT('DEGREE',#17576)
NAMED_UNIT(#17575)
PLANE_ANGLE_UNIT()
);
#17575=DIMENSIONAL_EXPONENTS(0.,0.,0.,0.,0.,0.,0.);
#17576=PLANE_ANGLE_MEASURE_WITH_UNIT(PLANE_ANGLE_MEASURE(0.0174532925),
#17577);
#17577=(
NAMED_UNIT(*)
PLANE_ANGLE_UNIT()
SI_UNIT($,.RADIAN.)
);
#17578=(
LENGTH_UNIT()
NAMED_UNIT(*)
SI_UNIT(.MILLI.,.METRE.)
);
ENDSEC;
END-ISO-10303-21;
