ISO-10303-21;
HEADER;
FILE_DESCRIPTION((''),'2;1');
FILE_NAME('42J1848-425-01_ASM','2025-10-24T10:38:36',('\X2\52188D85\X0\'),(''),
'CREO PARAMETRIC BY PTC INC, 2024063','CREO PARAMETRIC BY PTC INC, 2024063','');
FILE_SCHEMA(('CONFIG_CONTROL_DESIGN'));
ENDSEC;
DATA;
#1=DIRECTION('',(-7.071067811870E-1,1.926430557139E-9,7.071067811861E-1));
#2=VECTOR('',#1,7.071067811866E-1);
#3=CARTESIAN_POINT('',(1.15E1,3.619559832146E-9,1.55E1));
#4=LINE('',#3,#2);
#5=CARTESIAN_POINT('',(1.15E1,0.E0,0.E0));
#6=DIRECTION('',(1.E0,0.E0,0.E0));
#7=DIRECTION('',(0.E0,-1.997569772856E-10,-1.E0));
#8=AXIS2_PLACEMENT_3D('',#5,#6,#7);
#10=DIRECTION('',(-7.071067811870E-1,2.189346006573E-9,-7.071067811861E-1));
#11=VECTOR('',#10,7.071067811866E-1);
#12=CARTESIAN_POINT('',(1.15E1,-1.548130810482E-9,-1.55E1));
#13=LINE('',#12,#11);
#14=CARTESIAN_POINT('',(1.15E1,-6.074248123771E-14,0.E0));
#15=DIRECTION('',(1.E0,0.E0,0.E0));
#16=DIRECTION('',(0.E0,0.E0,1.E0));
#17=AXIS2_PLACEMENT_3D('',#14,#15,#16);
#19=DIRECTION('',(0.E0,-1.E0,0.E0));
#20=VECTOR('',#19,3.356650115814E1);
#21=CARTESIAN_POINT('',(1.1E1,1.678325057907E1,-2.115E1));
#22=LINE('',#21,#20);
#23=CARTESIAN_POINT('',(1.1E1,0.E0,0.E0));
#24=DIRECTION('',(-1.E0,0.E0,0.E0));
#25=DIRECTION('',(0.E0,7.833333333333E-1,-6.216018732990E-1));
#26=AXIS2_PLACEMENT_3D('',#23,#24,#25);
#28=DIRECTION('',(0.E0,0.E0,-1.E0));
#29=VECTOR('',#28,3.356650115814E1);
#30=CARTESIAN_POINT('',(1.1E1,2.115E1,1.678325057907E1));
#31=LINE('',#30,#29);
#32=CARTESIAN_POINT('',(1.1E1,0.E0,0.E0));
#33=DIRECTION('',(-1.E0,0.E0,0.E0));
#34=DIRECTION('',(0.E0,6.216018732990E-1,7.833333333333E-1));
#35=AXIS2_PLACEMENT_3D('',#32,#33,#34);
#37=DIRECTION('',(0.E0,1.E0,0.E0));
#38=VECTOR('',#37,3.356650115814E1);
#39=CARTESIAN_POINT('',(1.1E1,-1.678325057907E1,2.115E1));
#40=LINE('',#39,#38);
#41=CARTESIAN_POINT('',(1.1E1,0.E0,0.E0));
#42=DIRECTION('',(-1.E0,0.E0,0.E0));
#43=DIRECTION('',(0.E0,-7.833333333333E-1,6.216018732990E-1));
#44=AXIS2_PLACEMENT_3D('',#41,#42,#43);
#46=DIRECTION('',(0.E0,0.E0,1.E0));
#47=VECTOR('',#46,3.356650115814E1);
#48=CARTESIAN_POINT('',(1.1E1,-2.115E1,-1.678325057907E1));
#49=LINE('',#48,#47);
#50=CARTESIAN_POINT('',(1.1E1,0.E0,0.E0));
#51=DIRECTION('',(-1.E0,0.E0,0.E0));
#52=DIRECTION('',(0.E0,-6.216018732990E-1,-7.833333333333E-1));
#53=AXIS2_PLACEMENT_3D('',#50,#51,#52);
#55=CARTESIAN_POINT('',(1.1E1,1.55E1,-1.55E1));
#56=DIRECTION('',(1.E0,0.E0,0.E0));
#57=DIRECTION('',(0.E0,-1.E0,0.E0));
#58=AXIS2_PLACEMENT_3D('',#55,#56,#57);
#60=CARTESIAN_POINT('',(1.1E1,1.55E1,-1.55E1));
#61=DIRECTION('',(1.E0,0.E0,0.E0));
#62=DIRECTION('',(0.E0,1.E0,0.E0));
#63=AXIS2_PLACEMENT_3D('',#60,#61,#62);
#65=CARTESIAN_POINT('',(1.1E1,-1.55E1,-1.55E1));
#66=DIRECTION('',(1.E0,0.E0,0.E0));
#67=DIRECTION('',(0.E0,0.E0,1.E0));
#68=AXIS2_PLACEMENT_3D('',#65,#66,#67);
#70=CARTESIAN_POINT('',(1.1E1,-1.55E1,-1.55E1));
#71=DIRECTION('',(1.E0,0.E0,0.E0));
#72=DIRECTION('',(0.E0,0.E0,-1.E0));
#73=AXIS2_PLACEMENT_3D('',#70,#71,#72);
#75=CARTESIAN_POINT('',(1.1E1,-1.55E1,1.55E1));
#76=DIRECTION('',(1.E0,0.E0,0.E0));
#77=DIRECTION('',(0.E0,1.E0,0.E0));
#78=AXIS2_PLACEMENT_3D('',#75,#76,#77);
#80=CARTESIAN_POINT('',(1.1E1,-1.55E1,1.55E1));
#81=DIRECTION('',(1.E0,0.E0,0.E0));
#82=DIRECTION('',(0.E0,-1.E0,0.E0));
#83=AXIS2_PLACEMENT_3D('',#80,#81,#82);
#85=CARTESIAN_POINT('',(1.1E1,1.55E1,1.55E1));
#86=DIRECTION('',(1.E0,0.E0,0.E0));
#87=DIRECTION('',(0.E0,0.E0,-1.E0));
#88=AXIS2_PLACEMENT_3D('',#85,#86,#87);
#90=CARTESIAN_POINT('',(1.1E1,1.55E1,1.55E1));
#91=DIRECTION('',(1.E0,0.E0,0.E0));
#92=DIRECTION('',(0.E0,0.E0,1.E0));
#93=AXIS2_PLACEMENT_3D('',#90,#91,#92);
#95=CARTESIAN_POINT('',(1.1E1,0.E0,0.E0));
#96=DIRECTION('',(1.E0,0.E0,0.E0));
#97=DIRECTION('',(0.E0,0.E0,-1.E0));
#98=AXIS2_PLACEMENT_3D('',#95,#96,#97);
#100=CARTESIAN_POINT('',(1.1E1,-6.074248123771E-14,0.E0));
#101=DIRECTION('',(1.E0,0.E0,0.E0));
#102=DIRECTION('',(0.E0,0.E0,1.E0));
#103=AXIS2_PLACEMENT_3D('',#100,#101,#102);
#105=DIRECTION('',(0.E0,-1.E0,0.E0));
#106=VECTOR('',#105,3.356650115814E1);
#107=CARTESIAN_POINT('',(1.9E1,1.678325057907E1,-2.115E1));
#108=LINE('',#107,#106);
#109=DIRECTION('',(-1.E0,0.E0,0.E0));
#110=VECTOR('',#109,8.E0);
#111=CARTESIAN_POINT('',(1.9E1,-2.115E1,-1.678325057907E1));
#112=LINE('',#111,#110);
#113=DIRECTION('',(1.E0,0.E0,0.E0));
#114=VECTOR('',#113,8.E0);
#115=CARTESIAN_POINT('',(1.1E1,-1.678325057907E1,-2.115E1));
#116=LINE('',#115,#114);
#117=DIRECTION('',(0.E0,0.E0,1.E0));
#118=VECTOR('',#117,3.356650115814E1);
#119=CARTESIAN_POINT('',(1.9E1,-2.115E1,-1.678325057907E1));
#120=LINE('',#119,#118);
#121=DIRECTION('',(-1.E0,0.E0,0.E0));
#122=VECTOR('',#121,8.E0);
#123=CARTESIAN_POINT('',(1.9E1,-1.678325057907E1,2.115E1));
#124=LINE('',#123,#122);
#125=DIRECTION('',(1.E0,0.E0,0.E0));
#126=VECTOR('',#125,8.E0);
#127=CARTESIAN_POINT('',(1.1E1,-2.115E1,1.678325057907E1));
#128=LINE('',#127,#126);
#129=DIRECTION('',(0.E0,1.E0,0.E0));
#130=VECTOR('',#129,3.356650115814E1);
#131=CARTESIAN_POINT('',(1.9E1,-1.678325057907E1,2.115E1));
#132=LINE('',#131,#130);
#133=DIRECTION('',(-1.E0,0.E0,0.E0));
#134=VECTOR('',#133,8.E0);
#135=CARTESIAN_POINT('',(1.9E1,2.115E1,1.678325057907E1));
#136=LINE('',#135,#134);
#137=DIRECTION('',(1.E0,0.E0,0.E0));
#138=VECTOR('',#137,8.E0);
#139=CARTESIAN_POINT('',(1.1E1,1.678325057907E1,2.115E1));
#140=LINE('',#139,#138);
#141=DIRECTION('',(0.E0,0.E0,-1.E0));
#142=VECTOR('',#141,3.356650115814E1);
#143=CARTESIAN_POINT('',(1.9E1,2.115E1,1.678325057907E1));
#144=LINE('',#143,#142);
#145=DIRECTION('',(-1.E0,0.E0,0.E0));
#146=VECTOR('',#145,8.E0);
#147=CARTESIAN_POINT('',(1.9E1,1.678325057907E1,-2.115E1));
#148=LINE('',#147,#146);
#149=DIRECTION('',(1.E0,0.E0,0.E0));
#150=VECTOR('',#149,8.E0);
#151=CARTESIAN_POINT('',(1.1E1,2.115E1,-1.678325057907E1));
#152=LINE('',#151,#150);
#153=CARTESIAN_POINT('',(1.9E1,0.E0,0.E0));
#154=DIRECTION('',(1.E0,0.E0,0.E0));
#155=DIRECTION('',(0.E0,6.216018732991E-1,-7.833333333333E-1));
#156=AXIS2_PLACEMENT_3D('',#153,#154,#155);
#158=CARTESIAN_POINT('',(1.9E1,0.E0,0.E0));
#159=DIRECTION('',(1.E0,0.E0,0.E0));
#160=DIRECTION('',(0.E0,-7.833333333333E-1,-6.216018732991E-1));
#161=AXIS2_PLACEMENT_3D('',#158,#159,#160);
#163=CARTESIAN_POINT('',(1.9E1,0.E0,0.E0));
#164=DIRECTION('',(1.E0,0.E0,0.E0));
#165=DIRECTION('',(0.E0,-6.216018732991E-1,7.833333333333E-1));
#166=AXIS2_PLACEMENT_3D('',#163,#164,#165);
#168=CARTESIAN_POINT('',(1.9E1,0.E0,0.E0));
#169=DIRECTION('',(1.E0,0.E0,0.E0));
#170=DIRECTION('',(0.E0,7.833333333333E-1,6.216018732991E-1));
#171=AXIS2_PLACEMENT_3D('',#168,#169,#170);
#173=DIRECTION('',(-1.E0,0.E0,0.E0));
#174=VECTOR('',#173,4.E0);
#175=CARTESIAN_POINT('',(1.5E1,1.7E1,-1.55E1));
#176=LINE('',#175,#174);
#177=DIRECTION('',(-1.E0,0.E0,0.E0));
#178=VECTOR('',#177,4.E0);
#179=CARTESIAN_POINT('',(1.5E1,1.4E1,-1.55E1));
#180=LINE('',#179,#178);
#181=CARTESIAN_POINT('',(1.5E1,1.55E1,-1.55E1));
#182=DIRECTION('',(-1.E0,0.E0,0.E0));
#183=DIRECTION('',(0.E0,1.E0,0.E0));
#184=AXIS2_PLACEMENT_3D('',#181,#182,#183);
#186=CARTESIAN_POINT('',(1.5E1,1.55E1,-1.55E1));
#187=DIRECTION('',(-1.E0,0.E0,0.E0));
#188=DIRECTION('',(0.E0,-1.E0,0.E0));
#189=AXIS2_PLACEMENT_3D('',#186,#187,#188);
#191=DIRECTION('',(-1.E0,0.E0,0.E0));
#192=VECTOR('',#191,4.E0);
#193=CARTESIAN_POINT('',(1.5E1,-1.55E1,-1.7E1));
#194=LINE('',#193,#192);
#195=DIRECTION('',(-1.E0,0.E0,0.E0));
#196=VECTOR('',#195,4.E0);
#197=CARTESIAN_POINT('',(1.5E1,-1.55E1,-1.4E1));
#198=LINE('',#197,#196);
#199=CARTESIAN_POINT('',(1.5E1,-1.55E1,-1.55E1));
#200=DIRECTION('',(-1.E0,0.E0,0.E0));
#201=DIRECTION('',(0.E0,0.E0,-1.E0));
#202=AXIS2_PLACEMENT_3D('',#199,#200,#201);
#204=CARTESIAN_POINT('',(1.5E1,-1.55E1,-1.55E1));
#205=DIRECTION('',(-1.E0,0.E0,0.E0));
#206=DIRECTION('',(0.E0,0.E0,1.E0));
#207=AXIS2_PLACEMENT_3D('',#204,#205,#206);
#209=DIRECTION('',(-1.E0,0.E0,0.E0));
#210=VECTOR('',#209,4.E0);
#211=CARTESIAN_POINT('',(1.5E1,-1.7E1,1.55E1));
#212=LINE('',#211,#210);
#213=DIRECTION('',(-1.E0,0.E0,0.E0));
#214=VECTOR('',#213,4.E0);
#215=CARTESIAN_POINT('',(1.5E1,-1.4E1,1.55E1));
#216=LINE('',#215,#214);
#217=CARTESIAN_POINT('',(1.5E1,-1.55E1,1.55E1));
#218=DIRECTION('',(-1.E0,0.E0,0.E0));
#219=DIRECTION('',(0.E0,-1.E0,0.E0));
#220=AXIS2_PLACEMENT_3D('',#217,#218,#219);
#222=CARTESIAN_POINT('',(1.5E1,-1.55E1,1.55E1));
#223=DIRECTION('',(-1.E0,0.E0,0.E0));
#224=DIRECTION('',(0.E0,1.E0,0.E0));
#225=AXIS2_PLACEMENT_3D('',#222,#223,#224);
#227=DIRECTION('',(-1.E0,0.E0,0.E0));
#228=VECTOR('',#227,4.E0);
#229=CARTESIAN_POINT('',(1.5E1,1.55E1,1.7E1));
#230=LINE('',#229,#228);
#231=DIRECTION('',(-1.E0,0.E0,0.E0));
#232=VECTOR('',#231,4.E0);
#233=CARTESIAN_POINT('',(1.5E1,1.55E1,1.4E1));
#234=LINE('',#233,#232);
#235=CARTESIAN_POINT('',(1.5E1,1.55E1,1.55E1));
#236=DIRECTION('',(-1.E0,0.E0,0.E0));
#237=DIRECTION('',(0.E0,0.E0,1.E0));
#238=AXIS2_PLACEMENT_3D('',#235,#236,#237);
#240=CARTESIAN_POINT('',(1.5E1,1.55E1,1.55E1));
#241=DIRECTION('',(-1.E0,0.E0,0.E0));
#242=DIRECTION('',(0.E0,0.E0,-1.E0));
#243=AXIS2_PLACEMENT_3D('',#240,#241,#242);
#245=DIRECTION('',(-1.E0,1.720088672341E-9,2.782959048386E-12));
#246=VECTOR('',#245,3.000000000008E-1);
#247=CARTESIAN_POINT('',(1.18E1,-2.064157412186E-9,-1.55E1));
#248=LINE('',#247,#246);
#249=DIRECTION('',(-1.E0,1.206519705790E-8,-2.782959048386E-12));
#250=VECTOR('',#249,3.000000000008E-1);
#251=CARTESIAN_POINT('',(1.18E1,0.E0,1.55E1));
#252=LINE('',#251,#250);
#253=CARTESIAN_POINT('',(1.18E1,0.E0,0.E0));
#254=DIRECTION('',(-1.E0,0.E0,0.E0));
#255=DIRECTION('',(0.E0,0.E0,-1.E0));
#256=AXIS2_PLACEMENT_3D('',#253,#254,#255);
#258=CARTESIAN_POINT('',(1.18E1,0.E0,0.E0));
#259=DIRECTION('',(-1.E0,0.E0,0.E0));
#260=DIRECTION('',(0.E0,0.E0,1.E0));
#261=AXIS2_PLACEMENT_3D('',#258,#259,#260);
#263=CARTESIAN_POINT('',(1.18E1,0.E0,0.E0));
#264=DIRECTION('',(1.E0,0.E0,0.E0));
#265=DIRECTION('',(0.E0,0.E0,-1.E0));
#266=AXIS2_PLACEMENT_3D('',#263,#264,#265);
#268=CARTESIAN_POINT('',(1.18E1,0.E0,0.E0));
#269=DIRECTION('',(1.E0,0.E0,0.E0));
#270=DIRECTION('',(0.E0,0.E0,1.E0));
#271=AXIS2_PLACEMENT_3D('',#268,#269,#270);
#273=DIRECTION('',(-1.E0,0.E0,0.E0));
#274=VECTOR('',#273,2.8E0);
#275=CARTESIAN_POINT('',(1.18E1,0.E0,-1.1E1));
#276=LINE('',#275,#274);
#277=DIRECTION('',(1.E0,0.E0,0.E0));
#278=VECTOR('',#277,2.8E0);
#279=CARTESIAN_POINT('',(9.E0,0.E0,1.1E1));
#280=LINE('',#279,#278);
#281=CARTESIAN_POINT('',(9.E0,0.E0,0.E0));
#282=DIRECTION('',(-1.E0,0.E0,0.E0));
#283=DIRECTION('',(0.E0,0.E0,-1.E0));
#284=AXIS2_PLACEMENT_3D('',#281,#282,#283);
#286=CARTESIAN_POINT('',(9.E0,0.E0,0.E0));
#287=DIRECTION('',(-1.E0,0.E0,0.E0));
#288=DIRECTION('',(0.E0,0.E0,1.E0));
#289=AXIS2_PLACEMENT_3D('',#286,#287,#288);
#291=CARTESIAN_POINT('',(9.E0,0.E0,0.E0));
#292=DIRECTION('',(1.E0,0.E0,0.E0));
#293=DIRECTION('',(0.E0,0.E0,-1.E0));
#294=AXIS2_PLACEMENT_3D('',#291,#292,#293);
#296=CARTESIAN_POINT('',(9.E0,0.E0,0.E0));
#297=DIRECTION('',(1.E0,0.E0,0.E0));
#298=DIRECTION('',(0.E0,0.E0,1.E0));
#299=AXIS2_PLACEMENT_3D('',#296,#297,#298);
#301=DIRECTION('',(1.E0,0.E0,0.E0));
#302=VECTOR('',#301,2.15E1);
#303=CARTESIAN_POINT('',(-1.25E1,0.E0,2.5E0));
#304=LINE('',#303,#302);
#305=DIRECTION('',(1.E0,0.E0,0.E0));
#306=VECTOR('',#305,2.15E1);
#307=CARTESIAN_POINT('',(-1.25E1,0.E0,-2.5E0));
#308=LINE('',#307,#306);
#309=DIRECTION('',(-7.071067811865E-1,0.E0,-7.071067811865E-1));
#310=VECTOR('',#309,7.071067811865E-1);
#311=CARTESIAN_POINT('',(-1.25E1,0.E0,2.5E0));
#312=LINE('',#311,#310);
#313=CARTESIAN_POINT('',(-1.25E1,0.E0,0.E0));
#314=DIRECTION('',(-1.E0,0.E0,0.E0));
#315=DIRECTION('',(0.E0,0.E0,-1.E0));
#316=AXIS2_PLACEMENT_3D('',#313,#314,#315);
#318=DIRECTION('',(-7.071067811865E-1,0.E0,7.071067811865E-1));
#319=VECTOR('',#318,7.071067811865E-1);
#320=CARTESIAN_POINT('',(-1.25E1,0.E0,-2.5E0));
#321=LINE('',#320,#319);
#322=CARTESIAN_POINT('',(-1.25E1,0.E0,0.E0));
#323=DIRECTION('',(-1.E0,0.E0,0.E0));
#324=DIRECTION('',(0.E0,0.E0,1.E0));
#325=AXIS2_PLACEMENT_3D('',#322,#323,#324);
#327=CARTESIAN_POINT('',(-1.3E1,0.E0,0.E0));
#328=DIRECTION('',(-1.E0,0.E0,0.E0));
#329=DIRECTION('',(0.E0,0.E0,-1.E0));
#330=AXIS2_PLACEMENT_3D('',#327,#328,#329);
#332=CARTESIAN_POINT('',(-1.3E1,0.E0,0.E0));
#333=DIRECTION('',(-1.E0,0.E0,0.E0));
#334=DIRECTION('',(0.E0,0.E0,1.E0));
#335=AXIS2_PLACEMENT_3D('',#332,#333,#334);
#337=CARTESIAN_POINT('',(1.5E1,-1.7E1,1.55E1));
#338=CARTESIAN_POINT('',(1.1E1,-1.7E1,1.55E1));
#339=VERTEX_POINT('',#337);
#340=VERTEX_POINT('',#338);
#341=CARTESIAN_POINT('',(1.1E1,-1.678325057907E1,2.115E1));
#342=CARTESIAN_POINT('',(1.1E1,1.678325057907E1,2.115E1));
#343=VERTEX_POINT('',#341);
#344=VERTEX_POINT('',#342);
#345=CARTESIAN_POINT('',(1.5E1,-1.4E1,1.55E1));
#346=VERTEX_POINT('',#345);
#347=CARTESIAN_POINT('',(1.1E1,-1.4E1,1.55E1));
#348=VERTEX_POINT('',#347);
#349=CARTESIAN_POINT('',(1.5E1,1.55E1,1.7E1));
#350=CARTESIAN_POINT('',(1.1E1,1.55E1,1.7E1));
#351=VERTEX_POINT('',#349);
#352=VERTEX_POINT('',#350);
#353=CARTESIAN_POINT('',(1.5E1,1.55E1,1.4E1));
#354=VERTEX_POINT('',#353);
#355=CARTESIAN_POINT('',(1.1E1,1.55E1,1.4E1));
#356=VERTEX_POINT('',#355);
#357=CARTESIAN_POINT('',(1.15E1,0.E0,1.55E1));
#358=CARTESIAN_POINT('',(1.15E1,-3.096230731999E-9,-1.55E1));
#359=VERTEX_POINT('',#357);
#360=VERTEX_POINT('',#358);
#361=CARTESIAN_POINT('',(1.9E1,2.115E1,1.678325057907E1));
#362=CARTESIAN_POINT('',(1.9E1,2.115E1,-1.678325057907E1));
#363=VERTEX_POINT('',#361);
#364=VERTEX_POINT('',#362);
#365=CARTESIAN_POINT('',(-1.25E1,0.E0,2.5E0));
#366=CARTESIAN_POINT('',(-1.25E1,0.E0,-2.5E0));
#367=VERTEX_POINT('',#365);
#368=VERTEX_POINT('',#366);
#369=CARTESIAN_POINT('',(1.9E1,-1.678325057907E1,2.115E1));
#370=VERTEX_POINT('',#369);
#371=CARTESIAN_POINT('',(1.1E1,-2.115E1,1.678325057907E1));
#372=VERTEX_POINT('',#371);
#373=CARTESIAN_POINT('',(1.1E1,-1.55E1,-1.7E1));
#374=CARTESIAN_POINT('',(1.1E1,-1.55E1,-1.4E1));
#375=VERTEX_POINT('',#373);
#376=VERTEX_POINT('',#374);
#377=CARTESIAN_POINT('',(1.9E1,1.678325057907E1,2.115E1));
#378=VERTEX_POINT('',#377);
#379=CARTESIAN_POINT('',(-1.3E1,0.E0,-2.E0));
#380=VERTEX_POINT('',#379);
#381=CARTESIAN_POINT('',(1.1E1,-2.115E1,-1.678325057907E1));
#382=VERTEX_POINT('',#381);
#383=CARTESIAN_POINT('',(1.1E1,2.115E1,-1.678325057907E1));
#384=VERTEX_POINT('',#383);
#385=CARTESIAN_POINT('',(9.E0,0.E0,-2.5E0));
#386=CARTESIAN_POINT('',(9.E0,0.E0,2.5E0));
#387=VERTEX_POINT('',#385);
#388=VERTEX_POINT('',#386);
#389=CARTESIAN_POINT('',(1.1E1,-3.138500219311E-14,-1.6E1));
#390=CARTESIAN_POINT('',(1.1E1,-2.349898178906E-14,1.6E1));
#391=VERTEX_POINT('',#389);
#392=VERTEX_POINT('',#390);
#393=CARTESIAN_POINT('',(1.9E1,-2.115E1,-1.678325057907E1));
#394=CARTESIAN_POINT('',(1.9E1,-1.678325057907E1,-2.115E1));
#395=VERTEX_POINT('',#393);
#396=VERTEX_POINT('',#394);
#397=CARTESIAN_POINT('',(1.5E1,1.4E1,-1.55E1));
#398=CARTESIAN_POINT('',(1.5E1,1.7E1,-1.55E1));
#399=VERTEX_POINT('',#397);
#400=VERTEX_POINT('',#398);
#401=CARTESIAN_POINT('',(1.9E1,-2.115E1,1.678325057907E1));
#402=VERTEX_POINT('',#401);
#403=CARTESIAN_POINT('',(1.5E1,-1.55E1,-1.4E1));
#404=CARTESIAN_POINT('',(1.5E1,-1.55E1,-1.7E1));
#405=VERTEX_POINT('',#403);
#406=VERTEX_POINT('',#404);
#407=CARTESIAN_POINT('',(1.1E1,-1.678325057907E1,-2.115E1));
#408=VERTEX_POINT('',#407);
#409=CARTESIAN_POINT('',(1.1E1,1.7E1,-1.55E1));
#410=CARTESIAN_POINT('',(1.1E1,1.4E1,-1.55E1));
#411=VERTEX_POINT('',#409);
#412=VERTEX_POINT('',#410);
#413=CARTESIAN_POINT('',(1.9E1,1.678325057907E1,-2.115E1));
#414=VERTEX_POINT('',#413);
#415=CARTESIAN_POINT('',(-1.3E1,0.E0,2.E0));
#416=VERTEX_POINT('',#415);
#417=CARTESIAN_POINT('',(1.1E1,1.678325057907E1,-2.115E1));
#418=VERTEX_POINT('',#417);
#419=CARTESIAN_POINT('',(1.18E1,0.E0,-1.55E1));
#420=CARTESIAN_POINT('',(1.18E1,0.E0,1.55E1));
#421=VERTEX_POINT('',#419);
#422=VERTEX_POINT('',#420);
#423=CARTESIAN_POINT('',(1.18E1,0.E0,-1.1E1));
#424=CARTESIAN_POINT('',(9.E0,0.E0,-1.1E1));
#425=VERTEX_POINT('',#423);
#426=VERTEX_POINT('',#424);
#427=CARTESIAN_POINT('',(9.E0,0.E0,1.1E1));
#428=CARTESIAN_POINT('',(1.18E1,0.E0,1.1E1));
#429=VERTEX_POINT('',#427);
#430=VERTEX_POINT('',#428);
#431=CARTESIAN_POINT('',(1.1E1,2.115E1,1.678325057907E1));
#432=VERTEX_POINT('',#431);
#433=CARTESIAN_POINT('',(1.125E1,0.E0,0.E0));
#434=DIRECTION('',(-1.E0,0.E0,0.E0));
#435=DIRECTION('',(0.E0,0.E0,-1.E0));
#436=AXIS2_PLACEMENT_3D('',#433,#434,#435);
#437=CONICAL_SURFACE('',#436,1.575E1,4.499999999999E1);
#439=ORIENTED_EDGE('',*,*,#438,.T.);
#441=ORIENTED_EDGE('',*,*,#440,.T.);
#443=ORIENTED_EDGE('',*,*,#442,.F.);
#445=ORIENTED_EDGE('',*,*,#444,.F.);
#446=EDGE_LOOP('',(#439,#441,#443,#445));
#447=FACE_OUTER_BOUND('',#446,.F.);
#448=ADVANCED_FACE('',(#447),#437,.F.);
#449=CARTESIAN_POINT('',(1.125E1,-6.074248123771E-14,0.E0));
#450=DIRECTION('',(-1.E0,0.E0,0.E0));
#451=DIRECTION('',(0.E0,0.E0,-1.E0));
#452=AXIS2_PLACEMENT_3D('',#449,#450,#451);
#453=CONICAL_SURFACE('',#452,1.575E1,4.499999999999E1);
#454=ORIENTED_EDGE('',*,*,#442,.T.);
#456=ORIENTED_EDGE('',*,*,#455,.T.);
#457=ORIENTED_EDGE('',*,*,#438,.F.);
#459=ORIENTED_EDGE('',*,*,#458,.F.);
#460=EDGE_LOOP('',(#454,#456,#457,#459));
#461=FACE_OUTER_BOUND('',#460,.F.);
#462=ADVANCED_FACE('',(#461),#453,.F.);
#463=CARTESIAN_POINT('',(1.1E1,0.E0,0.E0));
#464=DIRECTION('',(1.E0,0.E0,0.E0));
#465=DIRECTION('',(0.E0,1.E0,0.E0));
#466=AXIS2_PLACEMENT_3D('',#463,#464,#465);
#467=PLANE('',#466);
#469=ORIENTED_EDGE('',*,*,#468,.F.);
#471=ORIENTED_EDGE('',*,*,#470,.F.);
#473=ORIENTED_EDGE('',*,*,#472,.F.);
#475=ORIENTED_EDGE('',*,*,#474,.F.);
#477=ORIENTED_EDGE('',*,*,#476,.F.);
#479=ORIENTED_EDGE('',*,*,#478,.F.);
#481=ORIENTED_EDGE('',*,*,#480,.F.);
#483=ORIENTED_EDGE('',*,*,#482,.F.);
#484=EDGE_LOOP('',(#469,#471,#473,#475,#477,#479,#481,#483));
#485=FACE_OUTER_BOUND('',#484,.F.);
#487=ORIENTED_EDGE('',*,*,#486,.F.);
#489=ORIENTED_EDGE('',*,*,#488,.F.);
#490=EDGE_LOOP('',(#487,#489));
#491=FACE_BOUND('',#490,.F.);
#493=ORIENTED_EDGE('',*,*,#492,.F.);
#495=ORIENTED_EDGE('',*,*,#494,.F.);
#496=EDGE_LOOP('',(#493,#495));
#497=FACE_BOUND('',#496,.F.);
#499=ORIENTED_EDGE('',*,*,#498,.F.);
#501=ORIENTED_EDGE('',*,*,#500,.F.);
#502=EDGE_LOOP('',(#499,#501));
#503=FACE_BOUND('',#502,.F.);
#505=ORIENTED_EDGE('',*,*,#504,.F.);
#507=ORIENTED_EDGE('',*,*,#506,.F.);
#508=EDGE_LOOP('',(#505,#507));
#509=FACE_BOUND('',#508,.F.);
#510=ORIENTED_EDGE('',*,*,#440,.F.);
#511=ORIENTED_EDGE('',*,*,#455,.F.);
#512=EDGE_LOOP('',(#510,#511));
#513=FACE_BOUND('',#512,.F.);
#514=ADVANCED_FACE('',(#485,#491,#497,#503,#509,#513),#467,.F.);
#515=CARTESIAN_POINT('',(1.1E1,-1.678325057907E1,-2.115E1));
#516=DIRECTION('',(0.E0,0.E0,-1.E0));
#517=DIRECTION('',(0.E0,-1.E0,0.E0));
#518=AXIS2_PLACEMENT_3D('',#515,#516,#517);
#519=PLANE('',#518);
#521=ORIENTED_EDGE('',*,*,#520,.T.);
#523=ORIENTED_EDGE('',*,*,#522,.F.);
#525=ORIENTED_EDGE('',*,*,#524,.T.);
#526=ORIENTED_EDGE('',*,*,#468,.T.);
#527=EDGE_LOOP('',(#521,#523,#525,#526));
#528=FACE_OUTER_BOUND('',#527,.F.);
#529=ADVANCED_FACE('',(#528),#519,.T.);
#530=CARTESIAN_POINT('',(1.1E1,0.E0,0.E0));
#531=DIRECTION('',(1.E0,0.E0,0.E0));
#532=DIRECTION('',(0.E0,-1.E0,0.E0));
#533=AXIS2_PLACEMENT_3D('',#530,#531,#532);
#534=CYLINDRICAL_SURFACE('',#533,2.7E1);
#536=ORIENTED_EDGE('',*,*,#535,.F.);
#538=ORIENTED_EDGE('',*,*,#537,.T.);
#539=ORIENTED_EDGE('',*,*,#520,.F.);
#540=ORIENTED_EDGE('',*,*,#482,.T.);
#541=EDGE_LOOP('',(#536,#538,#539,#540));
#542=FACE_OUTER_BOUND('',#541,.F.);
#543=ADVANCED_FACE('',(#542),#534,.T.);
#544=CARTESIAN_POINT('',(1.1E1,-2.115E1,1.678325057907E1));
#545=DIRECTION('',(0.E0,-1.E0,0.E0));
#546=DIRECTION('',(0.E0,0.E0,-1.E0));
#547=AXIS2_PLACEMENT_3D('',#544,#545,#546);
#548=PLANE('',#547);
#550=ORIENTED_EDGE('',*,*,#549,.T.);
#552=ORIENTED_EDGE('',*,*,#551,.F.);
#553=ORIENTED_EDGE('',*,*,#535,.T.);
#554=ORIENTED_EDGE('',*,*,#480,.T.);
#555=EDGE_LOOP('',(#550,#552,#553,#554));
#556=FACE_OUTER_BOUND('',#555,.F.);
#557=ADVANCED_FACE('',(#556),#548,.T.);
#558=CARTESIAN_POINT('',(1.1E1,0.E0,0.E0));
#559=DIRECTION('',(1.E0,0.E0,0.E0));
#560=DIRECTION('',(0.E0,-1.E0,0.E0));
#561=AXIS2_PLACEMENT_3D('',#558,#559,#560);
#562=CYLINDRICAL_SURFACE('',#561,2.7E1);
#564=ORIENTED_EDGE('',*,*,#563,.F.);
#566=ORIENTED_EDGE('',*,*,#565,.T.);
#567=ORIENTED_EDGE('',*,*,#549,.F.);
#568=ORIENTED_EDGE('',*,*,#478,.T.);
#569=EDGE_LOOP('',(#564,#566,#567,#568));
#570=FACE_OUTER_BOUND('',#569,.F.);
#571=ADVANCED_FACE('',(#570),#562,.T.);
#572=CARTESIAN_POINT('',(1.1E1,1.678325057907E1,2.115E1));
#573=DIRECTION('',(0.E0,0.E0,1.E0));
#574=DIRECTION('',(1.E0,0.E0,0.E0));
#575=AXIS2_PLACEMENT_3D('',#572,#573,#574);
#576=PLANE('',#575);
#578=ORIENTED_EDGE('',*,*,#577,.T.);
#580=ORIENTED_EDGE('',*,*,#579,.F.);
#581=ORIENTED_EDGE('',*,*,#563,.T.);
#582=ORIENTED_EDGE('',*,*,#476,.T.);
#583=EDGE_LOOP('',(#578,#580,#581,#582));
#584=FACE_OUTER_BOUND('',#583,.F.);
#585=ADVANCED_FACE('',(#584),#576,.T.);
#586=CARTESIAN_POINT('',(1.1E1,0.E0,0.E0));
#587=DIRECTION('',(1.E0,0.E0,0.E0));
#588=DIRECTION('',(0.E0,-1.E0,0.E0));
#589=AXIS2_PLACEMENT_3D('',#586,#587,#588);
#590=CYLINDRICAL_SURFACE('',#589,2.7E1);
#592=ORIENTED_EDGE('',*,*,#591,.F.);
#594=ORIENTED_EDGE('',*,*,#593,.T.);
#595=ORIENTED_EDGE('',*,*,#577,.F.);
#596=ORIENTED_EDGE('',*,*,#474,.T.);
#597=EDGE_LOOP('',(#592,#594,#595,#596));
#598=FACE_OUTER_BOUND('',#597,.F.);
#599=ADVANCED_FACE('',(#598),#590,.T.);
#600=CARTESIAN_POINT('',(1.1E1,2.115E1,-1.678325057907E1));
#601=DIRECTION('',(0.E0,1.E0,0.E0));
#602=DIRECTION('',(1.E0,0.E0,0.E0));
#603=AXIS2_PLACEMENT_3D('',#600,#601,#602);
#604=PLANE('',#603);
#606=ORIENTED_EDGE('',*,*,#605,.T.);
#608=ORIENTED_EDGE('',*,*,#607,.F.);
#609=ORIENTED_EDGE('',*,*,#591,.T.);
#610=ORIENTED_EDGE('',*,*,#472,.T.);
#611=EDGE_LOOP('',(#606,#608,#609,#610));
#612=FACE_OUTER_BOUND('',#611,.F.);
#613=ADVANCED_FACE('',(#612),#604,.T.);
#614=CARTESIAN_POINT('',(1.1E1,0.E0,0.E0));
#615=DIRECTION('',(1.E0,0.E0,0.E0));
#616=DIRECTION('',(0.E0,-1.E0,0.E0));
#617=AXIS2_PLACEMENT_3D('',#614,#615,#616);
#618=CYLINDRICAL_SURFACE('',#617,2.7E1);
#619=ORIENTED_EDGE('',*,*,#524,.F.);
#621=ORIENTED_EDGE('',*,*,#620,.T.);
#622=ORIENTED_EDGE('',*,*,#605,.F.);
#623=ORIENTED_EDGE('',*,*,#470,.T.);
#624=EDGE_LOOP('',(#619,#621,#622,#623));
#625=FACE_OUTER_BOUND('',#624,.F.);
#626=ADVANCED_FACE('',(#625),#618,.T.);
#627=CARTESIAN_POINT('',(1.9E1,0.E0,0.E0));
#628=DIRECTION('',(1.E0,0.E0,0.E0));
#629=DIRECTION('',(0.E0,1.E0,0.E0));
#630=AXIS2_PLACEMENT_3D('',#627,#628,#629);
#631=PLANE('',#630);
#632=ORIENTED_EDGE('',*,*,#607,.T.);
#633=ORIENTED_EDGE('',*,*,#620,.F.);
#634=ORIENTED_EDGE('',*,*,#522,.T.);
#635=ORIENTED_EDGE('',*,*,#537,.F.);
#636=ORIENTED_EDGE('',*,*,#551,.T.);
#637=ORIENTED_EDGE('',*,*,#565,.F.);
#638=ORIENTED_EDGE('',*,*,#579,.T.);
#639=ORIENTED_EDGE('',*,*,#593,.F.);
#640=EDGE_LOOP('',(#632,#633,#634,#635,#636,#637,#638,#639));
#641=FACE_OUTER_BOUND('',#640,.F.);
#642=ADVANCED_FACE('',(#641),#631,.T.);
#643=CARTESIAN_POINT('',(1.1E1,1.55E1,-1.55E1));
#644=DIRECTION('',(1.E0,0.E0,0.E0));
#645=DIRECTION('',(0.E0,1.E0,0.E0));
#646=AXIS2_PLACEMENT_3D('',#643,#644,#645);
#647=CYLINDRICAL_SURFACE('',#646,1.5E0);
#649=ORIENTED_EDGE('',*,*,#648,.T.);
#650=ORIENTED_EDGE('',*,*,#486,.T.);
#652=ORIENTED_EDGE('',*,*,#651,.F.);
#654=ORIENTED_EDGE('',*,*,#653,.T.);
#655=EDGE_LOOP('',(#649,#650,#652,#654));
#656=FACE_OUTER_BOUND('',#655,.F.);
#657=ADVANCED_FACE('',(#656),#647,.F.);
#658=CARTESIAN_POINT('',(1.1E1,1.55E1,-1.55E1));
#659=DIRECTION('',(1.E0,0.E0,0.E0));
#660=DIRECTION('',(0.E0,1.E0,0.E0));
#661=AXIS2_PLACEMENT_3D('',#658,#659,#660);
#662=CYLINDRICAL_SURFACE('',#661,1.5E0);
#663=ORIENTED_EDGE('',*,*,#651,.T.);
#664=ORIENTED_EDGE('',*,*,#488,.T.);
#665=ORIENTED_EDGE('',*,*,#648,.F.);
#667=ORIENTED_EDGE('',*,*,#666,.T.);
#668=EDGE_LOOP('',(#663,#664,#665,#667));
#669=FACE_OUTER_BOUND('',#668,.F.);
#670=ADVANCED_FACE('',(#669),#662,.F.);
#671=CARTESIAN_POINT('',(1.5E1,1.55E1,-1.55E1));
#672=DIRECTION('',(1.E0,0.E0,0.E0));
#673=DIRECTION('',(0.E0,1.E0,0.E0));
#674=AXIS2_PLACEMENT_3D('',#671,#672,#673);
#675=PLANE('',#674);
#676=ORIENTED_EDGE('',*,*,#653,.F.);
#677=ORIENTED_EDGE('',*,*,#666,.F.);
#678=EDGE_LOOP('',(#676,#677));
#679=FACE_OUTER_BOUND('',#678,.F.);
#680=ADVANCED_FACE('',(#679),#675,.F.);
#681=CARTESIAN_POINT('',(1.1E1,-1.55E1,-1.55E1));
#682=DIRECTION('',(1.E0,0.E0,0.E0));
#683=DIRECTION('',(0.E0,0.E0,-1.E0));
#684=AXIS2_PLACEMENT_3D('',#681,#682,#683);
#685=CYLINDRICAL_SURFACE('',#684,1.5E0);
#687=ORIENTED_EDGE('',*,*,#686,.T.);
#688=ORIENTED_EDGE('',*,*,#492,.T.);
#690=ORIENTED_EDGE('',*,*,#689,.F.);
#692=ORIENTED_EDGE('',*,*,#691,.T.);
#693=EDGE_LOOP('',(#687,#688,#690,#692));
#694=FACE_OUTER_BOUND('',#693,.F.);
#695=ADVANCED_FACE('',(#694),#685,.F.);
#696=CARTESIAN_POINT('',(1.1E1,-1.55E1,-1.55E1));
#697=DIRECTION('',(1.E0,0.E0,0.E0));
#698=DIRECTION('',(0.E0,0.E0,-1.E0));
#699=AXIS2_PLACEMENT_3D('',#696,#697,#698);
#700=CYLINDRICAL_SURFACE('',#699,1.5E0);
#701=ORIENTED_EDGE('',*,*,#689,.T.);
#702=ORIENTED_EDGE('',*,*,#494,.T.);
#703=ORIENTED_EDGE('',*,*,#686,.F.);
#705=ORIENTED_EDGE('',*,*,#704,.T.);
#706=EDGE_LOOP('',(#701,#702,#703,#705));
#707=FACE_OUTER_BOUND('',#706,.F.);
#708=ADVANCED_FACE('',(#707),#700,.F.);
#709=CARTESIAN_POINT('',(1.5E1,-1.55E1,-1.55E1));
#710=DIRECTION('',(1.E0,0.E0,0.E0));
#711=DIRECTION('',(0.E0,1.E0,0.E0));
#712=AXIS2_PLACEMENT_3D('',#709,#710,#711);
#713=PLANE('',#712);
#714=ORIENTED_EDGE('',*,*,#691,.F.);
#715=ORIENTED_EDGE('',*,*,#704,.F.);
#716=EDGE_LOOP('',(#714,#715));
#717=FACE_OUTER_BOUND('',#716,.F.);
#718=ADVANCED_FACE('',(#717),#713,.F.);
#719=CARTESIAN_POINT('',(1.1E1,-1.55E1,1.55E1));
#720=DIRECTION('',(1.E0,0.E0,0.E0));
#721=DIRECTION('',(0.E0,-1.E0,0.E0));
#722=AXIS2_PLACEMENT_3D('',#719,#720,#721);
#723=CYLINDRICAL_SURFACE('',#722,1.5E0);
#725=ORIENTED_EDGE('',*,*,#724,.T.);
#726=ORIENTED_EDGE('',*,*,#498,.T.);
#728=ORIENTED_EDGE('',*,*,#727,.F.);
#730=ORIENTED_EDGE('',*,*,#729,.T.);
#731=EDGE_LOOP('',(#725,#726,#728,#730));
#732=FACE_OUTER_BOUND('',#731,.F.);
#733=ADVANCED_FACE('',(#732),#723,.F.);
#734=CARTESIAN_POINT('',(1.1E1,-1.55E1,1.55E1));
#735=DIRECTION('',(1.E0,0.E0,0.E0));
#736=DIRECTION('',(0.E0,-1.E0,0.E0));
#737=AXIS2_PLACEMENT_3D('',#734,#735,#736);
#738=CYLINDRICAL_SURFACE('',#737,1.5E0);
#739=ORIENTED_EDGE('',*,*,#727,.T.);
#740=ORIENTED_EDGE('',*,*,#500,.T.);
#741=ORIENTED_EDGE('',*,*,#724,.F.);
#743=ORIENTED_EDGE('',*,*,#742,.T.);
#744=EDGE_LOOP('',(#739,#740,#741,#743));
#745=FACE_OUTER_BOUND('',#744,.F.);
#746=ADVANCED_FACE('',(#745),#738,.F.);
#747=CARTESIAN_POINT('',(1.5E1,-1.55E1,1.55E1));
#748=DIRECTION('',(1.E0,0.E0,0.E0));
#749=DIRECTION('',(0.E0,1.E0,0.E0));
#750=AXIS2_PLACEMENT_3D('',#747,#748,#749);
#751=PLANE('',#750);
#752=ORIENTED_EDGE('',*,*,#729,.F.);
#753=ORIENTED_EDGE('',*,*,#742,.F.);
#754=EDGE_LOOP('',(#752,#753));
#755=FACE_OUTER_BOUND('',#754,.F.);
#756=ADVANCED_FACE('',(#755),#751,.F.);
#757=CARTESIAN_POINT('',(1.1E1,1.55E1,1.55E1));
#758=DIRECTION('',(1.E0,0.E0,0.E0));
#759=DIRECTION('',(0.E0,0.E0,1.E0));
#760=AXIS2_PLACEMENT_3D('',#757,#758,#759);
#761=CYLINDRICAL_SURFACE('',#760,1.5E0);
#763=ORIENTED_EDGE('',*,*,#762,.T.);
#764=ORIENTED_EDGE('',*,*,#504,.T.);
#766=ORIENTED_EDGE('',*,*,#765,.F.);
#768=ORIENTED_EDGE('',*,*,#767,.T.);
#769=EDGE_LOOP('',(#763,#764,#766,#768));
#770=FACE_OUTER_BOUND('',#769,.F.);
#771=ADVANCED_FACE('',(#770),#761,.F.);
#772=CARTESIAN_POINT('',(1.1E1,1.55E1,1.55E1));
#773=DIRECTION('',(1.E0,0.E0,0.E0));
#774=DIRECTION('',(0.E0,0.E0,1.E0));
#775=AXIS2_PLACEMENT_3D('',#772,#773,#774);
#776=CYLINDRICAL_SURFACE('',#775,1.5E0);
#777=ORIENTED_EDGE('',*,*,#765,.T.);
#778=ORIENTED_EDGE('',*,*,#506,.T.);
#779=ORIENTED_EDGE('',*,*,#762,.F.);
#781=ORIENTED_EDGE('',*,*,#780,.T.);
#782=EDGE_LOOP('',(#777,#778,#779,#781));
#783=FACE_OUTER_BOUND('',#782,.F.);
#784=ADVANCED_FACE('',(#783),#776,.F.);
#785=CARTESIAN_POINT('',(1.5E1,1.55E1,1.55E1));
#786=DIRECTION('',(1.E0,0.E0,0.E0));
#787=DIRECTION('',(0.E0,1.E0,0.E0));
#788=AXIS2_PLACEMENT_3D('',#785,#786,#787);
#789=PLANE('',#788);
#790=ORIENTED_EDGE('',*,*,#767,.F.);
#791=ORIENTED_EDGE('',*,*,#780,.F.);
#792=EDGE_LOOP('',(#790,#791));
#793=FACE_OUTER_BOUND('',#792,.F.);
#794=ADVANCED_FACE('',(#793),#789,.F.);
#795=CARTESIAN_POINT('',(1.1E1,0.E0,0.E0));
#796=DIRECTION('',(-1.E0,0.E0,0.E0));
#797=DIRECTION('',(0.E0,0.E0,1.E0));
#798=AXIS2_PLACEMENT_3D('',#795,#796,#797);
#799=CYLINDRICAL_SURFACE('',#798,1.55E1);
#801=ORIENTED_EDGE('',*,*,#800,.T.);
#802=ORIENTED_EDGE('',*,*,#458,.T.);
#804=ORIENTED_EDGE('',*,*,#803,.F.);
#806=ORIENTED_EDGE('',*,*,#805,.T.);
#807=EDGE_LOOP('',(#801,#802,#804,#806));
#808=FACE_OUTER_BOUND('',#807,.F.);
#809=ADVANCED_FACE('',(#808),#799,.F.);
#810=CARTESIAN_POINT('',(1.1E1,0.E0,0.E0));
#811=DIRECTION('',(-1.E0,0.E0,0.E0));
#812=DIRECTION('',(0.E0,0.E0,1.E0));
#813=AXIS2_PLACEMENT_3D('',#810,#811,#812);
#814=CYLINDRICAL_SURFACE('',#813,1.55E1);
#815=ORIENTED_EDGE('',*,*,#803,.T.);
#816=ORIENTED_EDGE('',*,*,#444,.T.);
#817=ORIENTED_EDGE('',*,*,#800,.F.);
#819=ORIENTED_EDGE('',*,*,#818,.T.);
#820=EDGE_LOOP('',(#815,#816,#817,#819));
#821=FACE_OUTER_BOUND('',#820,.F.);
#822=ADVANCED_FACE('',(#821),#814,.F.);
#823=CARTESIAN_POINT('',(1.18E1,0.E0,0.E0));
#824=DIRECTION('',(-1.E0,0.E0,0.E0));
#825=DIRECTION('',(0.E0,0.E0,1.E0));
#826=AXIS2_PLACEMENT_3D('',#823,#824,#825);
#827=PLANE('',#826);
#828=ORIENTED_EDGE('',*,*,#805,.F.);
#829=ORIENTED_EDGE('',*,*,#818,.F.);
#830=EDGE_LOOP('',(#828,#829));
#831=FACE_OUTER_BOUND('',#830,.F.);
#833=ORIENTED_EDGE('',*,*,#832,.F.);
#835=ORIENTED_EDGE('',*,*,#834,.F.);
#836=EDGE_LOOP('',(#833,#835));
#837=FACE_BOUND('',#836,.F.);
#838=ADVANCED_FACE('',(#831,#837),#827,.T.);
#839=CARTESIAN_POINT('',(1.1E1,0.E0,0.E0));
#840=DIRECTION('',(-1.E0,0.E0,0.E0));
#841=DIRECTION('',(0.E0,0.E0,1.E0));
#842=AXIS2_PLACEMENT_3D('',#839,#840,#841);
#843=CYLINDRICAL_SURFACE('',#842,1.1E1);
#845=ORIENTED_EDGE('',*,*,#844,.T.);
#847=ORIENTED_EDGE('',*,*,#846,.F.);
#848=ORIENTED_EDGE('',*,*,#832,.T.);
#850=ORIENTED_EDGE('',*,*,#849,.F.);
#851=EDGE_LOOP('',(#845,#847,#848,#850));
#852=FACE_OUTER_BOUND('',#851,.F.);
#853=ADVANCED_FACE('',(#852),#843,.T.);
#854=CARTESIAN_POINT('',(9.E0,0.E0,0.E0));
#855=DIRECTION('',(-1.E0,0.E0,0.E0));
#856=DIRECTION('',(0.E0,0.E0,1.E0));
#857=AXIS2_PLACEMENT_3D('',#854,#855,#856);
#858=PLANE('',#857);
#860=ORIENTED_EDGE('',*,*,#859,.F.);
#861=ORIENTED_EDGE('',*,*,#844,.F.);
#862=EDGE_LOOP('',(#860,#861));
#863=FACE_OUTER_BOUND('',#862,.F.);
#865=ORIENTED_EDGE('',*,*,#864,.F.);
#867=ORIENTED_EDGE('',*,*,#866,.F.);
#868=EDGE_LOOP('',(#865,#867));
#869=FACE_BOUND('',#868,.F.);
#870=ADVANCED_FACE('',(#863,#869),#858,.T.);
#871=CARTESIAN_POINT('',(1.1E1,0.E0,0.E0));
#872=DIRECTION('',(-1.E0,0.E0,0.E0));
#873=DIRECTION('',(0.E0,0.E0,1.E0));
#874=AXIS2_PLACEMENT_3D('',#871,#872,#873);
#875=CYLINDRICAL_SURFACE('',#874,1.1E1);
#876=ORIENTED_EDGE('',*,*,#859,.T.);
#877=ORIENTED_EDGE('',*,*,#849,.T.);
#878=ORIENTED_EDGE('',*,*,#834,.T.);
#879=ORIENTED_EDGE('',*,*,#846,.T.);
#880=EDGE_LOOP('',(#876,#877,#878,#879));
#881=FACE_OUTER_BOUND('',#880,.F.);
#882=ADVANCED_FACE('',(#881),#875,.T.);
#883=CARTESIAN_POINT('',(1.1E1,0.E0,0.E0));
#884=DIRECTION('',(-1.E0,0.E0,0.E0));
#885=DIRECTION('',(0.E0,0.E0,1.E0));
#886=AXIS2_PLACEMENT_3D('',#883,#884,#885);
#887=CYLINDRICAL_SURFACE('',#886,2.5E0);
#888=ORIENTED_EDGE('',*,*,#864,.T.);
#890=ORIENTED_EDGE('',*,*,#889,.F.);
#892=ORIENTED_EDGE('',*,*,#891,.T.);
#894=ORIENTED_EDGE('',*,*,#893,.T.);
#895=EDGE_LOOP('',(#888,#890,#892,#894));
#896=FACE_OUTER_BOUND('',#895,.F.);
#897=ADVANCED_FACE('',(#896),#887,.T.);
#898=CARTESIAN_POINT('',(1.1E1,0.E0,0.E0));
#899=DIRECTION('',(-1.E0,0.E0,0.E0));
#900=DIRECTION('',(0.E0,0.E0,1.E0));
#901=AXIS2_PLACEMENT_3D('',#898,#899,#900);
#902=CYLINDRICAL_SURFACE('',#901,2.5E0);
#903=ORIENTED_EDGE('',*,*,#893,.F.);
#905=ORIENTED_EDGE('',*,*,#904,.T.);
#906=ORIENTED_EDGE('',*,*,#889,.T.);
#907=ORIENTED_EDGE('',*,*,#866,.T.);
#908=EDGE_LOOP('',(#903,#905,#906,#907));
#909=FACE_OUTER_BOUND('',#908,.F.);
#910=ADVANCED_FACE('',(#909),#902,.T.);
#911=CARTESIAN_POINT('',(-1.275E1,0.E0,0.E0));
#912=DIRECTION('',(1.E0,0.E0,0.E0));
#913=DIRECTION('',(0.E0,0.E0,-1.E0));
#914=AXIS2_PLACEMENT_3D('',#911,#912,#913);
#915=CONICAL_SURFACE('',#914,2.25E0,4.5E1);
#917=ORIENTED_EDGE('',*,*,#916,.F.);
#918=ORIENTED_EDGE('',*,*,#904,.F.);
#920=ORIENTED_EDGE('',*,*,#919,.T.);
#922=ORIENTED_EDGE('',*,*,#921,.T.);
#923=EDGE_LOOP('',(#917,#918,#920,#922));
#924=FACE_OUTER_BOUND('',#923,.F.);
#925=ADVANCED_FACE('',(#924),#915,.T.);
#926=CARTESIAN_POINT('',(-1.275E1,0.E0,0.E0));
#927=DIRECTION('',(1.E0,0.E0,0.E0));
#928=DIRECTION('',(0.E0,0.E0,-1.E0));
#929=AXIS2_PLACEMENT_3D('',#926,#927,#928);
#930=CONICAL_SURFACE('',#929,2.25E0,4.5E1);
#932=ORIENTED_EDGE('',*,*,#931,.T.);
#933=ORIENTED_EDGE('',*,*,#919,.F.);
#934=ORIENTED_EDGE('',*,*,#891,.F.);
#935=ORIENTED_EDGE('',*,*,#916,.T.);
#936=EDGE_LOOP('',(#932,#933,#934,#935));
#937=FACE_OUTER_BOUND('',#936,.F.);
#938=ADVANCED_FACE('',(#937),#930,.T.);
#939=CARTESIAN_POINT('',(-1.3E1,0.E0,0.E0));
#940=DIRECTION('',(-1.E0,0.E0,0.E0));
#941=DIRECTION('',(0.E0,0.E0,1.E0));
#942=AXIS2_PLACEMENT_3D('',#939,#940,#941);
#943=PLANE('',#942);
#944=ORIENTED_EDGE('',*,*,#921,.F.);
#945=ORIENTED_EDGE('',*,*,#931,.F.);
#946=EDGE_LOOP('',(#944,#945));
#947=FACE_OUTER_BOUND('',#946,.F.);
#948=ADVANCED_FACE('',(#947),#943,.T.);
#952=DIMENSIONAL_EXPONENTS(0.E0,0.E0,0.E0,0.E0,0.E0,0.E0,0.E0);
#954=PLANE_ANGLE_MEASURE_WITH_UNIT(PLANE_ANGLE_MEASURE(1.745329251994E-2),#953);
#955=(CONVERSION_BASED_UNIT('DEGREE',#954)NAMED_UNIT(*)PLANE_ANGLE_UNIT());
#957=UNCERTAINTY_MEASURE_WITH_UNIT(LENGTH_MEASURE(6.783960348473E-3),#951,
'closure',
'Maximum model space distance between geometric entities at asserted connectivities');
#958=(GEOMETRIC_REPRESENTATION_CONTEXT(3)GLOBAL_UNCERTAINTY_ASSIGNED_CONTEXT((
#957))GLOBAL_UNIT_ASSIGNED_CONTEXT((#951,#955,#956))REPRESENTATION_CONTEXT
('ID1','3'));
#959=CARTESIAN_POINT('',(0.E0,0.E0,0.E0));
#960=DIRECTION('',(0.E0,0.E0,1.E0));
#961=DIRECTION('',(1.E0,0.E0,0.E0));
#964=APPLICATION_CONTEXT(
'CONFIGURATION CONTROLLED 3D DESIGNS OF MECHANICAL PARTS AND ASSEMBLIES');
#965=APPLICATION_PROTOCOL_DEFINITION('international standard',
'config_control_design',1994,#964);
#966=DESIGN_CONTEXT('',#964,'design');
#967=MECHANICAL_CONTEXT('',#964,'mechanical');
#968=PRODUCT('1000','1000','NOT SPECIFIED',(#967));
#969=PRODUCT_DEFINITION_FORMATION_WITH_SPECIFIED_SOURCE('1','LAST_VERSION',#968,
.MADE.);
#978=CARTESIAN_POINT('',(0.E0,0.E0,0.E0));
#979=DIRECTION('',(0.E0,0.E0,1.E0));
#980=DIRECTION('',(1.E0,0.E0,0.E0));
#981=AXIS2_PLACEMENT_3D('',#978,#979,#980);
#982=ITEM_DEFINED_TRANSFORMATION('','',#962,#981);
#983=CARTESIAN_POINT('',(0.E0,0.E0,0.E0));
#984=DIRECTION('',(0.E0,0.E0,1.E0));
#985=DIRECTION('',(1.E0,0.E0,0.E0));
#987=(REPRESENTATION_RELATIONSHIP('','',#963,#975)REPRESENTATION_RELATIONSHIP_WITH_TRANSFORMATION(#982)SHAPE_REPRESENTATION_RELATIONSHIP());
#988=CONTEXT_DEPENDENT_SHAPE_REPRESENTATION(#987,#977);
#989=DIRECTION('',(1.E0,0.E0,0.E0));
#990=VECTOR('',#989,1.E0);
#991=CARTESIAN_POINT('',(5.8E1,1.55E1,-1.8E1));
#992=LINE('',#991,#990);
#993=DIRECTION('',(1.E0,0.E0,0.E0));
#994=VECTOR('',#993,1.E0);
#995=CARTESIAN_POINT('',(5.8E1,1.55E1,-1.3E1));
#996=LINE('',#995,#994);
#997=CARTESIAN_POINT('',(5.9E1,1.55E1,-1.55E1));
#998=DIRECTION('',(1.E0,0.E0,0.E0));
#999=DIRECTION('',(0.E0,0.E0,-1.E0));
#1000=AXIS2_PLACEMENT_3D('',#997,#998,#999);
#1002=CARTESIAN_POINT('',(5.9E1,1.55E1,-1.55E1));
#1003=DIRECTION('',(1.E0,0.E0,0.E0));
#1004=DIRECTION('',(0.E0,0.E0,1.E0));
#1005=AXIS2_PLACEMENT_3D('',#1002,#1003,#1004);
#1007=DIRECTION('',(0.E0,-1.E0,0.E0));
#1008=VECTOR('',#1007,1.25E0);
#1009=CARTESIAN_POINT('',(5.9E1,1.7E1,-1.575E1));
#1010=LINE('',#1009,#1008);
#1011=DIRECTION('',(0.E0,1.E0,0.E0));
#1012=VECTOR('',#1011,1.25E0);
#1013=CARTESIAN_POINT('',(5.9E1,1.575E1,-1.525E1));
#1014=LINE('',#1013,#1012);
#1015=DIRECTION('',(0.E0,0.E0,-1.E0));
#1016=VECTOR('',#1015,1.25E0);
#1017=CARTESIAN_POINT('',(5.9E1,1.575E1,-1.4E1));
#1018=LINE('',#1017,#1016);
#1019=DIRECTION('',(0.E0,1.E0,0.E0));
#1020=VECTOR('',#1019,5.E-1);
#1021=CARTESIAN_POINT('',(5.9E1,1.525E1,-1.4E1));
#1022=LINE('',#1021,#1020);
#1023=DIRECTION('',(0.E0,0.E0,1.E0));
#1024=VECTOR('',#1023,1.25E0);
#1025=CARTESIAN_POINT('',(5.9E1,1.525E1,-1.525E1));
#1026=LINE('',#1025,#1024);
#1027=DIRECTION('',(0.E0,1.E0,0.E0));
#1028=VECTOR('',#1027,1.25E0);
#1029=CARTESIAN_POINT('',(5.9E1,1.4E1,-1.525E1));
#1030=LINE('',#1029,#1028);
#1031=DIRECTION('',(0.E0,0.E0,1.E0));
#1032=VECTOR('',#1031,5.E-1);
#1033=CARTESIAN_POINT('',(5.9E1,1.4E1,-1.575E1));
#1034=LINE('',#1033,#1032);
#1035=DIRECTION('',(0.E0,-1.E0,0.E0));
#1036=VECTOR('',#1035,1.25E0);
#1037=CARTESIAN_POINT('',(5.9E1,1.525E1,-1.575E1));
#1038=LINE('',#1037,#1036);
#1039=DIRECTION('',(0.E0,0.E0,1.E0));
#1040=VECTOR('',#1039,1.25E0);
#1041=CARTESIAN_POINT('',(5.9E1,1.525E1,-1.7E1));
#1042=LINE('',#1041,#1040);
#1043=DIRECTION('',(0.E0,-1.E0,0.E0));
#1044=VECTOR('',#1043,5.E-1);
#1045=CARTESIAN_POINT('',(5.9E1,1.575E1,-1.7E1));
#1046=LINE('',#1045,#1044);
#1047=DIRECTION('',(0.E0,0.E0,-1.E0));
#1048=VECTOR('',#1047,1.25E0);
#1049=CARTESIAN_POINT('',(5.9E1,1.575E1,-1.575E1));
#1050=LINE('',#1049,#1048);
#1051=DIRECTION('',(1.E0,0.E0,0.E0));
#1052=VECTOR('',#1051,1.E0);
#1053=CARTESIAN_POINT('',(5.8E1,1.575E1,-1.575E1));
#1054=LINE('',#1053,#1052);
#1055=DIRECTION('',(0.E0,-1.E0,0.E0));
#1056=VECTOR('',#1055,1.25E0);
#1057=CARTESIAN_POINT('',(5.8E1,1.7E1,-1.575E1));
#1058=LINE('',#1057,#1056);
#1059=DIRECTION('',(0.E0,0.E0,1.E0));
#1060=VECTOR('',#1059,5.E-1);
#1061=CARTESIAN_POINT('',(5.9E1,1.7E1,-1.575E1));
#1062=LINE('',#1061,#1060);
#1063=DIRECTION('',(1.E0,0.E0,0.E0));
#1064=VECTOR('',#1063,1.E0);
#1065=CARTESIAN_POINT('',(5.8E1,1.7E1,-1.575E1));
#1066=LINE('',#1065,#1064);
#1067=DIRECTION('',(0.E0,0.E0,-1.E0));
#1068=VECTOR('',#1067,5.E-1);
#1069=CARTESIAN_POINT('',(5.8E1,1.7E1,-1.525E1));
#1070=LINE('',#1069,#1068);
#1071=DIRECTION('',(1.E0,0.E0,0.E0));
#1072=VECTOR('',#1071,1.E0);
#1073=CARTESIAN_POINT('',(5.8E1,1.7E1,-1.525E1));
#1074=LINE('',#1073,#1072);
#1075=DIRECTION('',(0.E0,1.E0,0.E0));
#1076=VECTOR('',#1075,1.25E0);
#1077=CARTESIAN_POINT('',(5.8E1,1.575E1,-1.525E1));
#1078=LINE('',#1077,#1076);
#1079=DIRECTION('',(1.E0,0.E0,0.E0));
#1080=VECTOR('',#1079,1.E0);
#1081=CARTESIAN_POINT('',(5.8E1,1.575E1,-1.525E1));
#1082=LINE('',#1081,#1080);
#1083=DIRECTION('',(0.E0,0.E0,-1.E0));
#1084=VECTOR('',#1083,1.25E0);
#1085=CARTESIAN_POINT('',(5.8E1,1.575E1,-1.4E1));
#1086=LINE('',#1085,#1084);
#1087=DIRECTION('',(1.E0,0.E0,0.E0));
#1088=VECTOR('',#1087,1.E0);
#1089=CARTESIAN_POINT('',(5.8E1,1.575E1,-1.4E1));
#1090=LINE('',#1089,#1088);
#1091=DIRECTION('',(0.E0,1.E0,0.E0));
#1092=VECTOR('',#1091,5.E-1);
#1093=CARTESIAN_POINT('',(5.8E1,1.525E1,-1.4E1));
#1094=LINE('',#1093,#1092);
#1095=DIRECTION('',(1.E0,0.E0,0.E0));
#1096=VECTOR('',#1095,1.E0);
#1097=CARTESIAN_POINT('',(5.8E1,1.525E1,-1.4E1));
#1098=LINE('',#1097,#1096);
#1099=DIRECTION('',(0.E0,0.E0,1.E0));
#1100=VECTOR('',#1099,1.25E0);
#1101=CARTESIAN_POINT('',(5.8E1,1.525E1,-1.525E1));
#1102=LINE('',#1101,#1100);
#1103=DIRECTION('',(1.E0,0.E0,0.E0));
#1104=VECTOR('',#1103,1.E0);
#1105=CARTESIAN_POINT('',(5.8E1,1.525E1,-1.525E1));
#1106=LINE('',#1105,#1104);
#1107=DIRECTION('',(0.E0,1.E0,0.E0));
#1108=VECTOR('',#1107,1.25E0);
#1109=CARTESIAN_POINT('',(5.8E1,1.4E1,-1.525E1));
#1110=LINE('',#1109,#1108);
#1111=DIRECTION('',(1.E0,0.E0,0.E0));
#1112=VECTOR('',#1111,1.E0);
#1113=CARTESIAN_POINT('',(5.8E1,1.4E1,-1.525E1));
#1114=LINE('',#1113,#1112);
#1115=DIRECTION('',(0.E0,0.E0,1.E0));
#1116=VECTOR('',#1115,5.E-1);
#1117=CARTESIAN_POINT('',(5.8E1,1.4E1,-1.575E1));
#1118=LINE('',#1117,#1116);
#1119=DIRECTION('',(1.E0,0.E0,0.E0));
#1120=VECTOR('',#1119,1.E0);
#1121=CARTESIAN_POINT('',(5.8E1,1.4E1,-1.575E1));
#1122=LINE('',#1121,#1120);
#1123=DIRECTION('',(0.E0,-1.E0,0.E0));
#1124=VECTOR('',#1123,1.25E0);
#1125=CARTESIAN_POINT('',(5.8E1,1.525E1,-1.575E1));
#1126=LINE('',#1125,#1124);
#1127=DIRECTION('',(1.E0,0.E0,0.E0));
#1128=VECTOR('',#1127,1.E0);
#1129=CARTESIAN_POINT('',(5.8E1,1.525E1,-1.575E1));
#1130=LINE('',#1129,#1128);
#1131=DIRECTION('',(0.E0,0.E0,1.E0));
#1132=VECTOR('',#1131,1.25E0);
#1133=CARTESIAN_POINT('',(5.8E1,1.525E1,-1.7E1));
#1134=LINE('',#1133,#1132);
#1135=DIRECTION('',(1.E0,0.E0,0.E0));
#1136=VECTOR('',#1135,1.E0);
#1137=CARTESIAN_POINT('',(5.8E1,1.525E1,-1.7E1));
#1138=LINE('',#1137,#1136);
#1139=DIRECTION('',(0.E0,-1.E0,0.E0));
#1140=VECTOR('',#1139,5.E-1);
#1141=CARTESIAN_POINT('',(5.8E1,1.575E1,-1.7E1));
#1142=LINE('',#1141,#1140);
#1143=DIRECTION('',(1.E0,0.E0,0.E0));
#1144=VECTOR('',#1143,1.E0);
#1145=CARTESIAN_POINT('',(5.8E1,1.575E1,-1.7E1));
#1146=LINE('',#1145,#1144);
#1147=DIRECTION('',(0.E0,0.E0,-1.E0));
#1148=VECTOR('',#1147,1.25E0);
#1149=CARTESIAN_POINT('',(5.8E1,1.575E1,-1.575E1));
#1150=LINE('',#1149,#1148);
#1151=CARTESIAN_POINT('',(5.8E1,1.55E1,-1.55E1));
#1152=DIRECTION('',(1.E0,0.E0,0.E0));
#1153=DIRECTION('',(0.E0,0.E0,1.E0));
#1154=AXIS2_PLACEMENT_3D('',#1151,#1152,#1153);
#1156=CARTESIAN_POINT('',(5.8E1,1.55E1,-1.55E1));
#1157=DIRECTION('',(1.E0,0.E0,0.E0));
#1158=DIRECTION('',(0.E0,0.E0,-1.E0));
#1159=AXIS2_PLACEMENT_3D('',#1156,#1157,#1158);
#1161=CARTESIAN_POINT('',(5.8E1,1.55E1,-1.55E1));
#1162=DIRECTION('',(-1.E0,0.E0,0.E0));
#1163=DIRECTION('',(0.E0,0.E0,1.E0));
#1164=AXIS2_PLACEMENT_3D('',#1161,#1162,#1163);
#1166=CARTESIAN_POINT('',(5.8E1,1.55E1,-1.55E1));
#1167=DIRECTION('',(-1.E0,0.E0,0.E0));
#1168=DIRECTION('',(0.E0,0.E0,-1.E0));
#1169=AXIS2_PLACEMENT_3D('',#1166,#1167,#1168);
#1171=DIRECTION('',(1.E0,0.E0,0.E0));
#1172=VECTOR('',#1171,1.E0);
#1173=CARTESIAN_POINT('',(5.8E1,1.55E1,-1.25E1));
#1174=LINE('',#1173,#1172);
#1175=DIRECTION('',(1.E0,0.E0,0.E0));
#1176=VECTOR('',#1175,1.E0);
#1177=CARTESIAN_POINT('',(5.8E1,1.55E1,-1.85E1));
#1178=LINE('',#1177,#1176);
#1179=DIRECTION('',(4.125732014091E-14,1.E0,-3.552713678801E-14));
#1180=VECTOR('',#1179,3.1E0);
#1181=CARTESIAN_POINT('',(5.9E1,1.E1,-2.505E1));
#1182=LINE('',#1181,#1180);
#1183=DIRECTION('',(-4.125732014091E-14,1.E0,4.698750349381E-14));
#1184=VECTOR('',#1183,3.1E0);
#1185=CARTESIAN_POINT('',(5.9E1,-1.31E1,-2.505E1));
#1186=LINE('',#1185,#1184);
#1187=CARTESIAN_POINT('',(5.9E1,0.E0,0.E0));
#1188=DIRECTION('',(1.E0,0.E0,0.E0));
#1189=DIRECTION('',(0.E0,-7.833333333333E-1,-6.216018732991E-1));
#1190=AXIS2_PLACEMENT_3D('',#1187,#1188,#1189);
#1192=CARTESIAN_POINT('',(5.9E1,0.E0,0.E0));
#1193=DIRECTION('',(1.E0,0.E0,0.E0));
#1194=DIRECTION('',(0.E0,-6.216018732991E-1,7.833333333333E-1));
#1195=AXIS2_PLACEMENT_3D('',#1192,#1193,#1194);
#1197=CARTESIAN_POINT('',(5.9E1,0.E0,0.E0));
#1198=DIRECTION('',(1.E0,0.E0,0.E0));
#1199=DIRECTION('',(0.E0,7.833333333333E-1,6.216018732991E-1));
#1200=AXIS2_PLACEMENT_3D('',#1197,#1198,#1199);
#1202=CARTESIAN_POINT('',(5.9E1,0.E0,0.E0));
#1203=DIRECTION('',(1.E0,0.E0,0.E0));
#1204=DIRECTION('',(0.E0,6.216018732991E-1,-7.833333333333E-1));
#1205=AXIS2_PLACEMENT_3D('',#1202,#1203,#1204);
#1207=DIRECTION('',(0.E0,0.E0,1.E0));
#1208=VECTOR('',#1207,3.9E0);
#1209=CARTESIAN_POINT('',(5.9E1,1.31E1,-2.505E1));
#1210=LINE('',#1209,#1208);
#1211=CARTESIAN_POINT('',(5.9E1,1.55E1,-1.55E1));
#1212=DIRECTION('',(-1.E0,0.E0,0.E0));
#1213=DIRECTION('',(0.E0,0.E0,-1.E0));
#1214=AXIS2_PLACEMENT_3D('',#1211,#1212,#1213);
#1216=CARTESIAN_POINT('',(5.9E1,1.55E1,-1.55E1));
#1217=DIRECTION('',(-1.E0,0.E0,0.E0));
#1218=DIRECTION('',(0.E0,0.E0,1.E0));
#1219=AXIS2_PLACEMENT_3D('',#1216,#1217,#1218);
#1221=CARTESIAN_POINT('',(5.9E1,1.55E1,1.55E1));
#1222=DIRECTION('',(-1.E0,0.E0,0.E0));
#1223=DIRECTION('',(0.E0,1.E0,0.E0));
#1224=AXIS2_PLACEMENT_3D('',#1221,#1222,#1223);
#1226=CARTESIAN_POINT('',(5.9E1,1.55E1,1.55E1));
#1227=DIRECTION('',(-1.E0,0.E0,0.E0));
#1228=DIRECTION('',(0.E0,-1.E0,0.E0));
#1229=AXIS2_PLACEMENT_3D('',#1226,#1227,#1228);
#1231=CARTESIAN_POINT('',(5.9E1,-1.55E1,1.55E1));
#1232=DIRECTION('',(-1.E0,0.E0,0.E0));
#1233=DIRECTION('',(0.E0,0.E0,1.E0));
#1234=AXIS2_PLACEMENT_3D('',#1231,#1232,#1233);
#1236=CARTESIAN_POINT('',(5.9E1,-1.55E1,1.55E1));
#1237=DIRECTION('',(-1.E0,0.E0,0.E0));
#1238=DIRECTION('',(0.E0,0.E0,-1.E0));
#1239=AXIS2_PLACEMENT_3D('',#1236,#1237,#1238);
#1241=CARTESIAN_POINT('',(5.9E1,-1.55E1,-1.55E1));
#1242=DIRECTION('',(-1.E0,0.E0,0.E0));
#1243=DIRECTION('',(0.E0,-1.E0,0.E0));
#1244=AXIS2_PLACEMENT_3D('',#1241,#1242,#1243);
#1246=CARTESIAN_POINT('',(5.9E1,-1.55E1,-1.55E1));
#1247=DIRECTION('',(-1.E0,0.E0,0.E0));
#1248=DIRECTION('',(0.E0,1.E0,0.E0));
#1249=AXIS2_PLACEMENT_3D('',#1246,#1247,#1248);
#1251=CARTESIAN_POINT('',(5.9E1,0.E0,0.E0));
#1252=DIRECTION('',(-1.E0,0.E0,0.E0));
#1253=DIRECTION('',(0.E0,0.E0,-1.E0));
#1254=AXIS2_PLACEMENT_3D('',#1251,#1252,#1253);
#1256=CARTESIAN_POINT('',(5.9E1,0.E0,0.E0));
#1257=DIRECTION('',(-1.E0,0.E0,0.E0));
#1258=DIRECTION('',(0.E0,0.E0,1.E0));
#1259=AXIS2_PLACEMENT_3D('',#1256,#1257,#1258);
#1261=DIRECTION('',(-1.E0,0.E0,0.E0));
#1262=VECTOR('',#1261,1.38E1);
#1263=CARTESIAN_POINT('',(5.9E1,1.E1,-2.505E1));
#1264=LINE('',#1263,#1262);
#1265=CARTESIAN_POINT('',(4.52E1,0.E0,-2.315E1));
#1266=DIRECTION('',(1.E0,0.E0,0.E0));
#1267=DIRECTION('',(0.E0,0.E0,-1.E0));
#1268=AXIS2_PLACEMENT_3D('',#1265,#1266,#1267);
#1270=CARTESIAN_POINT('',(4.52E1,0.E0,-2.315E1));
#1271=DIRECTION('',(1.E0,0.E0,0.E0));
#1272=DIRECTION('',(0.E0,-1.E0,0.E0));
#1273=AXIS2_PLACEMENT_3D('',#1270,#1271,#1272);
#1275=DIRECTION('',(0.E0,0.E0,1.E0));
#1276=VECTOR('',#1275,3.9E0);
#1277=CARTESIAN_POINT('',(4.52E1,-1.31E1,-2.505E1));
#1278=LINE('',#1277,#1276);
#1279=DIRECTION('',(0.E0,-1.E0,-1.375244004697E-14));
#1280=VECTOR('',#1279,3.1E0);
#1281=CARTESIAN_POINT('',(4.52E1,-1.E1,-2.505E1));
#1282=LINE('',#1281,#1280);
#1283=DIRECTION('',(0.E0,-6.119832801209E-1,7.908707004640E-1));
#1284=VECTOR('',#1283,5.310602602342E0);
#1285=CARTESIAN_POINT('',(4.52E1,-6.75E0,-2.925E1));
#1286=LINE('',#1285,#1284);
#1287=DIRECTION('',(0.E0,-6.119832801209E-1,-7.908707004640E-1));
#1288=VECTOR('',#1287,5.310602602342E0);
#1289=CARTESIAN_POINT('',(4.52E1,1.E1,-2.505E1));
#1290=LINE('',#1289,#1288);
#1291=DIRECTION('',(0.E0,-1.E0,0.E0));
#1292=VECTOR('',#1291,3.1E0);
#1293=CARTESIAN_POINT('',(4.52E1,1.31E1,-2.505E1));
#1294=LINE('',#1293,#1292);
#1295=DIRECTION('',(0.E0,0.E0,1.E0));
#1296=VECTOR('',#1295,2.E0);
#1297=CARTESIAN_POINT('',(4.52E1,4.5E0,-2.315E1));
#1298=LINE('',#1297,#1296);
#1299=DIRECTION('',(1.E0,0.E0,0.E0));
#1300=VECTOR('',#1299,3.E0);
#1301=CARTESIAN_POINT('',(4.52E1,0.E0,-2.765E1));
#1302=LINE('',#1301,#1300);
#1303=DIRECTION('',(-1.E0,0.E0,0.E0));
#1304=VECTOR('',#1303,3.E0);
#1305=CARTESIAN_POINT('',(4.82E1,4.5E0,-2.315E1));
#1306=LINE('',#1305,#1304);
#1307=DIRECTION('',(1.E0,0.E0,0.E0));
#1308=VECTOR('',#1307,3.E0);
#1309=CARTESIAN_POINT('',(4.52E1,-4.5E0,-2.315E1));
#1310=LINE('',#1309,#1308);
#1311=CARTESIAN_POINT('',(4.82E1,0.E0,-2.315E1));
#1312=DIRECTION('',(-1.E0,0.E0,0.E0));
#1313=DIRECTION('',(0.E0,0.E0,-1.E0));
#1314=AXIS2_PLACEMENT_3D('',#1311,#1312,#1313);
#1316=CARTESIAN_POINT('',(4.82E1,0.E0,-2.315E1));
#1317=DIRECTION('',(-1.E0,0.E0,0.E0));
#1318=DIRECTION('',(0.E0,1.E0,0.E0));
#1319=AXIS2_PLACEMENT_3D('',#1316,#1317,#1318);
#1321=CARTESIAN_POINT('',(4.82E1,0.E0,-2.425E1));
#1322=DIRECTION('',(1.E0,0.E0,0.E0));
#1323=DIRECTION('',(0.E0,0.E0,1.E0));
#1324=AXIS2_PLACEMENT_3D('',#1321,#1322,#1323);
#1326=CARTESIAN_POINT('',(4.82E1,0.E0,-2.425E1));
#1327=DIRECTION('',(1.E0,0.E0,0.E0));
#1328=DIRECTION('',(0.E0,0.E0,-1.E0));
#1329=AXIS2_PLACEMENT_3D('',#1326,#1327,#1328);
#1331=DIRECTION('',(0.E0,-1.E0,0.E0));
#1332=VECTOR('',#1331,2.841067811866E1);
#1333=CARTESIAN_POINT('',(4.155E1,1.420533905933E1,-2.115E1));
#1334=LINE('',#1333,#1332);
#1335=DIRECTION('',(0.E0,-1.E0,0.E0));
#1336=VECTOR('',#1335,1.105339059330E0);
#1337=CARTESIAN_POINT('',(5.1E1,-1.31E1,-2.115E1));
#1338=LINE('',#1337,#1336);
#1339=DIRECTION('',(1.E0,0.E0,0.E0));
#1340=VECTOR('',#1339,5.8E0);
#1341=CARTESIAN_POINT('',(4.52E1,-1.31E1,-2.115E1));
#1342=LINE('',#1341,#1340);
#1343=DIRECTION('',(0.E0,-1.E0,0.E0));
#1344=VECTOR('',#1343,8.6E0);
#1345=CARTESIAN_POINT('',(4.52E1,-4.5E0,-2.115E1));
#1346=LINE('',#1345,#1344);
#1347=DIRECTION('',(-1.E0,0.E0,0.E0));
#1348=VECTOR('',#1347,3.E0);
#1349=CARTESIAN_POINT('',(4.82E1,-4.5E0,-2.115E1));
#1350=LINE('',#1349,#1348);
#1351=DIRECTION('',(0.E0,-1.E0,0.E0));
#1352=VECTOR('',#1351,9.E0);
#1353=CARTESIAN_POINT('',(4.82E1,4.5E0,-2.115E1));
#1354=LINE('',#1353,#1352);
#1355=DIRECTION('',(0.E0,-1.E0,0.E0));
#1356=VECTOR('',#1355,8.6E0);
#1357=CARTESIAN_POINT('',(4.52E1,1.31E1,-2.115E1));
#1358=LINE('',#1357,#1356);
#1359=DIRECTION('',(0.E0,-1.E0,0.E0));
#1360=VECTOR('',#1359,1.105339059330E0);
#1361=CARTESIAN_POINT('',(5.1E1,1.420533905933E1,-2.115E1));
#1362=LINE('',#1361,#1360);
#1363=DIRECTION('',(1.E0,0.E0,0.E0));
#1364=VECTOR('',#1363,9.45E0);
#1365=CARTESIAN_POINT('',(4.155E1,1.420533905933E1,-2.115E1));
#1366=LINE('',#1365,#1364);
#1367=DIRECTION('',(0.E0,1.E0,0.E0));
#1368=VECTOR('',#1367,2.841067811866E1);
#1369=CARTESIAN_POINT('',(4.155E1,-1.420533905933E1,2.115E1));
#1370=LINE('',#1369,#1368);
#1371=DIRECTION('',(0.E0,1.E0,0.E0));
#1372=VECTOR('',#1371,2.841067811866E1);
#1373=CARTESIAN_POINT('',(5.1E1,-1.420533905933E1,2.115E1));
#1374=LINE('',#1373,#1372);
#1375=DIRECTION('',(1.E0,0.E0,0.E0));
#1376=VECTOR('',#1375,9.45E0);
#1377=CARTESIAN_POINT('',(4.155E1,-1.420533905933E1,2.115E1));
#1378=LINE('',#1377,#1376);
#1379=DIRECTION('',(0.E0,-7.071067811865E-1,7.071067811865E-1));
#1380=VECTOR('',#1379,9.821233688378E0);
#1381=CARTESIAN_POINT('',(4.155E1,2.115E1,1.420533905933E1));
#1382=LINE('',#1381,#1380);
#1383=DIRECTION('',(1.E0,0.E0,0.E0));
#1384=VECTOR('',#1383,9.45E0);
#1385=CARTESIAN_POINT('',(4.155E1,1.420533905933E1,2.115E1));
#1386=LINE('',#1385,#1384);
#1387=DIRECTION('',(0.E0,0.E0,-1.E0));
#1388=VECTOR('',#1387,2.841067811866E1);
#1389=CARTESIAN_POINT('',(4.155E1,2.115E1,1.420533905933E1));
#1390=LINE('',#1389,#1388);
#1391=DIRECTION('',(0.E0,0.E0,-1.E0));
#1392=VECTOR('',#1391,2.841067811866E1);
#1393=CARTESIAN_POINT('',(5.1E1,2.115E1,1.420533905933E1));
#1394=LINE('',#1393,#1392);
#1395=DIRECTION('',(1.E0,0.E0,0.E0));
#1396=VECTOR('',#1395,9.45E0);
#1397=CARTESIAN_POINT('',(4.155E1,2.115E1,1.420533905933E1));
#1398=LINE('',#1397,#1396);
#1399=DIRECTION('',(0.E0,-7.071067811865E-1,-7.071067811865E-1));
#1400=VECTOR('',#1399,9.821233688378E0);
#1401=CARTESIAN_POINT('',(4.155E1,2.115E1,-1.420533905933E1));
#1402=LINE('',#1401,#1400);
#1403=DIRECTION('',(1.E0,0.E0,0.E0));
#1404=VECTOR('',#1403,9.45E0);
#1405=CARTESIAN_POINT('',(4.155E1,2.115E1,-1.420533905933E1));
#1406=LINE('',#1405,#1404);
#1407=DIRECTION('',(0.E0,1.E0,0.E0));
#1408=VECTOR('',#1407,2.62E1);
#1409=CARTESIAN_POINT('',(5.1E1,-1.31E1,-2.115E1));
#1410=LINE('',#1409,#1408);
#1411=DIRECTION('',(0.E0,7.071067811865E-1,-7.071067811865E-1));
#1412=VECTOR('',#1411,9.821233688378E0);
#1413=CARTESIAN_POINT('',(5.1E1,-2.115E1,-1.420533905933E1));
#1414=LINE('',#1413,#1412);
#1415=DIRECTION('',(0.E0,-7.071067811865E-1,-7.071067811865E-1));
#1416=VECTOR('',#1415,9.821233688378E0);
#1417=CARTESIAN_POINT('',(5.1E1,-1.420533905933E1,2.115E1));
#1418=LINE('',#1417,#1416);
#1419=DIRECTION('',(0.E0,-7.071067811865E-1,7.071067811865E-1));
#1420=VECTOR('',#1419,9.821233688378E0);
#1421=CARTESIAN_POINT('',(5.1E1,2.115E1,1.420533905933E1));
#1422=LINE('',#1421,#1420);
#1423=DIRECTION('',(0.E0,7.071067811865E-1,7.071067811865E-1));
#1424=VECTOR('',#1423,9.821233688378E0);
#1425=CARTESIAN_POINT('',(5.1E1,1.420533905933E1,-2.115E1));
#1426=LINE('',#1425,#1424);
#1427=CARTESIAN_POINT('',(5.1E1,0.E0,0.E0));
#1428=DIRECTION('',(-1.E0,0.E0,0.E0));
#1429=DIRECTION('',(0.E0,0.E0,-1.E0));
#1430=AXIS2_PLACEMENT_3D('',#1427,#1428,#1429);
#1432=CARTESIAN_POINT('',(5.1E1,0.E0,0.E0));
#1433=DIRECTION('',(-1.E0,0.E0,0.E0));
#1434=DIRECTION('',(0.E0,0.E0,1.E0));
#1435=AXIS2_PLACEMENT_3D('',#1432,#1433,#1434);
#1437=DIRECTION('',(-1.E0,0.E0,0.E0));
#1438=VECTOR('',#1437,5.E-2);
#1439=CARTESIAN_POINT('',(5.105E1,1.31E1,-2.115E1));
#1440=LINE('',#1439,#1438);
#1441=DIRECTION('',(0.E0,1.E0,0.E0));
#1442=VECTOR('',#1441,2.62E1);
#1443=CARTESIAN_POINT('',(5.105E1,-1.31E1,-2.115E1));
#1444=LINE('',#1443,#1442);
#1445=DIRECTION('',(1.E0,0.E0,0.E0));
#1446=VECTOR('',#1445,5.E-2);
#1447=CARTESIAN_POINT('',(5.1E1,-1.31E1,-2.115E1));
#1448=LINE('',#1447,#1446);
#1449=DIRECTION('',(1.E0,0.E0,0.E0));
#1450=VECTOR('',#1449,7.95E0);
#1451=CARTESIAN_POINT('',(5.105E1,1.31E1,-2.115E1));
#1452=LINE('',#1451,#1450);
#1453=DIRECTION('',(1.E0,0.E0,0.E0));
#1454=VECTOR('',#1453,5.8E0);
#1455=CARTESIAN_POINT('',(4.52E1,1.31E1,-2.115E1));
#1456=LINE('',#1455,#1454);
#1457=DIRECTION('',(0.E0,0.E0,1.E0));
#1458=VECTOR('',#1457,3.9E0);
#1459=CARTESIAN_POINT('',(4.52E1,1.31E1,-2.505E1));
#1460=LINE('',#1459,#1458);
#1461=DIRECTION('',(-1.E0,0.E0,0.E0));
#1462=VECTOR('',#1461,1.38E1);
#1463=CARTESIAN_POINT('',(5.9E1,1.31E1,-2.505E1));
#1464=LINE('',#1463,#1462);
#1465=DIRECTION('',(0.E0,-1.E0,1.929118642640E-13));
#1466=VECTOR('',#1465,3.683250579072E0);
#1467=CARTESIAN_POINT('',(5.9E1,1.678325057907E1,-2.115E1));
#1468=LINE('',#1467,#1466);
#1469=DIRECTION('',(0.E0,-1.E0,1.909827456213E-13));
#1470=VECTOR('',#1469,3.683250579072E0);
#1471=CARTESIAN_POINT('',(5.105E1,1.678325057907E1,-2.115E1));
#1472=LINE('',#1471,#1470);
#1473=CARTESIAN_POINT('',(5.105E1,0.E0,0.E0));
#1474=DIRECTION('',(-1.E0,0.E0,0.E0));
#1475=DIRECTION('',(0.E0,7.833333333333E-1,-6.216018732990E-1));
#1476=AXIS2_PLACEMENT_3D('',#1473,#1474,#1475);
#1478=DIRECTION('',(0.E0,0.E0,-1.E0));
#1479=VECTOR('',#1478,3.356650115814E1);
#1480=CARTESIAN_POINT('',(5.105E1,2.115E1,1.678325057907E1));
#1481=LINE('',#1480,#1479);
#1482=CARTESIAN_POINT('',(5.105E1,0.E0,0.E0));
#1483=DIRECTION('',(-1.E0,0.E0,0.E0));
#1484=DIRECTION('',(0.E0,6.216018732990E-1,7.833333333333E-1));
#1485=AXIS2_PLACEMENT_3D('',#1482,#1483,#1484);
#1487=DIRECTION('',(0.E0,1.E0,0.E0));
#1488=VECTOR('',#1487,3.356650115814E1);
#1489=CARTESIAN_POINT('',(5.105E1,-1.678325057907E1,2.115E1));
#1490=LINE('',#1489,#1488);
#1491=CARTESIAN_POINT('',(5.105E1,0.E0,0.E0));
#1492=DIRECTION('',(-1.E0,0.E0,0.E0));
#1493=DIRECTION('',(0.E0,-7.833333333333E-1,6.216018732990E-1));
#1494=AXIS2_PLACEMENT_3D('',#1491,#1492,#1493);
#1496=DIRECTION('',(0.E0,0.E0,1.E0));
#1497=VECTOR('',#1496,3.356650115814E1);
#1498=CARTESIAN_POINT('',(5.105E1,-2.115E1,-1.678325057907E1));
#1499=LINE('',#1498,#1497);
#1500=CARTESIAN_POINT('',(5.105E1,0.E0,0.E0));
#1501=DIRECTION('',(-1.E0,0.E0,0.E0));
#1502=DIRECTION('',(0.E0,-6.216018732990E-1,-7.833333333333E-1));
#1503=AXIS2_PLACEMENT_3D('',#1500,#1501,#1502);
#1505=DIRECTION('',(0.E0,-1.E0,-1.919473049426E-13));
#1506=VECTOR('',#1505,3.683250579072E0);
#1507=CARTESIAN_POINT('',(5.105E1,-1.31E1,-2.115E1));
#1508=LINE('',#1507,#1506);
#1509=CARTESIAN_POINT('',(5.105E1,0.E0,0.E0));
#1510=DIRECTION('',(1.E0,0.E0,0.E0));
#1511=DIRECTION('',(0.E0,0.E0,1.E0));
#1512=AXIS2_PLACEMENT_3D('',#1509,#1510,#1511);
#1514=CARTESIAN_POINT('',(5.105E1,0.E0,0.E0));
#1515=DIRECTION('',(1.E0,0.E0,0.E0));
#1516=DIRECTION('',(0.E0,0.E0,-1.E0));
#1517=AXIS2_PLACEMENT_3D('',#1514,#1515,#1516);
#1519=DIRECTION('',(1.E0,0.E0,0.E0));
#1520=VECTOR('',#1519,7.95E0);
#1521=CARTESIAN_POINT('',(5.105E1,2.115E1,-1.678325057907E1));
#1522=LINE('',#1521,#1520);
#1523=DIRECTION('',(-1.E0,0.E0,0.E0));
#1524=VECTOR('',#1523,7.95E0);
#1525=CARTESIAN_POINT('',(5.9E1,1.678325057907E1,-2.115E1));
#1526=LINE('',#1525,#1524);
#1527=DIRECTION('',(0.E0,0.E0,-1.E0));
#1528=VECTOR('',#1527,3.356650115814E1);
#1529=CARTESIAN_POINT('',(5.9E1,2.115E1,1.678325057907E1));
#1530=LINE('',#1529,#1528);
#1531=DIRECTION('',(1.E0,0.E0,0.E0));
#1532=VECTOR('',#1531,7.95E0);
#1533=CARTESIAN_POINT('',(5.105E1,1.678325057907E1,2.115E1));
#1534=LINE('',#1533,#1532);
#1535=DIRECTION('',(-1.E0,0.E0,0.E0));
#1536=VECTOR('',#1535,7.95E0);
#1537=CARTESIAN_POINT('',(5.9E1,2.115E1,1.678325057907E1));
#1538=LINE('',#1537,#1536);
#1539=DIRECTION('',(0.E0,1.E0,0.E0));
#1540=VECTOR('',#1539,3.356650115814E1);
#1541=CARTESIAN_POINT('',(5.9E1,-1.678325057907E1,2.115E1));
#1542=LINE('',#1541,#1540);
#1543=DIRECTION('',(1.E0,0.E0,0.E0));
#1544=VECTOR('',#1543,7.95E0);
#1545=CARTESIAN_POINT('',(5.105E1,-2.115E1,1.678325057907E1));
#1546=LINE('',#1545,#1544);
#1547=DIRECTION('',(-1.E0,0.E0,0.E0));
#1548=VECTOR('',#1547,7.95E0);
#1549=CARTESIAN_POINT('',(5.9E1,-1.678325057907E1,2.115E1));
#1550=LINE('',#1549,#1548);
#1551=DIRECTION('',(0.E0,0.E0,1.E0));
#1552=VECTOR('',#1551,3.356650115814E1);
#1553=CARTESIAN_POINT('',(5.9E1,-2.115E1,-1.678325057907E1));
#1554=LINE('',#1553,#1552);
#1555=DIRECTION('',(1.E0,0.E0,0.E0));
#1556=VECTOR('',#1555,7.95E0);
#1557=CARTESIAN_POINT('',(5.105E1,-1.678325057907E1,-2.115E1));
#1558=LINE('',#1557,#1556);
#1559=DIRECTION('',(-1.E0,0.E0,0.E0));
#1560=VECTOR('',#1559,7.95E0);
#1561=CARTESIAN_POINT('',(5.9E1,-2.115E1,-1.678325057907E1));
#1562=LINE('',#1561,#1560);
#1563=DIRECTION('',(0.E0,-1.E0,-1.919473049426E-13));
#1564=VECTOR('',#1563,3.683250579072E0);
#1565=CARTESIAN_POINT('',(5.9E1,-1.31E1,-2.115E1));
#1566=LINE('',#1565,#1564);
#1567=DIRECTION('',(1.E0,0.E0,0.E0));
#1568=VECTOR('',#1567,7.95E0);
#1569=CARTESIAN_POINT('',(5.105E1,-1.31E1,-2.115E1));
#1570=LINE('',#1569,#1568);
#1571=DIRECTION('',(0.E0,0.E0,1.E0));
#1572=VECTOR('',#1571,3.9E0);
#1573=CARTESIAN_POINT('',(5.9E1,-1.31E1,-2.505E1));
#1574=LINE('',#1573,#1572);
#1575=DIRECTION('',(1.E0,0.E0,0.E0));
#1576=VECTOR('',#1575,1.38E1);
#1577=CARTESIAN_POINT('',(4.52E1,-1.31E1,-2.505E1));
#1578=LINE('',#1577,#1576);
#1579=DIRECTION('',(-1.E0,1.158493590913E-14,0.E0));
#1580=VECTOR('',#1579,1.38E1);
#1581=CARTESIAN_POINT('',(5.9E1,-1.E1,-2.505E1));
#1582=LINE('',#1581,#1580);
#1583=DIRECTION('',(-8.076798620310E-1,3.608383580306E-1,-4.663141857626E-1));
#1584=VECTOR('',#1583,9.006802984412E0);
#1585=CARTESIAN_POINT('',(5.9E1,-1.E1,-2.505E1));
#1586=LINE('',#1585,#1584);
#1587=DIRECTION('',(0.E0,-1.E0,0.E0));
#1588=VECTOR('',#1587,2.E1);
#1589=CARTESIAN_POINT('',(5.9E1,1.E1,-2.505E1));
#1590=LINE('',#1589,#1588);
#1591=DIRECTION('',(0.E0,1.E0,0.E0));
#1592=VECTOR('',#1591,1.35E1);
#1593=CARTESIAN_POINT('',(5.172538660821E1,-6.75E0,-2.925E1));
#1594=LINE('',#1593,#1592);
#1595=DIRECTION('',(-1.E0,1.401945704091E-14,0.E0));
#1596=VECTOR('',#1595,6.525386608210E0);
#1597=CARTESIAN_POINT('',(5.172538660821E1,6.75E0,-2.925E1));
#1598=LINE('',#1597,#1596);
#1599=DIRECTION('',(-8.076798620310E-1,-3.608383580306E-1,-4.663141857626E-1));
#1600=VECTOR('',#1599,9.006802984412E0);
#1601=CARTESIAN_POINT('',(5.9E1,1.E1,-2.505E1));
#1602=LINE('',#1601,#1600);
#1603=DIRECTION('',(-1.E0,0.E0,0.E0));
#1604=VECTOR('',#1603,6.525386608210E0);
#1605=CARTESIAN_POINT('',(5.172538660821E1,-6.75E0,-2.925E1));
#1606=LINE('',#1605,#1604);
#1607=DIRECTION('',(0.E0,1.E0,0.E0));
#1608=VECTOR('',#1607,1.35E1);
#1609=CARTESIAN_POINT('',(4.52E1,-6.75E0,-2.925E1));
#1610=LINE('',#1609,#1608);
#1611=DIRECTION('',(1.E0,0.E0,0.E0));
#1612=VECTOR('',#1611,7.95E0);
#1613=CARTESIAN_POINT('',(5.105E1,0.E0,3.5E0));
#1614=LINE('',#1613,#1612);
#1615=DIRECTION('',(1.E0,0.E0,0.E0));
#1616=VECTOR('',#1615,7.95E0);
#1617=CARTESIAN_POINT('',(5.105E1,0.E0,-3.5E0));
#1618=LINE('',#1617,#1616);
#1619=DIRECTION('',(0.E0,7.071067811865E-1,-7.071067811865E-1));
#1620=VECTOR('',#1619,9.821233688378E0);
#1621=CARTESIAN_POINT('',(4.155E1,-2.115E1,-1.420533905933E1));
#1622=LINE('',#1621,#1620);
#1623=DIRECTION('',(1.E0,0.E0,0.E0));
#1624=VECTOR('',#1623,9.45E0);
#1625=CARTESIAN_POINT('',(4.155E1,-1.420533905933E1,-2.115E1));
#1626=LINE('',#1625,#1624);
#1627=DIRECTION('',(0.E0,0.E0,-1.E0));
#1628=VECTOR('',#1627,2.841067811866E1);
#1629=CARTESIAN_POINT('',(4.155E1,-2.115E1,1.420533905933E1));
#1630=LINE('',#1629,#1628);
#1631=DIRECTION('',(0.E0,0.E0,1.E0));
#1632=VECTOR('',#1631,2.841067811866E1);
#1633=CARTESIAN_POINT('',(5.1E1,-2.115E1,-1.420533905933E1));
#1634=LINE('',#1633,#1632);
#1635=DIRECTION('',(1.E0,0.E0,0.E0));
#1636=VECTOR('',#1635,9.45E0);
#1637=CARTESIAN_POINT('',(4.155E1,-2.115E1,-1.420533905933E1));
#1638=LINE('',#1637,#1636);
#1639=DIRECTION('',(0.E0,7.071067811865E-1,7.071067811865E-1));
#1640=VECTOR('',#1639,9.821233688378E0);
#1641=CARTESIAN_POINT('',(4.155E1,-2.115E1,1.420533905933E1));
#1642=LINE('',#1641,#1640);
#1643=DIRECTION('',(1.E0,0.E0,0.E0));
#1644=VECTOR('',#1643,9.45E0);
#1645=CARTESIAN_POINT('',(4.155E1,-2.115E1,1.420533905933E1));
#1646=LINE('',#1645,#1644);
#1647=CARTESIAN_POINT('',(4.155E1,0.E0,0.E0));
#1648=DIRECTION('',(1.E0,0.E0,0.E0));
#1649=DIRECTION('',(0.E0,0.E0,1.E0));
#1650=AXIS2_PLACEMENT_3D('',#1647,#1648,#1649);
#1652=DIRECTION('',(1.E0,0.E0,0.E0));
#1653=VECTOR('',#1652,9.45E0);
#1654=CARTESIAN_POINT('',(4.155E1,0.E0,3.5E0));
#1655=LINE('',#1654,#1653);
#1656=CARTESIAN_POINT('',(4.155E1,0.E0,0.E0));
#1657=DIRECTION('',(1.E0,0.E0,0.E0));
#1658=DIRECTION('',(0.E0,0.E0,-1.E0));
#1659=AXIS2_PLACEMENT_3D('',#1656,#1657,#1658);
#1661=DIRECTION('',(1.E0,0.E0,0.E0));
#1662=VECTOR('',#1661,9.45E0);
#1663=CARTESIAN_POINT('',(4.155E1,0.E0,-3.5E0));
#1664=LINE('',#1663,#1662);
#1665=DIRECTION('',(0.E0,0.E0,1.E0));
#1666=VECTOR('',#1665,2.E0);
#1667=CARTESIAN_POINT('',(4.52E1,-4.5E0,-2.315E1));
#1668=LINE('',#1667,#1666);
#1669=DIRECTION('',(0.E0,0.E0,-1.E0));
#1670=VECTOR('',#1669,2.E0);
#1671=CARTESIAN_POINT('',(4.82E1,-4.5E0,-2.115E1));
#1672=LINE('',#1671,#1670);
#1673=DIRECTION('',(-1.E0,0.E0,0.E0));
#1674=VECTOR('',#1673,3.E0);
#1675=CARTESIAN_POINT('',(4.82E1,4.5E0,-2.115E1));
#1676=LINE('',#1675,#1674);
#1677=DIRECTION('',(0.E0,0.E0,1.E0));
#1678=VECTOR('',#1677,2.E0);
#1679=CARTESIAN_POINT('',(4.82E1,4.5E0,-2.315E1));
#1680=LINE('',#1679,#1678);
#1681=DIRECTION('',(-1.E0,0.E0,0.E0));
#1682=VECTOR('',#1681,9.105958443670E0);
#1683=CARTESIAN_POINT('',(4.82E1,0.E0,-2.175E1));
#1684=LINE('',#1683,#1682);
#1685=DIRECTION('',(1.E0,0.E0,0.E0));
#1686=VECTOR('',#1685,9.105958443670E0);
#1687=CARTESIAN_POINT('',(3.909404155633E1,0.E0,-2.675E1));
#1688=LINE('',#1687,#1686);
#1689=CARTESIAN_POINT('',(3.309404155633E1,0.E0,-3.025E1));
#1690=DIRECTION('',(0.E0,0.E0,1.E0));
#1691=DIRECTION('',(-1.E0,0.E0,0.E0));
#1692=AXIS2_PLACEMENT_3D('',#1689,#1690,#1691);
#1694=CARTESIAN_POINT('',(3.909404155633E1,0.E0,-3.025E1));
#1695=DIRECTION('',(0.E0,-1.E0,0.E0));
#1696=DIRECTION('',(0.E0,0.E0,1.E0));
#1697=AXIS2_PLACEMENT_3D('',#1694,#1695,#1696);
#1699=CARTESIAN_POINT('',(3.909404155633E1,0.E0,-2.425E1));
#1700=DIRECTION('',(-1.E0,0.E0,0.E0));
#1701=DIRECTION('',(0.E0,0.E0,-1.E0));
#1702=AXIS2_PLACEMENT_3D('',#1699,#1700,#1701);
#1704=CARTESIAN_POINT('',(3.309404155633E1,0.E0,-3.025E1));
#1705=DIRECTION('',(0.E0,0.E0,1.E0));
#1706=DIRECTION('',(1.E0,0.E0,0.E0));
#1707=AXIS2_PLACEMENT_3D('',#1704,#1705,#1706);
#1709=CARTESIAN_POINT('',(3.909404155633E1,0.E0,-3.025E1));
#1710=DIRECTION('',(0.E0,-1.E0,0.E0));
#1711=DIRECTION('',(0.E0,0.E0,1.E0));
#1712=AXIS2_PLACEMENT_3D('',#1709,#1710,#1711);
#1714=CARTESIAN_POINT('',(3.909404155633E1,0.E0,-2.425E1));
#1715=DIRECTION('',(-1.E0,0.E0,0.E0));
#1716=DIRECTION('',(0.E0,0.E0,1.E0));
#1717=AXIS2_PLACEMENT_3D('',#1714,#1715,#1716);
#1719=DIRECTION('',(0.E0,0.E0,-1.E0));
#1720=VECTOR('',#1719,3.568332351545E1);
#1721=CARTESIAN_POINT('',(3.559404155633E1,0.E0,-3.025E1));
#1722=LINE('',#1721,#1720);
#1723=DIRECTION('',(0.E0,0.E0,-1.E0));
#1724=VECTOR('',#1723,3.568332351545E1);
#1725=CARTESIAN_POINT('',(3.059404155633E1,0.E0,-3.025E1));
#1726=LINE('',#1725,#1724);
#1727=CARTESIAN_POINT('',(3.309404155633E1,0.E0,-6.593332351545E1));
#1728=DIRECTION('',(0.E0,0.E0,-1.E0));
#1729=DIRECTION('',(1.E0,0.E0,0.E0));
#1730=AXIS2_PLACEMENT_3D('',#1727,#1728,#1729);
#1732=CARTESIAN_POINT('',(3.309404155633E1,0.E0,-6.593332351545E1));
#1733=DIRECTION('',(0.E0,0.E0,-1.E0));
#1734=DIRECTION('',(-1.E0,0.E0,0.E0));
#1735=AXIS2_PLACEMENT_3D('',#1732,#1733,#1734);
#1737=CARTESIAN_POINT('',(3.309404155633E1,-1.4E0,-6.593332351545E1));
#1738=DIRECTION('',(0.E0,0.E0,1.E0));
#1739=DIRECTION('',(1.E0,0.E0,0.E0));
#1740=AXIS2_PLACEMENT_3D('',#1737,#1738,#1739);
#1742=CARTESIAN_POINT('',(3.309404155633E1,-1.4E0,-6.593332351545E1));
#1743=DIRECTION('',(0.E0,0.E0,1.E0));
#1744=DIRECTION('',(-1.E0,0.E0,0.E0));
#1745=AXIS2_PLACEMENT_3D('',#1742,#1743,#1744);
#1747=CARTESIAN_POINT('',(3.169404155633E1,0.E0,-6.593332351545E1));
#1748=DIRECTION('',(0.E0,0.E0,1.E0));
#1749=DIRECTION('',(1.E0,2.228579613668E-14,0.E0));
#1750=AXIS2_PLACEMENT_3D('',#1747,#1748,#1749);
#1752=CARTESIAN_POINT('',(3.169404155633E1,0.E0,-6.593332351545E1));
#1753=DIRECTION('',(0.E0,0.E0,1.E0));
#1754=DIRECTION('',(-1.E0,1.105127812516E-14,0.E0));
#1755=AXIS2_PLACEMENT_3D('',#1752,#1753,#1754);
#1757=CARTESIAN_POINT('',(3.449404155633E1,0.E0,-6.593332351545E1));
#1758=DIRECTION('',(0.E0,0.E0,1.E0));
#1759=DIRECTION('',(1.E0,0.E0,0.E0));
#1760=AXIS2_PLACEMENT_3D('',#1757,#1758,#1759);
#1762=CARTESIAN_POINT('',(3.449404155633E1,0.E0,-6.593332351545E1));
#1763=DIRECTION('',(0.E0,0.E0,1.E0));
#1764=DIRECTION('',(-1.E0,0.E0,0.E0));
#1765=AXIS2_PLACEMENT_3D('',#1762,#1763,#1764);
#1767=CARTESIAN_POINT('',(3.309404155633E1,1.4E0,-6.593332351545E1));
#1768=DIRECTION('',(0.E0,0.E0,1.E0));
#1769=DIRECTION('',(1.E0,0.E0,0.E0));
#1770=AXIS2_PLACEMENT_3D('',#1767,#1768,#1769);
#1772=CARTESIAN_POINT('',(3.309404155633E1,1.4E0,-6.593332351545E1));
#1773=DIRECTION('',(0.E0,0.E0,1.E0));
#1774=DIRECTION('',(-1.E0,0.E0,0.E0));
#1775=AXIS2_PLACEMENT_3D('',#1772,#1773,#1774);
#1777=DIRECTION('',(0.E0,0.E0,1.E0));
#1778=VECTOR('',#1777,9.E0);
#1779=CARTESIAN_POINT('',(3.219404155633E1,-1.4E0,-7.493332351545E1));
#1780=LINE('',#1779,#1778);
#1781=DIRECTION('',(0.E0,0.E0,1.E0));
#1782=VECTOR('',#1781,9.E0);
#1783=CARTESIAN_POINT('',(3.399404155633E1,-1.4E0,-7.493332351545E1));
#1784=LINE('',#1783,#1782);
#1785=CARTESIAN_POINT('',(3.309404155633E1,-1.4E0,-7.493332351545E1));
#1786=DIRECTION('',(0.E0,0.E0,-1.E0));
#1787=DIRECTION('',(-1.E0,0.E0,0.E0));
#1788=AXIS2_PLACEMENT_3D('',#1785,#1786,#1787);
#1790=CARTESIAN_POINT('',(3.309404155633E1,-1.4E0,-7.493332351545E1));
#1791=DIRECTION('',(0.E0,0.E0,-1.E0));
#1792=DIRECTION('',(1.E0,0.E0,0.E0));
#1793=AXIS2_PLACEMENT_3D('',#1790,#1791,#1792);
#1795=CARTESIAN_POINT('',(3.309404155633E1,-1.4E0,-7.493332351545E1));
#1796=DIRECTION('',(0.E0,0.E0,1.E0));
#1797=DIRECTION('',(1.E0,0.E0,0.E0));
#1798=AXIS2_PLACEMENT_3D('',#1795,#1796,#1797);
#1800=CARTESIAN_POINT('',(3.309404155633E1,-1.4E0,-7.493332351545E1));
#1801=DIRECTION('',(0.E0,0.E0,1.E0));
#1802=DIRECTION('',(-1.E0,0.E0,0.E0));
#1803=AXIS2_PLACEMENT_3D('',#1800,#1801,#1802);
#1805=DIRECTION('',(0.E0,0.E0,1.E0));
#1806=VECTOR('',#1805,3.E0);
#1807=CARTESIAN_POINT('',(3.259404155633E1,-1.4E0,-7.793332351545E1));
#1808=LINE('',#1807,#1806);
#1809=DIRECTION('',(0.E0,0.E0,1.E0));
#1810=VECTOR('',#1809,3.E0);
#1811=CARTESIAN_POINT('',(3.359404155633E1,-1.4E0,-7.793332351545E1));
#1812=LINE('',#1811,#1810);
#1813=CARTESIAN_POINT('',(3.309404155633E1,-1.4E0,-7.793332351545E1));
#1814=DIRECTION('',(0.E0,0.E0,-1.E0));
#1815=DIRECTION('',(-1.E0,0.E0,0.E0));
#1816=AXIS2_PLACEMENT_3D('',#1813,#1814,#1815);
#1818=CARTESIAN_POINT('',(3.309404155633E1,-1.4E0,-7.793332351545E1));
#1819=DIRECTION('',(0.E0,0.E0,-1.E0));
#1820=DIRECTION('',(1.E0,0.E0,0.E0));
#1821=AXIS2_PLACEMENT_3D('',#1818,#1819,#1820);
#1823=DIRECTION('',(0.E0,0.E0,1.E0));
#1824=VECTOR('',#1823,9.E0);
#1825=CARTESIAN_POINT('',(3.079404155633E1,0.E0,-7.493332351545E1));
#1826=LINE('',#1825,#1824);
#1827=DIRECTION('',(0.E0,0.E0,1.E0));
#1828=VECTOR('',#1827,9.E0);
#1829=CARTESIAN_POINT('',(3.259404155633E1,0.E0,-7.493332351545E1));
#1830=LINE('',#1829,#1828);
#1831=CARTESIAN_POINT('',(3.169404155633E1,0.E0,-7.493332351545E1));
#1832=DIRECTION('',(0.E0,0.E0,-1.E0));
#1833=DIRECTION('',(-1.E0,1.105097336949E-14,0.E0));
#1834=AXIS2_PLACEMENT_3D('',#1831,#1832,#1833);
#1836=CARTESIAN_POINT('',(3.169404155633E1,0.E0,-7.493332351545E1));
#1837=DIRECTION('',(0.E0,0.E0,-1.E0));
#1838=DIRECTION('',(1.E0,2.228610089236E-14,0.E0));
#1839=AXIS2_PLACEMENT_3D('',#1836,#1837,#1838);
#1841=CARTESIAN_POINT('',(3.169404155633E1,0.E0,-7.493332351545E1));
#1842=DIRECTION('',(0.E0,0.E0,1.E0));
#1843=DIRECTION('',(1.E0,0.E0,0.E0));
#1844=AXIS2_PLACEMENT_3D('',#1841,#1842,#1843);
#1846=CARTESIAN_POINT('',(3.169404155633E1,0.E0,-7.493332351545E1));
#1847=DIRECTION('',(0.E0,0.E0,1.E0));
#1848=DIRECTION('',(-1.E0,0.E0,0.E0));
#1849=AXIS2_PLACEMENT_3D('',#1846,#1847,#1848);
#1851=DIRECTION('',(0.E0,0.E0,1.E0));
#1852=VECTOR('',#1851,3.E0);
#1853=CARTESIAN_POINT('',(3.119404155633E1,0.E0,-7.793332351545E1));
#1854=LINE('',#1853,#1852);
#1855=DIRECTION('',(0.E0,0.E0,1.E0));
#1856=VECTOR('',#1855,3.E0);
#1857=CARTESIAN_POINT('',(3.219404155633E1,0.E0,-7.793332351545E1));
#1858=LINE('',#1857,#1856);
#1859=CARTESIAN_POINT('',(3.169404155633E1,0.E0,-7.793332351545E1));
#1860=DIRECTION('',(0.E0,0.E0,-1.E0));
#1861=DIRECTION('',(-1.E0,0.E0,0.E0));
#1862=AXIS2_PLACEMENT_3D('',#1859,#1860,#1861);
#1864=CARTESIAN_POINT('',(3.169404155633E1,0.E0,-7.793332351545E1));
#1865=DIRECTION('',(0.E0,0.E0,-1.E0));
#1866=DIRECTION('',(1.E0,0.E0,0.E0));
#1867=AXIS2_PLACEMENT_3D('',#1864,#1865,#1866);
#1869=DIRECTION('',(0.E0,0.E0,1.E0));
#1870=VECTOR('',#1869,9.E0);
#1871=CARTESIAN_POINT('',(3.359404155633E1,0.E0,-7.493332351545E1));
#1872=LINE('',#1871,#1870);
#1873=DIRECTION('',(0.E0,0.E0,1.E0));
#1874=VECTOR('',#1873,9.E0);
#1875=CARTESIAN_POINT('',(3.539404155633E1,0.E0,-7.493332351545E1));
#1876=LINE('',#1875,#1874);
#1877=CARTESIAN_POINT('',(3.449404155633E1,0.E0,-7.493332351545E1));
#1878=DIRECTION('',(0.E0,0.E0,-1.E0));
#1879=DIRECTION('',(-1.E0,0.E0,0.E0));
#1880=AXIS2_PLACEMENT_3D('',#1877,#1878,#1879);
#1882=CARTESIAN_POINT('',(3.449404155633E1,0.E0,-7.493332351545E1));
#1883=DIRECTION('',(0.E0,0.E0,-1.E0));
#1884=DIRECTION('',(1.E0,0.E0,0.E0));
#1885=AXIS2_PLACEMENT_3D('',#1882,#1883,#1884);
#1887=CARTESIAN_POINT('',(3.449404155633E1,0.E0,-7.493332351545E1));
#1888=DIRECTION('',(0.E0,0.E0,1.E0));
#1889=DIRECTION('',(1.E0,0.E0,0.E0));
#1890=AXIS2_PLACEMENT_3D('',#1887,#1888,#1889);
#1892=CARTESIAN_POINT('',(3.449404155633E1,0.E0,-7.493332351545E1));
#1893=DIRECTION('',(0.E0,0.E0,1.E0));
#1894=DIRECTION('',(-1.E0,0.E0,0.E0));
#1895=AXIS2_PLACEMENT_3D('',#1892,#1893,#1894);
#1897=DIRECTION('',(0.E0,0.E0,1.E0));
#1898=VECTOR('',#1897,3.E0);
#1899=CARTESIAN_POINT('',(3.399404155633E1,0.E0,-7.793332351545E1));
#1900=LINE('',#1899,#1898);
#1901=DIRECTION('',(0.E0,0.E0,1.E0));
#1902=VECTOR('',#1901,3.E0);
#1903=CARTESIAN_POINT('',(3.499404155633E1,0.E0,-7.793332351545E1));
#1904=LINE('',#1903,#1902);
#1905=CARTESIAN_POINT('',(3.449404155633E1,0.E0,-7.793332351545E1));
#1906=DIRECTION('',(0.E0,0.E0,-1.E0));
#1907=DIRECTION('',(-1.E0,0.E0,0.E0));
#1908=AXIS2_PLACEMENT_3D('',#1905,#1906,#1907);
#1910=CARTESIAN_POINT('',(3.449404155633E1,0.E0,-7.793332351545E1));
#1911=DIRECTION('',(0.E0,0.E0,-1.E0));
#1912=DIRECTION('',(1.E0,0.E0,0.E0));
#1913=AXIS2_PLACEMENT_3D('',#1910,#1911,#1912);
#1915=DIRECTION('',(0.E0,0.E0,1.E0));
#1916=VECTOR('',#1915,9.E0);
#1917=CARTESIAN_POINT('',(3.219404155633E1,1.4E0,-7.493332351545E1));
#1918=LINE('',#1917,#1916);
#1919=DIRECTION('',(0.E0,0.E0,1.E0));
#1920=VECTOR('',#1919,9.E0);
#1921=CARTESIAN_POINT('',(3.399404155633E1,1.4E0,-7.493332351545E1));
#1922=LINE('',#1921,#1920);
#1923=CARTESIAN_POINT('',(3.309404155633E1,1.4E0,-7.493332351545E1));
#1924=DIRECTION('',(0.E0,0.E0,-1.E0));
#1925=DIRECTION('',(-1.E0,0.E0,0.E0));
#1926=AXIS2_PLACEMENT_3D('',#1923,#1924,#1925);
#1928=CARTESIAN_POINT('',(3.309404155633E1,1.4E0,-7.493332351545E1));
#1929=DIRECTION('',(0.E0,0.E0,-1.E0));
#1930=DIRECTION('',(1.E0,0.E0,0.E0));
#1931=AXIS2_PLACEMENT_3D('',#1928,#1929,#1930);
#1933=CARTESIAN_POINT('',(3.309404155633E1,1.4E0,-7.493332351545E1));
#1934=DIRECTION('',(0.E0,0.E0,1.E0));
#1935=DIRECTION('',(1.E0,0.E0,0.E0));
#1936=AXIS2_PLACEMENT_3D('',#1933,#1934,#1935);
#1938=CARTESIAN_POINT('',(3.309404155633E1,1.4E0,-7.493332351545E1));
#1939=DIRECTION('',(0.E0,0.E0,1.E0));
#1940=DIRECTION('',(-1.E0,0.E0,0.E0));
#1941=AXIS2_PLACEMENT_3D('',#1938,#1939,#1940);
#1943=DIRECTION('',(0.E0,0.E0,1.E0));
#1944=VECTOR('',#1943,3.E0);
#1945=CARTESIAN_POINT('',(3.259404155633E1,1.4E0,-7.793332351545E1));
#1946=LINE('',#1945,#1944);
#1947=DIRECTION('',(0.E0,0.E0,1.E0));
#1948=VECTOR('',#1947,3.E0);
#1949=CARTESIAN_POINT('',(3.359404155633E1,1.4E0,-7.793332351545E1));
#1950=LINE('',#1949,#1948);
#1951=CARTESIAN_POINT('',(3.309404155633E1,1.4E0,-7.793332351545E1));
#1952=DIRECTION('',(0.E0,0.E0,-1.E0));
#1953=DIRECTION('',(-1.E0,0.E0,0.E0));
#1954=AXIS2_PLACEMENT_3D('',#1951,#1952,#1953);
#1956=CARTESIAN_POINT('',(3.309404155633E1,1.4E0,-7.793332351545E1));
#1957=DIRECTION('',(0.E0,0.E0,-1.E0));
#1958=DIRECTION('',(1.E0,0.E0,0.E0));
#1959=AXIS2_PLACEMENT_3D('',#1956,#1957,#1958);
#1961=DIRECTION('',(1.E0,0.E0,0.E0));
#1962=VECTOR('',#1961,1.E0);
#1963=CARTESIAN_POINT('',(5.8E1,1.25E1,1.55E1));
#1964=LINE('',#1963,#1962);
#1965=DIRECTION('',(1.E0,0.E0,0.E0));
#1966=VECTOR('',#1965,1.E0);
#1967=CARTESIAN_POINT('',(5.8E1,1.85E1,1.55E1));
#1968=LINE('',#1967,#1966);
#1969=CARTESIAN_POINT('',(5.8E1,1.55E1,1.55E1));
#1970=DIRECTION('',(1.E0,0.E0,0.E0));
#1971=DIRECTION('',(0.E0,-1.E0,0.E0));
#1972=AXIS2_PLACEMENT_3D('',#1969,#1970,#1971);
#1974=CARTESIAN_POINT('',(5.8E1,1.55E1,1.55E1));
#1975=DIRECTION('',(1.E0,0.E0,0.E0));
#1976=DIRECTION('',(0.E0,1.E0,0.E0));
#1977=AXIS2_PLACEMENT_3D('',#1974,#1975,#1976);
#1979=CARTESIAN_POINT('',(5.8E1,1.55E1,1.55E1));
#1980=DIRECTION('',(-1.E0,0.E0,0.E0));
#1981=DIRECTION('',(0.E0,-1.E0,0.E0));
#1982=AXIS2_PLACEMENT_3D('',#1979,#1980,#1981);
#1984=CARTESIAN_POINT('',(5.8E1,1.55E1,1.55E1));
#1985=DIRECTION('',(-1.E0,0.E0,0.E0));
#1986=DIRECTION('',(0.E0,1.E0,0.E0));
#1987=AXIS2_PLACEMENT_3D('',#1984,#1985,#1986);
#1989=DIRECTION('',(1.E0,0.E0,0.E0));
#1990=VECTOR('',#1989,1.E0);
#1991=CARTESIAN_POINT('',(5.8E1,1.3E1,1.55E1));
#1992=LINE('',#1991,#1990);
#1993=DIRECTION('',(1.E0,0.E0,0.E0));
#1994=VECTOR('',#1993,1.E0);
#1995=CARTESIAN_POINT('',(5.8E1,1.8E1,1.55E1));
#1996=LINE('',#1995,#1994);
#1997=CARTESIAN_POINT('',(5.9E1,1.55E1,1.55E1));
#1998=DIRECTION('',(1.E0,0.E0,0.E0));
#1999=DIRECTION('',(0.E0,1.E0,0.E0));
#2000=AXIS2_PLACEMENT_3D('',#1997,#1998,#1999);
#2002=CARTESIAN_POINT('',(5.9E1,1.55E1,1.55E1));
#2003=DIRECTION('',(1.E0,0.E0,0.E0));
#2004=DIRECTION('',(0.E0,-1.E0,0.E0));
#2005=AXIS2_PLACEMENT_3D('',#2002,#2003,#2004);
#2007=DIRECTION('',(0.E0,0.E0,-1.E0));
#2008=VECTOR('',#2007,1.25E0);
#2009=CARTESIAN_POINT('',(5.9E1,1.575E1,1.7E1));
#2010=LINE('',#2009,#2008);
#2011=DIRECTION('',(0.E0,0.E0,1.E0));
#2012=VECTOR('',#2011,1.25E0);
#2013=CARTESIAN_POINT('',(5.9E1,1.525E1,1.575E1));
#2014=LINE('',#2013,#2012);
#2015=DIRECTION('',(0.E0,1.E0,0.E0));
#2016=VECTOR('',#2015,1.25E0);
#2017=CARTESIAN_POINT('',(5.9E1,1.4E1,1.575E1));
#2018=LINE('',#2017,#2016);
#2019=DIRECTION('',(0.E0,0.E0,1.E0));
#2020=VECTOR('',#2019,5.E-1);
#2021=CARTESIAN_POINT('',(5.9E1,1.4E1,1.525E1));
#2022=LINE('',#2021,#2020);
#2023=DIRECTION('',(0.E0,-1.E0,0.E0));
#2024=VECTOR('',#2023,1.25E0);
#2025=CARTESIAN_POINT('',(5.9E1,1.525E1,1.525E1));
#2026=LINE('',#2025,#2024);
#2027=DIRECTION('',(0.E0,0.E0,1.E0));
#2028=VECTOR('',#2027,1.25E0);
#2029=CARTESIAN_POINT('',(5.9E1,1.525E1,1.4E1));
#2030=LINE('',#2029,#2028);
#2031=DIRECTION('',(0.E0,-1.E0,0.E0));
#2032=VECTOR('',#2031,5.E-1);
#2033=CARTESIAN_POINT('',(5.9E1,1.575E1,1.4E1));
#2034=LINE('',#2033,#2032);
#2035=DIRECTION('',(0.E0,0.E0,-1.E0));
#2036=VECTOR('',#2035,1.25E0);
#2037=CARTESIAN_POINT('',(5.9E1,1.575E1,1.525E1));
#2038=LINE('',#2037,#2036);
#2039=DIRECTION('',(0.E0,-1.E0,0.E0));
#2040=VECTOR('',#2039,1.25E0);
#2041=CARTESIAN_POINT('',(5.9E1,1.7E1,1.525E1));
#2042=LINE('',#2041,#2040);
#2043=DIRECTION('',(0.E0,0.E0,-1.E0));
#2044=VECTOR('',#2043,5.E-1);
#2045=CARTESIAN_POINT('',(5.9E1,1.7E1,1.575E1));
#2046=LINE('',#2045,#2044);
#2047=DIRECTION('',(0.E0,1.E0,0.E0));
#2048=VECTOR('',#2047,1.25E0);
#2049=CARTESIAN_POINT('',(5.9E1,1.575E1,1.575E1));
#2050=LINE('',#2049,#2048);
#2051=DIRECTION('',(1.E0,0.E0,0.E0));
#2052=VECTOR('',#2051,1.E0);
#2053=CARTESIAN_POINT('',(5.8E1,1.575E1,1.575E1));
#2054=LINE('',#2053,#2052);
#2055=DIRECTION('',(0.E0,0.E0,-1.E0));
#2056=VECTOR('',#2055,1.25E0);
#2057=CARTESIAN_POINT('',(5.8E1,1.575E1,1.7E1));
#2058=LINE('',#2057,#2056);
#2059=DIRECTION('',(0.E0,-1.E0,0.E0));
#2060=VECTOR('',#2059,5.E-1);
#2061=CARTESIAN_POINT('',(5.9E1,1.575E1,1.7E1));
#2062=LINE('',#2061,#2060);
#2063=DIRECTION('',(1.E0,0.E0,0.E0));
#2064=VECTOR('',#2063,1.E0);
#2065=CARTESIAN_POINT('',(5.8E1,1.575E1,1.7E1));
#2066=LINE('',#2065,#2064);
#2067=DIRECTION('',(0.E0,1.E0,0.E0));
#2068=VECTOR('',#2067,5.E-1);
#2069=CARTESIAN_POINT('',(5.8E1,1.525E1,1.7E1));
#2070=LINE('',#2069,#2068);
#2071=DIRECTION('',(1.E0,0.E0,0.E0));
#2072=VECTOR('',#2071,1.E0);
#2073=CARTESIAN_POINT('',(5.8E1,1.525E1,1.7E1));
#2074=LINE('',#2073,#2072);
#2075=DIRECTION('',(0.E0,0.E0,1.E0));
#2076=VECTOR('',#2075,1.25E0);
#2077=CARTESIAN_POINT('',(5.8E1,1.525E1,1.575E1));
#2078=LINE('',#2077,#2076);
#2079=DIRECTION('',(1.E0,0.E0,0.E0));
#2080=VECTOR('',#2079,1.E0);
#2081=CARTESIAN_POINT('',(5.8E1,1.525E1,1.575E1));
#2082=LINE('',#2081,#2080);
#2083=DIRECTION('',(0.E0,1.E0,0.E0));
#2084=VECTOR('',#2083,1.25E0);
#2085=CARTESIAN_POINT('',(5.8E1,1.4E1,1.575E1));
#2086=LINE('',#2085,#2084);
#2087=DIRECTION('',(1.E0,0.E0,0.E0));
#2088=VECTOR('',#2087,1.E0);
#2089=CARTESIAN_POINT('',(5.8E1,1.4E1,1.575E1));
#2090=LINE('',#2089,#2088);
#2091=DIRECTION('',(0.E0,0.E0,1.E0));
#2092=VECTOR('',#2091,5.E-1);
#2093=CARTESIAN_POINT('',(5.8E1,1.4E1,1.525E1));
#2094=LINE('',#2093,#2092);
#2095=DIRECTION('',(1.E0,0.E0,0.E0));
#2096=VECTOR('',#2095,1.E0);
#2097=CARTESIAN_POINT('',(5.8E1,1.4E1,1.525E1));
#2098=LINE('',#2097,#2096);
#2099=DIRECTION('',(0.E0,-1.E0,0.E0));
#2100=VECTOR('',#2099,1.25E0);
#2101=CARTESIAN_POINT('',(5.8E1,1.525E1,1.525E1));
#2102=LINE('',#2101,#2100);
#2103=DIRECTION('',(1.E0,0.E0,0.E0));
#2104=VECTOR('',#2103,1.E0);
#2105=CARTESIAN_POINT('',(5.8E1,1.525E1,1.525E1));
#2106=LINE('',#2105,#2104);
#2107=DIRECTION('',(0.E0,0.E0,1.E0));
#2108=VECTOR('',#2107,1.25E0);
#2109=CARTESIAN_POINT('',(5.8E1,1.525E1,1.4E1));
#2110=LINE('',#2109,#2108);
#2111=DIRECTION('',(1.E0,0.E0,0.E0));
#2112=VECTOR('',#2111,1.E0);
#2113=CARTESIAN_POINT('',(5.8E1,1.525E1,1.4E1));
#2114=LINE('',#2113,#2112);
#2115=DIRECTION('',(0.E0,-1.E0,0.E0));
#2116=VECTOR('',#2115,5.E-1);
#2117=CARTESIAN_POINT('',(5.8E1,1.575E1,1.4E1));
#2118=LINE('',#2117,#2116);
#2119=DIRECTION('',(1.E0,0.E0,0.E0));
#2120=VECTOR('',#2119,1.E0);
#2121=CARTESIAN_POINT('',(5.8E1,1.575E1,1.4E1));
#2122=LINE('',#2121,#2120);
#2123=DIRECTION('',(0.E0,0.E0,-1.E0));
#2124=VECTOR('',#2123,1.25E0);
#2125=CARTESIAN_POINT('',(5.8E1,1.575E1,1.525E1));
#2126=LINE('',#2125,#2124);
#2127=DIRECTION('',(1.E0,0.E0,0.E0));
#2128=VECTOR('',#2127,1.E0);
#2129=CARTESIAN_POINT('',(5.8E1,1.575E1,1.525E1));
#2130=LINE('',#2129,#2128);
#2131=DIRECTION('',(0.E0,-1.E0,0.E0));
#2132=VECTOR('',#2131,1.25E0);
#2133=CARTESIAN_POINT('',(5.8E1,1.7E1,1.525E1));
#2134=LINE('',#2133,#2132);
#2135=DIRECTION('',(1.E0,0.E0,0.E0));
#2136=VECTOR('',#2135,1.E0);
#2137=CARTESIAN_POINT('',(5.8E1,1.7E1,1.525E1));
#2138=LINE('',#2137,#2136);
#2139=DIRECTION('',(0.E0,0.E0,-1.E0));
#2140=VECTOR('',#2139,5.E-1);
#2141=CARTESIAN_POINT('',(5.8E1,1.7E1,1.575E1));
#2142=LINE('',#2141,#2140);
#2143=DIRECTION('',(1.E0,0.E0,0.E0));
#2144=VECTOR('',#2143,1.E0);
#2145=CARTESIAN_POINT('',(5.8E1,1.7E1,1.575E1));
#2146=LINE('',#2145,#2144);
#2147=DIRECTION('',(0.E0,1.E0,0.E0));
#2148=VECTOR('',#2147,1.25E0);
#2149=CARTESIAN_POINT('',(5.8E1,1.575E1,1.575E1));
#2150=LINE('',#2149,#2148);
#2151=DIRECTION('',(1.E0,0.E0,0.E0));
#2152=VECTOR('',#2151,1.E0);
#2153=CARTESIAN_POINT('',(5.8E1,-1.55E1,1.25E1));
#2154=LINE('',#2153,#2152);
#2155=DIRECTION('',(1.E0,0.E0,0.E0));
#2156=VECTOR('',#2155,1.E0);
#2157=CARTESIAN_POINT('',(5.8E1,-1.55E1,1.85E1));
#2158=LINE('',#2157,#2156);
#2159=CARTESIAN_POINT('',(5.8E1,-1.55E1,1.55E1));
#2160=DIRECTION('',(1.E0,0.E0,0.E0));
#2161=DIRECTION('',(0.E0,0.E0,-1.E0));
#2162=AXIS2_PLACEMENT_3D('',#2159,#2160,#2161);
#2164=CARTESIAN_POINT('',(5.8E1,-1.55E1,1.55E1));
#2165=DIRECTION('',(1.E0,0.E0,0.E0));
#2166=DIRECTION('',(0.E0,0.E0,1.E0));
#2167=AXIS2_PLACEMENT_3D('',#2164,#2165,#2166);
#2169=CARTESIAN_POINT('',(5.8E1,-1.55E1,1.55E1));
#2170=DIRECTION('',(-1.E0,0.E0,0.E0));
#2171=DIRECTION('',(0.E0,0.E0,-1.E0));
#2172=AXIS2_PLACEMENT_3D('',#2169,#2170,#2171);
#2174=CARTESIAN_POINT('',(5.8E1,-1.55E1,1.55E1));
#2175=DIRECTION('',(-1.E0,0.E0,0.E0));
#2176=DIRECTION('',(0.E0,0.E0,1.E0));
#2177=AXIS2_PLACEMENT_3D('',#2174,#2175,#2176);
#2179=DIRECTION('',(1.E0,0.E0,0.E0));
#2180=VECTOR('',#2179,1.E0);
#2181=CARTESIAN_POINT('',(5.8E1,-1.55E1,1.3E1));
#2182=LINE('',#2181,#2180);
#2183=DIRECTION('',(1.E0,0.E0,0.E0));
#2184=VECTOR('',#2183,1.E0);
#2185=CARTESIAN_POINT('',(5.8E1,-1.55E1,1.8E1));
#2186=LINE('',#2185,#2184);
#2187=CARTESIAN_POINT('',(5.9E1,-1.55E1,1.55E1));
#2188=DIRECTION('',(1.E0,0.E0,0.E0));
#2189=DIRECTION('',(0.E0,0.E0,1.E0));
#2190=AXIS2_PLACEMENT_3D('',#2187,#2188,#2189);
#2192=CARTESIAN_POINT('',(5.9E1,-1.55E1,1.55E1));
#2193=DIRECTION('',(1.E0,0.E0,0.E0));
#2194=DIRECTION('',(0.E0,0.E0,-1.E0));
#2195=AXIS2_PLACEMENT_3D('',#2192,#2193,#2194);
#2197=DIRECTION('',(0.E0,1.E0,0.E0));
#2198=VECTOR('',#2197,1.25E0);
#2199=CARTESIAN_POINT('',(5.9E1,-1.7E1,1.575E1));
#2200=LINE('',#2199,#2198);
#2201=DIRECTION('',(0.E0,-1.E0,0.E0));
#2202=VECTOR('',#2201,1.25E0);
#2203=CARTESIAN_POINT('',(5.9E1,-1.575E1,1.525E1));
#2204=LINE('',#2203,#2202);
#2205=DIRECTION('',(0.E0,0.E0,1.E0));
#2206=VECTOR('',#2205,1.25E0);
#2207=CARTESIAN_POINT('',(5.9E1,-1.575E1,1.4E1));
#2208=LINE('',#2207,#2206);
#2209=DIRECTION('',(0.E0,-1.E0,0.E0));
#2210=VECTOR('',#2209,5.E-1);
#2211=CARTESIAN_POINT('',(5.9E1,-1.525E1,1.4E1));
#2212=LINE('',#2211,#2210);
#2213=DIRECTION('',(0.E0,0.E0,-1.E0));
#2214=VECTOR('',#2213,1.25E0);
#2215=CARTESIAN_POINT('',(5.9E1,-1.525E1,1.525E1));
#2216=LINE('',#2215,#2214);
#2217=DIRECTION('',(0.E0,-1.E0,0.E0));
#2218=VECTOR('',#2217,1.25E0);
#2219=CARTESIAN_POINT('',(5.9E1,-1.4E1,1.525E1));
#2220=LINE('',#2219,#2218);
#2221=DIRECTION('',(0.E0,0.E0,-1.E0));
#2222=VECTOR('',#2221,5.E-1);
#2223=CARTESIAN_POINT('',(5.9E1,-1.4E1,1.575E1));
#2224=LINE('',#2223,#2222);
#2225=DIRECTION('',(0.E0,1.E0,0.E0));
#2226=VECTOR('',#2225,1.25E0);
#2227=CARTESIAN_POINT('',(5.9E1,-1.525E1,1.575E1));
#2228=LINE('',#2227,#2226);
#2229=DIRECTION('',(0.E0,0.E0,-1.E0));
#2230=VECTOR('',#2229,1.25E0);
#2231=CARTESIAN_POINT('',(5.9E1,-1.525E1,1.7E1));
#2232=LINE('',#2231,#2230);
#2233=DIRECTION('',(0.E0,1.E0,0.E0));
#2234=VECTOR('',#2233,5.E-1);
#2235=CARTESIAN_POINT('',(5.9E1,-1.575E1,1.7E1));
#2236=LINE('',#2235,#2234);
#2237=DIRECTION('',(0.E0,0.E0,1.E0));
#2238=VECTOR('',#2237,1.25E0);
#2239=CARTESIAN_POINT('',(5.9E1,-1.575E1,1.575E1));
#2240=LINE('',#2239,#2238);
#2241=DIRECTION('',(1.E0,0.E0,0.E0));
#2242=VECTOR('',#2241,1.E0);
#2243=CARTESIAN_POINT('',(5.8E1,-1.575E1,1.575E1));
#2244=LINE('',#2243,#2242);
#2245=DIRECTION('',(0.E0,1.E0,0.E0));
#2246=VECTOR('',#2245,1.25E0);
#2247=CARTESIAN_POINT('',(5.8E1,-1.7E1,1.575E1));
#2248=LINE('',#2247,#2246);
#2249=DIRECTION('',(0.E0,0.E0,-1.E0));
#2250=VECTOR('',#2249,5.E-1);
#2251=CARTESIAN_POINT('',(5.9E1,-1.7E1,1.575E1));
#2252=LINE('',#2251,#2250);
#2253=DIRECTION('',(1.E0,0.E0,0.E0));
#2254=VECTOR('',#2253,1.E0);
#2255=CARTESIAN_POINT('',(5.8E1,-1.7E1,1.575E1));
#2256=LINE('',#2255,#2254);
#2257=DIRECTION('',(0.E0,0.E0,1.E0));
#2258=VECTOR('',#2257,5.E-1);
#2259=CARTESIAN_POINT('',(5.8E1,-1.7E1,1.525E1));
#2260=LINE('',#2259,#2258);
#2261=DIRECTION('',(1.E0,0.E0,0.E0));
#2262=VECTOR('',#2261,1.E0);
#2263=CARTESIAN_POINT('',(5.8E1,-1.7E1,1.525E1));
#2264=LINE('',#2263,#2262);
#2265=DIRECTION('',(0.E0,-1.E0,0.E0));
#2266=VECTOR('',#2265,1.25E0);
#2267=CARTESIAN_POINT('',(5.8E1,-1.575E1,1.525E1));
#2268=LINE('',#2267,#2266);
#2269=DIRECTION('',(1.E0,0.E0,0.E0));
#2270=VECTOR('',#2269,1.E0);
#2271=CARTESIAN_POINT('',(5.8E1,-1.575E1,1.525E1));
#2272=LINE('',#2271,#2270);
#2273=DIRECTION('',(0.E0,0.E0,1.E0));
#2274=VECTOR('',#2273,1.25E0);
#2275=CARTESIAN_POINT('',(5.8E1,-1.575E1,1.4E1));
#2276=LINE('',#2275,#2274);
#2277=DIRECTION('',(1.E0,0.E0,0.E0));
#2278=VECTOR('',#2277,1.E0);
#2279=CARTESIAN_POINT('',(5.8E1,-1.575E1,1.4E1));
#2280=LINE('',#2279,#2278);
#2281=DIRECTION('',(0.E0,-1.E0,0.E0));
#2282=VECTOR('',#2281,5.E-1);
#2283=CARTESIAN_POINT('',(5.8E1,-1.525E1,1.4E1));
#2284=LINE('',#2283,#2282);
#2285=DIRECTION('',(1.E0,0.E0,0.E0));
#2286=VECTOR('',#2285,1.E0);
#2287=CARTESIAN_POINT('',(5.8E1,-1.525E1,1.4E1));
#2288=LINE('',#2287,#2286);
#2289=DIRECTION('',(0.E0,0.E0,-1.E0));
#2290=VECTOR('',#2289,1.25E0);
#2291=CARTESIAN_POINT('',(5.8E1,-1.525E1,1.525E1));
#2292=LINE('',#2291,#2290);
#2293=DIRECTION('',(1.E0,0.E0,0.E0));
#2294=VECTOR('',#2293,1.E0);
#2295=CARTESIAN_POINT('',(5.8E1,-1.525E1,1.525E1));
#2296=LINE('',#2295,#2294);
#2297=DIRECTION('',(0.E0,-1.E0,0.E0));
#2298=VECTOR('',#2297,1.25E0);
#2299=CARTESIAN_POINT('',(5.8E1,-1.4E1,1.525E1));
#2300=LINE('',#2299,#2298);
#2301=DIRECTION('',(1.E0,0.E0,0.E0));
#2302=VECTOR('',#2301,1.E0);
#2303=CARTESIAN_POINT('',(5.8E1,-1.4E1,1.525E1));
#2304=LINE('',#2303,#2302);
#2305=DIRECTION('',(0.E0,0.E0,-1.E0));
#2306=VECTOR('',#2305,5.E-1);
#2307=CARTESIAN_POINT('',(5.8E1,-1.4E1,1.575E1));
#2308=LINE('',#2307,#2306);
#2309=DIRECTION('',(1.E0,0.E0,0.E0));
#2310=VECTOR('',#2309,1.E0);
#2311=CARTESIAN_POINT('',(5.8E1,-1.4E1,1.575E1));
#2312=LINE('',#2311,#2310);
#2313=DIRECTION('',(0.E0,1.E0,0.E0));
#2314=VECTOR('',#2313,1.25E0);
#2315=CARTESIAN_POINT('',(5.8E1,-1.525E1,1.575E1));
#2316=LINE('',#2315,#2314);
#2317=DIRECTION('',(1.E0,0.E0,0.E0));
#2318=VECTOR('',#2317,1.E0);
#2319=CARTESIAN_POINT('',(5.8E1,-1.525E1,1.575E1));
#2320=LINE('',#2319,#2318);
#2321=DIRECTION('',(0.E0,0.E0,-1.E0));
#2322=VECTOR('',#2321,1.25E0);
#2323=CARTESIAN_POINT('',(5.8E1,-1.525E1,1.7E1));
#2324=LINE('',#2323,#2322);
#2325=DIRECTION('',(1.E0,0.E0,0.E0));
#2326=VECTOR('',#2325,1.E0);
#2327=CARTESIAN_POINT('',(5.8E1,-1.525E1,1.7E1));
#2328=LINE('',#2327,#2326);
#2329=DIRECTION('',(0.E0,1.E0,0.E0));
#2330=VECTOR('',#2329,5.E-1);
#2331=CARTESIAN_POINT('',(5.8E1,-1.575E1,1.7E1));
#2332=LINE('',#2331,#2330);
#2333=DIRECTION('',(1.E0,0.E0,0.E0));
#2334=VECTOR('',#2333,1.E0);
#2335=CARTESIAN_POINT('',(5.8E1,-1.575E1,1.7E1));
#2336=LINE('',#2335,#2334);
#2337=DIRECTION('',(0.E0,0.E0,1.E0));
#2338=VECTOR('',#2337,1.25E0);
#2339=CARTESIAN_POINT('',(5.8E1,-1.575E1,1.575E1));
#2340=LINE('',#2339,#2338);
#2341=DIRECTION('',(1.E0,0.E0,0.E0));
#2342=VECTOR('',#2341,1.E0);
#2343=CARTESIAN_POINT('',(5.8E1,-1.25E1,-1.55E1));
#2344=LINE('',#2343,#2342);
#2345=DIRECTION('',(1.E0,0.E0,0.E0));
#2346=VECTOR('',#2345,1.E0);
#2347=CARTESIAN_POINT('',(5.8E1,-1.85E1,-1.55E1));
#2348=LINE('',#2347,#2346);
#2349=CARTESIAN_POINT('',(5.8E1,-1.55E1,-1.55E1));
#2350=DIRECTION('',(1.E0,0.E0,0.E0));
#2351=DIRECTION('',(0.E0,1.E0,0.E0));
#2352=AXIS2_PLACEMENT_3D('',#2349,#2350,#2351);
#2354=CARTESIAN_POINT('',(5.8E1,-1.55E1,-1.55E1));
#2355=DIRECTION('',(1.E0,0.E0,0.E0));
#2356=DIRECTION('',(0.E0,-1.E0,0.E0));
#2357=AXIS2_PLACEMENT_3D('',#2354,#2355,#2356);
#2359=CARTESIAN_POINT('',(5.8E1,-1.55E1,-1.55E1));
#2360=DIRECTION('',(-1.E0,0.E0,0.E0));
#2361=DIRECTION('',(0.E0,1.E0,0.E0));
#2362=AXIS2_PLACEMENT_3D('',#2359,#2360,#2361);
#2364=CARTESIAN_POINT('',(5.8E1,-1.55E1,-1.55E1));
#2365=DIRECTION('',(-1.E0,0.E0,0.E0));
#2366=DIRECTION('',(0.E0,-1.E0,0.E0));
#2367=AXIS2_PLACEMENT_3D('',#2364,#2365,#2366);
#2369=DIRECTION('',(1.E0,0.E0,0.E0));
#2370=VECTOR('',#2369,1.E0);
#2371=CARTESIAN_POINT('',(5.8E1,-1.3E1,-1.55E1));
#2372=LINE('',#2371,#2370);
#2373=DIRECTION('',(1.E0,0.E0,0.E0));
#2374=VECTOR('',#2373,1.E0);
#2375=CARTESIAN_POINT('',(5.8E1,-1.8E1,-1.55E1));
#2376=LINE('',#2375,#2374);
#2377=CARTESIAN_POINT('',(5.9E1,-1.55E1,-1.55E1));
#2378=DIRECTION('',(1.E0,0.E0,0.E0));
#2379=DIRECTION('',(0.E0,-1.E0,0.E0));
#2380=AXIS2_PLACEMENT_3D('',#2377,#2378,#2379);
#2382=CARTESIAN_POINT('',(5.9E1,-1.55E1,-1.55E1));
#2383=DIRECTION('',(1.E0,0.E0,0.E0));
#2384=DIRECTION('',(0.E0,1.E0,0.E0));
#2385=AXIS2_PLACEMENT_3D('',#2382,#2383,#2384);
#2387=DIRECTION('',(0.E0,0.E0,1.E0));
#2388=VECTOR('',#2387,1.25E0);
#2389=CARTESIAN_POINT('',(5.9E1,-1.575E1,-1.7E1));
#2390=LINE('',#2389,#2388);
#2391=DIRECTION('',(0.E0,0.E0,-1.E0));
#2392=VECTOR('',#2391,1.25E0);
#2393=CARTESIAN_POINT('',(5.9E1,-1.525E1,-1.575E1));
#2394=LINE('',#2393,#2392);
#2395=DIRECTION('',(0.E0,-1.E0,0.E0));
#2396=VECTOR('',#2395,1.25E0);
#2397=CARTESIAN_POINT('',(5.9E1,-1.4E1,-1.575E1));
#2398=LINE('',#2397,#2396);
#2399=DIRECTION('',(0.E0,0.E0,-1.E0));
#2400=VECTOR('',#2399,5.E-1);
#2401=CARTESIAN_POINT('',(5.9E1,-1.4E1,-1.525E1));
#2402=LINE('',#2401,#2400);
#2403=DIRECTION('',(0.E0,1.E0,0.E0));
#2404=VECTOR('',#2403,1.25E0);
#2405=CARTESIAN_POINT('',(5.9E1,-1.525E1,-1.525E1));
#2406=LINE('',#2405,#2404);
#2407=DIRECTION('',(0.E0,0.E0,-1.E0));
#2408=VECTOR('',#2407,1.25E0);
#2409=CARTESIAN_POINT('',(5.9E1,-1.525E1,-1.4E1));
#2410=LINE('',#2409,#2408);
#2411=DIRECTION('',(0.E0,1.E0,0.E0));
#2412=VECTOR('',#2411,5.E-1);
#2413=CARTESIAN_POINT('',(5.9E1,-1.575E1,-1.4E1));
#2414=LINE('',#2413,#2412);
#2415=DIRECTION('',(0.E0,0.E0,1.E0));
#2416=VECTOR('',#2415,1.25E0);
#2417=CARTESIAN_POINT('',(5.9E1,-1.575E1,-1.525E1));
#2418=LINE('',#2417,#2416);
#2419=DIRECTION('',(0.E0,1.E0,0.E0));
#2420=VECTOR('',#2419,1.25E0);
#2421=CARTESIAN_POINT('',(5.9E1,-1.7E1,-1.525E1));
#2422=LINE('',#2421,#2420);
#2423=DIRECTION('',(0.E0,0.E0,1.E0));
#2424=VECTOR('',#2423,5.E-1);
#2425=CARTESIAN_POINT('',(5.9E1,-1.7E1,-1.575E1));
#2426=LINE('',#2425,#2424);
#2427=DIRECTION('',(0.E0,-1.E0,0.E0));
#2428=VECTOR('',#2427,1.25E0);
#2429=CARTESIAN_POINT('',(5.9E1,-1.575E1,-1.575E1));
#2430=LINE('',#2429,#2428);
#2431=DIRECTION('',(1.E0,0.E0,0.E0));
#2432=VECTOR('',#2431,1.E0);
#2433=CARTESIAN_POINT('',(5.8E1,-1.575E1,-1.575E1));
#2434=LINE('',#2433,#2432);
#2435=DIRECTION('',(0.E0,0.E0,1.E0));
#2436=VECTOR('',#2435,1.25E0);
#2437=CARTESIAN_POINT('',(5.8E1,-1.575E1,-1.7E1));
#2438=LINE('',#2437,#2436);
#2439=DIRECTION('',(0.E0,1.E0,0.E0));
#2440=VECTOR('',#2439,5.E-1);
#2441=CARTESIAN_POINT('',(5.9E1,-1.575E1,-1.7E1));
#2442=LINE('',#2441,#2440);
#2443=DIRECTION('',(1.E0,0.E0,0.E0));
#2444=VECTOR('',#2443,1.E0);
#2445=CARTESIAN_POINT('',(5.8E1,-1.575E1,-1.7E1));
#2446=LINE('',#2445,#2444);
#2447=DIRECTION('',(0.E0,-1.E0,0.E0));
#2448=VECTOR('',#2447,5.E-1);
#2449=CARTESIAN_POINT('',(5.8E1,-1.525E1,-1.7E1));
#2450=LINE('',#2449,#2448);
#2451=DIRECTION('',(1.E0,0.E0,0.E0));
#2452=VECTOR('',#2451,1.E0);
#2453=CARTESIAN_POINT('',(5.8E1,-1.525E1,-1.7E1));
#2454=LINE('',#2453,#2452);
#2455=DIRECTION('',(0.E0,0.E0,-1.E0));
#2456=VECTOR('',#2455,1.25E0);
#2457=CARTESIAN_POINT('',(5.8E1,-1.525E1,-1.575E1));
#2458=LINE('',#2457,#2456);
#2459=DIRECTION('',(1.E0,0.E0,0.E0));
#2460=VECTOR('',#2459,1.E0);
#2461=CARTESIAN_POINT('',(5.8E1,-1.525E1,-1.575E1));
#2462=LINE('',#2461,#2460);
#2463=DIRECTION('',(0.E0,-1.E0,0.E0));
#2464=VECTOR('',#2463,1.25E0);
#2465=CARTESIAN_POINT('',(5.8E1,-1.4E1,-1.575E1));
#2466=LINE('',#2465,#2464);
#2467=DIRECTION('',(1.E0,0.E0,0.E0));
#2468=VECTOR('',#2467,1.E0);
#2469=CARTESIAN_POINT('',(5.8E1,-1.4E1,-1.575E1));
#2470=LINE('',#2469,#2468);
#2471=DIRECTION('',(0.E0,0.E0,-1.E0));
#2472=VECTOR('',#2471,5.E-1);
#2473=CARTESIAN_POINT('',(5.8E1,-1.4E1,-1.525E1));
#2474=LINE('',#2473,#2472);
#2475=DIRECTION('',(1.E0,0.E0,0.E0));
#2476=VECTOR('',#2475,1.E0);
#2477=CARTESIAN_POINT('',(5.8E1,-1.4E1,-1.525E1));
#2478=LINE('',#2477,#2476);
#2479=DIRECTION('',(0.E0,1.E0,0.E0));
#2480=VECTOR('',#2479,1.25E0);
#2481=CARTESIAN_POINT('',(5.8E1,-1.525E1,-1.525E1));
#2482=LINE('',#2481,#2480);
#2483=DIRECTION('',(1.E0,0.E0,0.E0));
#2484=VECTOR('',#2483,1.E0);
#2485=CARTESIAN_POINT('',(5.8E1,-1.525E1,-1.525E1));
#2486=LINE('',#2485,#2484);
#2487=DIRECTION('',(0.E0,0.E0,-1.E0));
#2488=VECTOR('',#2487,1.25E0);
#2489=CARTESIAN_POINT('',(5.8E1,-1.525E1,-1.4E1));
#2490=LINE('',#2489,#2488);
#2491=DIRECTION('',(1.E0,0.E0,0.E0));
#2492=VECTOR('',#2491,1.E0);
#2493=CARTESIAN_POINT('',(5.8E1,-1.525E1,-1.4E1));
#2494=LINE('',#2493,#2492);
#2495=DIRECTION('',(0.E0,1.E0,0.E0));
#2496=VECTOR('',#2495,5.E-1);
#2497=CARTESIAN_POINT('',(5.8E1,-1.575E1,-1.4E1));
#2498=LINE('',#2497,#2496);
#2499=DIRECTION('',(1.E0,0.E0,0.E0));
#2500=VECTOR('',#2499,1.E0);
#2501=CARTESIAN_POINT('',(5.8E1,-1.575E1,-1.4E1));
#2502=LINE('',#2501,#2500);
#2503=DIRECTION('',(0.E0,0.E0,1.E0));
#2504=VECTOR('',#2503,1.25E0);
#2505=CARTESIAN_POINT('',(5.8E1,-1.575E1,-1.525E1));
#2506=LINE('',#2505,#2504);
#2507=DIRECTION('',(1.E0,0.E0,0.E0));
#2508=VECTOR('',#2507,1.E0);
#2509=CARTESIAN_POINT('',(5.8E1,-1.575E1,-1.525E1));
#2510=LINE('',#2509,#2508);
#2511=DIRECTION('',(0.E0,1.E0,0.E0));
#2512=VECTOR('',#2511,1.25E0);
#2513=CARTESIAN_POINT('',(5.8E1,-1.7E1,-1.525E1));
#2514=LINE('',#2513,#2512);
#2515=DIRECTION('',(1.E0,0.E0,0.E0));
#2516=VECTOR('',#2515,1.E0);
#2517=CARTESIAN_POINT('',(5.8E1,-1.7E1,-1.525E1));
#2518=LINE('',#2517,#2516);
#2519=DIRECTION('',(0.E0,0.E0,1.E0));
#2520=VECTOR('',#2519,5.E-1);
#2521=CARTESIAN_POINT('',(5.8E1,-1.7E1,-1.575E1));
#2522=LINE('',#2521,#2520);
#2523=DIRECTION('',(1.E0,0.E0,0.E0));
#2524=VECTOR('',#2523,1.E0);
#2525=CARTESIAN_POINT('',(5.8E1,-1.7E1,-1.575E1));
#2526=LINE('',#2525,#2524);
#2527=DIRECTION('',(0.E0,-1.E0,0.E0));
#2528=VECTOR('',#2527,1.25E0);
#2529=CARTESIAN_POINT('',(5.8E1,-1.575E1,-1.575E1));
#2530=LINE('',#2529,#2528);
#2531=CARTESIAN_POINT('',(5.8E1,-1.525E1,1.575E1));
#2532=CARTESIAN_POINT('',(5.8E1,-1.4E1,1.575E1));
#2533=VERTEX_POINT('',#2531);
#2534=VERTEX_POINT('',#2532);
#2535=CARTESIAN_POINT('',(5.9E1,-1.E1,-2.505E1));
#2536=CARTESIAN_POINT('',(4.52E1,-1.E1,-2.505E1));
#2537=VERTEX_POINT('',#2535);
#2538=VERTEX_POINT('',#2536);
#2539=CARTESIAN_POINT('',(5.8E1,-1.7E1,1.525E1));
#2540=CARTESIAN_POINT('',(5.8E1,-1.7E1,1.575E1));
#2541=VERTEX_POINT('',#2539);
#2542=VERTEX_POINT('',#2540);
#2543=CARTESIAN_POINT('',(5.172538660821E1,6.75E0,-2.925E1));
#2544=CARTESIAN_POINT('',(4.52E1,6.75E0,-2.925E1));
#2545=VERTEX_POINT('',#2543);
#2546=VERTEX_POINT('',#2544);
#2547=CARTESIAN_POINT('',(5.8E1,1.575E1,1.575E1));
#2548=CARTESIAN_POINT('',(5.9E1,1.575E1,1.575E1));
#2549=VERTEX_POINT('',#2547);
#2550=VERTEX_POINT('',#2548);
#2551=CARTESIAN_POINT('',(5.9E1,-1.525E1,1.575E1));
#2552=VERTEX_POINT('',#2551);
#2553=CARTESIAN_POINT('',(5.105E1,-1.678325057907E1,-2.115E1));
#2554=CARTESIAN_POINT('',(5.105E1,-2.115E1,-1.678325057907E1));
#2555=VERTEX_POINT('',#2553);
#2556=VERTEX_POINT('',#2554);
#2557=CARTESIAN_POINT('',(5.8E1,-1.525E1,1.7E1));
#2558=CARTESIAN_POINT('',(5.9E1,-1.525E1,1.7E1));
#2559=VERTEX_POINT('',#2557);
#2560=VERTEX_POINT('',#2558);
#2561=CARTESIAN_POINT('',(5.8E1,1.575E1,1.7E1));
#2562=VERTEX_POINT('',#2561);
#2563=CARTESIAN_POINT('',(5.9E1,-1.4E1,1.575E1));
#2564=VERTEX_POINT('',#2563);
#2565=CARTESIAN_POINT('',(3.359404155633E1,1.4E0,-7.493332351545E1));
#2566=CARTESIAN_POINT('',(3.259404155633E1,1.4E0,-7.493332351545E1));
#2567=VERTEX_POINT('',#2565);
#2568=VERTEX_POINT('',#2566);
#2569=CARTESIAN_POINT('',(5.1E1,1.420533905933E1,-2.115E1));
#2570=CARTESIAN_POINT('',(5.1E1,2.115E1,-1.420533905933E1));
#2571=VERTEX_POINT('',#2569);
#2572=VERTEX_POINT('',#2570);
#2573=CARTESIAN_POINT('',(5.8E1,1.7E1,1.575E1));
#2574=VERTEX_POINT('',#2573);
#2575=CARTESIAN_POINT('',(5.8E1,-1.575E1,1.7E1));
#2576=CARTESIAN_POINT('',(5.9E1,-1.575E1,1.7E1));
#2577=VERTEX_POINT('',#2575);
#2578=VERTEX_POINT('',#2576);
#2579=CARTESIAN_POINT('',(5.1E1,-1.420533905933E1,2.115E1));
#2580=CARTESIAN_POINT('',(5.1E1,1.420533905933E1,2.115E1));
#2581=VERTEX_POINT('',#2579);
#2582=VERTEX_POINT('',#2580);
#2583=CARTESIAN_POINT('',(3.539404155633E1,0.E0,-7.493332351545E1));
#2584=CARTESIAN_POINT('',(3.539404155633E1,0.E0,-6.593332351545E1));
#2585=VERTEX_POINT('',#2583);
#2586=VERTEX_POINT('',#2584);
#2587=CARTESIAN_POINT('',(5.105E1,-1.31E1,-2.115E1));
#2588=CARTESIAN_POINT('',(5.105E1,1.31E1,-2.115E1));
#2589=VERTEX_POINT('',#2587);
#2590=VERTEX_POINT('',#2588);
#2591=CARTESIAN_POINT('',(5.8E1,1.525E1,1.7E1));
#2592=CARTESIAN_POINT('',(5.9E1,1.525E1,1.7E1));
#2593=VERTEX_POINT('',#2591);
#2594=VERTEX_POINT('',#2592);
#2595=CARTESIAN_POINT('',(5.8E1,-1.4E1,1.525E1));
#2596=CARTESIAN_POINT('',(5.9E1,-1.4E1,1.525E1));
#2597=VERTEX_POINT('',#2595);
#2598=VERTEX_POINT('',#2596);
#2599=CARTESIAN_POINT('',(5.9E1,1.E1,-2.505E1));
#2600=VERTEX_POINT('',#2599);
#2601=CARTESIAN_POINT('',(3.359404155633E1,0.E0,-7.493332351545E1));
#2602=VERTEX_POINT('',#2601);
#2603=CARTESIAN_POINT('',(5.1E1,-1.31E1,-2.115E1));
#2604=CARTESIAN_POINT('',(5.1E1,1.31E1,-2.115E1));
#2605=VERTEX_POINT('',#2603);
#2606=VERTEX_POINT('',#2604);
#2607=CARTESIAN_POINT('',(5.1E1,0.E0,-3.5E0));
#2608=CARTESIAN_POINT('',(5.1E1,0.E0,3.5E0));
#2609=VERTEX_POINT('',#2607);
#2610=VERTEX_POINT('',#2608);
#2611=CARTESIAN_POINT('',(3.219404155633E1,0.E0,-7.793332351545E1));
#2612=CARTESIAN_POINT('',(3.119404155633E1,0.E0,-7.793332351545E1));
#2613=VERTEX_POINT('',#2611);
#2614=VERTEX_POINT('',#2612);
#2615=CARTESIAN_POINT('',(5.105E1,1.678325057907E1,2.115E1));
#2616=CARTESIAN_POINT('',(5.105E1,2.115E1,1.678325057907E1));
#2617=VERTEX_POINT('',#2615);
#2618=VERTEX_POINT('',#2616);
#2619=CARTESIAN_POINT('',(4.82E1,0.E0,-2.675E1));
#2620=CARTESIAN_POINT('',(4.82E1,0.E0,-2.175E1));
#2621=VERTEX_POINT('',#2619);
#2622=VERTEX_POINT('',#2620);
#2623=CARTESIAN_POINT('',(3.909404155633E1,0.E0,-2.175E1));
#2624=CARTESIAN_POINT('',(3.059404155633E1,0.E0,-3.025E1));
#2625=VERTEX_POINT('',#2623);
#2626=VERTEX_POINT('',#2624);
#2627=CARTESIAN_POINT('',(5.8E1,-1.525E1,1.525E1));
#2628=CARTESIAN_POINT('',(5.8E1,-1.525E1,1.4E1));
#2629=VERTEX_POINT('',#2627);
#2630=VERTEX_POINT('',#2628);
#2631=CARTESIAN_POINT('',(3.359404155633E1,0.E0,-6.593332351545E1));
#2632=VERTEX_POINT('',#2631);
#2633=CARTESIAN_POINT('',(4.52E1,1.E1,-2.505E1));
#2634=VERTEX_POINT('',#2633);
#2635=CARTESIAN_POINT('',(3.079404155633E1,0.E0,-6.593332351545E1));
#2636=CARTESIAN_POINT('',(3.259404155633E1,1.991965314031E-14,
-6.593332351545E1));
#2637=VERTEX_POINT('',#2635);
#2638=VERTEX_POINT('',#2636);
#2639=CARTESIAN_POINT('',(5.9E1,-1.7E1,1.575E1));
#2640=VERTEX_POINT('',#2639);
#2641=CARTESIAN_POINT('',(5.9E1,-1.525E1,1.4E1));
#2642=VERTEX_POINT('',#2641);
#2643=CARTESIAN_POINT('',(5.8E1,-1.55E1,1.8E1));
#2644=CARTESIAN_POINT('',(5.8E1,-1.55E1,1.3E1));
#2645=VERTEX_POINT('',#2643);
#2646=VERTEX_POINT('',#2644);
#2647=CARTESIAN_POINT('',(3.399404155633E1,0.E0,-7.793332351545E1));
#2648=CARTESIAN_POINT('',(3.499404155633E1,0.E0,-7.793332351545E1));
#2649=VERTEX_POINT('',#2647);
#2650=VERTEX_POINT('',#2648);
#2651=CARTESIAN_POINT('',(4.52E1,-6.75E0,-2.925E1));
#2652=VERTEX_POINT('',#2651);
#2653=CARTESIAN_POINT('',(5.8E1,-1.575E1,1.575E1));
#2654=VERTEX_POINT('',#2653);
#2655=CARTESIAN_POINT('',(4.82E1,4.5E0,-2.315E1));
#2656=CARTESIAN_POINT('',(4.82E1,0.E0,-2.765E1));
#2657=VERTEX_POINT('',#2655);
#2658=VERTEX_POINT('',#2656);
#2659=CARTESIAN_POINT('',(3.259404155633E1,0.E0,-7.493332351545E1));
#2660=VERTEX_POINT('',#2659);
#2661=CARTESIAN_POINT('',(5.105E1,0.E0,3.5E0));
#2662=CARTESIAN_POINT('',(5.105E1,0.E0,-3.5E0));
#2663=VERTEX_POINT('',#2661);
#2664=VERTEX_POINT('',#2662);
#2665=CARTESIAN_POINT('',(5.8E1,-1.55E1,1.85E1));
#2666=CARTESIAN_POINT('',(5.8E1,-1.55E1,1.25E1));
#2667=VERTEX_POINT('',#2665);
#2668=VERTEX_POINT('',#2666);
#2669=CARTESIAN_POINT('',(5.9E1,1.678325057907E1,-2.115E1));
#2670=CARTESIAN_POINT('',(5.9E1,1.31E1,-2.115E1));
#2671=VERTEX_POINT('',#2669);
#2672=VERTEX_POINT('',#2670);
#2673=CARTESIAN_POINT('',(5.105E1,1.678325057907E1,-2.115E1));
#2674=VERTEX_POINT('',#2673);
#2675=CARTESIAN_POINT('',(5.9E1,-1.525E1,1.525E1));
#2676=VERTEX_POINT('',#2675);
#2677=CARTESIAN_POINT('',(3.259404155633E1,1.4E0,-7.793332351545E1));
#2678=CARTESIAN_POINT('',(3.359404155633E1,1.4E0,-7.793332351545E1));
#2679=VERTEX_POINT('',#2677);
#2680=VERTEX_POINT('',#2678);
#2681=CARTESIAN_POINT('',(5.1E1,-1.420533905933E1,-2.115E1));
#2682=VERTEX_POINT('',#2681);
#2683=CARTESIAN_POINT('',(4.52E1,-1.31E1,-2.115E1));
#2684=VERTEX_POINT('',#2683);
#2685=CARTESIAN_POINT('',(5.8E1,1.85E1,1.55E1));
#2686=CARTESIAN_POINT('',(5.9E1,1.85E1,1.55E1));
#2687=VERTEX_POINT('',#2685);
#2688=VERTEX_POINT('',#2686);
#2689=CARTESIAN_POINT('',(5.9E1,-1.31E1,-2.115E1));
#2690=VERTEX_POINT('',#2689);
#2691=CARTESIAN_POINT('',(3.079404155633E1,0.E0,-7.493332351545E1));
#2692=VERTEX_POINT('',#2691);
#2693=CARTESIAN_POINT('',(4.52E1,-4.5E0,-2.315E1));
#2694=CARTESIAN_POINT('',(4.82E1,-4.5E0,-2.315E1));
#2695=VERTEX_POINT('',#2693);
#2696=VERTEX_POINT('',#2694);
#2697=CARTESIAN_POINT('',(5.8E1,-1.575E1,1.4E1));
#2698=CARTESIAN_POINT('',(5.9E1,-1.575E1,1.4E1));
#2699=VERTEX_POINT('',#2697);
#2700=VERTEX_POINT('',#2698);
#2701=CARTESIAN_POINT('',(5.1E1,-2.115E1,1.420533905933E1));
#2702=VERTEX_POINT('',#2701);
#2703=CARTESIAN_POINT('',(5.8E1,1.575E1,1.525E1));
#2704=CARTESIAN_POINT('',(5.9E1,1.575E1,1.525E1));
#2705=VERTEX_POINT('',#2703);
#2706=VERTEX_POINT('',#2704);
#2707=CARTESIAN_POINT('',(3.119404155633E1,0.E0,-7.493332351545E1));
#2708=CARTESIAN_POINT('',(3.219404155633E1,0.E0,-7.493332351545E1));
#2709=VERTEX_POINT('',#2707);
#2710=VERTEX_POINT('',#2708);
#2711=CARTESIAN_POINT('',(5.9E1,0.E0,-3.5E0));
#2712=VERTEX_POINT('',#2711);
#2713=CARTESIAN_POINT('',(3.399404155633E1,1.4E0,-7.493332351545E1));
#2714=CARTESIAN_POINT('',(3.399404155633E1,1.4E0,-6.593332351545E1));
#2715=VERTEX_POINT('',#2713);
#2716=VERTEX_POINT('',#2714);
#2717=CARTESIAN_POINT('',(5.8E1,1.7E1,1.525E1));
#2718=CARTESIAN_POINT('',(5.9E1,1.7E1,1.525E1));
#2719=VERTEX_POINT('',#2717);
#2720=VERTEX_POINT('',#2718);
#2721=CARTESIAN_POINT('',(5.9E1,0.E0,3.5E0));
#2722=VERTEX_POINT('',#2721);
#2723=CARTESIAN_POINT('',(5.1E1,2.115E1,1.420533905933E1));
#2724=VERTEX_POINT('',#2723);
#2725=CARTESIAN_POINT('',(5.8E1,1.525E1,1.525E1));
#2726=CARTESIAN_POINT('',(5.9E1,1.525E1,1.525E1));
#2727=VERTEX_POINT('',#2725);
#2728=VERTEX_POINT('',#2726);
#2729=CARTESIAN_POINT('',(5.9E1,2.115E1,1.678325057907E1));
#2730=VERTEX_POINT('',#2729);
#2731=CARTESIAN_POINT('',(5.8E1,-1.525E1,-1.575E1));
#2732=CARTESIAN_POINT('',(5.9E1,-1.525E1,-1.575E1));
#2733=VERTEX_POINT('',#2731);
#2734=VERTEX_POINT('',#2732);
#2735=CARTESIAN_POINT('',(3.259404155633E1,-1.4E0,-7.793332351545E1));
#2736=CARTESIAN_POINT('',(3.259404155633E1,-1.4E0,-7.493332351545E1));
#2737=VERTEX_POINT('',#2735);
#2738=VERTEX_POINT('',#2736);
#2739=CARTESIAN_POINT('',(5.8E1,-1.4E1,-1.575E1));
#2740=CARTESIAN_POINT('',(5.9E1,-1.4E1,-1.575E1));
#2741=VERTEX_POINT('',#2739);
#2742=VERTEX_POINT('',#2740);
#2743=CARTESIAN_POINT('',(5.9E1,-1.7E1,1.525E1));
#2744=VERTEX_POINT('',#2743);
#2745=CARTESIAN_POINT('',(5.8E1,-1.4E1,-1.525E1));
#2746=CARTESIAN_POINT('',(5.9E1,-1.4E1,-1.525E1));
#2747=VERTEX_POINT('',#2745);
#2748=VERTEX_POINT('',#2746);
#2749=CARTESIAN_POINT('',(5.8E1,-1.525E1,-1.525E1));
#2750=CARTESIAN_POINT('',(5.9E1,-1.525E1,-1.525E1));
#2751=VERTEX_POINT('',#2749);
#2752=VERTEX_POINT('',#2750);
#2753=CARTESIAN_POINT('',(5.9E1,-1.55E1,1.8E1));
#2754=VERTEX_POINT('',#2753);
#2755=CARTESIAN_POINT('',(5.105E1,-1.678325057907E1,2.115E1));
#2756=VERTEX_POINT('',#2755);
#2757=CARTESIAN_POINT('',(4.82E1,4.5E0,-2.115E1));
#2758=CARTESIAN_POINT('',(4.52E1,4.5E0,-2.115E1));
#2759=VERTEX_POINT('',#2757);
#2760=VERTEX_POINT('',#2758);
#2761=CARTESIAN_POINT('',(3.399404155633E1,-1.4E0,-7.493332351545E1));
#2762=CARTESIAN_POINT('',(3.399404155633E1,-1.4E0,-6.593332351545E1));
#2763=VERTEX_POINT('',#2761);
#2764=VERTEX_POINT('',#2762);
#2765=CARTESIAN_POINT('',(3.559404155633E1,0.E0,-3.025E1));
#2766=VERTEX_POINT('',#2765);
#2767=CARTESIAN_POINT('',(5.8E1,-1.525E1,-1.4E1));
#2768=CARTESIAN_POINT('',(5.9E1,-1.525E1,-1.4E1));
#2769=VERTEX_POINT('',#2767);
#2770=VERTEX_POINT('',#2768);
#2771=CARTESIAN_POINT('',(3.499404155633E1,0.E0,-7.493332351545E1));
#2772=CARTESIAN_POINT('',(3.399404155633E1,0.E0,-7.493332351545E1));
#2773=VERTEX_POINT('',#2771);
#2774=VERTEX_POINT('',#2772);
#2775=CARTESIAN_POINT('',(5.8E1,-1.575E1,-1.4E1));
#2776=CARTESIAN_POINT('',(5.9E1,-1.575E1,-1.4E1));
#2777=VERTEX_POINT('',#2775);
#2778=VERTEX_POINT('',#2776);
#2779=CARTESIAN_POINT('',(5.8E1,-1.575E1,1.525E1));
#2780=VERTEX_POINT('',#2779);
#2781=CARTESIAN_POINT('',(5.8E1,-1.575E1,-1.525E1));
#2782=CARTESIAN_POINT('',(5.9E1,-1.575E1,-1.525E1));
#2783=VERTEX_POINT('',#2781);
#2784=VERTEX_POINT('',#2782);
#2785=CARTESIAN_POINT('',(5.1E1,-2.115E1,-1.420533905933E1));
#2786=VERTEX_POINT('',#2785);
#2787=CARTESIAN_POINT('',(5.9E1,1.575E1,1.7E1));
#2788=VERTEX_POINT('',#2787);
#2789=CARTESIAN_POINT('',(5.8E1,-1.7E1,-1.525E1));
#2790=CARTESIAN_POINT('',(5.9E1,-1.7E1,-1.525E1));
#2791=VERTEX_POINT('',#2789);
#2792=VERTEX_POINT('',#2790);
#2793=CARTESIAN_POINT('',(3.359404155633E1,-1.4E0,-7.493332351545E1));
#2794=VERTEX_POINT('',#2793);
#2795=CARTESIAN_POINT('',(5.8E1,-1.7E1,-1.575E1));
#2796=CARTESIAN_POINT('',(5.9E1,-1.7E1,-1.575E1));
#2797=VERTEX_POINT('',#2795);
#2798=VERTEX_POINT('',#2796);
#2799=CARTESIAN_POINT('',(4.52E1,-4.5E0,-2.115E1));
#2800=VERTEX_POINT('',#2799);
#2801=CARTESIAN_POINT('',(5.8E1,-1.575E1,-1.575E1));
#2802=CARTESIAN_POINT('',(5.9E1,-1.575E1,-1.575E1));
#2803=VERTEX_POINT('',#2801);
#2804=VERTEX_POINT('',#2802);
#2805=CARTESIAN_POINT('',(4.52E1,0.E0,-2.765E1));
#2806=CARTESIAN_POINT('',(4.52E1,4.5E0,-2.315E1));
#2807=VERTEX_POINT('',#2805);
#2808=VERTEX_POINT('',#2806);
#2809=CARTESIAN_POINT('',(5.9E1,-2.115E1,-1.678325057907E1));
#2810=VERTEX_POINT('',#2809);
#2811=CARTESIAN_POINT('',(3.909404155633E1,0.E0,-2.675E1));
#2812=VERTEX_POINT('',#2811);
#2813=CARTESIAN_POINT('',(5.172538660821E1,-6.75E0,-2.925E1));
#2814=VERTEX_POINT('',#2813);
#2815=CARTESIAN_POINT('',(3.219404155633E1,1.4E0,-6.593332351545E1));
#2816=VERTEX_POINT('',#2815);
#2817=CARTESIAN_POINT('',(4.82E1,-4.5E0,-2.115E1));
#2818=VERTEX_POINT('',#2817);
#2819=CARTESIAN_POINT('',(5.9E1,-1.55E1,1.3E1));
#2820=VERTEX_POINT('',#2819);
#2821=CARTESIAN_POINT('',(5.9E1,-1.678325057907E1,-2.115E1));
#2822=VERTEX_POINT('',#2821);
#2823=CARTESIAN_POINT('',(3.219404155633E1,-1.4E0,-7.493332351545E1));
#2824=VERTEX_POINT('',#2823);
#2825=CARTESIAN_POINT('',(5.8E1,-1.575E1,-1.7E1));
#2826=CARTESIAN_POINT('',(5.9E1,-1.575E1,-1.7E1));
#2827=VERTEX_POINT('',#2825);
#2828=VERTEX_POINT('',#2826);
#2829=CARTESIAN_POINT('',(4.52E1,-1.31E1,-2.505E1));
#2830=VERTEX_POINT('',#2829);
#2831=CARTESIAN_POINT('',(5.9E1,1.525E1,-1.575E1));
#2832=CARTESIAN_POINT('',(5.9E1,1.4E1,-1.575E1));
#2833=VERTEX_POINT('',#2831);
#2834=VERTEX_POINT('',#2832);
#2835=CARTESIAN_POINT('',(5.8E1,-1.525E1,-1.7E1));
#2836=CARTESIAN_POINT('',(5.9E1,-1.525E1,-1.7E1));
#2837=VERTEX_POINT('',#2835);
#2838=VERTEX_POINT('',#2836);
#2839=CARTESIAN_POINT('',(5.9E1,1.525E1,-1.7E1));
#2840=VERTEX_POINT('',#2839);
#2841=CARTESIAN_POINT('',(4.52E1,1.31E1,-2.115E1));
#2842=VERTEX_POINT('',#2841);
#2843=CARTESIAN_POINT('',(4.52E1,1.31E1,-2.505E1));
#2844=VERTEX_POINT('',#2843);
#2845=CARTESIAN_POINT('',(5.9E1,-1.31E1,-2.505E1));
#2846=VERTEX_POINT('',#2845);
#2847=CARTESIAN_POINT('',(5.9E1,1.55E1,-1.8E1));
#2848=CARTESIAN_POINT('',(5.9E1,1.55E1,-1.3E1));
#2849=VERTEX_POINT('',#2847);
#2850=VERTEX_POINT('',#2848);
#2851=CARTESIAN_POINT('',(5.9E1,1.7E1,-1.575E1));
#2852=CARTESIAN_POINT('',(5.9E1,1.575E1,-1.575E1));
#2853=VERTEX_POINT('',#2851);
#2854=VERTEX_POINT('',#2852);
#2855=CARTESIAN_POINT('',(5.8E1,-1.85E1,-1.55E1));
#2856=CARTESIAN_POINT('',(5.9E1,-1.85E1,-1.55E1));
#2857=VERTEX_POINT('',#2855);
#2858=VERTEX_POINT('',#2856);
#2859=CARTESIAN_POINT('',(5.9E1,1.575E1,-1.7E1));
#2860=VERTEX_POINT('',#2859);
#2861=CARTESIAN_POINT('',(3.219404155633E1,1.4E0,-7.493332351545E1));
#2862=VERTEX_POINT('',#2861);
#2863=CARTESIAN_POINT('',(5.9E1,1.4E1,-1.525E1));
#2864=VERTEX_POINT('',#2863);
#2865=CARTESIAN_POINT('',(5.9E1,1.525E1,-1.525E1));
#2866=VERTEX_POINT('',#2865);
#2867=CARTESIAN_POINT('',(5.8E1,-1.25E1,-1.55E1));
#2868=CARTESIAN_POINT('',(5.9E1,-1.25E1,-1.55E1));
#2869=VERTEX_POINT('',#2867);
#2870=VERTEX_POINT('',#2868);
#2871=CARTESIAN_POINT('',(5.9E1,1.525E1,-1.4E1));
#2872=VERTEX_POINT('',#2871);
#2873=CARTESIAN_POINT('',(5.9E1,1.575E1,-1.4E1));
#2874=VERTEX_POINT('',#2873);
#2875=CARTESIAN_POINT('',(3.359404155633E1,-1.4E0,-7.793332351545E1));
#2876=VERTEX_POINT('',#2875);
#2877=CARTESIAN_POINT('',(5.9E1,1.575E1,-1.525E1));
#2878=VERTEX_POINT('',#2877);
#2879=CARTESIAN_POINT('',(5.9E1,1.7E1,-1.525E1));
#2880=VERTEX_POINT('',#2879);
#2881=CARTESIAN_POINT('',(5.9E1,1.8E1,1.55E1));
#2882=CARTESIAN_POINT('',(5.9E1,1.3E1,1.55E1));
#2883=VERTEX_POINT('',#2881);
#2884=VERTEX_POINT('',#2882);
#2885=CARTESIAN_POINT('',(5.9E1,-1.55E1,1.85E1));
#2886=VERTEX_POINT('',#2885);
#2887=CARTESIAN_POINT('',(5.9E1,1.7E1,1.575E1));
#2888=VERTEX_POINT('',#2887);
#2889=CARTESIAN_POINT('',(5.9E1,1.575E1,1.4E1));
#2890=VERTEX_POINT('',#2889);
#2891=CARTESIAN_POINT('',(5.9E1,1.525E1,1.4E1));
#2892=VERTEX_POINT('',#2891);
#2893=CARTESIAN_POINT('',(5.9E1,1.4E1,1.525E1));
#2894=VERTEX_POINT('',#2893);
#2895=CARTESIAN_POINT('',(5.9E1,1.4E1,1.575E1));
#2896=VERTEX_POINT('',#2895);
#2897=CARTESIAN_POINT('',(5.9E1,1.525E1,1.575E1));
#2898=VERTEX_POINT('',#2897);
#2899=CARTESIAN_POINT('',(5.9E1,-1.575E1,1.575E1));
#2900=VERTEX_POINT('',#2899);
#2901=CARTESIAN_POINT('',(3.219404155633E1,-1.4E0,-6.593332351545E1));
#2902=VERTEX_POINT('',#2901);
#2903=CARTESIAN_POINT('',(5.105E1,-2.115E1,1.678325057907E1));
#2904=VERTEX_POINT('',#2903);
#2905=CARTESIAN_POINT('',(5.8E1,1.525E1,1.4E1));
#2906=VERTEX_POINT('',#2905);
#2907=CARTESIAN_POINT('',(5.9E1,-1.575E1,1.525E1));
#2908=VERTEX_POINT('',#2907);
#2909=CARTESIAN_POINT('',(3.059404155633E1,0.E0,-6.593332351545E1));
#2910=VERTEX_POINT('',#2909);
#2911=CARTESIAN_POINT('',(5.9E1,-1.8E1,-1.55E1));
#2912=CARTESIAN_POINT('',(5.9E1,-1.3E1,-1.55E1));
#2913=VERTEX_POINT('',#2911);
#2914=VERTEX_POINT('',#2912);
#2915=CARTESIAN_POINT('',(5.9E1,-2.115E1,1.678325057907E1));
#2916=VERTEX_POINT('',#2915);
#2917=CARTESIAN_POINT('',(3.559404155633E1,0.E0,-6.593332351545E1));
#2918=VERTEX_POINT('',#2917);
#2919=CARTESIAN_POINT('',(5.8E1,1.525E1,1.575E1));
#2920=VERTEX_POINT('',#2919);
#2921=CARTESIAN_POINT('',(5.9E1,1.31E1,-2.505E1));
#2922=VERTEX_POINT('',#2921);
#2923=CARTESIAN_POINT('',(5.9E1,2.115E1,-1.678325057907E1));
#2924=VERTEX_POINT('',#2923);
#2925=CARTESIAN_POINT('',(5.9E1,1.678325057907E1,2.115E1));
#2926=VERTEX_POINT('',#2925);
#2927=CARTESIAN_POINT('',(5.9E1,-1.678325057907E1,2.115E1));
#2928=VERTEX_POINT('',#2927);
#2929=CARTESIAN_POINT('',(5.8E1,1.575E1,1.4E1));
#2930=VERTEX_POINT('',#2929);
#2931=CARTESIAN_POINT('',(5.105E1,2.115E1,-1.678325057907E1));
#2932=VERTEX_POINT('',#2931);
#2933=CARTESIAN_POINT('',(5.9E1,1.55E1,-1.85E1));
#2934=CARTESIAN_POINT('',(5.9E1,1.55E1,-1.25E1));
#2935=VERTEX_POINT('',#2933);
#2936=VERTEX_POINT('',#2934);
#2937=CARTESIAN_POINT('',(5.9E1,1.25E1,1.55E1));
#2938=VERTEX_POINT('',#2937);
#2939=CARTESIAN_POINT('',(5.9E1,-1.55E1,1.25E1));
#2940=VERTEX_POINT('',#2939);
#2941=CARTESIAN_POINT('',(5.8E1,1.55E1,-1.3E1));
#2942=VERTEX_POINT('',#2941);
#2943=CARTESIAN_POINT('',(5.8E1,1.55E1,-1.8E1));
#2944=VERTEX_POINT('',#2943);
#2945=CARTESIAN_POINT('',(5.8E1,1.55E1,-1.25E1));
#2946=CARTESIAN_POINT('',(5.8E1,1.55E1,-1.85E1));
#2947=VERTEX_POINT('',#2945);
#2948=VERTEX_POINT('',#2946);
#2949=CARTESIAN_POINT('',(5.8E1,1.25E1,1.55E1));
#2950=VERTEX_POINT('',#2949);
#2951=CARTESIAN_POINT('',(5.8E1,1.575E1,-1.525E1));
#2952=CARTESIAN_POINT('',(5.8E1,1.7E1,-1.525E1));
#2953=VERTEX_POINT('',#2951);
#2954=VERTEX_POINT('',#2952);
#2955=CARTESIAN_POINT('',(5.8E1,1.575E1,-1.4E1));
#2956=VERTEX_POINT('',#2955);
#2957=CARTESIAN_POINT('',(5.8E1,1.525E1,-1.4E1));
#2958=VERTEX_POINT('',#2957);
#2959=CARTESIAN_POINT('',(5.8E1,1.525E1,-1.525E1));
#2960=VERTEX_POINT('',#2959);
#2961=CARTESIAN_POINT('',(5.8E1,1.4E1,-1.525E1));
#2962=VERTEX_POINT('',#2961);
#2963=CARTESIAN_POINT('',(5.8E1,1.4E1,-1.575E1));
#2964=VERTEX_POINT('',#2963);
#2965=CARTESIAN_POINT('',(5.8E1,1.525E1,-1.575E1));
#2966=VERTEX_POINT('',#2965);
#2967=CARTESIAN_POINT('',(5.8E1,1.525E1,-1.7E1));
#2968=VERTEX_POINT('',#2967);
#2969=CARTESIAN_POINT('',(5.8E1,1.575E1,-1.7E1));
#2970=VERTEX_POINT('',#2969);
#2971=CARTESIAN_POINT('',(5.8E1,1.575E1,-1.575E1));
#2972=VERTEX_POINT('',#2971);
#2973=CARTESIAN_POINT('',(5.8E1,1.7E1,-1.575E1));
#2974=VERTEX_POINT('',#2973);
#2975=CARTESIAN_POINT('',(5.8E1,1.4E1,1.575E1));
#2976=VERTEX_POINT('',#2975);
#2977=CARTESIAN_POINT('',(5.8E1,-1.3E1,-1.55E1));
#2978=CARTESIAN_POINT('',(5.8E1,-1.8E1,-1.55E1));
#2979=VERTEX_POINT('',#2977);
#2980=VERTEX_POINT('',#2978);
#2981=CARTESIAN_POINT('',(5.8E1,1.3E1,1.55E1));
#2982=VERTEX_POINT('',#2981);
#2983=CARTESIAN_POINT('',(5.8E1,1.8E1,1.55E1));
#2984=VERTEX_POINT('',#2983);
#2985=CARTESIAN_POINT('',(5.8E1,1.4E1,1.525E1));
#2986=VERTEX_POINT('',#2985);
#2987=CARTESIAN_POINT('',(4.155E1,-1.420533905933E1,2.115E1));
#2988=CARTESIAN_POINT('',(4.155E1,1.420533905933E1,2.115E1));
#2989=VERTEX_POINT('',#2987);
#2990=VERTEX_POINT('',#2988);
#2991=CARTESIAN_POINT('',(4.155E1,1.420533905933E1,-2.115E1));
#2992=CARTESIAN_POINT('',(4.155E1,-1.420533905933E1,-2.115E1));
#2993=VERTEX_POINT('',#2991);
#2994=VERTEX_POINT('',#2992);
#2995=CARTESIAN_POINT('',(4.155E1,2.115E1,1.420533905933E1));
#2996=VERTEX_POINT('',#2995);
#2997=CARTESIAN_POINT('',(4.155E1,-2.115E1,1.420533905933E1));
#2998=VERTEX_POINT('',#2997);
#2999=CARTESIAN_POINT('',(4.155E1,-2.115E1,-1.420533905933E1));
#3000=VERTEX_POINT('',#2999);
#3001=CARTESIAN_POINT('',(4.155E1,2.115E1,-1.420533905933E1));
#3002=VERTEX_POINT('',#3001);
#3003=CARTESIAN_POINT('',(4.155E1,0.E0,3.5E0));
#3004=CARTESIAN_POINT('',(4.155E1,0.E0,-3.5E0));
#3005=VERTEX_POINT('',#3003);
#3006=VERTEX_POINT('',#3004);
#3007=CARTESIAN_POINT('',(5.9E1,1.55E1,-1.55E1));
#3008=DIRECTION('',(1.E0,0.E0,0.E0));
#3009=DIRECTION('',(0.E0,0.E0,-1.E0));
#3010=AXIS2_PLACEMENT_3D('',#3007,#3008,#3009);
#3011=CYLINDRICAL_SURFACE('',#3010,2.5E0);
#3013=ORIENTED_EDGE('',*,*,#3012,.T.);
#3015=ORIENTED_EDGE('',*,*,#3014,.T.);
#3017=ORIENTED_EDGE('',*,*,#3016,.F.);
#3019=ORIENTED_EDGE('',*,*,#3018,.T.);
#3020=EDGE_LOOP('',(#3013,#3015,#3017,#3019));
#3021=FACE_OUTER_BOUND('',#3020,.F.);
#3022=ADVANCED_FACE('',(#3021),#3011,.T.);
#3023=CARTESIAN_POINT('',(5.9E1,1.55E1,-1.55E1));
#3024=DIRECTION('',(1.E0,0.E0,0.E0));
#3025=DIRECTION('',(0.E0,0.E0,-1.E0));
#3026=AXIS2_PLACEMENT_3D('',#3023,#3024,#3025);
#3027=CYLINDRICAL_SURFACE('',#3026,2.5E0);
#3028=ORIENTED_EDGE('',*,*,#3016,.T.);
#3030=ORIENTED_EDGE('',*,*,#3029,.T.);
#3031=ORIENTED_EDGE('',*,*,#3012,.F.);
#3033=ORIENTED_EDGE('',*,*,#3032,.T.);
#3034=EDGE_LOOP('',(#3028,#3030,#3031,#3033));
#3035=FACE_OUTER_BOUND('',#3034,.F.);
#3036=ADVANCED_FACE('',(#3035),#3027,.T.);
#3037=CARTESIAN_POINT('',(5.9E1,0.E0,0.E0));
#3038=DIRECTION('',(1.E0,0.E0,0.E0));
#3039=DIRECTION('',(0.E0,1.E0,0.E0));
#3040=AXIS2_PLACEMENT_3D('',#3037,#3038,#3039);
#3041=PLANE('',#3040);
#3042=ORIENTED_EDGE('',*,*,#3029,.F.);
#3043=ORIENTED_EDGE('',*,*,#3014,.F.);
#3044=EDGE_LOOP('',(#3042,#3043));
#3045=FACE_OUTER_BOUND('',#3044,.F.);
#3047=ORIENTED_EDGE('',*,*,#3046,.F.);
#3049=ORIENTED_EDGE('',*,*,#3048,.T.);
#3051=ORIENTED_EDGE('',*,*,#3050,.F.);
#3053=ORIENTED_EDGE('',*,*,#3052,.F.);
#3055=ORIENTED_EDGE('',*,*,#3054,.F.);
#3057=ORIENTED_EDGE('',*,*,#3056,.F.);
#3059=ORIENTED_EDGE('',*,*,#3058,.F.);
#3061=ORIENTED_EDGE('',*,*,#3060,.F.);
#3063=ORIENTED_EDGE('',*,*,#3062,.F.);
#3065=ORIENTED_EDGE('',*,*,#3064,.F.);
#3067=ORIENTED_EDGE('',*,*,#3066,.F.);
#3069=ORIENTED_EDGE('',*,*,#3068,.F.);
#3070=EDGE_LOOP('',(#3047,#3049,#3051,#3053,#3055,#3057,#3059,#3061,#3063,#3065,
#3067,#3069));
#3071=FACE_BOUND('',#3070,.F.);
#3072=ADVANCED_FACE('',(#3045,#3071),#3041,.T.);
#3073=CARTESIAN_POINT('',(5.9E1,1.575E1,-1.575E1));
#3074=DIRECTION('',(0.E0,0.E0,-1.E0));
#3075=DIRECTION('',(0.E0,-1.E0,0.E0));
#3076=AXIS2_PLACEMENT_3D('',#3073,#3074,#3075);
#3077=PLANE('',#3076);
#3079=ORIENTED_EDGE('',*,*,#3078,.T.);
#3080=ORIENTED_EDGE('',*,*,#3046,.T.);
#3082=ORIENTED_EDGE('',*,*,#3081,.F.);
#3084=ORIENTED_EDGE('',*,*,#3083,.F.);
#3085=EDGE_LOOP('',(#3079,#3080,#3082,#3084));
#3086=FACE_OUTER_BOUND('',#3085,.F.);
#3087=ADVANCED_FACE('',(#3086),#3077,.F.);
#3088=CARTESIAN_POINT('',(5.9E1,1.7E1,-1.55E1));
#3089=DIRECTION('',(0.E0,1.E0,0.E0));
#3090=DIRECTION('',(1.E0,0.E0,0.E0));
#3091=AXIS2_PLACEMENT_3D('',#3088,#3089,#3090);
#3092=PLANE('',#3091);
#3094=ORIENTED_EDGE('',*,*,#3093,.T.);
#3095=ORIENTED_EDGE('',*,*,#3048,.F.);
#3096=ORIENTED_EDGE('',*,*,#3078,.F.);
#3098=ORIENTED_EDGE('',*,*,#3097,.F.);
#3099=EDGE_LOOP('',(#3094,#3095,#3096,#3098));
#3100=FACE_OUTER_BOUND('',#3099,.F.);
#3101=ADVANCED_FACE('',(#3100),#3092,.F.);
#3102=CARTESIAN_POINT('',(5.9E1,1.7E1,-1.525E1));
#3103=DIRECTION('',(0.E0,0.E0,1.E0));
#3104=DIRECTION('',(1.E0,0.E0,0.E0));
#3105=AXIS2_PLACEMENT_3D('',#3102,#3103,#3104);
#3106=PLANE('',#3105);
#3108=ORIENTED_EDGE('',*,*,#3107,.T.);
#3109=ORIENTED_EDGE('',*,*,#3050,.T.);
#3110=ORIENTED_EDGE('',*,*,#3093,.F.);
#3112=ORIENTED_EDGE('',*,*,#3111,.F.);
#3113=EDGE_LOOP('',(#3108,#3109,#3110,#3112));
#3114=FACE_OUTER_BOUND('',#3113,.F.);
#3115=ADVANCED_FACE('',(#3114),#3106,.F.);
#3116=CARTESIAN_POINT('',(5.9E1,1.575E1,-1.525E1));
#3117=DIRECTION('',(0.E0,1.E0,0.E0));
#3118=DIRECTION('',(1.E0,0.E0,0.E0));
#3119=AXIS2_PLACEMENT_3D('',#3116,#3117,#3118);
#3120=PLANE('',#3119);
#3122=ORIENTED_EDGE('',*,*,#3121,.T.);
#3123=ORIENTED_EDGE('',*,*,#3052,.T.);
#3124=ORIENTED_EDGE('',*,*,#3107,.F.);
#3126=ORIENTED_EDGE('',*,*,#3125,.F.);
#3127=EDGE_LOOP('',(#3122,#3123,#3124,#3126));
#3128=FACE_OUTER_BOUND('',#3127,.F.);
#3129=ADVANCED_FACE('',(#3128),#3120,.F.);
#3130=CARTESIAN_POINT('',(5.9E1,1.575E1,-1.4E1));
#3131=DIRECTION('',(0.E0,0.E0,1.E0));
#3132=DIRECTION('',(1.E0,0.E0,0.E0));
#3133=AXIS2_PLACEMENT_3D('',#3130,#3131,#3132);
#3134=PLANE('',#3133);
#3136=ORIENTED_EDGE('',*,*,#3135,.T.);
#3137=ORIENTED_EDGE('',*,*,#3054,.T.);
#3138=ORIENTED_EDGE('',*,*,#3121,.F.);
#3140=ORIENTED_EDGE('',*,*,#3139,.F.);
#3141=EDGE_LOOP('',(#3136,#3137,#3138,#3140));
#3142=FACE_OUTER_BOUND('',#3141,.F.);
#3143=ADVANCED_FACE('',(#3142),#3134,.F.);
#3144=CARTESIAN_POINT('',(5.9E1,1.525E1,-1.4E1));
#3145=DIRECTION('',(0.E0,-1.E0,0.E0));
#3146=DIRECTION('',(0.E0,0.E0,-1.E0));
#3147=AXIS2_PLACEMENT_3D('',#3144,#3145,#3146);
#3148=PLANE('',#3147);
#3150=ORIENTED_EDGE('',*,*,#3149,.T.);
#3151=ORIENTED_EDGE('',*,*,#3056,.T.);
#3152=ORIENTED_EDGE('',*,*,#3135,.F.);
#3154=ORIENTED_EDGE('',*,*,#3153,.F.);
#3155=EDGE_LOOP('',(#3150,#3151,#3152,#3154));
#3156=FACE_OUTER_BOUND('',#3155,.F.);
#3157=ADVANCED_FACE('',(#3156),#3148,.F.);
#3158=CARTESIAN_POINT('',(5.9E1,1.525E1,-1.525E1));
#3159=DIRECTION('',(0.E0,0.E0,1.E0));
#3160=DIRECTION('',(1.E0,0.E0,0.E0));
#3161=AXIS2_PLACEMENT_3D('',#3158,#3159,#3160);
#3162=PLANE('',#3161);
#3164=ORIENTED_EDGE('',*,*,#3163,.T.);
#3165=ORIENTED_EDGE('',*,*,#3058,.T.);
#3166=ORIENTED_EDGE('',*,*,#3149,.F.);
#3168=ORIENTED_EDGE('',*,*,#3167,.F.);
#3169=EDGE_LOOP('',(#3164,#3165,#3166,#3168));
#3170=FACE_OUTER_BOUND('',#3169,.F.);
#3171=ADVANCED_FACE('',(#3170),#3162,.F.);
#3172=CARTESIAN_POINT('',(5.9E1,1.4E1,-1.525E1));
#3173=DIRECTION('',(0.E0,-1.E0,0.E0));
#3174=DIRECTION('',(0.E0,0.E0,-1.E0));
#3175=AXIS2_PLACEMENT_3D('',#3172,#3173,#3174);
#3176=PLANE('',#3175);
#3178=ORIENTED_EDGE('',*,*,#3177,.T.);
#3179=ORIENTED_EDGE('',*,*,#3060,.T.);
#3180=ORIENTED_EDGE('',*,*,#3163,.F.);
#3182=ORIENTED_EDGE('',*,*,#3181,.F.);
#3183=EDGE_LOOP('',(#3178,#3179,#3180,#3182));
#3184=FACE_OUTER_BOUND('',#3183,.F.);
#3185=ADVANCED_FACE('',(#3184),#3176,.F.);
#3186=CARTESIAN_POINT('',(5.9E1,1.4E1,-1.575E1));
#3187=DIRECTION('',(0.E0,0.E0,-1.E0));
#3188=DIRECTION('',(0.E0,-1.E0,0.E0));
#3189=AXIS2_PLACEMENT_3D('',#3186,#3187,#3188);
#3190=PLANE('',#3189);
#3192=ORIENTED_EDGE('',*,*,#3191,.T.);
#3193=ORIENTED_EDGE('',*,*,#3062,.T.);
#3194=ORIENTED_EDGE('',*,*,#3177,.F.);
#3196=ORIENTED_EDGE('',*,*,#3195,.F.);
#3197=EDGE_LOOP('',(#3192,#3193,#3194,#3196));
#3198=FACE_OUTER_BOUND('',#3197,.F.);
#3199=ADVANCED_FACE('',(#3198),#3190,.F.);
#3200=CARTESIAN_POINT('',(5.9E1,1.525E1,-1.575E1));
#3201=DIRECTION('',(0.E0,-1.E0,0.E0));
#3202=DIRECTION('',(0.E0,0.E0,-1.E0));
#3203=AXIS2_PLACEMENT_3D('',#3200,#3201,#3202);
#3204=PLANE('',#3203);
#3206=ORIENTED_EDGE('',*,*,#3205,.T.);
#3207=ORIENTED_EDGE('',*,*,#3064,.T.);
#3208=ORIENTED_EDGE('',*,*,#3191,.F.);
#3210=ORIENTED_EDGE('',*,*,#3209,.F.);
#3211=EDGE_LOOP('',(#3206,#3207,#3208,#3210));
#3212=FACE_OUTER_BOUND('',#3211,.F.);
#3213=ADVANCED_FACE('',(#3212),#3204,.F.);
#3214=CARTESIAN_POINT('',(5.9E1,1.525E1,-1.7E1));
#3215=DIRECTION('',(0.E0,0.E0,-1.E0));
#3216=DIRECTION('',(0.E0,-1.E0,0.E0));
#3217=AXIS2_PLACEMENT_3D('',#3214,#3215,#3216);
#3218=PLANE('',#3217);
#3220=ORIENTED_EDGE('',*,*,#3219,.T.);
#3221=ORIENTED_EDGE('',*,*,#3066,.T.);
#3222=ORIENTED_EDGE('',*,*,#3205,.F.);
#3224=ORIENTED_EDGE('',*,*,#3223,.F.);
#3225=EDGE_LOOP('',(#3220,#3221,#3222,#3224));
#3226=FACE_OUTER_BOUND('',#3225,.F.);
#3227=ADVANCED_FACE('',(#3226),#3218,.F.);
#3228=CARTESIAN_POINT('',(5.9E1,1.575E1,-1.7E1));
#3229=DIRECTION('',(0.E0,1.E0,0.E0));
#3230=DIRECTION('',(1.E0,0.E0,0.E0));
#3231=AXIS2_PLACEMENT_3D('',#3228,#3229,#3230);
#3232=PLANE('',#3231);
#3233=ORIENTED_EDGE('',*,*,#3081,.T.);
#3234=ORIENTED_EDGE('',*,*,#3068,.T.);
#3235=ORIENTED_EDGE('',*,*,#3219,.F.);
#3237=ORIENTED_EDGE('',*,*,#3236,.F.);
#3238=EDGE_LOOP('',(#3233,#3234,#3235,#3237));
#3239=FACE_OUTER_BOUND('',#3238,.F.);
#3240=ADVANCED_FACE('',(#3239),#3232,.F.);
#3241=CARTESIAN_POINT('',(5.8E1,0.E0,0.E0));
#3242=DIRECTION('',(1.E0,0.E0,0.E0));
#3243=DIRECTION('',(0.E0,1.E0,0.E0));
#3244=AXIS2_PLACEMENT_3D('',#3241,#3242,#3243);
#3245=PLANE('',#3244);
#3246=ORIENTED_EDGE('',*,*,#3111,.T.);
#3247=ORIENTED_EDGE('',*,*,#3097,.T.);
#3248=ORIENTED_EDGE('',*,*,#3083,.T.);
#3249=ORIENTED_EDGE('',*,*,#3236,.T.);
#3250=ORIENTED_EDGE('',*,*,#3223,.T.);
#3251=ORIENTED_EDGE('',*,*,#3209,.T.);
#3252=ORIENTED_EDGE('',*,*,#3195,.T.);
#3253=ORIENTED_EDGE('',*,*,#3181,.T.);
#3254=ORIENTED_EDGE('',*,*,#3167,.T.);
#3255=ORIENTED_EDGE('',*,*,#3153,.T.);
#3256=ORIENTED_EDGE('',*,*,#3139,.T.);
#3257=ORIENTED_EDGE('',*,*,#3125,.T.);
#3258=EDGE_LOOP('',(#3246,#3247,#3248,#3249,#3250,#3251,#3252,#3253,#3254,#3255,
#3256,#3257));
#3259=FACE_OUTER_BOUND('',#3258,.F.);
#3260=ADVANCED_FACE('',(#3259),#3245,.T.);
#3261=CARTESIAN_POINT('',(5.8E1,0.E0,0.E0));
#3262=DIRECTION('',(1.E0,0.E0,0.E0));
#3263=DIRECTION('',(0.E0,1.E0,0.E0));
#3264=AXIS2_PLACEMENT_3D('',#3261,#3262,#3263);
#3265=PLANE('',#3264);
#3267=ORIENTED_EDGE('',*,*,#3266,.F.);
#3269=ORIENTED_EDGE('',*,*,#3268,.F.);
#3270=EDGE_LOOP('',(#3267,#3269));
#3271=FACE_OUTER_BOUND('',#3270,.F.);
#3272=ORIENTED_EDGE('',*,*,#3032,.F.);
#3273=ORIENTED_EDGE('',*,*,#3018,.F.);
#3274=EDGE_LOOP('',(#3272,#3273));
#3275=FACE_BOUND('',#3274,.F.);
#3276=ADVANCED_FACE('',(#3271,#3275),#3265,.T.);
#3277=CARTESIAN_POINT('',(5.9E1,1.55E1,-1.55E1));
#3278=DIRECTION('',(1.E0,0.E0,0.E0));
#3279=DIRECTION('',(0.E0,0.E0,-1.E0));
#3280=AXIS2_PLACEMENT_3D('',#3277,#3278,#3279);
#3281=CYLINDRICAL_SURFACE('',#3280,3.E0);
#3283=ORIENTED_EDGE('',*,*,#3282,.T.);
#3285=ORIENTED_EDGE('',*,*,#3284,.T.);
#3287=ORIENTED_EDGE('',*,*,#3286,.F.);
#3288=ORIENTED_EDGE('',*,*,#3266,.T.);
#3289=EDGE_LOOP('',(#3283,#3285,#3287,#3288));
#3290=FACE_OUTER_BOUND('',#3289,.F.);
#3291=ADVANCED_FACE('',(#3290),#3281,.F.);
#3292=CARTESIAN_POINT('',(5.9E1,1.55E1,-1.55E1));
#3293=DIRECTION('',(1.E0,0.E0,0.E0));
#3294=DIRECTION('',(0.E0,0.E0,-1.E0));
#3295=AXIS2_PLACEMENT_3D('',#3292,#3293,#3294);
#3296=CYLINDRICAL_SURFACE('',#3295,3.E0);
#3297=ORIENTED_EDGE('',*,*,#3286,.T.);
#3299=ORIENTED_EDGE('',*,*,#3298,.T.);
#3300=ORIENTED_EDGE('',*,*,#3282,.F.);
#3301=ORIENTED_EDGE('',*,*,#3268,.T.);
#3302=EDGE_LOOP('',(#3297,#3299,#3300,#3301));
#3303=FACE_OUTER_BOUND('',#3302,.F.);
#3304=ADVANCED_FACE('',(#3303),#3296,.F.);
#3305=CARTESIAN_POINT('',(5.9E1,0.E0,0.E0));
#3306=DIRECTION('',(1.E0,0.E0,0.E0));
#3307=DIRECTION('',(0.E0,1.E0,0.E0));
#3308=AXIS2_PLACEMENT_3D('',#3305,#3306,#3307);
#3309=PLANE('',#3308);
#3311=ORIENTED_EDGE('',*,*,#3310,.F.);
#3313=ORIENTED_EDGE('',*,*,#3312,.T.);
#3315=ORIENTED_EDGE('',*,*,#3314,.F.);
#3317=ORIENTED_EDGE('',*,*,#3316,.T.);
#3319=ORIENTED_EDGE('',*,*,#3318,.T.);
#3321=ORIENTED_EDGE('',*,*,#3320,.F.);
#3323=ORIENTED_EDGE('',*,*,#3322,.T.);
#3325=ORIENTED_EDGE('',*,*,#3324,.F.);
#3327=ORIENTED_EDGE('',*,*,#3326,.T.);
#3329=ORIENTED_EDGE('',*,*,#3328,.F.);
#3331=ORIENTED_EDGE('',*,*,#3330,.T.);
#3333=ORIENTED_EDGE('',*,*,#3332,.F.);
#3335=ORIENTED_EDGE('',*,*,#3334,.T.);
#3337=ORIENTED_EDGE('',*,*,#3336,.F.);
#3338=EDGE_LOOP('',(#3311,#3313,#3315,#3317,#3319,#3321,#3323,#3325,#3327,#3329,
#3331,#3333,#3335,#3337));
#3339=FACE_OUTER_BOUND('',#3338,.F.);
#3340=ORIENTED_EDGE('',*,*,#3284,.F.);
#3341=ORIENTED_EDGE('',*,*,#3298,.F.);
#3342=EDGE_LOOP('',(#3340,#3341));
#3343=FACE_BOUND('',#3342,.F.);
#3345=ORIENTED_EDGE('',*,*,#3344,.F.);
#3347=ORIENTED_EDGE('',*,*,#3346,.F.);
#3348=EDGE_LOOP('',(#3345,#3347));
#3349=FACE_BOUND('',#3348,.F.);
#3351=ORIENTED_EDGE('',*,*,#3350,.F.);
#3353=ORIENTED_EDGE('',*,*,#3352,.F.);
#3354=EDGE_LOOP('',(#3351,#3353));
#3355=FACE_BOUND('',#3354,.F.);
#3357=ORIENTED_EDGE('',*,*,#3356,.F.);
#3359=ORIENTED_EDGE('',*,*,#3358,.F.);
#3360=EDGE_LOOP('',(#3357,#3359));
#3361=FACE_BOUND('',#3360,.F.);
#3363=ORIENTED_EDGE('',*,*,#3362,.F.);
#3365=ORIENTED_EDGE('',*,*,#3364,.F.);
#3366=EDGE_LOOP('',(#3363,#3365));
#3367=FACE_BOUND('',#3366,.F.);
#3368=ADVANCED_FACE('',(#3339,#3343,#3349,#3355,#3361,#3367),#3309,.T.);
#3369=CARTESIAN_POINT('',(0.E0,0.E0,-2.505E1));
#3370=DIRECTION('',(0.E0,0.E0,-1.E0));
#3371=DIRECTION('',(0.E0,-1.E0,0.E0));
#3372=AXIS2_PLACEMENT_3D('',#3369,#3370,#3371);
#3373=PLANE('',#3372);
#3375=ORIENTED_EDGE('',*,*,#3374,.T.);
#3377=ORIENTED_EDGE('',*,*,#3376,.F.);
#3378=ORIENTED_EDGE('',*,*,#3310,.T.);
#3380=ORIENTED_EDGE('',*,*,#3379,.T.);
#3381=EDGE_LOOP('',(#3375,#3377,#3378,#3380));
#3382=FACE_OUTER_BOUND('',#3381,.F.);
#3383=ADVANCED_FACE('',(#3382),#3373,.T.);
#3384=CARTESIAN_POINT('',(4.52E1,-1.31E1,-2.115E1));
#3385=DIRECTION('',(-1.E0,0.E0,0.E0));
#3386=DIRECTION('',(0.E0,0.E0,1.E0));
#3387=AXIS2_PLACEMENT_3D('',#3384,#3385,#3386);
#3388=PLANE('',#3387);
#3390=ORIENTED_EDGE('',*,*,#3389,.F.);
#3392=ORIENTED_EDGE('',*,*,#3391,.F.);
#3394=ORIENTED_EDGE('',*,*,#3393,.T.);
#3396=ORIENTED_EDGE('',*,*,#3395,.T.);
#3398=ORIENTED_EDGE('',*,*,#3397,.F.);
#3400=ORIENTED_EDGE('',*,*,#3399,.F.);
#3402=ORIENTED_EDGE('',*,*,#3401,.F.);
#3404=ORIENTED_EDGE('',*,*,#3403,.T.);
#3406=ORIENTED_EDGE('',*,*,#3405,.F.);
#3407=ORIENTED_EDGE('',*,*,#3374,.F.);
#3409=ORIENTED_EDGE('',*,*,#3408,.T.);
#3411=ORIENTED_EDGE('',*,*,#3410,.T.);
#3413=ORIENTED_EDGE('',*,*,#3412,.F.);
#3414=EDGE_LOOP('',(#3390,#3392,#3394,#3396,#3398,#3400,#3402,#3404,#3406,#3407,
#3409,#3411,#3413));
#3415=FACE_OUTER_BOUND('',#3414,.F.);
#3416=ADVANCED_FACE('',(#3415),#3388,.T.);
#3417=CARTESIAN_POINT('',(4.52E1,0.E0,-2.315E1));
#3418=DIRECTION('',(-1.E0,0.E0,0.E0));
#3419=DIRECTION('',(0.E0,0.E0,-1.E0));
#3420=AXIS2_PLACEMENT_3D('',#3417,#3418,#3419);
#3421=CYLINDRICAL_SURFACE('',#3420,4.5E0);
#3423=ORIENTED_EDGE('',*,*,#3422,.F.);
#3424=ORIENTED_EDGE('',*,*,#3389,.T.);
#3426=ORIENTED_EDGE('',*,*,#3425,.F.);
#3428=ORIENTED_EDGE('',*,*,#3427,.T.);
#3429=EDGE_LOOP('',(#3423,#3424,#3426,#3428));
#3430=FACE_OUTER_BOUND('',#3429,.F.);
#3431=ADVANCED_FACE('',(#3430),#3421,.F.);
#3432=CARTESIAN_POINT('',(4.52E1,0.E0,-2.315E1));
#3433=DIRECTION('',(-1.E0,0.E0,0.E0));
#3434=DIRECTION('',(0.E0,0.E0,-1.E0));
#3435=AXIS2_PLACEMENT_3D('',#3432,#3433,#3434);
#3436=CYLINDRICAL_SURFACE('',#3435,4.5E0);
#3438=ORIENTED_EDGE('',*,*,#3437,.T.);
#3440=ORIENTED_EDGE('',*,*,#3439,.F.);
#3441=ORIENTED_EDGE('',*,*,#3391,.T.);
#3442=ORIENTED_EDGE('',*,*,#3422,.T.);
#3443=EDGE_LOOP('',(#3438,#3440,#3441,#3442));
#3444=FACE_OUTER_BOUND('',#3443,.F.);
#3445=ADVANCED_FACE('',(#3444),#3436,.F.);
#3446=CARTESIAN_POINT('',(4.82E1,0.E0,-2.115E1));
#3447=DIRECTION('',(-1.E0,0.E0,0.E0));
#3448=DIRECTION('',(0.E0,0.E0,1.E0));
#3449=AXIS2_PLACEMENT_3D('',#3446,#3447,#3448);
#3450=PLANE('',#3449);
#3452=ORIENTED_EDGE('',*,*,#3451,.T.);
#3454=ORIENTED_EDGE('',*,*,#3453,.T.);
#3455=ORIENTED_EDGE('',*,*,#3437,.F.);
#3456=ORIENTED_EDGE('',*,*,#3427,.F.);
#3458=ORIENTED_EDGE('',*,*,#3457,.T.);
#3459=EDGE_LOOP('',(#3452,#3454,#3455,#3456,#3458));
#3460=FACE_OUTER_BOUND('',#3459,.F.);
#3462=ORIENTED_EDGE('',*,*,#3461,.F.);
#3464=ORIENTED_EDGE('',*,*,#3463,.F.);
#3465=EDGE_LOOP('',(#3462,#3464));
#3466=FACE_BOUND('',#3465,.F.);
#3467=ADVANCED_FACE('',(#3460,#3466),#3450,.T.);
#3468=CARTESIAN_POINT('',(0.E0,-1.678325057907E1,-2.115E1));
#3469=DIRECTION('',(0.E0,0.E0,-1.E0));
#3470=DIRECTION('',(0.E0,-1.E0,0.E0));
#3471=AXIS2_PLACEMENT_3D('',#3468,#3469,#3470);
#3472=PLANE('',#3471);
#3474=ORIENTED_EDGE('',*,*,#3473,.T.);
#3476=ORIENTED_EDGE('',*,*,#3475,.T.);
#3478=ORIENTED_EDGE('',*,*,#3477,.F.);
#3480=ORIENTED_EDGE('',*,*,#3479,.F.);
#3481=ORIENTED_EDGE('',*,*,#3395,.F.);
#3483=ORIENTED_EDGE('',*,*,#3482,.F.);
#3484=ORIENTED_EDGE('',*,*,#3451,.F.);
#3486=ORIENTED_EDGE('',*,*,#3485,.T.);
#3487=ORIENTED_EDGE('',*,*,#3410,.F.);
#3489=ORIENTED_EDGE('',*,*,#3488,.T.);
#3491=ORIENTED_EDGE('',*,*,#3490,.F.);
#3493=ORIENTED_EDGE('',*,*,#3492,.F.);
#3494=EDGE_LOOP('',(#3474,#3476,#3478,#3480,#3481,#3483,#3484,#3486,#3487,#3489,
#3491,#3493));
#3495=FACE_OUTER_BOUND('',#3494,.F.);
#3496=ADVANCED_FACE('',(#3495),#3472,.T.);
#3497=CARTESIAN_POINT('',(4.155E1,0.E0,0.E0));
#3498=DIRECTION('',(-1.E0,0.E0,0.E0));
#3499=DIRECTION('',(0.E0,-1.E0,0.E0));
#3500=AXIS2_PLACEMENT_3D('',#3497,#3498,#3499);
#3501=PLANE('',#3500);
#3503=ORIENTED_EDGE('',*,*,#3502,.F.);
#3505=ORIENTED_EDGE('',*,*,#3504,.F.);
#3507=ORIENTED_EDGE('',*,*,#3506,.T.);
#3509=ORIENTED_EDGE('',*,*,#3508,.T.);
#3510=ORIENTED_EDGE('',*,*,#3473,.F.);
#3512=ORIENTED_EDGE('',*,*,#3511,.F.);
#3514=ORIENTED_EDGE('',*,*,#3513,.F.);
#3516=ORIENTED_EDGE('',*,*,#3515,.T.);
#3517=EDGE_LOOP('',(#3503,#3505,#3507,#3509,#3510,#3512,#3514,#3516));
#3518=FACE_OUTER_BOUND('',#3517,.F.);
#3520=ORIENTED_EDGE('',*,*,#3519,.F.);
#3522=ORIENTED_EDGE('',*,*,#3521,.F.);
#3523=EDGE_LOOP('',(#3520,#3522));
#3524=FACE_BOUND('',#3523,.F.);
#3525=ADVANCED_FACE('',(#3518,#3524),#3501,.T.);
#3526=CARTESIAN_POINT('',(0.E0,1.678325057907E1,2.115E1));
#3527=DIRECTION('',(0.E0,0.E0,1.E0));
#3528=DIRECTION('',(1.E0,0.E0,0.E0));
#3529=AXIS2_PLACEMENT_3D('',#3526,#3527,#3528);
#3530=PLANE('',#3529);
#3531=ORIENTED_EDGE('',*,*,#3502,.T.);
#3533=ORIENTED_EDGE('',*,*,#3532,.T.);
#3535=ORIENTED_EDGE('',*,*,#3534,.F.);
#3537=ORIENTED_EDGE('',*,*,#3536,.F.);
#3538=EDGE_LOOP('',(#3531,#3533,#3535,#3537));
#3539=FACE_OUTER_BOUND('',#3538,.F.);
#3540=ADVANCED_FACE('',(#3539),#3530,.T.);
#3541=CARTESIAN_POINT('',(8.05E0,2.115E1,1.420533905933E1));
#3542=DIRECTION('',(0.E0,-7.071067811865E-1,-7.071067811865E-1));
#3543=DIRECTION('',(0.E0,-7.071067811865E-1,7.071067811865E-1));
#3544=AXIS2_PLACEMENT_3D('',#3541,#3542,#3543);
#3545=PLANE('',#3544);
#3546=ORIENTED_EDGE('',*,*,#3515,.F.);
#3548=ORIENTED_EDGE('',*,*,#3547,.T.);
#3550=ORIENTED_EDGE('',*,*,#3549,.T.);
#3551=ORIENTED_EDGE('',*,*,#3532,.F.);
#3552=EDGE_LOOP('',(#3546,#3548,#3550,#3551));
#3553=FACE_OUTER_BOUND('',#3552,.F.);
#3554=ADVANCED_FACE('',(#3553),#3545,.F.);
#3555=CARTESIAN_POINT('',(0.E0,2.115E1,-1.678325057907E1));
#3556=DIRECTION('',(0.E0,1.E0,0.E0));
#3557=DIRECTION('',(1.E0,0.E0,0.E0));
#3558=AXIS2_PLACEMENT_3D('',#3555,#3556,#3557);
#3559=PLANE('',#3558);
#3560=ORIENTED_EDGE('',*,*,#3513,.T.);
#3562=ORIENTED_EDGE('',*,*,#3561,.T.);
#3564=ORIENTED_EDGE('',*,*,#3563,.F.);
#3565=ORIENTED_EDGE('',*,*,#3547,.F.);
#3566=EDGE_LOOP('',(#3560,#3562,#3564,#3565));
#3567=FACE_OUTER_BOUND('',#3566,.F.);
#3568=ADVANCED_FACE('',(#3567),#3559,.T.);
#3569=CARTESIAN_POINT('',(8.05E0,1.420533905933E1,-2.115E1));
#3570=DIRECTION('',(0.E0,-7.071067811865E-1,7.071067811865E-1));
#3571=DIRECTION('',(-1.E0,0.E0,0.E0));
#3572=AXIS2_PLACEMENT_3D('',#3569,#3570,#3571);
#3573=PLANE('',#3572);
#3574=ORIENTED_EDGE('',*,*,#3511,.T.);
#3575=ORIENTED_EDGE('',*,*,#3492,.T.);
#3577=ORIENTED_EDGE('',*,*,#3576,.T.);
#3578=ORIENTED_EDGE('',*,*,#3561,.F.);
#3579=EDGE_LOOP('',(#3574,#3575,#3577,#3578));
#3580=FACE_OUTER_BOUND('',#3579,.F.);
#3581=ADVANCED_FACE('',(#3580),#3573,.F.);
#3582=CARTESIAN_POINT('',(5.1E1,0.E0,0.E0));
#3583=DIRECTION('',(1.E0,0.E0,0.E0));
#3584=DIRECTION('',(0.E0,1.E0,0.E0));
#3585=AXIS2_PLACEMENT_3D('',#3582,#3583,#3584);
#3586=PLANE('',#3585);
#3588=ORIENTED_EDGE('',*,*,#3587,.F.);
#3589=ORIENTED_EDGE('',*,*,#3477,.T.);
#3591=ORIENTED_EDGE('',*,*,#3590,.F.);
#3593=ORIENTED_EDGE('',*,*,#3592,.T.);
#3595=ORIENTED_EDGE('',*,*,#3594,.F.);
#3596=ORIENTED_EDGE('',*,*,#3534,.T.);
#3597=ORIENTED_EDGE('',*,*,#3549,.F.);
#3598=ORIENTED_EDGE('',*,*,#3563,.T.);
#3599=ORIENTED_EDGE('',*,*,#3576,.F.);
#3600=ORIENTED_EDGE('',*,*,#3490,.T.);
#3601=EDGE_LOOP('',(#3588,#3589,#3591,#3593,#3595,#3596,#3597,#3598,#3599,
#3600));
#3602=FACE_OUTER_BOUND('',#3601,.F.);
#3604=ORIENTED_EDGE('',*,*,#3603,.F.);
#3606=ORIENTED_EDGE('',*,*,#3605,.F.);
#3607=EDGE_LOOP('',(#3604,#3606));
#3608=FACE_BOUND('',#3607,.F.);
#3609=ADVANCED_FACE('',(#3602,#3608),#3586,.T.);
#3610=CARTESIAN_POINT('',(0.E0,0.E0,-2.115E1));
#3611=DIRECTION('',(0.E0,0.E0,-1.E0));
#3612=DIRECTION('',(0.E0,-1.E0,0.E0));
#3613=AXIS2_PLACEMENT_3D('',#3610,#3611,#3612);
#3614=PLANE('',#3613);
#3616=ORIENTED_EDGE('',*,*,#3615,.F.);
#3618=ORIENTED_EDGE('',*,*,#3617,.F.);
#3620=ORIENTED_EDGE('',*,*,#3619,.F.);
#3621=ORIENTED_EDGE('',*,*,#3587,.T.);
#3622=EDGE_LOOP('',(#3616,#3618,#3620,#3621));
#3623=FACE_OUTER_BOUND('',#3622,.F.);
#3624=ADVANCED_FACE('',(#3623),#3614,.F.);
#3625=CARTESIAN_POINT('',(4.52E1,1.31E1,-2.115E1));
#3626=DIRECTION('',(0.E0,1.E0,0.E0));
#3627=DIRECTION('',(1.E0,0.E0,0.E0));
#3628=AXIS2_PLACEMENT_3D('',#3625,#3626,#3627);
#3629=PLANE('',#3628);
#3630=ORIENTED_EDGE('',*,*,#3336,.T.);
#3632=ORIENTED_EDGE('',*,*,#3631,.F.);
#3633=ORIENTED_EDGE('',*,*,#3615,.T.);
#3634=ORIENTED_EDGE('',*,*,#3488,.F.);
#3635=ORIENTED_EDGE('',*,*,#3408,.F.);
#3636=ORIENTED_EDGE('',*,*,#3379,.F.);
#3637=EDGE_LOOP('',(#3630,#3632,#3633,#3634,#3635,#3636));
#3638=FACE_OUTER_BOUND('',#3637,.F.);
#3639=ADVANCED_FACE('',(#3638),#3629,.T.);
#3640=CARTESIAN_POINT('',(0.E0,-1.678325057907E1,-2.115E1));
#3641=DIRECTION('',(0.E0,0.E0,-1.E0));
#3642=DIRECTION('',(0.E0,-1.E0,0.E0));
#3643=AXIS2_PLACEMENT_3D('',#3640,#3641,#3642);
#3644=PLANE('',#3643);
#3646=ORIENTED_EDGE('',*,*,#3645,.T.);
#3647=ORIENTED_EDGE('',*,*,#3631,.T.);
#3648=ORIENTED_EDGE('',*,*,#3334,.F.);
#3650=ORIENTED_EDGE('',*,*,#3649,.T.);
#3651=EDGE_LOOP('',(#3646,#3647,#3648,#3650));
#3652=FACE_OUTER_BOUND('',#3651,.F.);
#3653=ADVANCED_FACE('',(#3652),#3644,.T.);
#3654=CARTESIAN_POINT('',(5.105E1,0.E0,0.E0));
#3655=DIRECTION('',(1.E0,0.E0,0.E0));
#3656=DIRECTION('',(0.E0,1.E0,0.E0));
#3657=AXIS2_PLACEMENT_3D('',#3654,#3655,#3656);
#3658=PLANE('',#3657);
#3659=ORIENTED_EDGE('',*,*,#3617,.T.);
#3660=ORIENTED_EDGE('',*,*,#3645,.F.);
#3662=ORIENTED_EDGE('',*,*,#3661,.F.);
#3664=ORIENTED_EDGE('',*,*,#3663,.F.);
#3666=ORIENTED_EDGE('',*,*,#3665,.F.);
#3668=ORIENTED_EDGE('',*,*,#3667,.F.);
#3670=ORIENTED_EDGE('',*,*,#3669,.F.);
#3672=ORIENTED_EDGE('',*,*,#3671,.F.);
#3674=ORIENTED_EDGE('',*,*,#3673,.F.);
#3676=ORIENTED_EDGE('',*,*,#3675,.F.);
#3677=EDGE_LOOP('',(#3659,#3660,#3662,#3664,#3666,#3668,#3670,#3672,#3674,
#3676));
#3678=FACE_OUTER_BOUND('',#3677,.F.);
#3680=ORIENTED_EDGE('',*,*,#3679,.F.);
#3682=ORIENTED_EDGE('',*,*,#3681,.F.);
#3683=EDGE_LOOP('',(#3680,#3682));
#3684=FACE_BOUND('',#3683,.F.);
#3685=ADVANCED_FACE('',(#3678,#3684),#3658,.F.);
#3686=CARTESIAN_POINT('',(0.E0,0.E0,0.E0));
#3687=DIRECTION('',(1.E0,0.E0,0.E0));
#3688=DIRECTION('',(0.E0,-1.E0,0.E0));
#3689=AXIS2_PLACEMENT_3D('',#3686,#3687,#3688);
#3690=CYLINDRICAL_SURFACE('',#3689,2.7E1);
#3692=ORIENTED_EDGE('',*,*,#3691,.F.);
#3693=ORIENTED_EDGE('',*,*,#3661,.T.);
#3694=ORIENTED_EDGE('',*,*,#3649,.F.);
#3695=ORIENTED_EDGE('',*,*,#3332,.T.);
#3696=EDGE_LOOP('',(#3692,#3693,#3694,#3695));
#3697=FACE_OUTER_BOUND('',#3696,.F.);
#3698=ADVANCED_FACE('',(#3697),#3690,.T.);
#3699=CARTESIAN_POINT('',(0.E0,2.115E1,-1.678325057907E1));
#3700=DIRECTION('',(0.E0,1.E0,0.E0));
#3701=DIRECTION('',(1.E0,0.E0,0.E0));
#3702=AXIS2_PLACEMENT_3D('',#3699,#3700,#3701);
#3703=PLANE('',#3702);
#3705=ORIENTED_EDGE('',*,*,#3704,.T.);
#3706=ORIENTED_EDGE('',*,*,#3663,.T.);
#3707=ORIENTED_EDGE('',*,*,#3691,.T.);
#3708=ORIENTED_EDGE('',*,*,#3330,.F.);
#3709=EDGE_LOOP('',(#3705,#3706,#3707,#3708));
#3710=FACE_OUTER_BOUND('',#3709,.F.);
#3711=ADVANCED_FACE('',(#3710),#3703,.T.);
#3712=CARTESIAN_POINT('',(0.E0,0.E0,0.E0));
#3713=DIRECTION('',(1.E0,0.E0,0.E0));
#3714=DIRECTION('',(0.E0,-1.E0,0.E0));
#3715=AXIS2_PLACEMENT_3D('',#3712,#3713,#3714);
#3716=CYLINDRICAL_SURFACE('',#3715,2.7E1);
#3718=ORIENTED_EDGE('',*,*,#3717,.F.);
#3719=ORIENTED_EDGE('',*,*,#3665,.T.);
#3720=ORIENTED_EDGE('',*,*,#3704,.F.);
#3721=ORIENTED_EDGE('',*,*,#3328,.T.);
#3722=EDGE_LOOP('',(#3718,#3719,#3720,#3721));
#3723=FACE_OUTER_BOUND('',#3722,.F.);
#3724=ADVANCED_FACE('',(#3723),#3716,.T.);
#3725=CARTESIAN_POINT('',(0.E0,1.678325057907E1,2.115E1));
#3726=DIRECTION('',(0.E0,0.E0,1.E0));
#3727=DIRECTION('',(1.E0,0.E0,0.E0));
#3728=AXIS2_PLACEMENT_3D('',#3725,#3726,#3727);
#3729=PLANE('',#3728);
#3731=ORIENTED_EDGE('',*,*,#3730,.T.);
#3732=ORIENTED_EDGE('',*,*,#3667,.T.);
#3733=ORIENTED_EDGE('',*,*,#3717,.T.);
#3734=ORIENTED_EDGE('',*,*,#3326,.F.);
#3735=EDGE_LOOP('',(#3731,#3732,#3733,#3734));
#3736=FACE_OUTER_BOUND('',#3735,.F.);
#3737=ADVANCED_FACE('',(#3736),#3729,.T.);
#3738=CARTESIAN_POINT('',(0.E0,0.E0,0.E0));
#3739=DIRECTION('',(1.E0,0.E0,0.E0));
#3740=DIRECTION('',(0.E0,-1.E0,0.E0));
#3741=AXIS2_PLACEMENT_3D('',#3738,#3739,#3740);
#3742=CYLINDRICAL_SURFACE('',#3741,2.7E1);
#3744=ORIENTED_EDGE('',*,*,#3743,.F.);
#3745=ORIENTED_EDGE('',*,*,#3669,.T.);
#3746=ORIENTED_EDGE('',*,*,#3730,.F.);
#3747=ORIENTED_EDGE('',*,*,#3324,.T.);
#3748=EDGE_LOOP('',(#3744,#3745,#3746,#3747));
#3749=FACE_OUTER_BOUND('',#3748,.F.);
#3750=ADVANCED_FACE('',(#3749),#3742,.T.);
#3751=CARTESIAN_POINT('',(0.E0,-2.115E1,1.678325057907E1));
#3752=DIRECTION('',(0.E0,-1.E0,0.E0));
#3753=DIRECTION('',(0.E0,0.E0,-1.E0));
#3754=AXIS2_PLACEMENT_3D('',#3751,#3752,#3753);
#3755=PLANE('',#3754);
#3757=ORIENTED_EDGE('',*,*,#3756,.T.);
#3758=ORIENTED_EDGE('',*,*,#3671,.T.);
#3759=ORIENTED_EDGE('',*,*,#3743,.T.);
#3760=ORIENTED_EDGE('',*,*,#3322,.F.);
#3761=EDGE_LOOP('',(#3757,#3758,#3759,#3760));
#3762=FACE_OUTER_BOUND('',#3761,.F.);
#3763=ADVANCED_FACE('',(#3762),#3755,.T.);
#3764=CARTESIAN_POINT('',(0.E0,0.E0,0.E0));
#3765=DIRECTION('',(1.E0,0.E0,0.E0));
#3766=DIRECTION('',(0.E0,-1.E0,0.E0));
#3767=AXIS2_PLACEMENT_3D('',#3764,#3765,#3766);
#3768=CYLINDRICAL_SURFACE('',#3767,2.7E1);
#3770=ORIENTED_EDGE('',*,*,#3769,.F.);
#3771=ORIENTED_EDGE('',*,*,#3673,.T.);
#3772=ORIENTED_EDGE('',*,*,#3756,.F.);
#3773=ORIENTED_EDGE('',*,*,#3320,.T.);
#3774=EDGE_LOOP('',(#3770,#3771,#3772,#3773));
#3775=FACE_OUTER_BOUND('',#3774,.F.);
#3776=ADVANCED_FACE('',(#3775),#3768,.T.);
#3777=CARTESIAN_POINT('',(0.E0,-1.678325057907E1,-2.115E1));
#3778=DIRECTION('',(0.E0,0.E0,-1.E0));
#3779=DIRECTION('',(0.E0,-1.E0,0.E0));
#3780=AXIS2_PLACEMENT_3D('',#3777,#3778,#3779);
#3781=PLANE('',#3780);
#3782=ORIENTED_EDGE('',*,*,#3318,.F.);
#3784=ORIENTED_EDGE('',*,*,#3783,.F.);
#3785=ORIENTED_EDGE('',*,*,#3675,.T.);
#3786=ORIENTED_EDGE('',*,*,#3769,.T.);
#3787=EDGE_LOOP('',(#3782,#3784,#3785,#3786));
#3788=FACE_OUTER_BOUND('',#3787,.F.);
#3789=ADVANCED_FACE('',(#3788),#3781,.T.);
#3790=CARTESIAN_POINT('',(5.9E1,-1.31E1,-2.115E1));
#3791=DIRECTION('',(0.E0,-1.E0,0.E0));
#3792=DIRECTION('',(0.E0,0.E0,-1.E0));
#3793=AXIS2_PLACEMENT_3D('',#3790,#3791,#3792);
#3794=PLANE('',#3793);
#3795=ORIENTED_EDGE('',*,*,#3619,.T.);
#3796=ORIENTED_EDGE('',*,*,#3783,.T.);
#3797=ORIENTED_EDGE('',*,*,#3316,.F.);
#3799=ORIENTED_EDGE('',*,*,#3798,.F.);
#3800=ORIENTED_EDGE('',*,*,#3397,.T.);
#3801=ORIENTED_EDGE('',*,*,#3479,.T.);
#3802=EDGE_LOOP('',(#3795,#3796,#3797,#3799,#3800,#3801));
#3803=FACE_OUTER_BOUND('',#3802,.F.);
#3804=ADVANCED_FACE('',(#3803),#3794,.T.);
#3805=CARTESIAN_POINT('',(0.E0,0.E0,-2.505E1));
#3806=DIRECTION('',(0.E0,0.E0,-1.E0));
#3807=DIRECTION('',(0.E0,-1.E0,0.E0));
#3808=AXIS2_PLACEMENT_3D('',#3805,#3806,#3807);
#3809=PLANE('',#3808);
#3810=ORIENTED_EDGE('',*,*,#3314,.T.);
#3812=ORIENTED_EDGE('',*,*,#3811,.T.);
#3813=ORIENTED_EDGE('',*,*,#3399,.T.);
#3814=ORIENTED_EDGE('',*,*,#3798,.T.);
#3815=EDGE_LOOP('',(#3810,#3812,#3813,#3814));
#3816=FACE_OUTER_BOUND('',#3815,.F.);
#3817=ADVANCED_FACE('',(#3816),#3809,.T.);
#3818=CARTESIAN_POINT('',(4.52E1,-6.75E0,-2.925E1));
#3819=DIRECTION('',(0.E0,-7.908707004640E-1,-6.119832801209E-1));
#3820=DIRECTION('',(0.E0,6.119832801209E-1,-7.908707004640E-1));
#3821=AXIS2_PLACEMENT_3D('',#3818,#3819,#3820);
#3822=PLANE('',#3821);
#3823=ORIENTED_EDGE('',*,*,#3811,.F.);
#3825=ORIENTED_EDGE('',*,*,#3824,.T.);
#3827=ORIENTED_EDGE('',*,*,#3826,.T.);
#3828=ORIENTED_EDGE('',*,*,#3401,.T.);
#3829=EDGE_LOOP('',(#3823,#3825,#3827,#3828));
#3830=FACE_OUTER_BOUND('',#3829,.F.);
#3831=ADVANCED_FACE('',(#3830),#3822,.T.);
#3832=CARTESIAN_POINT('',(5.172538660821E1,1.E1,-2.925E1));
#3833=DIRECTION('',(-5.E-1,0.E0,8.660254037844E-1));
#3834=DIRECTION('',(0.E0,1.E0,0.E0));
#3835=AXIS2_PLACEMENT_3D('',#3832,#3833,#3834);
#3836=PLANE('',#3835);
#3837=ORIENTED_EDGE('',*,*,#3824,.F.);
#3838=ORIENTED_EDGE('',*,*,#3312,.F.);
#3840=ORIENTED_EDGE('',*,*,#3839,.T.);
#3842=ORIENTED_EDGE('',*,*,#3841,.F.);
#3843=EDGE_LOOP('',(#3837,#3838,#3840,#3842));
#3844=FACE_OUTER_BOUND('',#3843,.F.);
#3845=ADVANCED_FACE('',(#3844),#3836,.F.);
#3846=CARTESIAN_POINT('',(4.52E1,1.E1,-2.505E1));
#3847=DIRECTION('',(0.E0,7.908707004640E-1,-6.119832801209E-1));
#3848=DIRECTION('',(-1.E0,0.E0,0.E0));
#3849=AXIS2_PLACEMENT_3D('',#3846,#3847,#3848);
#3850=PLANE('',#3849);
#3852=ORIENTED_EDGE('',*,*,#3851,.F.);
#3853=ORIENTED_EDGE('',*,*,#3839,.F.);
#3854=ORIENTED_EDGE('',*,*,#3376,.T.);
#3855=ORIENTED_EDGE('',*,*,#3405,.T.);
#3856=EDGE_LOOP('',(#3852,#3853,#3854,#3855));
#3857=FACE_OUTER_BOUND('',#3856,.F.);
#3858=ADVANCED_FACE('',(#3857),#3850,.T.);
#3859=CARTESIAN_POINT('',(4.52E1,6.75E0,-2.925E1));
#3860=DIRECTION('',(0.E0,0.E0,-1.E0));
#3861=DIRECTION('',(0.E0,-1.E0,0.E0));
#3862=AXIS2_PLACEMENT_3D('',#3859,#3860,#3861);
#3863=PLANE('',#3862);
#3864=ORIENTED_EDGE('',*,*,#3826,.F.);
#3865=ORIENTED_EDGE('',*,*,#3841,.T.);
#3866=ORIENTED_EDGE('',*,*,#3851,.T.);
#3867=ORIENTED_EDGE('',*,*,#3403,.F.);
#3868=EDGE_LOOP('',(#3864,#3865,#3866,#3867));
#3869=FACE_OUTER_BOUND('',#3868,.F.);
#3870=ADVANCED_FACE('',(#3869),#3863,.T.);
#3871=CARTESIAN_POINT('',(5.9E1,0.E0,0.E0));
#3872=DIRECTION('',(1.E0,0.E0,0.E0));
#3873=DIRECTION('',(0.E0,0.E0,-1.E0));
#3874=AXIS2_PLACEMENT_3D('',#3871,#3872,#3873);
#3875=CYLINDRICAL_SURFACE('',#3874,3.5E0);
#3877=ORIENTED_EDGE('',*,*,#3876,.T.);
#3878=ORIENTED_EDGE('',*,*,#3362,.T.);
#3880=ORIENTED_EDGE('',*,*,#3879,.F.);
#3881=ORIENTED_EDGE('',*,*,#3679,.T.);
#3882=EDGE_LOOP('',(#3877,#3878,#3880,#3881));
#3883=FACE_OUTER_BOUND('',#3882,.F.);
#3884=ADVANCED_FACE('',(#3883),#3875,.F.);
#3885=CARTESIAN_POINT('',(5.9E1,0.E0,0.E0));
#3886=DIRECTION('',(1.E0,0.E0,0.E0));
#3887=DIRECTION('',(0.E0,0.E0,-1.E0));
#3888=AXIS2_PLACEMENT_3D('',#3885,#3886,#3887);
#3889=CYLINDRICAL_SURFACE('',#3888,3.5E0);
#3890=ORIENTED_EDGE('',*,*,#3879,.T.);
#3891=ORIENTED_EDGE('',*,*,#3364,.T.);
#3892=ORIENTED_EDGE('',*,*,#3876,.F.);
#3893=ORIENTED_EDGE('',*,*,#3681,.T.);
#3894=EDGE_LOOP('',(#3890,#3891,#3892,#3893));
#3895=FACE_OUTER_BOUND('',#3894,.F.);
#3896=ADVANCED_FACE('',(#3895),#3889,.F.);
#3897=CARTESIAN_POINT('',(8.05E0,-2.115E1,-1.420533905933E1));
#3898=DIRECTION('',(0.E0,7.071067811865E-1,7.071067811865E-1));
#3899=DIRECTION('',(1.E0,0.E0,0.E0));
#3900=AXIS2_PLACEMENT_3D('',#3897,#3898,#3899);
#3901=PLANE('',#3900);
#3902=ORIENTED_EDGE('',*,*,#3508,.F.);
#3904=ORIENTED_EDGE('',*,*,#3903,.T.);
#3905=ORIENTED_EDGE('',*,*,#3590,.T.);
#3906=ORIENTED_EDGE('',*,*,#3475,.F.);
#3907=EDGE_LOOP('',(#3902,#3904,#3905,#3906));
#3908=FACE_OUTER_BOUND('',#3907,.F.);
#3909=ADVANCED_FACE('',(#3908),#3901,.F.);
#3910=CARTESIAN_POINT('',(0.E0,-2.115E1,1.678325057907E1));
#3911=DIRECTION('',(0.E0,-1.E0,0.E0));
#3912=DIRECTION('',(0.E0,0.E0,-1.E0));
#3913=AXIS2_PLACEMENT_3D('',#3910,#3911,#3912);
#3914=PLANE('',#3913);
#3915=ORIENTED_EDGE('',*,*,#3506,.F.);
#3917=ORIENTED_EDGE('',*,*,#3916,.T.);
#3918=ORIENTED_EDGE('',*,*,#3592,.F.);
#3919=ORIENTED_EDGE('',*,*,#3903,.F.);
#3920=EDGE_LOOP('',(#3915,#3917,#3918,#3919));
#3921=FACE_OUTER_BOUND('',#3920,.F.);
#3922=ADVANCED_FACE('',(#3921),#3914,.T.);
#3923=CARTESIAN_POINT('',(8.05E0,-1.420533905933E1,2.115E1));
#3924=DIRECTION('',(0.E0,7.071067811865E-1,-7.071067811865E-1));
#3925=DIRECTION('',(-1.E0,0.E0,0.E0));
#3926=AXIS2_PLACEMENT_3D('',#3923,#3924,#3925);
#3927=PLANE('',#3926);
#3928=ORIENTED_EDGE('',*,*,#3504,.T.);
#3929=ORIENTED_EDGE('',*,*,#3536,.T.);
#3930=ORIENTED_EDGE('',*,*,#3594,.T.);
#3931=ORIENTED_EDGE('',*,*,#3916,.F.);
#3932=EDGE_LOOP('',(#3928,#3929,#3930,#3931));
#3933=FACE_OUTER_BOUND('',#3932,.F.);
#3934=ADVANCED_FACE('',(#3933),#3927,.F.);
#3935=CARTESIAN_POINT('',(5.9E1,0.E0,0.E0));
#3936=DIRECTION('',(1.E0,0.E0,0.E0));
#3937=DIRECTION('',(0.E0,0.E0,-1.E0));
#3938=AXIS2_PLACEMENT_3D('',#3935,#3936,#3937);
#3939=CYLINDRICAL_SURFACE('',#3938,3.5E0);
#3940=ORIENTED_EDGE('',*,*,#3519,.T.);
#3942=ORIENTED_EDGE('',*,*,#3941,.T.);
#3943=ORIENTED_EDGE('',*,*,#3603,.T.);
#3945=ORIENTED_EDGE('',*,*,#3944,.F.);
#3946=EDGE_LOOP('',(#3940,#3942,#3943,#3945));
#3947=FACE_OUTER_BOUND('',#3946,.F.);
#3948=ADVANCED_FACE('',(#3947),#3939,.F.);
#3949=CARTESIAN_POINT('',(5.9E1,0.E0,0.E0));
#3950=DIRECTION('',(1.E0,0.E0,0.E0));
#3951=DIRECTION('',(0.E0,0.E0,-1.E0));
#3952=AXIS2_PLACEMENT_3D('',#3949,#3950,#3951);
#3953=CYLINDRICAL_SURFACE('',#3952,3.5E0);
#3954=ORIENTED_EDGE('',*,*,#3521,.T.);
#3955=ORIENTED_EDGE('',*,*,#3944,.T.);
#3956=ORIENTED_EDGE('',*,*,#3605,.T.);
#3957=ORIENTED_EDGE('',*,*,#3941,.F.);
#3958=EDGE_LOOP('',(#3954,#3955,#3956,#3957));
#3959=FACE_OUTER_BOUND('',#3958,.F.);
#3960=ADVANCED_FACE('',(#3959),#3953,.F.);
#3961=CARTESIAN_POINT('',(4.52E1,-4.5E0,-2.315E1));
#3962=DIRECTION('',(0.E0,-1.E0,0.E0));
#3963=DIRECTION('',(0.E0,0.E0,-1.E0));
#3964=AXIS2_PLACEMENT_3D('',#3961,#3962,#3963);
#3965=PLANE('',#3964);
#3966=ORIENTED_EDGE('',*,*,#3482,.T.);
#3967=ORIENTED_EDGE('',*,*,#3393,.F.);
#3968=ORIENTED_EDGE('',*,*,#3439,.T.);
#3969=ORIENTED_EDGE('',*,*,#3453,.F.);
#3970=EDGE_LOOP('',(#3966,#3967,#3968,#3969));
#3971=FACE_OUTER_BOUND('',#3970,.F.);
#3972=ADVANCED_FACE('',(#3971),#3965,.F.);
#3973=CARTESIAN_POINT('',(4.52E1,4.5E0,-2.115E1));
#3974=DIRECTION('',(0.E0,1.E0,0.E0));
#3975=DIRECTION('',(1.E0,0.E0,0.E0));
#3976=AXIS2_PLACEMENT_3D('',#3973,#3974,#3975);
#3977=PLANE('',#3976);
#3978=ORIENTED_EDGE('',*,*,#3425,.T.);
#3979=ORIENTED_EDGE('',*,*,#3412,.T.);
#3980=ORIENTED_EDGE('',*,*,#3485,.F.);
#3981=ORIENTED_EDGE('',*,*,#3457,.F.);
#3982=EDGE_LOOP('',(#3978,#3979,#3980,#3981));
#3983=FACE_OUTER_BOUND('',#3982,.F.);
#3984=ADVANCED_FACE('',(#3983),#3977,.F.);
#3985=CARTESIAN_POINT('',(3.909404155633E1,0.E0,-2.425E1));
#3986=DIRECTION('',(1.E0,0.E0,0.E0));
#3987=DIRECTION('',(0.E0,0.E0,-1.E0));
#3988=AXIS2_PLACEMENT_3D('',#3985,#3986,#3987);
#3989=CYLINDRICAL_SURFACE('',#3988,2.5E0);
#3991=ORIENTED_EDGE('',*,*,#3990,.T.);
#3993=ORIENTED_EDGE('',*,*,#3992,.F.);
#3994=ORIENTED_EDGE('',*,*,#3461,.T.);
#3996=ORIENTED_EDGE('',*,*,#3995,.F.);
#3997=EDGE_LOOP('',(#3991,#3993,#3994,#3996));
#3998=FACE_OUTER_BOUND('',#3997,.F.);
#3999=ADVANCED_FACE('',(#3998),#3989,.T.);
#4000=CARTESIAN_POINT('',(3.909404155633E1,0.E0,-3.025E1));
#4001=DIRECTION('',(0.E0,1.E0,0.E0));
#4002=DIRECTION('',(1.E0,0.E0,0.E0));
#4003=AXIS2_PLACEMENT_3D('',#4000,#4001,#4002);
#4004=TOROIDAL_SURFACE('',#4003,6.E0,2.5E0);
#4006=ORIENTED_EDGE('',*,*,#4005,.T.);
#4008=ORIENTED_EDGE('',*,*,#4007,.F.);
#4010=ORIENTED_EDGE('',*,*,#4009,.F.);
#4011=ORIENTED_EDGE('',*,*,#3990,.F.);
#4012=EDGE_LOOP('',(#4006,#4008,#4010,#4011));
#4013=FACE_OUTER_BOUND('',#4012,.F.);
#4014=ADVANCED_FACE('',(#4013),#4004,.T.);
#4015=CARTESIAN_POINT('',(3.909404155633E1,0.E0,-3.025E1));
#4016=DIRECTION('',(0.E0,1.E0,0.E0));
#4017=DIRECTION('',(1.E0,0.E0,0.E0));
#4018=AXIS2_PLACEMENT_3D('',#4015,#4016,#4017);
#4019=TOROIDAL_SURFACE('',#4018,6.E0,2.5E0);
#4020=ORIENTED_EDGE('',*,*,#4009,.T.);
#4022=ORIENTED_EDGE('',*,*,#4021,.F.);
#4023=ORIENTED_EDGE('',*,*,#4005,.F.);
#4025=ORIENTED_EDGE('',*,*,#4024,.F.);
#4026=EDGE_LOOP('',(#4020,#4022,#4023,#4025));
#4027=FACE_OUTER_BOUND('',#4026,.F.);
#4028=ADVANCED_FACE('',(#4027),#4019,.T.);
#4029=CARTESIAN_POINT('',(3.309404155633E1,0.E0,-6.593332351545E1));
#4030=DIRECTION('',(0.E0,0.E0,1.E0));
#4031=DIRECTION('',(1.E0,0.E0,0.E0));
#4032=AXIS2_PLACEMENT_3D('',#4029,#4030,#4031);
#4033=CYLINDRICAL_SURFACE('',#4032,2.5E0);
#4035=ORIENTED_EDGE('',*,*,#4034,.T.);
#4037=ORIENTED_EDGE('',*,*,#4036,.T.);
#4039=ORIENTED_EDGE('',*,*,#4038,.F.);
#4040=ORIENTED_EDGE('',*,*,#4021,.T.);
#4041=EDGE_LOOP('',(#4035,#4037,#4039,#4040));
#4042=FACE_OUTER_BOUND('',#4041,.F.);
#4043=ADVANCED_FACE('',(#4042),#4033,.T.);
#4044=CARTESIAN_POINT('',(3.309404155633E1,0.E0,-6.593332351545E1));
#4045=DIRECTION('',(0.E0,0.E0,1.E0));
#4046=DIRECTION('',(1.E0,0.E0,0.E0));
#4047=AXIS2_PLACEMENT_3D('',#4044,#4045,#4046);
#4048=CYLINDRICAL_SURFACE('',#4047,2.5E0);
#4049=ORIENTED_EDGE('',*,*,#4038,.T.);
#4051=ORIENTED_EDGE('',*,*,#4050,.T.);
#4052=ORIENTED_EDGE('',*,*,#4034,.F.);
#4053=ORIENTED_EDGE('',*,*,#4007,.T.);
#4054=EDGE_LOOP('',(#4049,#4051,#4052,#4053));
#4055=FACE_OUTER_BOUND('',#4054,.F.);
#4056=ADVANCED_FACE('',(#4055),#4048,.T.);
#4057=CARTESIAN_POINT('',(3.309404155633E1,0.E0,-6.593332351545E1));
#4058=DIRECTION('',(0.E0,0.E0,1.E0));
#4059=DIRECTION('',(1.E0,0.E0,0.E0));
#4060=AXIS2_PLACEMENT_3D('',#4057,#4058,#4059);
#4061=PLANE('',#4060);
#4062=ORIENTED_EDGE('',*,*,#4050,.F.);
#4063=ORIENTED_EDGE('',*,*,#4036,.F.);
#4064=EDGE_LOOP('',(#4062,#4063));
#4065=FACE_OUTER_BOUND('',#4064,.F.);
#4067=ORIENTED_EDGE('',*,*,#4066,.F.);
#4069=ORIENTED_EDGE('',*,*,#4068,.F.);
#4070=EDGE_LOOP('',(#4067,#4069));
#4071=FACE_BOUND('',#4070,.F.);
#4073=ORIENTED_EDGE('',*,*,#4072,.F.);
#4075=ORIENTED_EDGE('',*,*,#4074,.F.);
#4076=EDGE_LOOP('',(#4073,#4075));
#4077=FACE_BOUND('',#4076,.F.);
#4079=ORIENTED_EDGE('',*,*,#4078,.F.);
#4081=ORIENTED_EDGE('',*,*,#4080,.F.);
#4082=EDGE_LOOP('',(#4079,#4081));
#4083=FACE_BOUND('',#4082,.F.);
#4085=ORIENTED_EDGE('',*,*,#4084,.F.);
#4087=ORIENTED_EDGE('',*,*,#4086,.F.);
#4088=EDGE_LOOP('',(#4085,#4087));
#4089=FACE_BOUND('',#4088,.F.);
#4090=ADVANCED_FACE('',(#4065,#4071,#4077,#4083,#4089),#4061,.F.);
#4091=CARTESIAN_POINT('',(3.309404155633E1,-1.4E0,-6.593332351545E1));
#4092=DIRECTION('',(0.E0,0.E0,-1.E0));
#4093=DIRECTION('',(1.E0,0.E0,0.E0));
#4094=AXIS2_PLACEMENT_3D('',#4091,#4092,#4093);
#4095=CYLINDRICAL_SURFACE('',#4094,9.E-1);
#4097=ORIENTED_EDGE('',*,*,#4096,.T.);
#4098=ORIENTED_EDGE('',*,*,#4066,.T.);
#4100=ORIENTED_EDGE('',*,*,#4099,.F.);
#4102=ORIENTED_EDGE('',*,*,#4101,.T.);
#4103=EDGE_LOOP('',(#4097,#4098,#4100,#4102));
#4104=FACE_OUTER_BOUND('',#4103,.F.);
#4105=ADVANCED_FACE('',(#4104),#4095,.T.);
#4106=CARTESIAN_POINT('',(3.309404155633E1,-1.4E0,-6.593332351545E1));
#4107=DIRECTION('',(0.E0,0.E0,-1.E0));
#4108=DIRECTION('',(1.E0,0.E0,0.E0));
#4109=AXIS2_PLACEMENT_3D('',#4106,#4107,#4108);
#4110=CYLINDRICAL_SURFACE('',#4109,9.E-1);
#4111=ORIENTED_EDGE('',*,*,#4099,.T.);
#4112=ORIENTED_EDGE('',*,*,#4068,.T.);
#4113=ORIENTED_EDGE('',*,*,#4096,.F.);
#4115=ORIENTED_EDGE('',*,*,#4114,.T.);
#4116=EDGE_LOOP('',(#4111,#4112,#4113,#4115));
#4117=FACE_OUTER_BOUND('',#4116,.F.);
#4118=ADVANCED_FACE('',(#4117),#4110,.T.);
#4119=CARTESIAN_POINT('',(0.E0,0.E0,-7.493332351545E1));
#4120=DIRECTION('',(0.E0,0.E0,-1.E0));
#4121=DIRECTION('',(0.E0,-1.E0,0.E0));
#4122=AXIS2_PLACEMENT_3D('',#4119,#4120,#4121);
#4123=PLANE('',#4122);
#4124=ORIENTED_EDGE('',*,*,#4101,.F.);
#4125=ORIENTED_EDGE('',*,*,#4114,.F.);
#4126=EDGE_LOOP('',(#4124,#4125));
#4127=FACE_OUTER_BOUND('',#4126,.F.);
#4129=ORIENTED_EDGE('',*,*,#4128,.F.);
#4131=ORIENTED_EDGE('',*,*,#4130,.F.);
#4132=EDGE_LOOP('',(#4129,#4131));
#4133=FACE_BOUND('',#4132,.F.);
#4134=ADVANCED_FACE('',(#4127,#4133),#4123,.T.);
#4135=CARTESIAN_POINT('',(3.309404155633E1,-1.4E0,-7.493332351545E1));
#4136=DIRECTION('',(0.E0,0.E0,-1.E0));
#4137=DIRECTION('',(1.E0,0.E0,0.E0));
#4138=AXIS2_PLACEMENT_3D('',#4135,#4136,#4137);
#4139=CYLINDRICAL_SURFACE('',#4138,5.E-1);
#4141=ORIENTED_EDGE('',*,*,#4140,.T.);
#4142=ORIENTED_EDGE('',*,*,#4128,.T.);
#4144=ORIENTED_EDGE('',*,*,#4143,.F.);
#4146=ORIENTED_EDGE('',*,*,#4145,.T.);
#4147=EDGE_LOOP('',(#4141,#4142,#4144,#4146));
#4148=FACE_OUTER_BOUND('',#4147,.F.);
#4149=ADVANCED_FACE('',(#4148),#4139,.T.);
#4150=CARTESIAN_POINT('',(3.309404155633E1,-1.4E0,-7.493332351545E1));
#4151=DIRECTION('',(0.E0,0.E0,-1.E0));
#4152=DIRECTION('',(1.E0,0.E0,0.E0));
#4153=AXIS2_PLACEMENT_3D('',#4150,#4151,#4152);
#4154=CYLINDRICAL_SURFACE('',#4153,5.E-1);
#4155=ORIENTED_EDGE('',*,*,#4143,.T.);
#4156=ORIENTED_EDGE('',*,*,#4130,.T.);
#4157=ORIENTED_EDGE('',*,*,#4140,.F.);
#4159=ORIENTED_EDGE('',*,*,#4158,.T.);
#4160=EDGE_LOOP('',(#4155,#4156,#4157,#4159));
#4161=FACE_OUTER_BOUND('',#4160,.F.);
#4162=ADVANCED_FACE('',(#4161),#4154,.T.);
#4163=CARTESIAN_POINT('',(0.E0,0.E0,-7.793332351545E1));
#4164=DIRECTION('',(0.E0,0.E0,-1.E0));
#4165=DIRECTION('',(0.E0,-1.E0,0.E0));
#4166=AXIS2_PLACEMENT_3D('',#4163,#4164,#4165);
#4167=PLANE('',#4166);
#4168=ORIENTED_EDGE('',*,*,#4145,.F.);
#4169=ORIENTED_EDGE('',*,*,#4158,.F.);
#4170=EDGE_LOOP('',(#4168,#4169));
#4171=FACE_OUTER_BOUND('',#4170,.F.);
#4172=ADVANCED_FACE('',(#4171),#4167,.T.);
#4173=CARTESIAN_POINT('',(3.169404155633E1,0.E0,-6.593332351545E1));
#4174=DIRECTION('',(0.E0,0.E0,-1.E0));
#4175=DIRECTION('',(1.E0,0.E0,0.E0));
#4176=AXIS2_PLACEMENT_3D('',#4173,#4174,#4175);
#4177=CYLINDRICAL_SURFACE('',#4176,9.E-1);
#4179=ORIENTED_EDGE('',*,*,#4178,.T.);
#4180=ORIENTED_EDGE('',*,*,#4072,.T.);
#4182=ORIENTED_EDGE('',*,*,#4181,.F.);
#4184=ORIENTED_EDGE('',*,*,#4183,.T.);
#4185=EDGE_LOOP('',(#4179,#4180,#4182,#4184));
#4186=FACE_OUTER_BOUND('',#4185,.F.);
#4187=ADVANCED_FACE('',(#4186),#4177,.T.);
#4188=CARTESIAN_POINT('',(3.169404155633E1,0.E0,-6.593332351545E1));
#4189=DIRECTION('',(0.E0,0.E0,-1.E0));
#4190=DIRECTION('',(1.E0,0.E0,0.E0));
#4191=AXIS2_PLACEMENT_3D('',#4188,#4189,#4190);
#4192=CYLINDRICAL_SURFACE('',#4191,9.E-1);
#4193=ORIENTED_EDGE('',*,*,#4181,.T.);
#4194=ORIENTED_EDGE('',*,*,#4074,.T.);
#4195=ORIENTED_EDGE('',*,*,#4178,.F.);
#4197=ORIENTED_EDGE('',*,*,#4196,.T.);
#4198=EDGE_LOOP('',(#4193,#4194,#4195,#4197));
#4199=FACE_OUTER_BOUND('',#4198,.F.);
#4200=ADVANCED_FACE('',(#4199),#4192,.T.);
#4201=CARTESIAN_POINT('',(0.E0,0.E0,-7.493332351545E1));
#4202=DIRECTION('',(0.E0,0.E0,-1.E0));
#4203=DIRECTION('',(0.E0,-1.E0,0.E0));
#4204=AXIS2_PLACEMENT_3D('',#4201,#4202,#4203);
#4205=PLANE('',#4204);
#4206=ORIENTED_EDGE('',*,*,#4183,.F.);
#4207=ORIENTED_EDGE('',*,*,#4196,.F.);
#4208=EDGE_LOOP('',(#4206,#4207));
#4209=FACE_OUTER_BOUND('',#4208,.F.);
#4211=ORIENTED_EDGE('',*,*,#4210,.F.);
#4213=ORIENTED_EDGE('',*,*,#4212,.F.);
#4214=EDGE_LOOP('',(#4211,#4213));
#4215=FACE_BOUND('',#4214,.F.);
#4216=ADVANCED_FACE('',(#4209,#4215),#4205,.T.);
#4217=CARTESIAN_POINT('',(3.169404155633E1,0.E0,-7.493332351545E1));
#4218=DIRECTION('',(0.E0,0.E0,-1.E0));
#4219=DIRECTION('',(1.E0,0.E0,0.E0));
#4220=AXIS2_PLACEMENT_3D('',#4217,#4218,#4219);
#4221=CYLINDRICAL_SURFACE('',#4220,5.E-1);
#4223=ORIENTED_EDGE('',*,*,#4222,.T.);
#4224=ORIENTED_EDGE('',*,*,#4210,.T.);
#4226=ORIENTED_EDGE('',*,*,#4225,.F.);
#4228=ORIENTED_EDGE('',*,*,#4227,.T.);
#4229=EDGE_LOOP('',(#4223,#4224,#4226,#4228));
#4230=FACE_OUTER_BOUND('',#4229,.F.);
#4231=ADVANCED_FACE('',(#4230),#4221,.T.);
#4232=CARTESIAN_POINT('',(3.169404155633E1,0.E0,-7.493332351545E1));
#4233=DIRECTION('',(0.E0,0.E0,-1.E0));
#4234=DIRECTION('',(1.E0,0.E0,0.E0));
#4235=AXIS2_PLACEMENT_3D('',#4232,#4233,#4234);
#4236=CYLINDRICAL_SURFACE('',#4235,5.E-1);
#4237=ORIENTED_EDGE('',*,*,#4225,.T.);
#4238=ORIENTED_EDGE('',*,*,#4212,.T.);
#4239=ORIENTED_EDGE('',*,*,#4222,.F.);
#4241=ORIENTED_EDGE('',*,*,#4240,.T.);
#4242=EDGE_LOOP('',(#4237,#4238,#4239,#4241));
#4243=FACE_OUTER_BOUND('',#4242,.F.);
#4244=ADVANCED_FACE('',(#4243),#4236,.T.);
#4245=CARTESIAN_POINT('',(0.E0,0.E0,-7.793332351545E1));
#4246=DIRECTION('',(0.E0,0.E0,-1.E0));
#4247=DIRECTION('',(0.E0,-1.E0,0.E0));
#4248=AXIS2_PLACEMENT_3D('',#4245,#4246,#4247);
#4249=PLANE('',#4248);
#4250=ORIENTED_EDGE('',*,*,#4227,.F.);
#4251=ORIENTED_EDGE('',*,*,#4240,.F.);
#4252=EDGE_LOOP('',(#4250,#4251));
#4253=FACE_OUTER_BOUND('',#4252,.F.);
#4254=ADVANCED_FACE('',(#4253),#4249,.T.);
#4255=CARTESIAN_POINT('',(3.449404155633E1,0.E0,-6.593332351545E1));
#4256=DIRECTION('',(0.E0,0.E0,-1.E0));
#4257=DIRECTION('',(1.E0,0.E0,0.E0));
#4258=AXIS2_PLACEMENT_3D('',#4255,#4256,#4257);
#4259=CYLINDRICAL_SURFACE('',#4258,9.E-1);
#4261=ORIENTED_EDGE('',*,*,#4260,.T.);
#4262=ORIENTED_EDGE('',*,*,#4078,.T.);
#4264=ORIENTED_EDGE('',*,*,#4263,.F.);
#4266=ORIENTED_EDGE('',*,*,#4265,.T.);
#4267=EDGE_LOOP('',(#4261,#4262,#4264,#4266));
#4268=FACE_OUTER_BOUND('',#4267,.F.);
#4269=ADVANCED_FACE('',(#4268),#4259,.T.);
#4270=CARTESIAN_POINT('',(3.449404155633E1,0.E0,-6.593332351545E1));
#4271=DIRECTION('',(0.E0,0.E0,-1.E0));
#4272=DIRECTION('',(1.E0,0.E0,0.E0));
#4273=AXIS2_PLACEMENT_3D('',#4270,#4271,#4272);
#4274=CYLINDRICAL_SURFACE('',#4273,9.E-1);
#4275=ORIENTED_EDGE('',*,*,#4263,.T.);
#4276=ORIENTED_EDGE('',*,*,#4080,.T.);
#4277=ORIENTED_EDGE('',*,*,#4260,.F.);
#4279=ORIENTED_EDGE('',*,*,#4278,.T.);
#4280=EDGE_LOOP('',(#4275,#4276,#4277,#4279));
#4281=FACE_OUTER_BOUND('',#4280,.F.);
#4282=ADVANCED_FACE('',(#4281),#4274,.T.);
#4283=CARTESIAN_POINT('',(0.E0,0.E0,-7.493332351545E1));
#4284=DIRECTION('',(0.E0,0.E0,-1.E0));
#4285=DIRECTION('',(0.E0,-1.E0,0.E0));
#4286=AXIS2_PLACEMENT_3D('',#4283,#4284,#4285);
#4287=PLANE('',#4286);
#4288=ORIENTED_EDGE('',*,*,#4265,.F.);
#4289=ORIENTED_EDGE('',*,*,#4278,.F.);
#4290=EDGE_LOOP('',(#4288,#4289));
#4291=FACE_OUTER_BOUND('',#4290,.F.);
#4293=ORIENTED_EDGE('',*,*,#4292,.F.);
#4295=ORIENTED_EDGE('',*,*,#4294,.F.);
#4296=EDGE_LOOP('',(#4293,#4295));
#4297=FACE_BOUND('',#4296,.F.);
#4298=ADVANCED_FACE('',(#4291,#4297),#4287,.T.);
#4299=CARTESIAN_POINT('',(3.449404155633E1,0.E0,-7.493332351545E1));
#4300=DIRECTION('',(0.E0,0.E0,-1.E0));
#4301=DIRECTION('',(1.E0,0.E0,0.E0));
#4302=AXIS2_PLACEMENT_3D('',#4299,#4300,#4301);
#4303=CYLINDRICAL_SURFACE('',#4302,5.E-1);
#4305=ORIENTED_EDGE('',*,*,#4304,.T.);
#4306=ORIENTED_EDGE('',*,*,#4292,.T.);
#4308=ORIENTED_EDGE('',*,*,#4307,.F.);
#4310=ORIENTED_EDGE('',*,*,#4309,.T.);
#4311=EDGE_LOOP('',(#4305,#4306,#4308,#4310));
#4312=FACE_OUTER_BOUND('',#4311,.F.);
#4313=ADVANCED_FACE('',(#4312),#4303,.T.);
#4314=CARTESIAN_POINT('',(3.449404155633E1,0.E0,-7.493332351545E1));
#4315=DIRECTION('',(0.E0,0.E0,-1.E0));
#4316=DIRECTION('',(1.E0,0.E0,0.E0));
#4317=AXIS2_PLACEMENT_3D('',#4314,#4315,#4316);
#4318=CYLINDRICAL_SURFACE('',#4317,5.E-1);
#4319=ORIENTED_EDGE('',*,*,#4307,.T.);
#4320=ORIENTED_EDGE('',*,*,#4294,.T.);
#4321=ORIENTED_EDGE('',*,*,#4304,.F.);
#4323=ORIENTED_EDGE('',*,*,#4322,.T.);
#4324=EDGE_LOOP('',(#4319,#4320,#4321,#4323));
#4325=FACE_OUTER_BOUND('',#4324,.F.);
#4326=ADVANCED_FACE('',(#4325),#4318,.T.);
#4327=CARTESIAN_POINT('',(0.E0,0.E0,-7.793332351545E1));
#4328=DIRECTION('',(0.E0,0.E0,-1.E0));
#4329=DIRECTION('',(0.E0,-1.E0,0.E0));
#4330=AXIS2_PLACEMENT_3D('',#4327,#4328,#4329);
#4331=PLANE('',#4330);
#4332=ORIENTED_EDGE('',*,*,#4309,.F.);
#4333=ORIENTED_EDGE('',*,*,#4322,.F.);
#4334=EDGE_LOOP('',(#4332,#4333));
#4335=FACE_OUTER_BOUND('',#4334,.F.);
#4336=ADVANCED_FACE('',(#4335),#4331,.T.);
#4337=CARTESIAN_POINT('',(3.309404155633E1,1.4E0,-6.593332351545E1));
#4338=DIRECTION('',(0.E0,0.E0,-1.E0));
#4339=DIRECTION('',(1.E0,0.E0,0.E0));
#4340=AXIS2_PLACEMENT_3D('',#4337,#4338,#4339);
#4341=CYLINDRICAL_SURFACE('',#4340,9.E-1);
#4343=ORIENTED_EDGE('',*,*,#4342,.T.);
#4344=ORIENTED_EDGE('',*,*,#4084,.T.);
#4346=ORIENTED_EDGE('',*,*,#4345,.F.);
#4348=ORIENTED_EDGE('',*,*,#4347,.T.);
#4349=EDGE_LOOP('',(#4343,#4344,#4346,#4348));
#4350=FACE_OUTER_BOUND('',#4349,.F.);
#4351=ADVANCED_FACE('',(#4350),#4341,.T.);
#4352=CARTESIAN_POINT('',(3.309404155633E1,1.4E0,-6.593332351545E1));
#4353=DIRECTION('',(0.E0,0.E0,-1.E0));
#4354=DIRECTION('',(1.E0,0.E0,0.E0));
#4355=AXIS2_PLACEMENT_3D('',#4352,#4353,#4354);
#4356=CYLINDRICAL_SURFACE('',#4355,9.E-1);
#4357=ORIENTED_EDGE('',*,*,#4345,.T.);
#4358=ORIENTED_EDGE('',*,*,#4086,.T.);
#4359=ORIENTED_EDGE('',*,*,#4342,.F.);
#4361=ORIENTED_EDGE('',*,*,#4360,.T.);
#4362=EDGE_LOOP('',(#4357,#4358,#4359,#4361));
#4363=FACE_OUTER_BOUND('',#4362,.F.);
#4364=ADVANCED_FACE('',(#4363),#4356,.T.);
#4365=CARTESIAN_POINT('',(0.E0,0.E0,-7.493332351545E1));
#4366=DIRECTION('',(0.E0,0.E0,-1.E0));
#4367=DIRECTION('',(0.E0,-1.E0,0.E0));
#4368=AXIS2_PLACEMENT_3D('',#4365,#4366,#4367);
#4369=PLANE('',#4368);
#4370=ORIENTED_EDGE('',*,*,#4347,.F.);
#4371=ORIENTED_EDGE('',*,*,#4360,.F.);
#4372=EDGE_LOOP('',(#4370,#4371));
#4373=FACE_OUTER_BOUND('',#4372,.F.);
#4375=ORIENTED_EDGE('',*,*,#4374,.F.);
#4377=ORIENTED_EDGE('',*,*,#4376,.F.);
#4378=EDGE_LOOP('',(#4375,#4377));
#4379=FACE_BOUND('',#4378,.F.);
#4380=ADVANCED_FACE('',(#4373,#4379),#4369,.T.);
#4381=CARTESIAN_POINT('',(3.309404155633E1,1.4E0,-7.493332351545E1));
#4382=DIRECTION('',(0.E0,0.E0,-1.E0));
#4383=DIRECTION('',(1.E0,0.E0,0.E0));
#4384=AXIS2_PLACEMENT_3D('',#4381,#4382,#4383);
#4385=CYLINDRICAL_SURFACE('',#4384,5.E-1);
#4387=ORIENTED_EDGE('',*,*,#4386,.T.);
#4388=ORIENTED_EDGE('',*,*,#4374,.T.);
#4390=ORIENTED_EDGE('',*,*,#4389,.F.);
#4392=ORIENTED_EDGE('',*,*,#4391,.T.);
#4393=EDGE_LOOP('',(#4387,#4388,#4390,#4392));
#4394=FACE_OUTER_BOUND('',#4393,.F.);
#4395=ADVANCED_FACE('',(#4394),#4385,.T.);
#4396=CARTESIAN_POINT('',(3.309404155633E1,1.4E0,-7.493332351545E1));
#4397=DIRECTION('',(0.E0,0.E0,-1.E0));
#4398=DIRECTION('',(1.E0,0.E0,0.E0));
#4399=AXIS2_PLACEMENT_3D('',#4396,#4397,#4398);
#4400=CYLINDRICAL_SURFACE('',#4399,5.E-1);
#4401=ORIENTED_EDGE('',*,*,#4389,.T.);
#4402=ORIENTED_EDGE('',*,*,#4376,.T.);
#4403=ORIENTED_EDGE('',*,*,#4386,.F.);
#4405=ORIENTED_EDGE('',*,*,#4404,.T.);
#4406=EDGE_LOOP('',(#4401,#4402,#4403,#4405));
#4407=FACE_OUTER_BOUND('',#4406,.F.);
#4408=ADVANCED_FACE('',(#4407),#4400,.T.);
#4409=CARTESIAN_POINT('',(0.E0,0.E0,-7.793332351545E1));
#4410=DIRECTION('',(0.E0,0.E0,-1.E0));
#4411=DIRECTION('',(0.E0,-1.E0,0.E0));
#4412=AXIS2_PLACEMENT_3D('',#4409,#4410,#4411);
#4413=PLANE('',#4412);
#4414=ORIENTED_EDGE('',*,*,#4391,.F.);
#4415=ORIENTED_EDGE('',*,*,#4404,.F.);
#4416=EDGE_LOOP('',(#4414,#4415));
#4417=FACE_OUTER_BOUND('',#4416,.F.);
#4418=ADVANCED_FACE('',(#4417),#4413,.T.);
#4419=CARTESIAN_POINT('',(3.909404155633E1,0.E0,-2.425E1));
#4420=DIRECTION('',(1.E0,0.E0,0.E0));
#4421=DIRECTION('',(0.E0,0.E0,-1.E0));
#4422=AXIS2_PLACEMENT_3D('',#4419,#4420,#4421);
#4423=CYLINDRICAL_SURFACE('',#4422,2.5E0);
#4424=ORIENTED_EDGE('',*,*,#4024,.T.);
#4425=ORIENTED_EDGE('',*,*,#3995,.T.);
#4426=ORIENTED_EDGE('',*,*,#3463,.T.);
#4427=ORIENTED_EDGE('',*,*,#3992,.T.);
#4428=EDGE_LOOP('',(#4424,#4425,#4426,#4427));
#4429=FACE_OUTER_BOUND('',#4428,.F.);
#4430=ADVANCED_FACE('',(#4429),#4423,.T.);
#4431=CARTESIAN_POINT('',(5.9E1,1.55E1,1.55E1));
#4432=DIRECTION('',(1.E0,0.E0,0.E0));
#4433=DIRECTION('',(0.E0,1.E0,0.E0));
#4434=AXIS2_PLACEMENT_3D('',#4431,#4432,#4433);
#4435=CYLINDRICAL_SURFACE('',#4434,3.E0);
#4437=ORIENTED_EDGE('',*,*,#4436,.T.);
#4438=ORIENTED_EDGE('',*,*,#3344,.T.);
#4440=ORIENTED_EDGE('',*,*,#4439,.F.);
#4442=ORIENTED_EDGE('',*,*,#4441,.T.);
#4443=EDGE_LOOP('',(#4437,#4438,#4440,#4442));
#4444=FACE_OUTER_BOUND('',#4443,.F.);
#4445=ADVANCED_FACE('',(#4444),#4435,.F.);
#4446=CARTESIAN_POINT('',(5.9E1,1.55E1,1.55E1));
#4447=DIRECTION('',(1.E0,0.E0,0.E0));
#4448=DIRECTION('',(0.E0,1.E0,0.E0));
#4449=AXIS2_PLACEMENT_3D('',#4446,#4447,#4448);
#4450=CYLINDRICAL_SURFACE('',#4449,3.E0);
#4451=ORIENTED_EDGE('',*,*,#4439,.T.);
#4452=ORIENTED_EDGE('',*,*,#3346,.T.);
#4453=ORIENTED_EDGE('',*,*,#4436,.F.);
#4455=ORIENTED_EDGE('',*,*,#4454,.T.);
#4456=EDGE_LOOP('',(#4451,#4452,#4453,#4455));
#4457=FACE_OUTER_BOUND('',#4456,.F.);
#4458=ADVANCED_FACE('',(#4457),#4450,.F.);
#4459=CARTESIAN_POINT('',(5.8E1,0.E0,0.E0));
#4460=DIRECTION('',(1.E0,0.E0,0.E0));
#4461=DIRECTION('',(0.E0,1.E0,0.E0));
#4462=AXIS2_PLACEMENT_3D('',#4459,#4460,#4461);
#4463=PLANE('',#4462);
#4464=ORIENTED_EDGE('',*,*,#4441,.F.);
#4465=ORIENTED_EDGE('',*,*,#4454,.F.);
#4466=EDGE_LOOP('',(#4464,#4465));
#4467=FACE_OUTER_BOUND('',#4466,.F.);
#4469=ORIENTED_EDGE('',*,*,#4468,.F.);
#4471=ORIENTED_EDGE('',*,*,#4470,.F.);
#4472=EDGE_LOOP('',(#4469,#4471));
#4473=FACE_BOUND('',#4472,.F.);
#4474=ADVANCED_FACE('',(#4467,#4473),#4463,.T.);
#4475=CARTESIAN_POINT('',(5.9E1,1.55E1,1.55E1));
#4476=DIRECTION('',(1.E0,0.E0,0.E0));
#4477=DIRECTION('',(0.E0,1.E0,0.E0));
#4478=AXIS2_PLACEMENT_3D('',#4475,#4476,#4477);
#4479=CYLINDRICAL_SURFACE('',#4478,2.5E0);
#4481=ORIENTED_EDGE('',*,*,#4480,.T.);
#4483=ORIENTED_EDGE('',*,*,#4482,.T.);
#4485=ORIENTED_EDGE('',*,*,#4484,.F.);
#4486=ORIENTED_EDGE('',*,*,#4468,.T.);
#4487=EDGE_LOOP('',(#4481,#4483,#4485,#4486));
#4488=FACE_OUTER_BOUND('',#4487,.F.);
#4489=ADVANCED_FACE('',(#4488),#4479,.T.);
#4490=CARTESIAN_POINT('',(5.9E1,1.55E1,1.55E1));
#4491=DIRECTION('',(1.E0,0.E0,0.E0));
#4492=DIRECTION('',(0.E0,1.E0,0.E0));
#4493=AXIS2_PLACEMENT_3D('',#4490,#4491,#4492);
#4494=CYLINDRICAL_SURFACE('',#4493,2.5E0);
#4495=ORIENTED_EDGE('',*,*,#4484,.T.);
#4497=ORIENTED_EDGE('',*,*,#4496,.T.);
#4498=ORIENTED_EDGE('',*,*,#4480,.F.);
#4499=ORIENTED_EDGE('',*,*,#4470,.T.);
#4500=EDGE_LOOP('',(#4495,#4497,#4498,#4499));
#4501=FACE_OUTER_BOUND('',#4500,.F.);
#4502=ADVANCED_FACE('',(#4501),#4494,.T.);
#4503=CARTESIAN_POINT('',(5.9E1,0.E0,0.E0));
#4504=DIRECTION('',(1.E0,0.E0,0.E0));
#4505=DIRECTION('',(0.E0,1.E0,0.E0));
#4506=AXIS2_PLACEMENT_3D('',#4503,#4504,#4505);
#4507=PLANE('',#4506);
#4508=ORIENTED_EDGE('',*,*,#4482,.F.);
#4509=ORIENTED_EDGE('',*,*,#4496,.F.);
#4510=EDGE_LOOP('',(#4508,#4509));
#4511=FACE_OUTER_BOUND('',#4510,.F.);
#4513=ORIENTED_EDGE('',*,*,#4512,.F.);
#4515=ORIENTED_EDGE('',*,*,#4514,.T.);
#4517=ORIENTED_EDGE('',*,*,#4516,.F.);
#4519=ORIENTED_EDGE('',*,*,#4518,.F.);
#4521=ORIENTED_EDGE('',*,*,#4520,.F.);
#4523=ORIENTED_EDGE('',*,*,#4522,.F.);
#4525=ORIENTED_EDGE('',*,*,#4524,.F.);
#4527=ORIENTED_EDGE('',*,*,#4526,.F.);
#4529=ORIENTED_EDGE('',*,*,#4528,.F.);
#4531=ORIENTED_EDGE('',*,*,#4530,.F.);
#4533=ORIENTED_EDGE('',*,*,#4532,.F.);
#4535=ORIENTED_EDGE('',*,*,#4534,.F.);
#4536=EDGE_LOOP('',(#4513,#4515,#4517,#4519,#4521,#4523,#4525,#4527,#4529,#4531,
#4533,#4535));
#4537=FACE_BOUND('',#4536,.F.);
#4538=ADVANCED_FACE('',(#4511,#4537),#4507,.T.);
#4539=CARTESIAN_POINT('',(5.9E1,1.575E1,1.575E1));
#4540=DIRECTION('',(0.E0,1.E0,0.E0));
#4541=DIRECTION('',(1.E0,0.E0,0.E0));
#4542=AXIS2_PLACEMENT_3D('',#4539,#4540,#4541);
#4543=PLANE('',#4542);
#4545=ORIENTED_EDGE('',*,*,#4544,.T.);
#4546=ORIENTED_EDGE('',*,*,#4512,.T.);
#4548=ORIENTED_EDGE('',*,*,#4547,.F.);
#4550=ORIENTED_EDGE('',*,*,#4549,.F.);
#4551=EDGE_LOOP('',(#4545,#4546,#4548,#4550));
#4552=FACE_OUTER_BOUND('',#4551,.F.);
#4553=ADVANCED_FACE('',(#4552),#4543,.F.);
#4554=CARTESIAN_POINT('',(5.9E1,1.55E1,1.7E1));
#4555=DIRECTION('',(0.E0,0.E0,1.E0));
#4556=DIRECTION('',(1.E0,0.E0,0.E0));
#4557=AXIS2_PLACEMENT_3D('',#4554,#4555,#4556);
#4558=PLANE('',#4557);
#4560=ORIENTED_EDGE('',*,*,#4559,.T.);
#4561=ORIENTED_EDGE('',*,*,#4514,.F.);
#4562=ORIENTED_EDGE('',*,*,#4544,.F.);
#4564=ORIENTED_EDGE('',*,*,#4563,.F.);
#4565=EDGE_LOOP('',(#4560,#4561,#4562,#4564));
#4566=FACE_OUTER_BOUND('',#4565,.F.);
#4567=ADVANCED_FACE('',(#4566),#4558,.F.);
#4568=CARTESIAN_POINT('',(5.9E1,1.525E1,1.7E1));
#4569=DIRECTION('',(0.E0,-1.E0,0.E0));
#4570=DIRECTION('',(0.E0,0.E0,-1.E0));
#4571=AXIS2_PLACEMENT_3D('',#4568,#4569,#4570);
#4572=PLANE('',#4571);
#4574=ORIENTED_EDGE('',*,*,#4573,.T.);
#4575=ORIENTED_EDGE('',*,*,#4516,.T.);
#4576=ORIENTED_EDGE('',*,*,#4559,.F.);
#4578=ORIENTED_EDGE('',*,*,#4577,.F.);
#4579=EDGE_LOOP('',(#4574,#4575,#4576,#4578));
#4580=FACE_OUTER_BOUND('',#4579,.F.);
#4581=ADVANCED_FACE('',(#4580),#4572,.F.);
#4582=CARTESIAN_POINT('',(5.9E1,1.525E1,1.575E1));
#4583=DIRECTION('',(0.E0,0.E0,1.E0));
#4584=DIRECTION('',(1.E0,0.E0,0.E0));
#4585=AXIS2_PLACEMENT_3D('',#4582,#4583,#4584);
#4586=PLANE('',#4585);
#4588=ORIENTED_EDGE('',*,*,#4587,.T.);
#4589=ORIENTED_EDGE('',*,*,#4518,.T.);
#4590=ORIENTED_EDGE('',*,*,#4573,.F.);
#4592=ORIENTED_EDGE('',*,*,#4591,.F.);
#4593=EDGE_LOOP('',(#4588,#4589,#4590,#4592));
#4594=FACE_OUTER_BOUND('',#4593,.F.);
#4595=ADVANCED_FACE('',(#4594),#4586,.F.);
#4596=CARTESIAN_POINT('',(5.9E1,1.4E1,1.575E1));
#4597=DIRECTION('',(0.E0,-1.E0,0.E0));
#4598=DIRECTION('',(0.E0,0.E0,-1.E0));
#4599=AXIS2_PLACEMENT_3D('',#4596,#4597,#4598);
#4600=PLANE('',#4599);
#4602=ORIENTED_EDGE('',*,*,#4601,.T.);
#4603=ORIENTED_EDGE('',*,*,#4520,.T.);
#4604=ORIENTED_EDGE('',*,*,#4587,.F.);
#4606=ORIENTED_EDGE('',*,*,#4605,.F.);
#4607=EDGE_LOOP('',(#4602,#4603,#4604,#4606));
#4608=FACE_OUTER_BOUND('',#4607,.F.);
#4609=ADVANCED_FACE('',(#4608),#4600,.F.);
#4610=CARTESIAN_POINT('',(5.9E1,1.4E1,1.525E1));
#4611=DIRECTION('',(0.E0,0.E0,-1.E0));
#4612=DIRECTION('',(0.E0,-1.E0,0.E0));
#4613=AXIS2_PLACEMENT_3D('',#4610,#4611,#4612);
#4614=PLANE('',#4613);
#4616=ORIENTED_EDGE('',*,*,#4615,.T.);
#4617=ORIENTED_EDGE('',*,*,#4522,.T.);
#4618=ORIENTED_EDGE('',*,*,#4601,.F.);
#4620=ORIENTED_EDGE('',*,*,#4619,.F.);
#4621=EDGE_LOOP('',(#4616,#4617,#4618,#4620));
#4622=FACE_OUTER_BOUND('',#4621,.F.);
#4623=ADVANCED_FACE('',(#4622),#4614,.F.);
#4624=CARTESIAN_POINT('',(5.9E1,1.525E1,1.525E1));
#4625=DIRECTION('',(0.E0,-1.E0,0.E0));
#4626=DIRECTION('',(0.E0,0.E0,-1.E0));
#4627=AXIS2_PLACEMENT_3D('',#4624,#4625,#4626);
#4628=PLANE('',#4627);
#4630=ORIENTED_EDGE('',*,*,#4629,.T.);
#4631=ORIENTED_EDGE('',*,*,#4524,.T.);
#4632=ORIENTED_EDGE('',*,*,#4615,.F.);
#4634=ORIENTED_EDGE('',*,*,#4633,.F.);
#4635=EDGE_LOOP('',(#4630,#4631,#4632,#4634));
#4636=FACE_OUTER_BOUND('',#4635,.F.);
#4637=ADVANCED_FACE('',(#4636),#4628,.F.);
#4638=CARTESIAN_POINT('',(5.9E1,1.525E1,1.4E1));
#4639=DIRECTION('',(0.E0,0.E0,-1.E0));
#4640=DIRECTION('',(0.E0,-1.E0,0.E0));
#4641=AXIS2_PLACEMENT_3D('',#4638,#4639,#4640);
#4642=PLANE('',#4641);
#4644=ORIENTED_EDGE('',*,*,#4643,.T.);
#4645=ORIENTED_EDGE('',*,*,#4526,.T.);
#4646=ORIENTED_EDGE('',*,*,#4629,.F.);
#4648=ORIENTED_EDGE('',*,*,#4647,.F.);
#4649=EDGE_LOOP('',(#4644,#4645,#4646,#4648));
#4650=FACE_OUTER_BOUND('',#4649,.F.);
#4651=ADVANCED_FACE('',(#4650),#4642,.F.);
#4652=CARTESIAN_POINT('',(5.9E1,1.575E1,1.4E1));
#4653=DIRECTION('',(0.E0,1.E0,0.E0));
#4654=DIRECTION('',(1.E0,0.E0,0.E0));
#4655=AXIS2_PLACEMENT_3D('',#4652,#4653,#4654);
#4656=PLANE('',#4655);
#4658=ORIENTED_EDGE('',*,*,#4657,.T.);
#4659=ORIENTED_EDGE('',*,*,#4528,.T.);
#4660=ORIENTED_EDGE('',*,*,#4643,.F.);
#4662=ORIENTED_EDGE('',*,*,#4661,.F.);
#4663=EDGE_LOOP('',(#4658,#4659,#4660,#4662));
#4664=FACE_OUTER_BOUND('',#4663,.F.);
#4665=ADVANCED_FACE('',(#4664),#4656,.F.);
#4666=CARTESIAN_POINT('',(5.9E1,1.575E1,1.525E1));
#4667=DIRECTION('',(0.E0,0.E0,-1.E0));
#4668=DIRECTION('',(0.E0,-1.E0,0.E0));
#4669=AXIS2_PLACEMENT_3D('',#4666,#4667,#4668);
#4670=PLANE('',#4669);
#4672=ORIENTED_EDGE('',*,*,#4671,.T.);
#4673=ORIENTED_EDGE('',*,*,#4530,.T.);
#4674=ORIENTED_EDGE('',*,*,#4657,.F.);
#4676=ORIENTED_EDGE('',*,*,#4675,.F.);
#4677=EDGE_LOOP('',(#4672,#4673,#4674,#4676));
#4678=FACE_OUTER_BOUND('',#4677,.F.);
#4679=ADVANCED_FACE('',(#4678),#4670,.F.);
#4680=CARTESIAN_POINT('',(5.9E1,1.7E1,1.525E1));
#4681=DIRECTION('',(0.E0,1.E0,0.E0));
#4682=DIRECTION('',(1.E0,0.E0,0.E0));
#4683=AXIS2_PLACEMENT_3D('',#4680,#4681,#4682);
#4684=PLANE('',#4683);
#4686=ORIENTED_EDGE('',*,*,#4685,.T.);
#4687=ORIENTED_EDGE('',*,*,#4532,.T.);
#4688=ORIENTED_EDGE('',*,*,#4671,.F.);
#4690=ORIENTED_EDGE('',*,*,#4689,.F.);
#4691=EDGE_LOOP('',(#4686,#4687,#4688,#4690));
#4692=FACE_OUTER_BOUND('',#4691,.F.);
#4693=ADVANCED_FACE('',(#4692),#4684,.F.);
#4694=CARTESIAN_POINT('',(5.9E1,1.7E1,1.575E1));
#4695=DIRECTION('',(0.E0,0.E0,1.E0));
#4696=DIRECTION('',(1.E0,0.E0,0.E0));
#4697=AXIS2_PLACEMENT_3D('',#4694,#4695,#4696);
#4698=PLANE('',#4697);
#4699=ORIENTED_EDGE('',*,*,#4547,.T.);
#4700=ORIENTED_EDGE('',*,*,#4534,.T.);
#4701=ORIENTED_EDGE('',*,*,#4685,.F.);
#4703=ORIENTED_EDGE('',*,*,#4702,.F.);
#4704=EDGE_LOOP('',(#4699,#4700,#4701,#4703));
#4705=FACE_OUTER_BOUND('',#4704,.F.);
#4706=ADVANCED_FACE('',(#4705),#4698,.F.);
#4707=CARTESIAN_POINT('',(5.8E1,0.E0,0.E0));
#4708=DIRECTION('',(1.E0,0.E0,0.E0));
#4709=DIRECTION('',(0.E0,1.E0,0.E0));
#4710=AXIS2_PLACEMENT_3D('',#4707,#4708,#4709);
#4711=PLANE('',#4710);
#4712=ORIENTED_EDGE('',*,*,#4577,.T.);
#4713=ORIENTED_EDGE('',*,*,#4563,.T.);
#4714=ORIENTED_EDGE('',*,*,#4549,.T.);
#4715=ORIENTED_EDGE('',*,*,#4702,.T.);
#4716=ORIENTED_EDGE('',*,*,#4689,.T.);
#4717=ORIENTED_EDGE('',*,*,#4675,.T.);
#4718=ORIENTED_EDGE('',*,*,#4661,.T.);
#4719=ORIENTED_EDGE('',*,*,#4647,.T.);
#4720=ORIENTED_EDGE('',*,*,#4633,.T.);
#4721=ORIENTED_EDGE('',*,*,#4619,.T.);
#4722=ORIENTED_EDGE('',*,*,#4605,.T.);
#4723=ORIENTED_EDGE('',*,*,#4591,.T.);
#4724=EDGE_LOOP('',(#4712,#4713,#4714,#4715,#4716,#4717,#4718,#4719,#4720,#4721,
#4722,#4723));
#4725=FACE_OUTER_BOUND('',#4724,.F.);
#4726=ADVANCED_FACE('',(#4725),#4711,.T.);
#4727=CARTESIAN_POINT('',(5.9E1,-1.55E1,1.55E1));
#4728=DIRECTION('',(1.E0,0.E0,0.E0));
#4729=DIRECTION('',(0.E0,0.E0,1.E0));
#4730=AXIS2_PLACEMENT_3D('',#4727,#4728,#4729);
#4731=CYLINDRICAL_SURFACE('',#4730,3.E0);
#4733=ORIENTED_EDGE('',*,*,#4732,.T.);
#4734=ORIENTED_EDGE('',*,*,#3350,.T.);
#4736=ORIENTED_EDGE('',*,*,#4735,.F.);
#4738=ORIENTED_EDGE('',*,*,#4737,.T.);
#4739=EDGE_LOOP('',(#4733,#4734,#4736,#4738));
#4740=FACE_OUTER_BOUND('',#4739,.F.);
#4741=ADVANCED_FACE('',(#4740),#4731,.F.);
#4742=CARTESIAN_POINT('',(5.9E1,-1.55E1,1.55E1));
#4743=DIRECTION('',(1.E0,0.E0,0.E0));
#4744=DIRECTION('',(0.E0,0.E0,1.E0));
#4745=AXIS2_PLACEMENT_3D('',#4742,#4743,#4744);
#4746=CYLINDRICAL_SURFACE('',#4745,3.E0);
#4747=ORIENTED_EDGE('',*,*,#4735,.T.);
#4748=ORIENTED_EDGE('',*,*,#3352,.T.);
#4749=ORIENTED_EDGE('',*,*,#4732,.F.);
#4751=ORIENTED_EDGE('',*,*,#4750,.T.);
#4752=EDGE_LOOP('',(#4747,#4748,#4749,#4751));
#4753=FACE_OUTER_BOUND('',#4752,.F.);
#4754=ADVANCED_FACE('',(#4753),#4746,.F.);
#4755=CARTESIAN_POINT('',(5.8E1,0.E0,0.E0));
#4756=DIRECTION('',(1.E0,0.E0,0.E0));
#4757=DIRECTION('',(0.E0,1.E0,0.E0));
#4758=AXIS2_PLACEMENT_3D('',#4755,#4756,#4757);
#4759=PLANE('',#4758);
#4760=ORIENTED_EDGE('',*,*,#4737,.F.);
#4761=ORIENTED_EDGE('',*,*,#4750,.F.);
#4762=EDGE_LOOP('',(#4760,#4761));
#4763=FACE_OUTER_BOUND('',#4762,.F.);
#4765=ORIENTED_EDGE('',*,*,#4764,.F.);
#4767=ORIENTED_EDGE('',*,*,#4766,.F.);
#4768=EDGE_LOOP('',(#4765,#4767));
#4769=FACE_BOUND('',#4768,.F.);
#4770=ADVANCED_FACE('',(#4763,#4769),#4759,.T.);
#4771=CARTESIAN_POINT('',(5.9E1,-1.55E1,1.55E1));
#4772=DIRECTION('',(1.E0,0.E0,0.E0));
#4773=DIRECTION('',(0.E0,0.E0,1.E0));
#4774=AXIS2_PLACEMENT_3D('',#4771,#4772,#4773);
#4775=CYLINDRICAL_SURFACE('',#4774,2.5E0);
#4777=ORIENTED_EDGE('',*,*,#4776,.T.);
#4779=ORIENTED_EDGE('',*,*,#4778,.T.);
#4781=ORIENTED_EDGE('',*,*,#4780,.F.);
#4782=ORIENTED_EDGE('',*,*,#4764,.T.);
#4783=EDGE_LOOP('',(#4777,#4779,#4781,#4782));
#4784=FACE_OUTER_BOUND('',#4783,.F.);
#4785=ADVANCED_FACE('',(#4784),#4775,.T.);
#4786=CARTESIAN_POINT('',(5.9E1,-1.55E1,1.55E1));
#4787=DIRECTION('',(1.E0,0.E0,0.E0));
#4788=DIRECTION('',(0.E0,0.E0,1.E0));
#4789=AXIS2_PLACEMENT_3D('',#4786,#4787,#4788);
#4790=CYLINDRICAL_SURFACE('',#4789,2.5E0);
#4791=ORIENTED_EDGE('',*,*,#4780,.T.);
#4793=ORIENTED_EDGE('',*,*,#4792,.T.);
#4794=ORIENTED_EDGE('',*,*,#4776,.F.);
#4795=ORIENTED_EDGE('',*,*,#4766,.T.);
#4796=EDGE_LOOP('',(#4791,#4793,#4794,#4795));
#4797=FACE_OUTER_BOUND('',#4796,.F.);
#4798=ADVANCED_FACE('',(#4797),#4790,.T.);
#4799=CARTESIAN_POINT('',(5.9E1,0.E0,0.E0));
#4800=DIRECTION('',(1.E0,0.E0,0.E0));
#4801=DIRECTION('',(0.E0,1.E0,0.E0));
#4802=AXIS2_PLACEMENT_3D('',#4799,#4800,#4801);
#4803=PLANE('',#4802);
#4804=ORIENTED_EDGE('',*,*,#4778,.F.);
#4805=ORIENTED_EDGE('',*,*,#4792,.F.);
#4806=EDGE_LOOP('',(#4804,#4805));
#4807=FACE_OUTER_BOUND('',#4806,.F.);
#4809=ORIENTED_EDGE('',*,*,#4808,.F.);
#4811=ORIENTED_EDGE('',*,*,#4810,.T.);
#4813=ORIENTED_EDGE('',*,*,#4812,.F.);
#4815=ORIENTED_EDGE('',*,*,#4814,.F.);
#4817=ORIENTED_EDGE('',*,*,#4816,.F.);
#4819=ORIENTED_EDGE('',*,*,#4818,.F.);
#4821=ORIENTED_EDGE('',*,*,#4820,.F.);
#4823=ORIENTED_EDGE('',*,*,#4822,.F.);
#4825=ORIENTED_EDGE('',*,*,#4824,.F.);
#4827=ORIENTED_EDGE('',*,*,#4826,.F.);
#4829=ORIENTED_EDGE('',*,*,#4828,.F.);
#4831=ORIENTED_EDGE('',*,*,#4830,.F.);
#4832=EDGE_LOOP('',(#4809,#4811,#4813,#4815,#4817,#4819,#4821,#4823,#4825,#4827,
#4829,#4831));
#4833=FACE_BOUND('',#4832,.F.);
#4834=ADVANCED_FACE('',(#4807,#4833),#4803,.T.);
#4835=CARTESIAN_POINT('',(5.9E1,-1.575E1,1.575E1));
#4836=DIRECTION('',(0.E0,0.E0,1.E0));
#4837=DIRECTION('',(1.E0,0.E0,0.E0));
#4838=AXIS2_PLACEMENT_3D('',#4835,#4836,#4837);
#4839=PLANE('',#4838);
#4841=ORIENTED_EDGE('',*,*,#4840,.T.);
#4842=ORIENTED_EDGE('',*,*,#4808,.T.);
#4844=ORIENTED_EDGE('',*,*,#4843,.F.);
#4846=ORIENTED_EDGE('',*,*,#4845,.F.);
#4847=EDGE_LOOP('',(#4841,#4842,#4844,#4846));
#4848=FACE_OUTER_BOUND('',#4847,.F.);
#4849=ADVANCED_FACE('',(#4848),#4839,.F.);
#4850=CARTESIAN_POINT('',(5.9E1,-1.7E1,1.55E1));
#4851=DIRECTION('',(0.E0,-1.E0,0.E0));
#4852=DIRECTION('',(0.E0,0.E0,-1.E0));
#4853=AXIS2_PLACEMENT_3D('',#4850,#4851,#4852);
#4854=PLANE('',#4853);
#4856=ORIENTED_EDGE('',*,*,#4855,.T.);
#4857=ORIENTED_EDGE('',*,*,#4810,.F.);
#4858=ORIENTED_EDGE('',*,*,#4840,.F.);
#4860=ORIENTED_EDGE('',*,*,#4859,.F.);
#4861=EDGE_LOOP('',(#4856,#4857,#4858,#4860));
#4862=FACE_OUTER_BOUND('',#4861,.F.);
#4863=ADVANCED_FACE('',(#4862),#4854,.F.);
#4864=CARTESIAN_POINT('',(5.9E1,-1.7E1,1.525E1));
#4865=DIRECTION('',(0.E0,0.E0,-1.E0));
#4866=DIRECTION('',(0.E0,-1.E0,0.E0));
#4867=AXIS2_PLACEMENT_3D('',#4864,#4865,#4866);
#4868=PLANE('',#4867);
#4870=ORIENTED_EDGE('',*,*,#4869,.T.);
#4871=ORIENTED_EDGE('',*,*,#4812,.T.);
#4872=ORIENTED_EDGE('',*,*,#4855,.F.);
#4874=ORIENTED_EDGE('',*,*,#4873,.F.);
#4875=EDGE_LOOP('',(#4870,#4871,#4872,#4874));
#4876=FACE_OUTER_BOUND('',#4875,.F.);
#4877=ADVANCED_FACE('',(#4876),#4868,.F.);
#4878=CARTESIAN_POINT('',(5.9E1,-1.575E1,1.525E1));
#4879=DIRECTION('',(0.E0,-1.E0,0.E0));
#4880=DIRECTION('',(0.E0,0.E0,-1.E0));
#4881=AXIS2_PLACEMENT_3D('',#4878,#4879,#4880);
#4882=PLANE('',#4881);
#4884=ORIENTED_EDGE('',*,*,#4883,.T.);
#4885=ORIENTED_EDGE('',*,*,#4814,.T.);
#4886=ORIENTED_EDGE('',*,*,#4869,.F.);
#4888=ORIENTED_EDGE('',*,*,#4887,.F.);
#4889=EDGE_LOOP('',(#4884,#4885,#4886,#4888));
#4890=FACE_OUTER_BOUND('',#4889,.F.);
#4891=ADVANCED_FACE('',(#4890),#4882,.F.);
#4892=CARTESIAN_POINT('',(5.9E1,-1.575E1,1.4E1));
#4893=DIRECTION('',(0.E0,0.E0,-1.E0));
#4894=DIRECTION('',(0.E0,-1.E0,0.E0));
#4895=AXIS2_PLACEMENT_3D('',#4892,#4893,#4894);
#4896=PLANE('',#4895);
#4898=ORIENTED_EDGE('',*,*,#4897,.T.);
#4899=ORIENTED_EDGE('',*,*,#4816,.T.);
#4900=ORIENTED_EDGE('',*,*,#4883,.F.);
#4902=ORIENTED_EDGE('',*,*,#4901,.F.);
#4903=EDGE_LOOP('',(#4898,#4899,#4900,#4902));
#4904=FACE_OUTER_BOUND('',#4903,.F.);
#4905=ADVANCED_FACE('',(#4904),#4896,.F.);
#4906=CARTESIAN_POINT('',(5.9E1,-1.525E1,1.4E1));
#4907=DIRECTION('',(0.E0,1.E0,0.E0));
#4908=DIRECTION('',(1.E0,0.E0,0.E0));
#4909=AXIS2_PLACEMENT_3D('',#4906,#4907,#4908);
#4910=PLANE('',#4909);
#4912=ORIENTED_EDGE('',*,*,#4911,.T.);
#4913=ORIENTED_EDGE('',*,*,#4818,.T.);
#4914=ORIENTED_EDGE('',*,*,#4897,.F.);
#4916=ORIENTED_EDGE('',*,*,#4915,.F.);
#4917=EDGE_LOOP('',(#4912,#4913,#4914,#4916));
#4918=FACE_OUTER_BOUND('',#4917,.F.);
#4919=ADVANCED_FACE('',(#4918),#4910,.F.);
#4920=CARTESIAN_POINT('',(5.9E1,-1.525E1,1.525E1));
#4921=DIRECTION('',(0.E0,0.E0,-1.E0));
#4922=DIRECTION('',(0.E0,-1.E0,0.E0));
#4923=AXIS2_PLACEMENT_3D('',#4920,#4921,#4922);
#4924=PLANE('',#4923);
#4926=ORIENTED_EDGE('',*,*,#4925,.T.);
#4927=ORIENTED_EDGE('',*,*,#4820,.T.);
#4928=ORIENTED_EDGE('',*,*,#4911,.F.);
#4930=ORIENTED_EDGE('',*,*,#4929,.F.);
#4931=EDGE_LOOP('',(#4926,#4927,#4928,#4930));
#4932=FACE_OUTER_BOUND('',#4931,.F.);
#4933=ADVANCED_FACE('',(#4932),#4924,.F.);
#4934=CARTESIAN_POINT('',(5.9E1,-1.4E1,1.525E1));
#4935=DIRECTION('',(0.E0,1.E0,0.E0));
#4936=DIRECTION('',(1.E0,0.E0,0.E0));
#4937=AXIS2_PLACEMENT_3D('',#4934,#4935,#4936);
#4938=PLANE('',#4937);
#4940=ORIENTED_EDGE('',*,*,#4939,.T.);
#4941=ORIENTED_EDGE('',*,*,#4822,.T.);
#4942=ORIENTED_EDGE('',*,*,#4925,.F.);
#4944=ORIENTED_EDGE('',*,*,#4943,.F.);
#4945=EDGE_LOOP('',(#4940,#4941,#4942,#4944));
#4946=FACE_OUTER_BOUND('',#4945,.F.);
#4947=ADVANCED_FACE('',(#4946),#4938,.F.);
#4948=CARTESIAN_POINT('',(5.9E1,-1.4E1,1.575E1));
#4949=DIRECTION('',(0.E0,0.E0,1.E0));
#4950=DIRECTION('',(1.E0,0.E0,0.E0));
#4951=AXIS2_PLACEMENT_3D('',#4948,#4949,#4950);
#4952=PLANE('',#4951);
#4954=ORIENTED_EDGE('',*,*,#4953,.T.);
#4955=ORIENTED_EDGE('',*,*,#4824,.T.);
#4956=ORIENTED_EDGE('',*,*,#4939,.F.);
#4958=ORIENTED_EDGE('',*,*,#4957,.F.);
#4959=EDGE_LOOP('',(#4954,#4955,#4956,#4958));
#4960=FACE_OUTER_BOUND('',#4959,.F.);
#4961=ADVANCED_FACE('',(#4960),#4952,.F.);
#4962=CARTESIAN_POINT('',(5.9E1,-1.525E1,1.575E1));
#4963=DIRECTION('',(0.E0,1.E0,0.E0));
#4964=DIRECTION('',(1.E0,0.E0,0.E0));
#4965=AXIS2_PLACEMENT_3D('',#4962,#4963,#4964);
#4966=PLANE('',#4965);
#4968=ORIENTED_EDGE('',*,*,#4967,.T.);
#4969=ORIENTED_EDGE('',*,*,#4826,.T.);
#4970=ORIENTED_EDGE('',*,*,#4953,.F.);
#4972=ORIENTED_EDGE('',*,*,#4971,.F.);
#4973=EDGE_LOOP('',(#4968,#4969,#4970,#4972));
#4974=FACE_OUTER_BOUND('',#4973,.F.);
#4975=ADVANCED_FACE('',(#4974),#4966,.F.);
#4976=CARTESIAN_POINT('',(5.9E1,-1.525E1,1.7E1));
#4977=DIRECTION('',(0.E0,0.E0,1.E0));
#4978=DIRECTION('',(1.E0,0.E0,0.E0));
#4979=AXIS2_PLACEMENT_3D('',#4976,#4977,#4978);
#4980=PLANE('',#4979);
#4982=ORIENTED_EDGE('',*,*,#4981,.T.);
#4983=ORIENTED_EDGE('',*,*,#4828,.T.);
#4984=ORIENTED_EDGE('',*,*,#4967,.F.);
#4986=ORIENTED_EDGE('',*,*,#4985,.F.);
#4987=EDGE_LOOP('',(#4982,#4983,#4984,#4986));
#4988=FACE_OUTER_BOUND('',#4987,.F.);
#4989=ADVANCED_FACE('',(#4988),#4980,.F.);
#4990=CARTESIAN_POINT('',(5.9E1,-1.575E1,1.7E1));
#4991=DIRECTION('',(0.E0,-1.E0,0.E0));
#4992=DIRECTION('',(0.E0,0.E0,-1.E0));
#4993=AXIS2_PLACEMENT_3D('',#4990,#4991,#4992);
#4994=PLANE('',#4993);
#4995=ORIENTED_EDGE('',*,*,#4843,.T.);
#4996=ORIENTED_EDGE('',*,*,#4830,.T.);
#4997=ORIENTED_EDGE('',*,*,#4981,.F.);
#4999=ORIENTED_EDGE('',*,*,#4998,.F.);
#5000=EDGE_LOOP('',(#4995,#4996,#4997,#4999));
#5001=FACE_OUTER_BOUND('',#5000,.F.);
#5002=ADVANCED_FACE('',(#5001),#4994,.F.);
#5003=CARTESIAN_POINT('',(5.8E1,0.E0,0.E0));
#5004=DIRECTION('',(1.E0,0.E0,0.E0));
#5005=DIRECTION('',(0.E0,1.E0,0.E0));
#5006=AXIS2_PLACEMENT_3D('',#5003,#5004,#5005);
#5007=PLANE('',#5006);
#5008=ORIENTED_EDGE('',*,*,#4873,.T.);
#5009=ORIENTED_EDGE('',*,*,#4859,.T.);
#5010=ORIENTED_EDGE('',*,*,#4845,.T.);
#5011=ORIENTED_EDGE('',*,*,#4998,.T.);
#5012=ORIENTED_EDGE('',*,*,#4985,.T.);
#5013=ORIENTED_EDGE('',*,*,#4971,.T.);
#5014=ORIENTED_EDGE('',*,*,#4957,.T.);
#5015=ORIENTED_EDGE('',*,*,#4943,.T.);
#5016=ORIENTED_EDGE('',*,*,#4929,.T.);
#5017=ORIENTED_EDGE('',*,*,#4915,.T.);
#5018=ORIENTED_EDGE('',*,*,#4901,.T.);
#5019=ORIENTED_EDGE('',*,*,#4887,.T.);
#5020=EDGE_LOOP('',(#5008,#5009,#5010,#5011,#5012,#5013,#5014,#5015,#5016,#5017,
#5018,#5019));
#5021=FACE_OUTER_BOUND('',#5020,.F.);
#5022=ADVANCED_FACE('',(#5021),#5007,.T.);
#5023=CARTESIAN_POINT('',(5.9E1,-1.55E1,-1.55E1));
#5024=DIRECTION('',(1.E0,0.E0,0.E0));
#5025=DIRECTION('',(0.E0,-1.E0,0.E0));
#5026=AXIS2_PLACEMENT_3D('',#5023,#5024,#5025);
#5027=CYLINDRICAL_SURFACE('',#5026,3.E0);
#5029=ORIENTED_EDGE('',*,*,#5028,.T.);
#5030=ORIENTED_EDGE('',*,*,#3356,.T.);
#5032=ORIENTED_EDGE('',*,*,#5031,.F.);
#5034=ORIENTED_EDGE('',*,*,#5033,.T.);
#5035=EDGE_LOOP('',(#5029,#5030,#5032,#5034));
#5036=FACE_OUTER_BOUND('',#5035,.F.);
#5037=ADVANCED_FACE('',(#5036),#5027,.F.);
#5038=CARTESIAN_POINT('',(5.9E1,-1.55E1,-1.55E1));
#5039=DIRECTION('',(1.E0,0.E0,0.E0));
#5040=DIRECTION('',(0.E0,-1.E0,0.E0));
#5041=AXIS2_PLACEMENT_3D('',#5038,#5039,#5040);
#5042=CYLINDRICAL_SURFACE('',#5041,3.E0);
#5043=ORIENTED_EDGE('',*,*,#5031,.T.);
#5044=ORIENTED_EDGE('',*,*,#3358,.T.);
#5045=ORIENTED_EDGE('',*,*,#5028,.F.);
#5047=ORIENTED_EDGE('',*,*,#5046,.T.);
#5048=EDGE_LOOP('',(#5043,#5044,#5045,#5047));
#5049=FACE_OUTER_BOUND('',#5048,.F.);
#5050=ADVANCED_FACE('',(#5049),#5042,.F.);
#5051=CARTESIAN_POINT('',(5.8E1,0.E0,0.E0));
#5052=DIRECTION('',(1.E0,0.E0,0.E0));
#5053=DIRECTION('',(0.E0,1.E0,0.E0));
#5054=AXIS2_PLACEMENT_3D('',#5051,#5052,#5053);
#5055=PLANE('',#5054);
#5056=ORIENTED_EDGE('',*,*,#5033,.F.);
#5057=ORIENTED_EDGE('',*,*,#5046,.F.);
#5058=EDGE_LOOP('',(#5056,#5057));
#5059=FACE_OUTER_BOUND('',#5058,.F.);
#5061=ORIENTED_EDGE('',*,*,#5060,.F.);
#5063=ORIENTED_EDGE('',*,*,#5062,.F.);
#5064=EDGE_LOOP('',(#5061,#5063));
#5065=FACE_BOUND('',#5064,.F.);
#5066=ADVANCED_FACE('',(#5059,#5065),#5055,.T.);
#5067=CARTESIAN_POINT('',(5.9E1,-1.55E1,-1.55E1));
#5068=DIRECTION('',(1.E0,0.E0,0.E0));
#5069=DIRECTION('',(0.E0,-1.E0,0.E0));
#5070=AXIS2_PLACEMENT_3D('',#5067,#5068,#5069);
#5071=CYLINDRICAL_SURFACE('',#5070,2.5E0);
#5073=ORIENTED_EDGE('',*,*,#5072,.T.);
#5075=ORIENTED_EDGE('',*,*,#5074,.T.);
#5077=ORIENTED_EDGE('',*,*,#5076,.F.);
#5078=ORIENTED_EDGE('',*,*,#5060,.T.);
#5079=EDGE_LOOP('',(#5073,#5075,#5077,#5078));
#5080=FACE_OUTER_BOUND('',#5079,.F.);
#5081=ADVANCED_FACE('',(#5080),#5071,.T.);
#5082=CARTESIAN_POINT('',(5.9E1,-1.55E1,-1.55E1));
#5083=DIRECTION('',(1.E0,0.E0,0.E0));
#5084=DIRECTION('',(0.E0,-1.E0,0.E0));
#5085=AXIS2_PLACEMENT_3D('',#5082,#5083,#5084);
#5086=CYLINDRICAL_SURFACE('',#5085,2.5E0);
#5087=ORIENTED_EDGE('',*,*,#5076,.T.);
#5089=ORIENTED_EDGE('',*,*,#5088,.T.);
#5090=ORIENTED_EDGE('',*,*,#5072,.F.);
#5091=ORIENTED_EDGE('',*,*,#5062,.T.);
#5092=EDGE_LOOP('',(#5087,#5089,#5090,#5091));
#5093=FACE_OUTER_BOUND('',#5092,.F.);
#5094=ADVANCED_FACE('',(#5093),#5086,.T.);
#5095=CARTESIAN_POINT('',(5.9E1,0.E0,0.E0));
#5096=DIRECTION('',(1.E0,0.E0,0.E0));
#5097=DIRECTION('',(0.E0,1.E0,0.E0));
#5098=AXIS2_PLACEMENT_3D('',#5095,#5096,#5097);
#5099=PLANE('',#5098);
#5100=ORIENTED_EDGE('',*,*,#5074,.F.);
#5101=ORIENTED_EDGE('',*,*,#5088,.F.);
#5102=EDGE_LOOP('',(#5100,#5101));
#5103=FACE_OUTER_BOUND('',#5102,.F.);
#5105=ORIENTED_EDGE('',*,*,#5104,.F.);
#5107=ORIENTED_EDGE('',*,*,#5106,.T.);
#5109=ORIENTED_EDGE('',*,*,#5108,.F.);
#5111=ORIENTED_EDGE('',*,*,#5110,.F.);
#5113=ORIENTED_EDGE('',*,*,#5112,.F.);
#5115=ORIENTED_EDGE('',*,*,#5114,.F.);
#5117=ORIENTED_EDGE('',*,*,#5116,.F.);
#5119=ORIENTED_EDGE('',*,*,#5118,.F.);
#5121=ORIENTED_EDGE('',*,*,#5120,.F.);
#5123=ORIENTED_EDGE('',*,*,#5122,.F.);
#5125=ORIENTED_EDGE('',*,*,#5124,.F.);
#5127=ORIENTED_EDGE('',*,*,#5126,.F.);
#5128=EDGE_LOOP('',(#5105,#5107,#5109,#5111,#5113,#5115,#5117,#5119,#5121,#5123,
#5125,#5127));
#5129=FACE_BOUND('',#5128,.F.);
#5130=ADVANCED_FACE('',(#5103,#5129),#5099,.T.);
#5131=CARTESIAN_POINT('',(5.9E1,-1.575E1,-1.575E1));
#5132=DIRECTION('',(0.E0,-1.E0,0.E0));
#5133=DIRECTION('',(0.E0,0.E0,-1.E0));
#5134=AXIS2_PLACEMENT_3D('',#5131,#5132,#5133);
#5135=PLANE('',#5134);
#5137=ORIENTED_EDGE('',*,*,#5136,.T.);
#5138=ORIENTED_EDGE('',*,*,#5104,.T.);
#5140=ORIENTED_EDGE('',*,*,#5139,.F.);
#5142=ORIENTED_EDGE('',*,*,#5141,.F.);
#5143=EDGE_LOOP('',(#5137,#5138,#5140,#5142));
#5144=FACE_OUTER_BOUND('',#5143,.F.);
#5145=ADVANCED_FACE('',(#5144),#5135,.F.);
#5146=CARTESIAN_POINT('',(5.9E1,-1.55E1,-1.7E1));
#5147=DIRECTION('',(0.E0,0.E0,-1.E0));
#5148=DIRECTION('',(0.E0,-1.E0,0.E0));
#5149=AXIS2_PLACEMENT_3D('',#5146,#5147,#5148);
#5150=PLANE('',#5149);
#5152=ORIENTED_EDGE('',*,*,#5151,.T.);
#5153=ORIENTED_EDGE('',*,*,#5106,.F.);
#5154=ORIENTED_EDGE('',*,*,#5136,.F.);
#5156=ORIENTED_EDGE('',*,*,#5155,.F.);
#5157=EDGE_LOOP('',(#5152,#5153,#5154,#5156));
#5158=FACE_OUTER_BOUND('',#5157,.F.);
#5159=ADVANCED_FACE('',(#5158),#5150,.F.);
#5160=CARTESIAN_POINT('',(5.9E1,-1.525E1,-1.7E1));
#5161=DIRECTION('',(0.E0,1.E0,0.E0));
#5162=DIRECTION('',(1.E0,0.E0,0.E0));
#5163=AXIS2_PLACEMENT_3D('',#5160,#5161,#5162);
#5164=PLANE('',#5163);
#5166=ORIENTED_EDGE('',*,*,#5165,.T.);
#5167=ORIENTED_EDGE('',*,*,#5108,.T.);
#5168=ORIENTED_EDGE('',*,*,#5151,.F.);
#5170=ORIENTED_EDGE('',*,*,#5169,.F.);
#5171=EDGE_LOOP('',(#5166,#5167,#5168,#5170));
#5172=FACE_OUTER_BOUND('',#5171,.F.);
#5173=ADVANCED_FACE('',(#5172),#5164,.F.);
#5174=CARTESIAN_POINT('',(5.9E1,-1.525E1,-1.575E1));
#5175=DIRECTION('',(0.E0,0.E0,-1.E0));
#5176=DIRECTION('',(0.E0,-1.E0,0.E0));
#5177=AXIS2_PLACEMENT_3D('',#5174,#5175,#5176);
#5178=PLANE('',#5177);
#5180=ORIENTED_EDGE('',*,*,#5179,.T.);
#5181=ORIENTED_EDGE('',*,*,#5110,.T.);
#5182=ORIENTED_EDGE('',*,*,#5165,.F.);
#5184=ORIENTED_EDGE('',*,*,#5183,.F.);
#5185=EDGE_LOOP('',(#5180,#5181,#5182,#5184));
#5186=FACE_OUTER_BOUND('',#5185,.F.);
#5187=ADVANCED_FACE('',(#5186),#5178,.F.);
#5188=CARTESIAN_POINT('',(5.9E1,-1.4E1,-1.575E1));
#5189=DIRECTION('',(0.E0,1.E0,0.E0));
#5190=DIRECTION('',(1.E0,0.E0,0.E0));
#5191=AXIS2_PLACEMENT_3D('',#5188,#5189,#5190);
#5192=PLANE('',#5191);
#5194=ORIENTED_EDGE('',*,*,#5193,.T.);
#5195=ORIENTED_EDGE('',*,*,#5112,.T.);
#5196=ORIENTED_EDGE('',*,*,#5179,.F.);
#5198=ORIENTED_EDGE('',*,*,#5197,.F.);
#5199=EDGE_LOOP('',(#5194,#5195,#5196,#5198));
#5200=FACE_OUTER_BOUND('',#5199,.F.);
#5201=ADVANCED_FACE('',(#5200),#5192,.F.);
#5202=CARTESIAN_POINT('',(5.9E1,-1.4E1,-1.525E1));
#5203=DIRECTION('',(0.E0,0.E0,1.E0));
#5204=DIRECTION('',(1.E0,0.E0,0.E0));
#5205=AXIS2_PLACEMENT_3D('',#5202,#5203,#5204);
#5206=PLANE('',#5205);
#5208=ORIENTED_EDGE('',*,*,#5207,.T.);
#5209=ORIENTED_EDGE('',*,*,#5114,.T.);
#5210=ORIENTED_EDGE('',*,*,#5193,.F.);
#5212=ORIENTED_EDGE('',*,*,#5211,.F.);
#5213=EDGE_LOOP('',(#5208,#5209,#5210,#5212));
#5214=FACE_OUTER_BOUND('',#5213,.F.);
#5215=ADVANCED_FACE('',(#5214),#5206,.F.);
#5216=CARTESIAN_POINT('',(5.9E1,-1.525E1,-1.525E1));
#5217=DIRECTION('',(0.E0,1.E0,0.E0));
#5218=DIRECTION('',(1.E0,0.E0,0.E0));
#5219=AXIS2_PLACEMENT_3D('',#5216,#5217,#5218);
#5220=PLANE('',#5219);
#5222=ORIENTED_EDGE('',*,*,#5221,.T.);
#5223=ORIENTED_EDGE('',*,*,#5116,.T.);
#5224=ORIENTED_EDGE('',*,*,#5207,.F.);
#5226=ORIENTED_EDGE('',*,*,#5225,.F.);
#5227=EDGE_LOOP('',(#5222,#5223,#5224,#5226));
#5228=FACE_OUTER_BOUND('',#5227,.F.);
#5229=ADVANCED_FACE('',(#5228),#5220,.F.);
#5230=CARTESIAN_POINT('',(5.9E1,-1.525E1,-1.4E1));
#5231=DIRECTION('',(0.E0,0.E0,1.E0));
#5232=DIRECTION('',(1.E0,0.E0,0.E0));
#5233=AXIS2_PLACEMENT_3D('',#5230,#5231,#5232);
#5234=PLANE('',#5233);
#5236=ORIENTED_EDGE('',*,*,#5235,.T.);
#5237=ORIENTED_EDGE('',*,*,#5118,.T.);
#5238=ORIENTED_EDGE('',*,*,#5221,.F.);
#5240=ORIENTED_EDGE('',*,*,#5239,.F.);
#5241=EDGE_LOOP('',(#5236,#5237,#5238,#5240));
#5242=FACE_OUTER_BOUND('',#5241,.F.);
#5243=ADVANCED_FACE('',(#5242),#5234,.F.);
#5244=CARTESIAN_POINT('',(5.9E1,-1.575E1,-1.4E1));
#5245=DIRECTION('',(0.E0,-1.E0,0.E0));
#5246=DIRECTION('',(0.E0,0.E0,-1.E0));
#5247=AXIS2_PLACEMENT_3D('',#5244,#5245,#5246);
#5248=PLANE('',#5247);
#5250=ORIENTED_EDGE('',*,*,#5249,.T.);
#5251=ORIENTED_EDGE('',*,*,#5120,.T.);
#5252=ORIENTED_EDGE('',*,*,#5235,.F.);
#5254=ORIENTED_EDGE('',*,*,#5253,.F.);
#5255=EDGE_LOOP('',(#5250,#5251,#5252,#5254));
#5256=FACE_OUTER_BOUND('',#5255,.F.);
#5257=ADVANCED_FACE('',(#5256),#5248,.F.);
#5258=CARTESIAN_POINT('',(5.9E1,-1.575E1,-1.525E1));
#5259=DIRECTION('',(0.E0,0.E0,1.E0));
#5260=DIRECTION('',(1.E0,0.E0,0.E0));
#5261=AXIS2_PLACEMENT_3D('',#5258,#5259,#5260);
#5262=PLANE('',#5261);
#5264=ORIENTED_EDGE('',*,*,#5263,.T.);
#5265=ORIENTED_EDGE('',*,*,#5122,.T.);
#5266=ORIENTED_EDGE('',*,*,#5249,.F.);
#5268=ORIENTED_EDGE('',*,*,#5267,.F.);
#5269=EDGE_LOOP('',(#5264,#5265,#5266,#5268));
#5270=FACE_OUTER_BOUND('',#5269,.F.);
#5271=ADVANCED_FACE('',(#5270),#5262,.F.);
#5272=CARTESIAN_POINT('',(5.9E1,-1.7E1,-1.525E1));
#5273=DIRECTION('',(0.E0,-1.E0,0.E0));
#5274=DIRECTION('',(0.E0,0.E0,-1.E0));
#5275=AXIS2_PLACEMENT_3D('',#5272,#5273,#5274);
#5276=PLANE('',#5275);
#5278=ORIENTED_EDGE('',*,*,#5277,.T.);
#5279=ORIENTED_EDGE('',*,*,#5124,.T.);
#5280=ORIENTED_EDGE('',*,*,#5263,.F.);
#5282=ORIENTED_EDGE('',*,*,#5281,.F.);
#5283=EDGE_LOOP('',(#5278,#5279,#5280,#5282));
#5284=FACE_OUTER_BOUND('',#5283,.F.);
#5285=ADVANCED_FACE('',(#5284),#5276,.F.);
#5286=CARTESIAN_POINT('',(5.9E1,-1.7E1,-1.575E1));
#5287=DIRECTION('',(0.E0,0.E0,-1.E0));
#5288=DIRECTION('',(0.E0,-1.E0,0.E0));
#5289=AXIS2_PLACEMENT_3D('',#5286,#5287,#5288);
#5290=PLANE('',#5289);
#5291=ORIENTED_EDGE('',*,*,#5139,.T.);
#5292=ORIENTED_EDGE('',*,*,#5126,.T.);
#5293=ORIENTED_EDGE('',*,*,#5277,.F.);
#5295=ORIENTED_EDGE('',*,*,#5294,.F.);
#5296=EDGE_LOOP('',(#5291,#5292,#5293,#5295));
#5297=FACE_OUTER_BOUND('',#5296,.F.);
#5298=ADVANCED_FACE('',(#5297),#5290,.F.);
#5299=CARTESIAN_POINT('',(5.8E1,0.E0,0.E0));
#5300=DIRECTION('',(1.E0,0.E0,0.E0));
#5301=DIRECTION('',(0.E0,1.E0,0.E0));
#5302=AXIS2_PLACEMENT_3D('',#5299,#5300,#5301);
#5303=PLANE('',#5302);
#5304=ORIENTED_EDGE('',*,*,#5169,.T.);
#5305=ORIENTED_EDGE('',*,*,#5155,.T.);
#5306=ORIENTED_EDGE('',*,*,#5141,.T.);
#5307=ORIENTED_EDGE('',*,*,#5294,.T.);
#5308=ORIENTED_EDGE('',*,*,#5281,.T.);
#5309=ORIENTED_EDGE('',*,*,#5267,.T.);
#5310=ORIENTED_EDGE('',*,*,#5253,.T.);
#5311=ORIENTED_EDGE('',*,*,#5239,.T.);
#5312=ORIENTED_EDGE('',*,*,#5225,.T.);
#5313=ORIENTED_EDGE('',*,*,#5211,.T.);
#5314=ORIENTED_EDGE('',*,*,#5197,.T.);
#5315=ORIENTED_EDGE('',*,*,#5183,.T.);
#5316=EDGE_LOOP('',(#5304,#5305,#5306,#5307,#5308,#5309,#5310,#5311,#5312,#5313,
#5314,#5315));
#5317=FACE_OUTER_BOUND('',#5316,.F.);
#5318=ADVANCED_FACE('',(#5317),#5303,.T.);
#5321=CARTESIAN_POINT('',(4.155E1,0.E0,0.E0));
#5322=DIRECTION('',(1.E0,0.E0,0.E0));
#5323=DIRECTION('',(0.E0,0.E0,-1.E0));
#5324=AXIS2_PLACEMENT_3D('',#5321,#5322,#5323);
#5326=DIRECTION('',(1.E0,0.E0,0.E0));
#5327=VECTOR('',#5326,9.45E0);
#5328=CARTESIAN_POINT('',(4.155E1,0.E0,2.5E0));
#5329=LINE('',#5328,#5327);
#5330=CARTESIAN_POINT('',(4.155E1,0.E0,0.E0));
#5331=DIRECTION('',(1.E0,0.E0,0.E0));
#5332=DIRECTION('',(0.E0,0.E0,1.E0));
#5333=AXIS2_PLACEMENT_3D('',#5330,#5331,#5332);
#5335=DIRECTION('',(1.E0,0.E0,0.E0));
#5336=VECTOR('',#5335,9.45E0);
#5337=CARTESIAN_POINT('',(4.155E1,0.E0,-2.5E0));
#5338=LINE('',#5337,#5336);
#5339=CARTESIAN_POINT('',(5.1E1,0.E0,0.E0));
#5340=DIRECTION('',(1.E0,0.E0,0.E0));
#5341=DIRECTION('',(0.E0,0.E0,-1.E0));
#5342=AXIS2_PLACEMENT_3D('',#5339,#5340,#5341);
#5344=CARTESIAN_POINT('',(5.1E1,0.E0,0.E0));
#5345=DIRECTION('',(1.E0,0.E0,0.E0));
#5346=DIRECTION('',(0.E0,0.E0,1.E0));
#5347=AXIS2_PLACEMENT_3D('',#5344,#5345,#5346);
#5349=CARTESIAN_POINT('',(5.1E1,0.E0,2.5E0));
#5350=CARTESIAN_POINT('',(5.1E1,0.E0,-2.5E0));
#5351=VERTEX_POINT('',#5349);
#5352=VERTEX_POINT('',#5350);
#5353=CARTESIAN_POINT('',(4.155E1,0.E0,2.5E0));
#5354=CARTESIAN_POINT('',(4.155E1,0.E0,-2.5E0));
#5355=VERTEX_POINT('',#5353);
#5356=VERTEX_POINT('',#5354);
#5357=CARTESIAN_POINT('',(5.9E1,0.E0,0.E0));
#5358=DIRECTION('',(1.E0,0.E0,0.E0));
#5359=DIRECTION('',(0.E0,0.E0,-1.E0));
#5360=AXIS2_PLACEMENT_3D('',#5357,#5358,#5359);
#5361=CYLINDRICAL_SURFACE('',#5360,2.5E0);
#5363=ORIENTED_EDGE('',*,*,#5362,.F.);
#5365=ORIENTED_EDGE('',*,*,#5364,.T.);
#5367=ORIENTED_EDGE('',*,*,#5366,.T.);
#5369=ORIENTED_EDGE('',*,*,#5368,.F.);
#5370=EDGE_LOOP('',(#5363,#5365,#5367,#5369));
#5371=FACE_OUTER_BOUND('',#5370,.F.);
#5372=ADVANCED_FACE('',(#5371),#5361,.T.);
#5373=CARTESIAN_POINT('',(4.155E1,0.E0,0.E0));
#5374=DIRECTION('',(-1.E0,0.E0,0.E0));
#5375=DIRECTION('',(0.E0,-1.E0,0.E0));
#5376=AXIS2_PLACEMENT_3D('',#5373,#5374,#5375);
#5377=PLANE('',#5376);
#5379=ORIENTED_EDGE('',*,*,#5378,.T.);
#5380=ORIENTED_EDGE('',*,*,#5362,.T.);
#5381=EDGE_LOOP('',(#5379,#5380));
#5382=FACE_OUTER_BOUND('',#5381,.F.);
#5383=ADVANCED_FACE('',(#5382),#5377,.T.);
#5384=CARTESIAN_POINT('',(5.9E1,0.E0,0.E0));
#5385=DIRECTION('',(1.E0,0.E0,0.E0));
#5386=DIRECTION('',(0.E0,0.E0,-1.E0));
#5387=AXIS2_PLACEMENT_3D('',#5384,#5385,#5386);
#5388=CYLINDRICAL_SURFACE('',#5387,2.5E0);
#5389=ORIENTED_EDGE('',*,*,#5378,.F.);
#5390=ORIENTED_EDGE('',*,*,#5368,.T.);
#5392=ORIENTED_EDGE('',*,*,#5391,.T.);
#5393=ORIENTED_EDGE('',*,*,#5364,.F.);
#5394=EDGE_LOOP('',(#5389,#5390,#5392,#5393));
#5395=FACE_OUTER_BOUND('',#5394,.F.);
#5396=ADVANCED_FACE('',(#5395),#5388,.T.);
#5397=CARTESIAN_POINT('',(5.1E1,0.E0,0.E0));
#5398=DIRECTION('',(1.E0,0.E0,0.E0));
#5399=DIRECTION('',(0.E0,1.E0,0.E0));
#5400=AXIS2_PLACEMENT_3D('',#5397,#5398,#5399);
#5401=PLANE('',#5400);
#5402=ORIENTED_EDGE('',*,*,#5366,.F.);
#5403=ORIENTED_EDGE('',*,*,#5391,.F.);
#5404=EDGE_LOOP('',(#5402,#5403));
#5405=FACE_OUTER_BOUND('',#5404,.F.);
#5406=ADVANCED_FACE('',(#5405),#5401,.T.);
#5410=DIMENSIONAL_EXPONENTS(0.E0,0.E0,0.E0,0.E0,0.E0,0.E0,0.E0);
#5412=PLANE_ANGLE_MEASURE_WITH_UNIT(PLANE_ANGLE_MEASURE(1.745329251994E-2),
#5411);
#5413=(CONVERSION_BASED_UNIT('DEGREE',#5412)NAMED_UNIT(*)PLANE_ANGLE_UNIT());
#5415=UNCERTAINTY_MEASURE_WITH_UNIT(LENGTH_MEASURE(1.148988306998E-2),#5409,
'closure',
'Maximum model space distance between geometric entities at asserted connectivities');
#5416=(GEOMETRIC_REPRESENTATION_CONTEXT(3)GLOBAL_UNCERTAINTY_ASSIGNED_CONTEXT((
#5415))GLOBAL_UNIT_ASSIGNED_CONTEXT((#5409,#5413,#5414))REPRESENTATION_CONTEXT(
'ID2','3'));
#5417=CARTESIAN_POINT('',(0.E0,0.E0,0.E0));
#5418=DIRECTION('',(0.E0,0.E0,1.E0));
#5419=DIRECTION('',(1.E0,0.E0,0.E0));
#5422=MECHANICAL_CONTEXT('',#964,'mechanical');
#5423=PRODUCT('NONE','NONE','NOT SPECIFIED',(#5422));
#5424=PRODUCT_DEFINITION_FORMATION_WITH_SPECIFIED_SOURCE('1','LAST_VERSION',
#5423,.MADE.);
#5430=CARTESIAN_POINT('',(-2.255E1,0.E0,0.E0));
#5431=DIRECTION('',(0.E0,0.E0,1.E0));
#5432=DIRECTION('',(1.E0,0.E0,0.E0));
#5433=AXIS2_PLACEMENT_3D('',#5430,#5431,#5432);
#5434=ITEM_DEFINED_TRANSFORMATION('','',#5420,#5433);
#5435=CARTESIAN_POINT('',(0.E0,0.E0,0.E0));
#5436=DIRECTION('',(0.E0,0.E0,1.E0));
#5437=DIRECTION('',(1.E0,0.E0,0.E0));
#5439=(REPRESENTATION_RELATIONSHIP('','',#5421,#975)REPRESENTATION_RELATIONSHIP_WITH_TRANSFORMATION(#5434)SHAPE_REPRESENTATION_RELATIONSHIP());
#5440=CONTEXT_DEPENDENT_SHAPE_REPRESENTATION(#5439,#5429);
#5442=DIMENSIONAL_EXPONENTS(0.E0,0.E0,0.E0,0.E0,0.E0,0.E0,0.E0);
#5444=PLANE_ANGLE_MEASURE_WITH_UNIT(PLANE_ANGLE_MEASURE(1.745329251994E-2),
#5443);
#5445=(CONVERSION_BASED_UNIT('DEGREE',#5444)NAMED_UNIT(*)PLANE_ANGLE_UNIT());
#5447=UNCERTAINTY_MEASURE_WITH_UNIT(LENGTH_MEASURE(8.659907627683E-2),#5441,
'closure',
'Maximum model space distance between geometric entities at asserted connectivities');
#5448=(GEOMETRIC_REPRESENTATION_CONTEXT(3)GLOBAL_UNCERTAINTY_ASSIGNED_CONTEXT((
#5447))GLOBAL_UNIT_ASSIGNED_CONTEXT((#5441,#5445,#5446))REPRESENTATION_CONTEXT(
'ID3','3'));
#5449=CARTESIAN_POINT('',(0.E0,0.E0,0.E0));
#5450=DIRECTION('',(0.E0,0.E0,1.E0));
#5451=DIRECTION('',(1.E0,0.E0,0.E0));
#5453=DESIGN_CONTEXT('',#964,'design');
#5454=MECHANICAL_CONTEXT('',#964,'mechanical');
#5455=PRODUCT('42J1848-425_ASM','42J1848-425_ASM','NOT SPECIFIED',(#5454));
#5456=PRODUCT_DEFINITION_FORMATION_WITH_SPECIFIED_SOURCE('1','LAST_VERSION',
#5455,.MADE.);
#5463=CARTESIAN_POINT('',(0.E0,0.E0,0.E0));
#5464=DIRECTION('',(0.E0,0.E0,1.E0));
#5465=DIRECTION('',(1.E0,0.E0,0.E0));
#5466=AXIS2_PLACEMENT_3D('',#5463,#5464,#5465);
#5467=ITEM_DEFINED_TRANSFORMATION('','',#986,#5466);
#5468=(REPRESENTATION_RELATIONSHIP('','',#975,#5460)REPRESENTATION_RELATIONSHIP_WITH_TRANSFORMATION(#5467)SHAPE_REPRESENTATION_RELATIONSHIP());
#5469=CONTEXT_DEPENDENT_SHAPE_REPRESENTATION(#5468,#5462);
#5471=DIMENSIONAL_EXPONENTS(0.E0,0.E0,0.E0,0.E0,0.E0,0.E0,0.E0);
#5473=PLANE_ANGLE_MEASURE_WITH_UNIT(PLANE_ANGLE_MEASURE(1.745329251994E-2),
#5472);
#5474=(CONVERSION_BASED_UNIT('DEGREE',#5473)NAMED_UNIT(*)PLANE_ANGLE_UNIT());
#5476=UNCERTAINTY_MEASURE_WITH_UNIT(LENGTH_MEASURE(8.659907627683E-2),#5470,
'closure',
'Maximum model space distance between geometric entities at asserted connectivities');
#5477=(GEOMETRIC_REPRESENTATION_CONTEXT(3)GLOBAL_UNCERTAINTY_ASSIGNED_CONTEXT((
#5476))GLOBAL_UNIT_ASSIGNED_CONTEXT((#5470,#5474,#5475))REPRESENTATION_CONTEXT(
'ID4','3'));
#5478=CARTESIAN_POINT('',(0.E0,0.E0,0.E0));
#5479=DIRECTION('',(0.E0,0.E0,1.E0));
#5480=DIRECTION('',(1.E0,0.E0,0.E0));
#5482=MECHANICAL_CONTEXT('',#964,'mechanical');
#5483=PRODUCT('42J1848-425-01_ASM','42J1848-425-01_ASM','NOT SPECIFIED',
(#5482));
#5484=PRODUCT_DEFINITION_FORMATION_WITH_SPECIFIED_SOURCE('1','LAST_VERSION',
#5483,.MADE.);
#5486=PRODUCT_CATEGORY('part','');
#5487=PRODUCT_RELATED_PRODUCT_CATEGORY('assembly','',(#5455,#5483));
#5488=PRODUCT_CATEGORY_RELATIONSHIP('','',#5486,#5487);
#5489=PRODUCT_CATEGORY('part','');
#5490=PRODUCT_RELATED_PRODUCT_CATEGORY('detail','',(#968,#5423));
#5491=PRODUCT_CATEGORY_RELATIONSHIP('','',#5489,#5490);
#5492=SECURITY_CLASSIFICATION_LEVEL('unclassified');
#5493=SECURITY_CLASSIFICATION('','',#5492);
#5494=CC_DESIGN_SECURITY_CLASSIFICATION(#5493,(#969,#5424,#5456,#5484,#976,
#5428,#5461));
#5495=APPROVAL_STATUS('approved');
#5496=APPROVAL(#5495,'');
#5497=CC_DESIGN_APPROVAL(#5496,(#5493,#969,#5424,#5456,#5484,#970,#5425,#5457,
#5485));
#5498=CALENDAR_DATE(125,24,10);
#5499=COORDINATED_UNIVERSAL_TIME_OFFSET(8,0,.AHEAD.);
#5500=LOCAL_TIME(10,38,3.6E1,#5499);
#5501=DATE_AND_TIME(#5498,#5500);
#5502=APPROVAL_DATE_TIME(#5501,#5496);
#5503=DATE_TIME_ROLE('creation_date');
#5504=CC_DESIGN_DATE_AND_TIME_ASSIGNMENT(#5501,#5503,(#970,#5425,#5457,#5485));
#5505=DATE_TIME_ROLE('classification_date');
#5506=CC_DESIGN_DATE_AND_TIME_ASSIGNMENT(#5501,#5505,(#5493));
#5507=PERSON('UNSPECIFIED','UNSPECIFIED',$,$,$,$);
#5508=ORGANIZATION('UNSPECIFIED','UNSPECIFIED','UNSPECIFIED');
#5509=PERSON_AND_ORGANIZATION(#5507,#5508);
#5510=APPROVAL_ROLE('approver');
#5511=APPROVAL_PERSON_ORGANIZATION(#5509,#5496,#5510);
#5512=PERSON_AND_ORGANIZATION_ROLE('creator');
#5513=CC_DESIGN_PERSON_AND_ORGANIZATION_ASSIGNMENT(#5509,#5512,(#969,#5424,
#5456,#5484,#970,#5425,#5457,#5485));
#5514=PERSON_AND_ORGANIZATION_ROLE('design_supplier');
#5515=CC_DESIGN_PERSON_AND_ORGANIZATION_ASSIGNMENT(#5509,#5514,(#969,#5424,
#5456,#5484));
#5516=PERSON_AND_ORGANIZATION_ROLE('classification_officer');
#5517=CC_DESIGN_PERSON_AND_ORGANIZATION_ASSIGNMENT(#5509,#5516,(#5493));
#5518=PERSON_AND_ORGANIZATION_ROLE('design_owner');
#5519=CC_DESIGN_PERSON_AND_ORGANIZATION_ASSIGNMENT(#5509,#5518,(#5455,#5483,
#968,#5423));
#9=CIRCLE('',#8,1.55E1);
#18=CIRCLE('',#17,1.55E1);
#27=CIRCLE('',#26,2.7E1);
#36=CIRCLE('',#35,2.7E1);
#45=CIRCLE('',#44,2.7E1);
#54=CIRCLE('',#53,2.7E1);
#59=CIRCLE('',#58,1.5E0);
#64=CIRCLE('',#63,1.5E0);
#69=CIRCLE('',#68,1.5E0);
#74=CIRCLE('',#73,1.5E0);
#79=CIRCLE('',#78,1.5E0);
#84=CIRCLE('',#83,1.5E0);
#89=CIRCLE('',#88,1.5E0);
#94=CIRCLE('',#93,1.5E0);
#99=CIRCLE('',#98,1.6E1);
#104=CIRCLE('',#103,1.6E1);
#157=CIRCLE('',#156,2.7E1);
#162=CIRCLE('',#161,2.7E1);
#167=CIRCLE('',#166,2.7E1);
#172=CIRCLE('',#171,2.7E1);
#185=CIRCLE('',#184,1.5E0);
#190=CIRCLE('',#189,1.5E0);
#203=CIRCLE('',#202,1.5E0);
#208=CIRCLE('',#207,1.5E0);
#221=CIRCLE('',#220,1.5E0);
#226=CIRCLE('',#225,1.5E0);
#239=CIRCLE('',#238,1.5E0);
#244=CIRCLE('',#243,1.5E0);
#257=CIRCLE('',#256,1.55E1);
#262=CIRCLE('',#261,1.55E1);
#267=CIRCLE('',#266,1.1E1);
#272=CIRCLE('',#271,1.1E1);
#285=CIRCLE('',#284,1.1E1);
#290=CIRCLE('',#289,1.1E1);
#295=CIRCLE('',#294,2.5E0);
#300=CIRCLE('',#299,2.5E0);
#317=CIRCLE('',#316,2.5E0);
#326=CIRCLE('',#325,2.5E0);
#331=CIRCLE('',#330,2.E0);
#336=CIRCLE('',#335,2.E0);
#438=EDGE_CURVE('',#360,#391,#13,.T.);
#440=EDGE_CURVE('',#391,#392,#99,.T.);
#442=EDGE_CURVE('',#359,#392,#4,.T.);
#444=EDGE_CURVE('',#360,#359,#9,.T.);
#455=EDGE_CURVE('',#392,#391,#104,.T.);
#458=EDGE_CURVE('',#359,#360,#18,.T.);
#468=EDGE_CURVE('',#418,#408,#22,.T.);
#470=EDGE_CURVE('',#384,#418,#27,.T.);
#472=EDGE_CURVE('',#432,#384,#31,.T.);
#474=EDGE_CURVE('',#344,#432,#36,.T.);
#476=EDGE_CURVE('',#343,#344,#40,.T.);
#478=EDGE_CURVE('',#372,#343,#45,.T.);
#480=EDGE_CURVE('',#382,#372,#49,.T.);
#482=EDGE_CURVE('',#408,#382,#54,.T.);
#486=EDGE_CURVE('',#412,#411,#59,.T.);
#488=EDGE_CURVE('',#411,#412,#64,.T.);
#492=EDGE_CURVE('',#376,#375,#69,.T.);
#494=EDGE_CURVE('',#375,#376,#74,.T.);
#498=EDGE_CURVE('',#348,#340,#79,.T.);
#500=EDGE_CURVE('',#340,#348,#84,.T.);
#504=EDGE_CURVE('',#356,#352,#89,.T.);
#506=EDGE_CURVE('',#352,#356,#94,.T.);
#520=EDGE_CURVE('',#408,#396,#116,.T.);
#522=EDGE_CURVE('',#414,#396,#108,.T.);
#524=EDGE_CURVE('',#414,#418,#148,.T.);
#535=EDGE_CURVE('',#395,#382,#112,.T.);
#537=EDGE_CURVE('',#395,#396,#162,.T.);
#549=EDGE_CURVE('',#372,#402,#128,.T.);
#551=EDGE_CURVE('',#395,#402,#120,.T.);
#563=EDGE_CURVE('',#370,#343,#124,.T.);
#565=EDGE_CURVE('',#370,#402,#167,.T.);
#577=EDGE_CURVE('',#344,#378,#140,.T.);
#579=EDGE_CURVE('',#370,#378,#132,.T.);
#591=EDGE_CURVE('',#363,#432,#136,.T.);
#593=EDGE_CURVE('',#363,#378,#172,.T.);
#605=EDGE_CURVE('',#384,#364,#152,.T.);
#607=EDGE_CURVE('',#363,#364,#144,.T.);
#620=EDGE_CURVE('',#414,#364,#157,.T.);
#648=EDGE_CURVE('',#399,#412,#180,.T.);
#651=EDGE_CURVE('',#400,#411,#176,.T.);
#653=EDGE_CURVE('',#400,#399,#185,.T.);
#666=EDGE_CURVE('',#399,#400,#190,.T.);
#686=EDGE_CURVE('',#405,#376,#198,.T.);
#689=EDGE_CURVE('',#406,#375,#194,.T.);
#691=EDGE_CURVE('',#406,#405,#203,.T.);
#704=EDGE_CURVE('',#405,#406,#208,.T.);
#724=EDGE_CURVE('',#346,#348,#216,.T.);
#727=EDGE_CURVE('',#339,#340,#212,.T.);
#729=EDGE_CURVE('',#339,#346,#221,.T.);
#742=EDGE_CURVE('',#346,#339,#226,.T.);
#762=EDGE_CURVE('',#354,#356,#234,.T.);
#765=EDGE_CURVE('',#351,#352,#230,.T.);
#767=EDGE_CURVE('',#351,#354,#239,.T.);
#780=EDGE_CURVE('',#354,#351,#244,.T.);
#800=EDGE_CURVE('',#422,#359,#252,.T.);
#803=EDGE_CURVE('',#421,#360,#248,.T.);
#805=EDGE_CURVE('',#421,#422,#257,.T.);
#818=EDGE_CURVE('',#422,#421,#262,.T.);
#832=EDGE_CURVE('',#425,#430,#267,.T.);
#834=EDGE_CURVE('',#430,#425,#272,.T.);
#844=EDGE_CURVE('',#429,#426,#290,.T.);
#846=EDGE_CURVE('',#425,#426,#276,.T.);
#849=EDGE_CURVE('',#429,#430,#280,.T.);
#859=EDGE_CURVE('',#426,#429,#285,.T.);
#864=EDGE_CURVE('',#387,#388,#295,.T.);
#866=EDGE_CURVE('',#388,#387,#300,.T.);
#889=EDGE_CURVE('',#367,#388,#304,.T.);
#891=EDGE_CURVE('',#367,#368,#326,.T.);
#893=EDGE_CURVE('',#368,#387,#308,.T.);
#904=EDGE_CURVE('',#368,#367,#317,.T.);
#916=EDGE_CURVE('',#367,#416,#312,.T.);
#919=EDGE_CURVE('',#368,#380,#321,.T.);
#921=EDGE_CURVE('',#380,#416,#331,.T.);
#931=EDGE_CURVE('',#416,#380,#336,.T.);
#949=CLOSED_SHELL('',(#448,#462,#514,#529,#543,#557,#571,#585,#599,#613,#626,
#642,#657,#670,#680,#695,#708,#718,#733,#746,#756,#771,#784,#794,#809,#822,#838,
#853,#870,#882,#897,#910,#925,#938,#948));
#950=MANIFOLD_SOLID_BREP('',#949);
#951=(LENGTH_UNIT()NAMED_UNIT(*)SI_UNIT(.MILLI.,.METRE.));
#953=(NAMED_UNIT(*)PLANE_ANGLE_UNIT()SI_UNIT($,.RADIAN.));
#956=(NAMED_UNIT(*)SI_UNIT($,.STERADIAN.)SOLID_ANGLE_UNIT());
#962=AXIS2_PLACEMENT_3D('',#959,#960,#961);
#963=ADVANCED_BREP_SHAPE_REPRESENTATION('',(#962,#950),#958);
#970=PRODUCT_DEFINITION('design','',#969,#966);
#971=PRODUCT_DEFINITION_SHAPE('','SHAPE FOR 1000.',#970);
#972=SHAPE_DEFINITION_REPRESENTATION(#971,#963);
#973=SHAPE_DEFINITION_REPRESENTATION(#974,#975);
#974=PRODUCT_DEFINITION_SHAPE('','SHAPE FOR 42J1848-425_ASM.',#5457);
#975=SHAPE_REPRESENTATION('',(#986,#981,#5438,#5433,#5452),#5448);
#976=NEXT_ASSEMBLY_USAGE_OCCURRENCE('0','Next assembly relationship',
'\X2\522096649762\X0\1',#5457,#970,$);
#977=PRODUCT_DEFINITION_SHAPE('Placement #0',
'Placement of 1000 with respect to 42J1848-425_ASM',#976);
#986=AXIS2_PLACEMENT_3D('',#983,#984,#985);
#1001=CIRCLE('',#1000,2.5E0);
#1006=CIRCLE('',#1005,2.5E0);
#1155=CIRCLE('',#1154,3.E0);
#1160=CIRCLE('',#1159,3.E0);
#1165=CIRCLE('',#1164,2.5E0);
#1170=CIRCLE('',#1169,2.5E0);
#1191=CIRCLE('',#1190,2.7E1);
#1196=CIRCLE('',#1195,2.7E1);
#1201=CIRCLE('',#1200,2.7E1);
#1206=CIRCLE('',#1205,2.7E1);
#1215=CIRCLE('',#1214,3.E0);
#1220=CIRCLE('',#1219,3.E0);
#1225=CIRCLE('',#1224,3.E0);
#1230=CIRCLE('',#1229,3.E0);
#1235=CIRCLE('',#1234,3.E0);
#1240=CIRCLE('',#1239,3.E0);
#1245=CIRCLE('',#1244,3.E0);
#1250=CIRCLE('',#1249,3.E0);
#1255=CIRCLE('',#1254,3.5E0);
#1260=CIRCLE('',#1259,3.5E0);
#1269=CIRCLE('',#1268,4.5E0);
#1274=CIRCLE('',#1273,4.5E0);
#1315=CIRCLE('',#1314,4.5E0);
#1320=CIRCLE('',#1319,4.5E0);
#1325=CIRCLE('',#1324,2.5E0);
#1330=CIRCLE('',#1329,2.5E0);
#1431=CIRCLE('',#1430,3.5E0);
#1436=CIRCLE('',#1435,3.5E0);
#1477=CIRCLE('',#1476,2.7E1);
#1486=CIRCLE('',#1485,2.7E1);
#1495=CIRCLE('',#1494,2.7E1);
#1504=CIRCLE('',#1503,2.7E1);
#1513=CIRCLE('',#1512,3.5E0);
#1518=CIRCLE('',#1517,3.5E0);
#1651=CIRCLE('',#1650,3.5E0);
#1660=CIRCLE('',#1659,3.5E0);
#1693=CIRCLE('',#1692,2.5E0);
#1698=CIRCLE('',#1697,8.5E0);
#1703=CIRCLE('',#1702,2.5E0);
#1708=CIRCLE('',#1707,2.5E0);
#1713=CIRCLE('',#1712,3.5E0);
#1718=CIRCLE('',#1717,2.5E0);
#1731=CIRCLE('',#1730,2.5E0);
#1736=CIRCLE('',#1735,2.5E0);
#1741=CIRCLE('',#1740,9.E-1);
#1746=CIRCLE('',#1745,9.E-1);
#1751=CIRCLE('',#1750,9.E-1);
#1756=CIRCLE('',#1755,9.E-1);
#1761=CIRCLE('',#1760,9.E-1);
#1766=CIRCLE('',#1765,9.E-1);
#1771=CIRCLE('',#1770,9.E-1);
#1776=CIRCLE('',#1775,9.E-1);
#1789=CIRCLE('',#1788,9.E-1);
#1794=CIRCLE('',#1793,9.E-1);
#1799=CIRCLE('',#1798,5.E-1);
#1804=CIRCLE('',#1803,5.E-1);
#1817=CIRCLE('',#1816,5.E-1);
#1822=CIRCLE('',#1821,5.E-1);
#1835=CIRCLE('',#1834,9.E-1);
#1840=CIRCLE('',#1839,9.E-1);
#1845=CIRCLE('',#1844,5.E-1);
#1850=CIRCLE('',#1849,5.E-1);
#1863=CIRCLE('',#1862,5.E-1);
#1868=CIRCLE('',#1867,5.E-1);
#1881=CIRCLE('',#1880,9.E-1);
#1886=CIRCLE('',#1885,9.E-1);
#1891=CIRCLE('',#1890,5.E-1);
#1896=CIRCLE('',#1895,5.E-1);
#1909=CIRCLE('',#1908,5.E-1);
#1914=CIRCLE('',#1913,5.E-1);
#1927=CIRCLE('',#1926,9.E-1);
#1932=CIRCLE('',#1931,9.E-1);
#1937=CIRCLE('',#1936,5.E-1);
#1942=CIRCLE('',#1941,5.E-1);
#1955=CIRCLE('',#1954,5.E-1);
#1960=CIRCLE('',#1959,5.E-1);
#1973=CIRCLE('',#1972,3.E0);
#1978=CIRCLE('',#1977,3.E0);
#1983=CIRCLE('',#1982,2.5E0);
#1988=CIRCLE('',#1987,2.5E0);
#2001=CIRCLE('',#2000,2.5E0);
#2006=CIRCLE('',#2005,2.5E0);
#2163=CIRCLE('',#2162,3.E0);
#2168=CIRCLE('',#2167,3.E0);
#2173=CIRCLE('',#2172,2.5E0);
#2178=CIRCLE('',#2177,2.5E0);
#2191=CIRCLE('',#2190,2.5E0);
#2196=CIRCLE('',#2195,2.5E0);
#2353=CIRCLE('',#2352,3.E0);
#2358=CIRCLE('',#2357,3.E0);
#2363=CIRCLE('',#2362,2.5E0);
#2368=CIRCLE('',#2367,2.5E0);
#2381=CIRCLE('',#2380,2.5E0);
#2386=CIRCLE('',#2385,2.5E0);
#3012=EDGE_CURVE('',#2942,#2850,#996,.T.);
#3014=EDGE_CURVE('',#2850,#2849,#1006,.T.);
#3016=EDGE_CURVE('',#2944,#2849,#992,.T.);
#3018=EDGE_CURVE('',#2944,#2942,#1170,.T.);
#3029=EDGE_CURVE('',#2849,#2850,#1001,.T.);
#3032=EDGE_CURVE('',#2942,#2944,#1165,.T.);
#3046=EDGE_CURVE('',#2853,#2854,#1010,.T.);
#3048=EDGE_CURVE('',#2853,#2880,#1062,.T.);
#3050=EDGE_CURVE('',#2878,#2880,#1014,.T.);
#3052=EDGE_CURVE('',#2874,#2878,#1018,.T.);
#3054=EDGE_CURVE('',#2872,#2874,#1022,.T.);
#3056=EDGE_CURVE('',#2866,#2872,#1026,.T.);
#3058=EDGE_CURVE('',#2864,#2866,#1030,.T.);
#3060=EDGE_CURVE('',#2834,#2864,#1034,.T.);
#3062=EDGE_CURVE('',#2833,#2834,#1038,.T.);
#3064=EDGE_CURVE('',#2840,#2833,#1042,.T.);
#3066=EDGE_CURVE('',#2860,#2840,#1046,.T.);
#3068=EDGE_CURVE('',#2854,#2860,#1050,.T.);
#3078=EDGE_CURVE('',#2974,#2853,#1066,.T.);
#3081=EDGE_CURVE('',#2972,#2854,#1054,.T.);
#3083=EDGE_CURVE('',#2974,#2972,#1058,.T.);
#3093=EDGE_CURVE('',#2954,#2880,#1074,.T.);
#3097=EDGE_CURVE('',#2954,#2974,#1070,.T.);
#3107=EDGE_CURVE('',#2953,#2878,#1082,.T.);
#3111=EDGE_CURVE('',#2953,#2954,#1078,.T.);
#3121=EDGE_CURVE('',#2956,#2874,#1090,.T.);
#3125=EDGE_CURVE('',#2956,#2953,#1086,.T.);
#3135=EDGE_CURVE('',#2958,#2872,#1098,.T.);
#3139=EDGE_CURVE('',#2958,#2956,#1094,.T.);
#3149=EDGE_CURVE('',#2960,#2866,#1106,.T.);
#3153=EDGE_CURVE('',#2960,#2958,#1102,.T.);
#3163=EDGE_CURVE('',#2962,#2864,#1114,.T.);
#3167=EDGE_CURVE('',#2962,#2960,#1110,.T.);
#3177=EDGE_CURVE('',#2964,#2834,#1122,.T.);
#3181=EDGE_CURVE('',#2964,#2962,#1118,.T.);
#3191=EDGE_CURVE('',#2966,#2833,#1130,.T.);
#3195=EDGE_CURVE('',#2966,#2964,#1126,.T.);
#3205=EDGE_CURVE('',#2968,#2840,#1138,.T.);
#3209=EDGE_CURVE('',#2968,#2966,#1134,.T.);
#3219=EDGE_CURVE('',#2970,#2860,#1146,.T.);
#3223=EDGE_CURVE('',#2970,#2968,#1142,.T.);
#3236=EDGE_CURVE('',#2972,#2970,#1150,.T.);
#3266=EDGE_CURVE('',#2947,#2948,#1155,.T.);
#3268=EDGE_CURVE('',#2948,#2947,#1160,.T.);
#3282=EDGE_CURVE('',#2948,#2935,#1178,.T.);
#3284=EDGE_CURVE('',#2935,#2936,#1215,.T.);
#3286=EDGE_CURVE('',#2947,#2936,#1174,.T.);
#3298=EDGE_CURVE('',#2936,#2935,#1220,.T.);
#3310=EDGE_CURVE('',#2600,#2922,#1182,.T.);
#3312=EDGE_CURVE('',#2600,#2537,#1590,.T.);
#3314=EDGE_CURVE('',#2846,#2537,#1186,.T.);
#3316=EDGE_CURVE('',#2846,#2690,#1574,.T.);
#3318=EDGE_CURVE('',#2690,#2822,#1566,.T.);
#3320=EDGE_CURVE('',#2810,#2822,#1191,.T.);
#3322=EDGE_CURVE('',#2810,#2916,#1554,.T.);
#3324=EDGE_CURVE('',#2928,#2916,#1196,.T.);
#3326=EDGE_CURVE('',#2928,#2926,#1542,.T.);
#3328=EDGE_CURVE('',#2730,#2926,#1201,.T.);
#3330=EDGE_CURVE('',#2730,#2924,#1530,.T.);
#3332=EDGE_CURVE('',#2671,#2924,#1206,.T.);
#3334=EDGE_CURVE('',#2671,#2672,#1468,.T.);
#3336=EDGE_CURVE('',#2922,#2672,#1210,.T.);
#3344=EDGE_CURVE('',#2688,#2938,#1225,.T.);
#3346=EDGE_CURVE('',#2938,#2688,#1230,.T.);
#3350=EDGE_CURVE('',#2886,#2940,#1235,.T.);
#3352=EDGE_CURVE('',#2940,#2886,#1240,.T.);
#3356=EDGE_CURVE('',#2858,#2870,#1245,.T.);
#3358=EDGE_CURVE('',#2870,#2858,#1250,.T.);
#3362=EDGE_CURVE('',#2712,#2722,#1255,.T.);
#3364=EDGE_CURVE('',#2722,#2712,#1260,.T.);
#3374=EDGE_CURVE('',#2844,#2634,#1294,.T.);
#3376=EDGE_CURVE('',#2600,#2634,#1264,.T.);
#3379=EDGE_CURVE('',#2922,#2844,#1464,.T.);
#3389=EDGE_CURVE('',#2807,#2808,#1269,.T.);
#3391=EDGE_CURVE('',#2695,#2807,#1274,.T.);
#3393=EDGE_CURVE('',#2695,#2800,#1668,.T.);
#3395=EDGE_CURVE('',#2800,#2684,#1346,.T.);
#3397=EDGE_CURVE('',#2830,#2684,#1278,.T.);
#3399=EDGE_CURVE('',#2538,#2830,#1282,.T.);
#3401=EDGE_CURVE('',#2652,#2538,#1286,.T.);
#3403=EDGE_CURVE('',#2652,#2546,#1610,.T.);
#3405=EDGE_CURVE('',#2634,#2546,#1290,.T.);
#3408=EDGE_CURVE('',#2844,#2842,#1460,.T.);
#3410=EDGE_CURVE('',#2842,#2760,#1358,.T.);
#3412=EDGE_CURVE('',#2808,#2760,#1298,.T.);
#3422=EDGE_CURVE('',#2807,#2658,#1302,.T.);
#3425=EDGE_CURVE('',#2657,#2808,#1306,.T.);
#3427=EDGE_CURVE('',#2657,#2658,#1320,.T.);
#3437=EDGE_CURVE('',#2658,#2696,#1315,.T.);
#3439=EDGE_CURVE('',#2695,#2696,#1310,.T.);
#3451=EDGE_CURVE('',#2759,#2818,#1354,.T.);
#3453=EDGE_CURVE('',#2818,#2696,#1672,.T.);
#3457=EDGE_CURVE('',#2657,#2759,#1680,.T.);
#3461=EDGE_CURVE('',#2622,#2621,#1325,.T.);
#3463=EDGE_CURVE('',#2621,#2622,#1330,.T.);
#3473=EDGE_CURVE('',#2993,#2994,#1334,.T.);
#3475=EDGE_CURVE('',#2994,#2682,#1626,.T.);
#3477=EDGE_CURVE('',#2605,#2682,#1338,.T.);
#3479=EDGE_CURVE('',#2684,#2605,#1342,.T.);
#3482=EDGE_CURVE('',#2818,#2800,#1350,.T.);
#3485=EDGE_CURVE('',#2759,#2760,#1676,.T.);
#3488=EDGE_CURVE('',#2842,#2606,#1456,.T.);
#3490=EDGE_CURVE('',#2571,#2606,#1362,.T.);
#3492=EDGE_CURVE('',#2993,#2571,#1366,.T.);
#3502=EDGE_CURVE('',#2989,#2990,#1370,.T.);
#3504=EDGE_CURVE('',#2998,#2989,#1642,.T.);
#3506=EDGE_CURVE('',#2998,#3000,#1630,.T.);
#3508=EDGE_CURVE('',#3000,#2994,#1622,.T.);
#3511=EDGE_CURVE('',#3002,#2993,#1402,.T.);
#3513=EDGE_CURVE('',#2996,#3002,#1390,.T.);
#3515=EDGE_CURVE('',#2996,#2990,#1382,.T.);
#3519=EDGE_CURVE('',#3005,#3006,#1651,.T.);
#3521=EDGE_CURVE('',#3006,#3005,#1660,.T.);
#3532=EDGE_CURVE('',#2990,#2582,#1386,.T.);
#3534=EDGE_CURVE('',#2581,#2582,#1374,.T.);
#3536=EDGE_CURVE('',#2989,#2581,#1378,.T.);
#3547=EDGE_CURVE('',#2996,#2724,#1398,.T.);
#3549=EDGE_CURVE('',#2724,#2582,#1422,.T.);
#3561=EDGE_CURVE('',#3002,#2572,#1406,.T.);
#3563=EDGE_CURVE('',#2724,#2572,#1394,.T.);
#3576=EDGE_CURVE('',#2571,#2572,#1426,.T.);
#3587=EDGE_CURVE('',#2605,#2606,#1410,.T.);
#3590=EDGE_CURVE('',#2786,#2682,#1414,.T.);
#3592=EDGE_CURVE('',#2786,#2702,#1634,.T.);
#3594=EDGE_CURVE('',#2581,#2702,#1418,.T.);
#3603=EDGE_CURVE('',#2609,#2610,#1431,.T.);
#3605=EDGE_CURVE('',#2610,#2609,#1436,.T.);
#3615=EDGE_CURVE('',#2590,#2606,#1440,.T.);
#3617=EDGE_CURVE('',#2589,#2590,#1444,.T.);
#3619=EDGE_CURVE('',#2605,#2589,#1448,.T.);
#3631=EDGE_CURVE('',#2590,#2672,#1452,.T.);
#3645=EDGE_CURVE('',#2674,#2590,#1472,.T.);
#3649=EDGE_CURVE('',#2671,#2674,#1526,.T.);
#3661=EDGE_CURVE('',#2932,#2674,#1477,.T.);
#3663=EDGE_CURVE('',#2618,#2932,#1481,.T.);
#3665=EDGE_CURVE('',#2617,#2618,#1486,.T.);
#3667=EDGE_CURVE('',#2756,#2617,#1490,.T.);
#3669=EDGE_CURVE('',#2904,#2756,#1495,.T.);
#3671=EDGE_CURVE('',#2556,#2904,#1499,.T.);
#3673=EDGE_CURVE('',#2555,#2556,#1504,.T.);
#3675=EDGE_CURVE('',#2589,#2555,#1508,.T.);
#3679=EDGE_CURVE('',#2663,#2664,#1513,.T.);
#3681=EDGE_CURVE('',#2664,#2663,#1518,.T.);
#3691=EDGE_CURVE('',#2932,#2924,#1522,.T.);
#3704=EDGE_CURVE('',#2730,#2618,#1538,.T.);
#3717=EDGE_CURVE('',#2617,#2926,#1534,.T.);
#3730=EDGE_CURVE('',#2928,#2756,#1550,.T.);
#3743=EDGE_CURVE('',#2904,#2916,#1546,.T.);
#3756=EDGE_CURVE('',#2810,#2556,#1562,.T.);
#3769=EDGE_CURVE('',#2555,#2822,#1558,.T.);
#3783=EDGE_CURVE('',#2589,#2690,#1570,.T.);
#3798=EDGE_CURVE('',#2830,#2846,#1578,.T.);
#3811=EDGE_CURVE('',#2537,#2538,#1582,.T.);
#3824=EDGE_CURVE('',#2537,#2814,#1586,.T.);
#3826=EDGE_CURVE('',#2814,#2652,#1606,.T.);
#3839=EDGE_CURVE('',#2600,#2545,#1602,.T.);
#3841=EDGE_CURVE('',#2814,#2545,#1594,.T.);
#3851=EDGE_CURVE('',#2545,#2546,#1598,.T.);
#3876=EDGE_CURVE('',#2664,#2712,#1618,.T.);
#3879=EDGE_CURVE('',#2663,#2722,#1614,.T.);
#3903=EDGE_CURVE('',#3000,#2786,#1638,.T.);
#3916=EDGE_CURVE('',#2998,#2702,#1646,.T.);
#3941=EDGE_CURVE('',#3006,#2609,#1664,.T.);
#3944=EDGE_CURVE('',#3005,#2610,#1655,.T.);
#3990=EDGE_CURVE('',#2812,#2625,#1703,.T.);
#3992=EDGE_CURVE('',#2622,#2625,#1684,.T.);
#3995=EDGE_CURVE('',#2812,#2621,#1688,.T.);
#4005=EDGE_CURVE('',#2812,#2766,#1713,.T.);
#4007=EDGE_CURVE('',#2626,#2766,#1693,.T.);
#4009=EDGE_CURVE('',#2625,#2626,#1698,.T.);
#4021=EDGE_CURVE('',#2766,#2626,#1708,.T.);
#4024=EDGE_CURVE('',#2625,#2812,#1718,.T.);
#4034=EDGE_CURVE('',#2626,#2910,#1726,.T.);
#4036=EDGE_CURVE('',#2910,#2918,#1736,.T.);
#4038=EDGE_CURVE('',#2766,#2918,#1722,.T.);
#4050=EDGE_CURVE('',#2918,#2910,#1731,.T.);
#4066=EDGE_CURVE('',#2764,#2902,#1741,.T.);
#4068=EDGE_CURVE('',#2902,#2764,#1746,.T.);
#4072=EDGE_CURVE('',#2638,#2637,#1751,.T.);
#4074=EDGE_CURVE('',#2637,#2638,#1756,.T.);
#4078=EDGE_CURVE('',#2586,#2632,#1761,.T.);
#4080=EDGE_CURVE('',#2632,#2586,#1766,.T.);
#4084=EDGE_CURVE('',#2716,#2816,#1771,.T.);
#4086=EDGE_CURVE('',#2816,#2716,#1776,.T.);
#4096=EDGE_CURVE('',#2763,#2764,#1784,.T.);
#4099=EDGE_CURVE('',#2824,#2902,#1780,.T.);
#4101=EDGE_CURVE('',#2824,#2763,#1789,.T.);
#4114=EDGE_CURVE('',#2763,#2824,#1794,.T.);
#4128=EDGE_CURVE('',#2794,#2738,#1799,.T.);
#4130=EDGE_CURVE('',#2738,#2794,#1804,.T.);
#4140=EDGE_CURVE('',#2876,#2794,#1812,.T.);
#4143=EDGE_CURVE('',#2737,#2738,#1808,.T.);
#4145=EDGE_CURVE('',#2737,#2876,#1817,.T.);
#4158=EDGE_CURVE('',#2876,#2737,#1822,.T.);
#4178=EDGE_CURVE('',#2660,#2638,#1830,.T.);
#4181=EDGE_CURVE('',#2692,#2637,#1826,.T.);
#4183=EDGE_CURVE('',#2692,#2660,#1835,.T.);
#4196=EDGE_CURVE('',#2660,#2692,#1840,.T.);
#4210=EDGE_CURVE('',#2710,#2709,#1845,.T.);
#4212=EDGE_CURVE('',#2709,#2710,#1850,.T.);
#4222=EDGE_CURVE('',#2613,#2710,#1858,.T.);
#4225=EDGE_CURVE('',#2614,#2709,#1854,.T.);
#4227=EDGE_CURVE('',#2614,#2613,#1863,.T.);
#4240=EDGE_CURVE('',#2613,#2614,#1868,.T.);
#4260=EDGE_CURVE('',#2585,#2586,#1876,.T.);
#4263=EDGE_CURVE('',#2602,#2632,#1872,.T.);
#4265=EDGE_CURVE('',#2602,#2585,#1881,.T.);
#4278=EDGE_CURVE('',#2585,#2602,#1886,.T.);
#4292=EDGE_CURVE('',#2773,#2774,#1891,.T.);
#4294=EDGE_CURVE('',#2774,#2773,#1896,.T.);
#4304=EDGE_CURVE('',#2650,#2773,#1904,.T.);
#4307=EDGE_CURVE('',#2649,#2774,#1900,.T.);
#4309=EDGE_CURVE('',#2649,#2650,#1909,.T.);
#4322=EDGE_CURVE('',#2650,#2649,#1914,.T.);
#4342=EDGE_CURVE('',#2715,#2716,#1922,.T.);
#4345=EDGE_CURVE('',#2862,#2816,#1918,.T.);
#4347=EDGE_CURVE('',#2862,#2715,#1927,.T.);
#4360=EDGE_CURVE('',#2715,#2862,#1932,.T.);
#4374=EDGE_CURVE('',#2567,#2568,#1937,.T.);
#4376=EDGE_CURVE('',#2568,#2567,#1942,.T.);
#4386=EDGE_CURVE('',#2680,#2567,#1950,.T.);
#4389=EDGE_CURVE('',#2679,#2568,#1946,.T.);
#4391=EDGE_CURVE('',#2679,#2680,#1955,.T.);
#4404=EDGE_CURVE('',#2680,#2679,#1960,.T.);
#4436=EDGE_CURVE('',#2687,#2688,#1968,.T.);
#4439=EDGE_CURVE('',#2950,#2938,#1964,.T.);
#4441=EDGE_CURVE('',#2950,#2687,#1973,.T.);
#4454=EDGE_CURVE('',#2687,#2950,#1978,.T.);
#4468=EDGE_CURVE('',#2982,#2984,#1983,.T.);
#4470=EDGE_CURVE('',#2984,#2982,#1988,.T.);
#4480=EDGE_CURVE('',#2984,#2883,#1996,.T.);
#4482=EDGE_CURVE('',#2883,#2884,#2001,.T.);
#4484=EDGE_CURVE('',#2982,#2884,#1992,.T.);
#4496=EDGE_CURVE('',#2884,#2883,#2006,.T.);
#4512=EDGE_CURVE('',#2788,#2550,#2010,.T.);
#4514=EDGE_CURVE('',#2788,#2594,#2062,.T.);
#4516=EDGE_CURVE('',#2898,#2594,#2014,.T.);
#4518=EDGE_CURVE('',#2896,#2898,#2018,.T.);
#4520=EDGE_CURVE('',#2894,#2896,#2022,.T.);
#4522=EDGE_CURVE('',#2728,#2894,#2026,.T.);
#4524=EDGE_CURVE('',#2892,#2728,#2030,.T.);
#4526=EDGE_CURVE('',#2890,#2892,#2034,.T.);
#4528=EDGE_CURVE('',#2706,#2890,#2038,.T.);
#4530=EDGE_CURVE('',#2720,#2706,#2042,.T.);
#4532=EDGE_CURVE('',#2888,#2720,#2046,.T.);
#4534=EDGE_CURVE('',#2550,#2888,#2050,.T.);
#4544=EDGE_CURVE('',#2562,#2788,#2066,.T.);
#4547=EDGE_CURVE('',#2549,#2550,#2054,.T.);
#4549=EDGE_CURVE('',#2562,#2549,#2058,.T.);
#4559=EDGE_CURVE('',#2593,#2594,#2074,.T.);
#4563=EDGE_CURVE('',#2593,#2562,#2070,.T.);
#4573=EDGE_CURVE('',#2920,#2898,#2082,.T.);
#4577=EDGE_CURVE('',#2920,#2593,#2078,.T.);
#4587=EDGE_CURVE('',#2976,#2896,#2090,.T.);
#4591=EDGE_CURVE('',#2976,#2920,#2086,.T.);
#4601=EDGE_CURVE('',#2986,#2894,#2098,.T.);
#4605=EDGE_CURVE('',#2986,#2976,#2094,.T.);
#4615=EDGE_CURVE('',#2727,#2728,#2106,.T.);
#4619=EDGE_CURVE('',#2727,#2986,#2102,.T.);
#4629=EDGE_CURVE('',#2906,#2892,#2114,.T.);
#4633=EDGE_CURVE('',#2906,#2727,#2110,.T.);
#4643=EDGE_CURVE('',#2930,#2890,#2122,.T.);
#4647=EDGE_CURVE('',#2930,#2906,#2118,.T.);
#4657=EDGE_CURVE('',#2705,#2706,#2130,.T.);
#4661=EDGE_CURVE('',#2705,#2930,#2126,.T.);
#4671=EDGE_CURVE('',#2719,#2720,#2138,.T.);
#4675=EDGE_CURVE('',#2719,#2705,#2134,.T.);
#4685=EDGE_CURVE('',#2574,#2888,#2146,.T.);
#4689=EDGE_CURVE('',#2574,#2719,#2142,.T.);
#4702=EDGE_CURVE('',#2549,#2574,#2150,.T.);
#4732=EDGE_CURVE('',#2667,#2886,#2158,.T.);
#4735=EDGE_CURVE('',#2668,#2940,#2154,.T.);
#4737=EDGE_CURVE('',#2668,#2667,#2163,.T.);
#4750=EDGE_CURVE('',#2667,#2668,#2168,.T.);
#4764=EDGE_CURVE('',#2646,#2645,#2173,.T.);
#4766=EDGE_CURVE('',#2645,#2646,#2178,.T.);
#4776=EDGE_CURVE('',#2645,#2754,#2186,.T.);
#4778=EDGE_CURVE('',#2754,#2820,#2191,.T.);
#4780=EDGE_CURVE('',#2646,#2820,#2182,.T.);
#4792=EDGE_CURVE('',#2820,#2754,#2196,.T.);
#4808=EDGE_CURVE('',#2640,#2900,#2200,.T.);
#4810=EDGE_CURVE('',#2640,#2744,#2252,.T.);
#4812=EDGE_CURVE('',#2908,#2744,#2204,.T.);
#4814=EDGE_CURVE('',#2700,#2908,#2208,.T.);
#4816=EDGE_CURVE('',#2642,#2700,#2212,.T.);
#4818=EDGE_CURVE('',#2676,#2642,#2216,.T.);
#4820=EDGE_CURVE('',#2598,#2676,#2220,.T.);
#4822=EDGE_CURVE('',#2564,#2598,#2224,.T.);
#4824=EDGE_CURVE('',#2552,#2564,#2228,.T.);
#4826=EDGE_CURVE('',#2560,#2552,#2232,.T.);
#4828=EDGE_CURVE('',#2578,#2560,#2236,.T.);
#4830=EDGE_CURVE('',#2900,#2578,#2240,.T.);
#4840=EDGE_CURVE('',#2542,#2640,#2256,.T.);
#4843=EDGE_CURVE('',#2654,#2900,#2244,.T.);
#4845=EDGE_CURVE('',#2542,#2654,#2248,.T.);
#4855=EDGE_CURVE('',#2541,#2744,#2264,.T.);
#4859=EDGE_CURVE('',#2541,#2542,#2260,.T.);
#4869=EDGE_CURVE('',#2780,#2908,#2272,.T.);
#4873=EDGE_CURVE('',#2780,#2541,#2268,.T.);
#4883=EDGE_CURVE('',#2699,#2700,#2280,.T.);
#4887=EDGE_CURVE('',#2699,#2780,#2276,.T.);
#4897=EDGE_CURVE('',#2630,#2642,#2288,.T.);
#4901=EDGE_CURVE('',#2630,#2699,#2284,.T.);
#4911=EDGE_CURVE('',#2629,#2676,#2296,.T.);
#4915=EDGE_CURVE('',#2629,#2630,#2292,.T.);
#4925=EDGE_CURVE('',#2597,#2598,#2304,.T.);
#4929=EDGE_CURVE('',#2597,#2629,#2300,.T.);
#4939=EDGE_CURVE('',#2534,#2564,#2312,.T.);
#4943=EDGE_CURVE('',#2534,#2597,#2308,.T.);
#4953=EDGE_CURVE('',#2533,#2552,#2320,.T.);
#4957=EDGE_CURVE('',#2533,#2534,#2316,.T.);
#4967=EDGE_CURVE('',#2559,#2560,#2328,.T.);
#4971=EDGE_CURVE('',#2559,#2533,#2324,.T.);
#4981=EDGE_CURVE('',#2577,#2578,#2336,.T.);
#4985=EDGE_CURVE('',#2577,#2559,#2332,.T.);
#4998=EDGE_CURVE('',#2654,#2577,#2340,.T.);
#5028=EDGE_CURVE('',#2857,#2858,#2348,.T.);
#5031=EDGE_CURVE('',#2869,#2870,#2344,.T.);
#5033=EDGE_CURVE('',#2869,#2857,#2353,.T.);
#5046=EDGE_CURVE('',#2857,#2869,#2358,.T.);
#5060=EDGE_CURVE('',#2979,#2980,#2363,.T.);
#5062=EDGE_CURVE('',#2980,#2979,#2368,.T.);
#5072=EDGE_CURVE('',#2980,#2913,#2376,.T.);
#5074=EDGE_CURVE('',#2913,#2914,#2381,.T.);
#5076=EDGE_CURVE('',#2979,#2914,#2372,.T.);
#5088=EDGE_CURVE('',#2914,#2913,#2386,.T.);
#5104=EDGE_CURVE('',#2828,#2804,#2390,.T.);
#5106=EDGE_CURVE('',#2828,#2838,#2442,.T.);
#5108=EDGE_CURVE('',#2734,#2838,#2394,.T.);
#5110=EDGE_CURVE('',#2742,#2734,#2398,.T.);
#5112=EDGE_CURVE('',#2748,#2742,#2402,.T.);
#5114=EDGE_CURVE('',#2752,#2748,#2406,.T.);
#5116=EDGE_CURVE('',#2770,#2752,#2410,.T.);
#5118=EDGE_CURVE('',#2778,#2770,#2414,.T.);
#5120=EDGE_CURVE('',#2784,#2778,#2418,.T.);
#5122=EDGE_CURVE('',#2792,#2784,#2422,.T.);
#5124=EDGE_CURVE('',#2798,#2792,#2426,.T.);
#5126=EDGE_CURVE('',#2804,#2798,#2430,.T.);
#5136=EDGE_CURVE('',#2827,#2828,#2446,.T.);
#5139=EDGE_CURVE('',#2803,#2804,#2434,.T.);
#5141=EDGE_CURVE('',#2827,#2803,#2438,.T.);
#5151=EDGE_CURVE('',#2837,#2838,#2454,.T.);
#5155=EDGE_CURVE('',#2837,#2827,#2450,.T.);
#5165=EDGE_CURVE('',#2733,#2734,#2462,.T.);
#5169=EDGE_CURVE('',#2733,#2837,#2458,.T.);
#5179=EDGE_CURVE('',#2741,#2742,#2470,.T.);
#5183=EDGE_CURVE('',#2741,#2733,#2466,.T.);
#5193=EDGE_CURVE('',#2747,#2748,#2478,.T.);
#5197=EDGE_CURVE('',#2747,#2741,#2474,.T.);
#5207=EDGE_CURVE('',#2751,#2752,#2486,.T.);
#5211=EDGE_CURVE('',#2751,#2747,#2482,.T.);
#5221=EDGE_CURVE('',#2769,#2770,#2494,.T.);
#5225=EDGE_CURVE('',#2769,#2751,#2490,.T.);
#5235=EDGE_CURVE('',#2777,#2778,#2502,.T.);
#5239=EDGE_CURVE('',#2777,#2769,#2498,.T.);
#5249=EDGE_CURVE('',#2783,#2784,#2510,.T.);
#5253=EDGE_CURVE('',#2783,#2777,#2506,.T.);
#5263=EDGE_CURVE('',#2791,#2792,#2518,.T.);
#5267=EDGE_CURVE('',#2791,#2783,#2514,.T.);
#5277=EDGE_CURVE('',#2797,#2798,#2526,.T.);
#5281=EDGE_CURVE('',#2797,#2791,#2522,.T.);
#5294=EDGE_CURVE('',#2803,#2797,#2530,.T.);
#5319=CLOSED_SHELL('',(#3022,#3036,#3072,#3087,#3101,#3115,#3129,#3143,#3157,
#3171,#3185,#3199,#3213,#3227,#3240,#3260,#3276,#3291,#3304,#3368,#3383,#3416,
#3431,#3445,#3467,#3496,#3525,#3540,#3554,#3568,#3581,#3609,#3624,#3639,#3653,
#3685,#3698,#3711,#3724,#3737,#3750,#3763,#3776,#3789,#3804,#3817,#3831,#3845,
#3858,#3870,#3884,#3896,#3909,#3922,#3934,#3948,#3960,#3972,#3984,#3999,#4014,
#4028,#4043,#4056,#4090,#4105,#4118,#4134,#4149,#4162,#4172,#4187,#4200,#4216,
#4231,#4244,#4254,#4269,#4282,#4298,#4313,#4326,#4336,#4351,#4364,#4380,#4395,
#4408,#4418,#4430,#4445,#4458,#4474,#4489,#4502,#4538,#4553,#4567,#4581,#4595,
#4609,#4623,#4637,#4651,#4665,#4679,#4693,#4706,#4726,#4741,#4754,#4770,#4785,
#4798,#4834,#4849,#4863,#4877,#4891,#4905,#4919,#4933,#4947,#4961,#4975,#4989,
#5002,#5022,#5037,#5050,#5066,#5081,#5094,#5130,#5145,#5159,#5173,#5187,#5201,
#5215,#5229,#5243,#5257,#5271,#5285,#5298,#5318));
#5320=MANIFOLD_SOLID_BREP('',#5319);
#5325=CIRCLE('',#5324,2.5E0);
#5334=CIRCLE('',#5333,2.5E0);
#5343=CIRCLE('',#5342,2.5E0);
#5348=CIRCLE('',#5347,2.5E0);
#5362=EDGE_CURVE('',#5356,#5355,#5325,.T.);
#5364=EDGE_CURVE('',#5356,#5352,#5338,.T.);
#5366=EDGE_CURVE('',#5352,#5351,#5343,.T.);
#5368=EDGE_CURVE('',#5355,#5351,#5329,.T.);
#5378=EDGE_CURVE('',#5355,#5356,#5334,.T.);
#5391=EDGE_CURVE('',#5351,#5352,#5348,.T.);
#5407=CLOSED_SHELL('',(#5372,#5383,#5396,#5406));
#5408=MANIFOLD_SOLID_BREP('',#5407);
#5409=(LENGTH_UNIT()NAMED_UNIT(*)SI_UNIT(.MILLI.,.METRE.));
#5411=(NAMED_UNIT(*)PLANE_ANGLE_UNIT()SI_UNIT($,.RADIAN.));
#5414=(NAMED_UNIT(*)SI_UNIT($,.STERADIAN.)SOLID_ANGLE_UNIT());
#5420=AXIS2_PLACEMENT_3D('',#5417,#5418,#5419);
#5421=ADVANCED_BREP_SHAPE_REPRESENTATION('',(#5420,#5320,#5408),#5416);
#5425=PRODUCT_DEFINITION('design','',#5424,#966);
#5426=PRODUCT_DEFINITION_SHAPE('','SHAPE FOR NONE.',#5425);
#5427=SHAPE_DEFINITION_REPRESENTATION(#5426,#5421);
#5428=NEXT_ASSEMBLY_USAGE_OCCURRENCE('1','Next assembly relationship','NONE',
#5457,#5425,$);
#5429=PRODUCT_DEFINITION_SHAPE('Placement #1',
'Placement of NONE with respect to 42J1848-425_ASM',#5428);
#5438=AXIS2_PLACEMENT_3D('',#5435,#5436,#5437);
#5441=(LENGTH_UNIT()NAMED_UNIT(*)SI_UNIT(.MILLI.,.METRE.));
#5443=(NAMED_UNIT(*)PLANE_ANGLE_UNIT()SI_UNIT($,.RADIAN.));
#5446=(NAMED_UNIT(*)SI_UNIT($,.STERADIAN.)SOLID_ANGLE_UNIT());
#5452=AXIS2_PLACEMENT_3D('',#5449,#5450,#5451);
#5457=PRODUCT_DEFINITION('design','',#5456,#5453);
#5458=SHAPE_DEFINITION_REPRESENTATION(#5459,#5460);
#5459=PRODUCT_DEFINITION_SHAPE('','SHAPE FOR 42J1848-425-01_ASM.',#5485);
#5460=SHAPE_REPRESENTATION('',(#5466,#5481),#5477);
#5461=NEXT_ASSEMBLY_USAGE_OCCURRENCE('2','Next assembly relationship',
'42J1848-425',#5485,#5457,$);
#5462=PRODUCT_DEFINITION_SHAPE('Placement #2',
'Placement of 42J1848-425_ASM with respect to 42J1848-425-01_ASM',#5461);
#5470=(LENGTH_UNIT()NAMED_UNIT(*)SI_UNIT(.MILLI.,.METRE.));
#5472=(NAMED_UNIT(*)PLANE_ANGLE_UNIT()SI_UNIT($,.RADIAN.));
#5475=(NAMED_UNIT(*)SI_UNIT($,.STERADIAN.)SOLID_ANGLE_UNIT());
#5481=AXIS2_PLACEMENT_3D('',#5478,#5479,#5480);
#5485=PRODUCT_DEFINITION('design','',#5484,#5453);
ENDSEC;
END-ISO-10303-21;
