ISO-10303-21;
HEADER;
FILE_DESCRIPTION (( 'STEP AP214' ),
    '1' );
FILE_NAME ('CBTH-A-S3M060-14-K-P-d6(嘉立创FA jlcfa.com).step',
    '2026-09-04T15:56:36',
    ( '' ),
    ( 'Aliyun' ),
    'FaSTEP 2.0',
    'Forface 3D 2012',
    '' );
FILE_SCHEMA (( 'AUTOMOTIVE_DESIGN' ));
ENDSEC;

DATA;
#1 = EDGE_CURVE ( 'NONE', #1873, #1866, #2248, .T. ) ;
#2 = EDGE_CURVE ( 'NONE', #485, #1727, #2226, .T. ) ;
#3 = EDGE_CURVE ( 'NONE', #1784, #1754, #2240, .T. ) ;
#4 = EDGE_CURVE ( 'NONE', #410, #1645, #2265, .T. ) ;
#5 = EDGE_CURVE ( 'NONE', #1790, #1820, #2273, .T. ) ;
#6 = EDGE_CURVE ( 'NONE', #475, #389, #2270, .T. ) ;
#7 = EDGE_CURVE ( 'NONE', #1641, #1855, #2241, .T. ) ;
#8 = EDGE_CURVE ( 'NONE', #1876, #1629, #2243, .T. ) ;
#9 = EDGE_CURVE ( 'NONE', #394, #386, #2259, .T. ) ;
#10 = EDGE_CURVE ( 'NONE', #496, #516, #2257, .T. ) ;
#11 = EDGE_CURVE ( 'NONE', #504, #509, #4846, .T. ) ;
#12 = EDGE_CURVE ( 'NONE', #1769, #1822, #2277, .T. ) ;
#13 = EDGE_CURVE ( 'NONE', #1744, #1814, #2262, .T. ) ;
#14 = EDGE_CURVE ( 'NONE', #1795, #1873, #2251, .T. ) ;
#15 = EDGE_CURVE ( 'NONE', #1748, #1803, #2279, .T. ) ;
#16 = EDGE_CURVE ( 'NONE', #1844, #1817, #2234, .T. ) ;
#17 = EDGE_CURVE ( 'NONE', #1687, #1729, #2266, .T. ) ;
#18 = EDGE_CURVE ( 'NONE', #1875, #1795, #2260, .T. ) ;
#19 = EDGE_CURVE ( 'NONE', #1866, #1875, #2280, .T. ) ;
#20 = EDGE_CURVE ( 'NONE', #459, #427, #2230, .T. ) ;
#21 = EDGE_CURVE ( 'NONE', #1829, #1790, #2245, .T. ) ;
#22 = EDGE_CURVE ( 'NONE', #1626, #458, #2224, .T. ) ;
#23 = EDGE_CURVE ( 'NONE', #409, #469, #2223, .T. ) ;
#24 = EDGE_CURVE ( 'NONE', #402, #383, #2271, .T. ) ;
#25 = EDGE_CURVE ( 'NONE', #407, #1634, #2249, .T. ) ;
#26 = EDGE_CURVE ( 'NONE', #1790, #1844, #2253, .T. ) ;
#27 = EDGE_CURVE ( 'NONE', #1823, #1681, #2246, .T. ) ;
#28 = EDGE_CURVE ( 'NONE', #470, #474, #2229, .T. ) ;
#29 = EDGE_CURVE ( 'NONE', #420, #1666, #2256, .T. ) ;
#30 = EDGE_CURVE ( 'NONE', #1620, #1799, #2254, .T. ) ;
#31 = EDGE_CURVE ( 'NONE', #1655, #1857, #2228, .T. ) ;
#32 = EDGE_CURVE ( 'NONE', #441, #405, #2304, .T. ) ;
#33 = EDGE_CURVE ( 'NONE', #1766, #425, #2330, .T. ) ;
#34 = EDGE_CURVE ( 'NONE', #1647, #479, #2291, .T. ) ;
#35 = EDGE_CURVE ( 'NONE', #1862, #1828, #2295, .T. ) ;
#36 = EDGE_CURVE ( 'NONE', #488, #497, #2328, .T. ) ;
#37 = EDGE_CURVE ( 'NONE', #471, #396, #2286, .T. ) ;
#38 = EDGE_CURVE ( 'NONE', #500, #540, #2283, .T. ) ;
#39 = EDGE_CURVE ( 'NONE', #515, #491, #4849, .T. ) ;
#40 = EDGE_CURVE ( 'NONE', #434, #1715, #2331, .T. ) ;
#41 = EDGE_CURVE ( 'NONE', #1774, #463, #2325, .T. ) ;
#42 = EDGE_CURVE ( 'NONE', #433, #464, #2292, .T. ) ;
#43 = EDGE_CURVE ( 'NONE', #1651, #422, #2285, .T. ) ;
#44 = EDGE_CURVE ( 'NONE', #477, #1698, #2322, .T. ) ;
#45 = EDGE_CURVE ( 'NONE', #1868, #1829, #2293, .T. ) ;
#46 = EDGE_CURVE ( 'NONE', #456, #417, #2321, .T. ) ;
#47 = EDGE_CURVE ( 'NONE', #1685, #478, #2301, .T. ) ;
#48 = EDGE_CURVE ( 'NONE', #1817, #1829, #2294, .T. ) ;
#49 = EDGE_CURVE ( 'NONE', #482, #518, #2296, .T. ) ;
#50 = EDGE_CURVE ( 'NONE', #503, #502, #2290, .T. ) ;
#51 = EDGE_CURVE ( 'NONE', #533, #522, #4850, .T. ) ;
#52 = EDGE_CURVE ( 'NONE', #499, #480, #2323, .T. ) ;
#53 = EDGE_CURVE ( 'NONE', #1725, #1878, #2329, .T. ) ;
#54 = EDGE_CURVE ( 'NONE', #782, #1704, #2312, .T. ) ;
#55 = EDGE_CURVE ( 'NONE', #467, #408, #2287, .T. ) ;
#56 = EDGE_CURVE ( 'NONE', #514, #489, #2298, .T. ) ;
#57 = EDGE_CURVE ( 'NONE', #442, #448, #2297, .T. ) ;
#58 = EDGE_CURVE ( 'NONE', #1653, #453, #2324, .T. ) ;
#59 = EDGE_CURVE ( 'NONE', #532, #484, #2302, .T. ) ;
#60 = EDGE_CURVE ( 'NONE', #371, #473, #2307, .T. ) ;
#61 = EDGE_CURVE ( 'NONE', #1775, #1733, #2299, .T. ) ;
#62 = EDGE_CURVE ( 'NONE', #511, #531, #2289, .T. ) ;
#63 = EDGE_CURVE ( 'NONE', #1676, #419, #2300, .T. ) ;
#64 = EDGE_CURVE ( 'NONE', #436, #1668, #2303, .T. ) ;
#65 = EDGE_CURVE ( 'NONE', #508, #501, #2305, .T. ) ;
#66 = EDGE_CURVE ( 'NONE', #1771, #1782, #2306, .T. ) ;
#67 = EDGE_CURVE ( 'NONE', #1644, #1812, #2332, .T. ) ;
#68 = EDGE_CURVE ( 'NONE', #1807, #1789, #2309, .T. ) ;
#69 = EDGE_CURVE ( 'NONE', #1812, #1811, #2284, .T. ) ;
#70 = EDGE_CURVE ( 'NONE', #1777, #1781, #2310, .T. ) ;
#71 = EDGE_CURVE ( 'NONE', #383, #371, #2326, .T. ) ;
#72 = EDGE_CURVE ( 'NONE', #1657, #1691, #2327, .T. ) ;
#73 = EDGE_CURVE ( 'NONE', #1665, #1687, #2315, .T. ) ;
#74 = EDGE_CURVE ( 'NONE', #1817, #1777, #2313, .T. ) ;
#75 = EDGE_CURVE ( 'NONE', #1842, #1723, #2316, .T. ) ;
#76 = EDGE_CURVE ( 'NONE', #1740, #1832, #2308, .T. ) ;
#77 = EDGE_CURVE ( 'NONE', #1811, #1661, #2318, .T. ) ;
#78 = EDGE_CURVE ( 'NONE', #1807, #1742, #2333, .T. ) ;
#79 = EDGE_CURVE ( 'NONE', #1805, #1746, #2348, .T. ) ;
#80 = EDGE_CURVE ( 'NONE', #1832, #1825, #2349, .T. ) ;
#81 = EDGE_CURVE ( 'NONE', #1711, #1729, #2342, .T. ) ;
#82 = EDGE_CURVE ( 'NONE', #404, #474, #2346, .T. ) ;
#83 = EDGE_CURVE ( 'NONE', #1759, #1727, #2363, .T. ) ;
#84 = EDGE_CURVE ( 'NONE', #1742, #1734, #2335, .T. ) ;
#85 = EDGE_CURVE ( 'NONE', #1818, #1797, #2358, .T. ) ;
#86 = EDGE_CURVE ( 'NONE', #1676, #1752, #2354, .T. ) ;
#87 = EDGE_CURVE ( 'NONE', #474, #475, #2343, .T. ) ;
#88 = EDGE_CURVE ( 'NONE', #1738, #1782, #2344, .T. ) ;
#89 = EDGE_CURVE ( 'NONE', #1719, #1814, #2356, .T. ) ;
#90 = EDGE_CURVE ( 'NONE', #1764, #1731, #2357, .T. ) ;
#91 = EDGE_CURVE ( 'NONE', #1825, #1767, #2360, .T. ) ;
#92 = EDGE_CURVE ( 'NONE', #441, #419, #2334, .T. ) ;
#93 = EDGE_CURVE ( 'NONE', #1816, #1757, #2364, .T. ) ;
#94 = EDGE_CURVE ( 'NONE', #476, #468, #2355, .T. ) ;
#95 = EDGE_CURVE ( 'NONE', #419, #454, #2337, .T. ) ;
#96 = EDGE_CURVE ( 'NONE', #470, #479, #2359, .T. ) ;
#97 = EDGE_CURVE ( 'NONE', #475, #457, #2340, .T. ) ;
#98 = EDGE_CURVE ( 'NONE', #454, #396, #2353, .T. ) ;
#99 = EDGE_CURVE ( 'NONE', #1809, #1762, #2361, .T. ) ;
#100 = EDGE_CURVE ( 'NONE', #407, #389, #2338, .T. ) ;
#101 = EDGE_CURVE ( 'NONE', #468, #383, #2263, .T. ) ;
#102 = EDGE_CURVE ( 'NONE', #2237, #1744, #2317, .T. ) ;
#103 = EDGE_CURVE ( 'NONE', #1786, #1818, #2261, .T. ) ;
#104 = EDGE_CURVE ( 'NONE', #1844, #1781, #2347, .T. ) ;
#105 = EDGE_CURVE ( 'NONE', #463, #434, #4808, .T. ) ;
#106 = EDGE_CURVE ( 'NONE', #429, #405, #4814, .T. ) ;
#107 = EDGE_CURVE ( 'NONE', #1786, #1811, #4806, .T. ) ;
#108 = EDGE_CURVE ( 'NONE', #1812, #1740, #4809, .T. ) ;
#109 = EDGE_CURVE ( 'NONE', #457, #404, #4810, .T. ) ;
#110 = EDGE_CURVE ( 'NONE', #1846, #1797, #4817, .T. ) ;
#111 = EDGE_CURVE ( 'NONE', #1757, #1764, #4815, .T. ) ;
#112 = EDGE_CURVE ( 'NONE', #473, #402, #4812, .T. ) ;
#113 = EDGE_CURVE ( 'NONE', #1771, #1627, #4691, .T. ) ;
#114 = EDGE_CURVE ( 'NONE', #471, #418, #4695, .T. ) ;
#115 = EDGE_CURVE ( 'NONE', #1832, #1644, #4694, .T. ) ;
#116 = EDGE_CURVE ( 'NONE', #1767, #1731, #4692, .T. ) ;
#117 = EDGE_CURVE ( 'NONE', #434, #473, #4715, .T. ) ;
#118 = EDGE_CURVE ( 'NONE', #1754, #1746, #4709, .T. ) ;
#119 = EDGE_CURVE ( 'NONE', #1846, #1786, #4702, .T. ) ;
#120 = EDGE_CURVE ( 'NONE', #1649, #1779, #4697, .T. ) ;
#121 = EDGE_CURVE ( 'NONE', #1661, #1644, #4727, .T. ) ;
#122 = EDGE_CURVE ( 'NONE', #1661, #1846, #4703, .T. ) ;
#123 = EDGE_CURVE ( 'NONE', #408, #409, #4720, .T. ) ;
#124 = EDGE_CURVE ( 'NONE', #1767, #1740, #4717, .T. ) ;
#125 = EDGE_CURVE ( 'NONE', #1816, #1825, #4726, .T. ) ;
#126 = EDGE_CURVE ( 'NONE', #396, #441, #4708, .T. ) ;
#127 = EDGE_CURVE ( 'NONE', #1627, #1738, #4732, .T. ) ;
#128 = EDGE_CURVE ( 'NONE', #1805, #1784, #4701, .T. ) ;
#129 = EDGE_CURVE ( 'NONE', #1734, #1789, #4728, .T. ) ;
#130 = EDGE_CURVE ( 'NONE', #460, #408, #4698, .T. ) ;
#131 = EDGE_CURVE ( 'NONE', #426, #493, #4700, .T. ) ;
#132 = EDGE_CURVE ( 'NONE', #415, #386, #4722, .T. ) ;
#133 = EDGE_CURVE ( 'NONE', #459, #435, #4730, .T. ) ;
#134 = EDGE_CURVE ( 'NONE', #456, #411, #4713, .T. ) ;
#135 = EDGE_CURVE ( 'NONE', #512, #428, #4724, .T. ) ;
#136 = EDGE_CURVE ( 'NONE', #428, #505, #4704, .T. ) ;
#137 = EDGE_CURVE ( 'NONE', #472, #440, #4706, .T. ) ;
#138 = EDGE_CURVE ( 'NONE', #444, #472, #4707, .T. ) ;
#139 = EDGE_CURVE ( 'NONE', #449, #453, #4712, .T. ) ;
#140 = EDGE_CURVE ( 'NONE', #418, #429, #4721, .T. ) ;
#141 = EDGE_CURVE ( 'NONE', #422, #430, #4710, .T. ) ;
#142 = EDGE_CURVE ( 'NONE', #405, #471, #4739, .T. ) ;
#143 = EDGE_CURVE ( 'NONE', #382, #477, #4735, .T. ) ;
#144 = EDGE_CURVE ( 'NONE', #417, #394, #4741, .T. ) ;
#145 = EDGE_CURVE ( 'NONE', #469, #467, #4785, .T. ) ;
#146 = EDGE_CURVE ( 'NONE', #406, #401, #4801, .T. ) ;
#147 = EDGE_CURVE ( 'NONE', #450, #530, #4786, .T. ) ;
#148 = EDGE_CURVE ( 'NONE', #394, #1679, #4800, .T. ) ;
#149 = EDGE_CURVE ( 'NONE', #424, #382, #4759, .T. ) ;
#150 = EDGE_CURVE ( 'NONE', #447, #465, #4773, .T. ) ;
#151 = EDGE_CURVE ( 'NONE', #433, #450, #4774, .T. ) ;
#152 = EDGE_CURVE ( 'NONE', #492, #451, #4755, .T. ) ;
#153 = EDGE_CURVE ( 'NONE', #462, #392, #4770, .T. ) ;
#154 = EDGE_CURVE ( 'NONE', #440, #370, #4791, .T. ) ;
#155 = EDGE_CURVE ( 'NONE', #410, #462, #4796, .T. ) ;
#156 = EDGE_CURVE ( 'NONE', #464, #459, #4758, .T. ) ;
#157 = EDGE_CURVE ( 'NONE', #467, #1618, #4793, .T. ) ;
#158 = EDGE_CURVE ( 'NONE', #411, #415, #4805, .T. ) ;
#159 = EDGE_CURVE ( 'NONE', #384, #460, #4766, .T. ) ;
#160 = EDGE_CURVE ( 'NONE', #477, #400, #4748, .T. ) ;
#161 = EDGE_CURVE ( 'NONE', #386, #456, #4794, .T. ) ;
#162 = EDGE_CURVE ( 'NONE', #1764, #1777, #4768, .T. ) ;
#163 = EDGE_CURVE ( 'NONE', #370, #444, #4787, .T. ) ;
#164 = EDGE_CURVE ( 'NONE', #1731, #1816, #4762, .T. ) ;
#165 = EDGE_CURVE ( 'NONE', #461, #527, #4764, .T. ) ;
#166 = EDGE_CURVE ( 'NONE', #465, #461, #4802, .T. ) ;
#167 = EDGE_CURVE ( 'NONE', #1640, #469, #4795, .T. ) ;
#168 = EDGE_CURVE ( 'NONE', #420, #448, #4772, .T. ) ;
#169 = EDGE_CURVE ( 'NONE', #435, #455, #4744, .T. ) ;
#170 = EDGE_CURVE ( 'NONE', #527, #447, #4763, .T. ) ;
#171 = EDGE_CURVE ( 'NONE', #479, #407, #4790, .T. ) ;
#172 = EDGE_CURVE ( 'NONE', #371, #476, #4750, .T. ) ;
#173 = EDGE_CURVE ( 'NONE', #402, #463, #4753, .T. ) ;
#174 = EDGE_CURVE ( 'NONE', #530, #427, #4804, .T. ) ;
#175 = EDGE_CURVE ( 'NONE', #442, #406, #4743, .T. ) ;
#176 = EDGE_CURVE ( 'NONE', #425, #410, #4775, .T. ) ;
#177 = EDGE_CURVE ( 'NONE', #389, #470, #4777, .T. ) ;
#178 = EDGE_CURVE ( 'NONE', #401, #443, #4760, .T. ) ;
#179 = EDGE_CURVE ( 'NONE', #451, #426, #4742, .T. ) ;
#180 = EDGE_CURVE ( 'NONE', #431, #422, #4752, .T. ) ;
#181 = EDGE_CURVE ( 'NONE', #455, #464, #4792, .T. ) ;
#182 = EDGE_CURVE ( 'NONE', #1692, #529, #4798, .T. ) ;
#183 = EDGE_CURVE ( 'NONE', #409, #384, #4782, .T. ) ;
#184 = EDGE_CURVE ( 'NONE', #529, #1676, #4784, .T. ) ;
#185 = EDGE_CURVE ( 'NONE', #438, #1672, #4756, .T. ) ;
#186 = EDGE_CURVE ( 'NONE', #448, #449, #4778, .T. ) ;
#187 = EDGE_CURVE ( 'NONE', #1736, #388, #4789, .T. ) ;
#188 = EDGE_CURVE ( 'NONE', #400, #424, #4807, .T. ) ;
#189 = EDGE_CURVE ( 'NONE', #1781, #1757, #4731, .T. ) ;
#190 = EDGE_CURVE ( 'NONE', #439, #512, #4740, .T. ) ;
#191 = EDGE_CURVE ( 'NONE', #388, #438, #4813, .T. ) ;
#192 = EDGE_CURVE ( 'NONE', #493, #492, #4754, .T. ) ;
#193 = EDGE_CURVE ( 'NONE', #453, #420, #4315, .T. ) ;
#194 = EDGE_CURVE ( 'NONE', #1700, #1681, #4316, .T. ) ;
#195 = EDGE_CURVE ( 'NONE', #1685, #1700, #4318, .T. ) ;
#196 = EDGE_CURVE ( 'NONE', #1618, #1640, #4313, .T. ) ;
#197 = EDGE_CURVE ( 'NONE', #1681, #1769, #4317, .T. ) ;
#198 = EDGE_CURVE ( 'NONE', #1668, #1626, #4334, .T. ) ;
#199 = EDGE_CURVE ( 'NONE', #1733, #1685, #4325, .T. ) ;
#200 = EDGE_CURVE ( 'NONE', #1696, #1674, #4323, .T. ) ;
#201 = EDGE_CURVE ( 'NONE', #443, #442, #4324, .T. ) ;
#202 = EDGE_CURVE ( 'NONE', #1631, #1717, #4336, .T. ) ;
#203 = EDGE_CURVE ( 'NONE', #1629, #1641, #4338, .T. ) ;
#204 = EDGE_CURVE ( 'NONE', #1683, #1659, #4335, .T. ) ;
#205 = EDGE_CURVE ( 'NONE', #1645, #1766, #4329, .T. ) ;
#206 = EDGE_CURVE ( 'NONE', #1700, #1721, #4332, .T. ) ;
#207 = EDGE_CURVE ( 'NONE', #1705, #1801, #4340, .T. ) ;
#208 = EDGE_CURVE ( 'NONE', #1779, #1657, #4392, .T. ) ;
#209 = EDGE_CURVE ( 'NONE', #1653, #1736, #4345, .T. ) ;
#210 = EDGE_CURVE ( 'NONE', #1620, #1828, #4390, .T. ) ;
#211 = EDGE_CURVE ( 'NONE', #505, #439, #4381, .T. ) ;
#212 = EDGE_CURVE ( 'NONE', #1801, #1692, #4359, .T. ) ;
#213 = EDGE_CURVE ( 'NONE', #1725, #1704, #4373, .T. ) ;
#214 = EDGE_CURVE ( 'NONE', #1698, #1679, #4383, .T. ) ;
#215 = EDGE_CURVE ( 'NONE', #1828, #1655, #4346, .T. ) ;
#216 = EDGE_CURVE ( 'NONE', #430, #437, #4350, .T. ) ;
#217 = EDGE_CURVE ( 'NONE', #1752, #1705, #4388, .T. ) ;
#218 = EDGE_CURVE ( 'NONE', #1698, #1624, #4360, .T. ) ;
#219 = EDGE_CURVE ( 'NONE', #1666, #1653, #4352, .T. ) ;
#220 = EDGE_CURVE ( 'NONE', #1733, #1721, #4393, .T. ) ;
#221 = EDGE_CURVE ( 'NONE', #1631, #1705, #4374, .T. ) ;
#222 = EDGE_CURVE ( 'NONE', #1679, #1835, #4354, .T. ) ;
#223 = EDGE_CURVE ( 'NONE', #1723, #1809, #4356, .T. ) ;
#224 = EDGE_CURVE ( 'NONE', #1704, #1641, #4364, .T. ) ;
#225 = EDGE_CURVE ( 'NONE', #1702, #1639, #4349, .T. ) ;
#226 = EDGE_CURVE ( 'NONE', #1835, #1624, #4375, .T. ) ;
#227 = EDGE_CURVE ( 'NONE', #1715, #1779, #4384, .T. ) ;
#228 = EDGE_CURVE ( 'NONE', #1634, #1723, #4391, .T. ) ;
#229 = EDGE_CURVE ( 'NONE', #427, #433, #4344, .T. ) ;
#230 = EDGE_CURVE ( 'NONE', #1683, #1702, #4371, .T. ) ;
#231 = EDGE_CURVE ( 'NONE', #1736, #1672, #4361, .T. ) ;
#232 = EDGE_CURVE ( 'NONE', #1645, #1618, #4348, .T. ) ;
#233 = EDGE_CURVE ( 'NONE', #1696, #1626, #4362, .T. ) ;
#234 = EDGE_CURVE ( 'NONE', #1629, #1725, #4353, .T. ) ;
#235 = EDGE_CURVE ( 'NONE', #1803, #1655, #4370, .T. ) ;
#236 = EDGE_CURVE ( 'NONE', #1694, #1651, #4357, .T. ) ;
#237 = EDGE_CURVE ( 'NONE', #1715, #1774, #4366, .T. ) ;
#238 = EDGE_CURVE ( 'NONE', #1670, #1651, #4368, .T. ) ;
#239 = EDGE_CURVE ( 'NONE', #1672, #1666, #4372, .T. ) ;
#240 = EDGE_CURVE ( 'NONE', #1803, #1620, #4365, .T. ) ;
#241 = EDGE_CURVE ( 'NONE', #1721, #1769, #4379, .T. ) ;
#242 = EDGE_CURVE ( 'NONE', #1639, #1659, #4378, .T. ) ;
#243 = EDGE_CURVE ( 'NONE', #1640, #1766, #4377, .T. ) ;
#244 = EDGE_CURVE ( 'NONE', #1694, #1788, #4363, .T. ) ;
#245 = EDGE_CURVE ( 'NONE', #1649, #1714, #4399, .T. ) ;
#246 = EDGE_CURVE ( 'NONE', #1809, #1647, #4405, .T. ) ;
#247 = EDGE_CURVE ( 'NONE', #1692, #1752, #4404, .T. ) ;
#248 = EDGE_CURVE ( 'NONE', #1691, #1649, #4403, .T. ) ;
#249 = EDGE_CURVE ( 'NONE', #1657, #1774, #4402, .T. ) ;
#250 = EDGE_CURVE ( 'NONE', #1801, #1717, #4408, .T. ) ;
#251 = EDGE_CURVE ( 'NONE', #483, #1759, #4409, .T. ) ;
#252 = EDGE_CURVE ( 'NONE', #1634, #1647, #4416, .T. ) ;
#253 = EDGE_CURVE ( 'NONE', #1788, #1670, #4417, .T. ) ;
#254 = EDGE_CURVE ( 'NONE', #392, #425, #4411, .T. ) ;
#255 = EDGE_CURVE ( 'NONE', #1835, #417, #4415, .T. ) ;
#256 = EDGE_CURVE ( 'NONE', #1674, #1668, #4413, .T. ) ;
#257 = CIRCLE ( 'NONE', #4526, 0.2799999999999998600 ) ;
#258 = PRODUCT ( 'CBTH-A-S3M060-14-K-P-d6(嘉立创FA jlcfa.com)', 'CBTH-A-S3M060-14-K-P-d6(嘉立创FA jlcfa.com)', '', ( #2116 ) ) ;
#259 = EDGE_CURVE ( 'NONE', #454, #529, #4407, .T. ) ;
#260 = EDGE_CURVE ( 'NONE', #455, #444, #4421, .T. ) ;
#261 = VECTOR ( 'NONE', #3924, 1000.000000000000000 ) ;
#262 = VECTOR ( 'NONE', #3907, 1000.000000000000000 ) ;
#263 = LINE ( 'NONE', #3921, #269 ) ;
#264 = CIRCLE ( 'NONE', #4507, 0.2799999999999998600 ) ;
#265 = CIRCLE ( 'NONE', #4518, 8.000000000000001800 ) ;
#266 = LINE ( 'NONE', #3895, #261 ) ;
#267 = LINE ( 'NONE', #3320, #314 ) ;
#268 = VECTOR ( 'NONE', #3897, 1000.000000000000000 ) ;
#269 = VECTOR ( 'NONE', #3917, 1000.000000000000000 ) ;
#270 = CIRCLE ( 'NONE', #4556, 8.000000000000001800 ) ;
#271 = LINE ( 'NONE', #3866, #281 ) ;
#272 = LINE ( 'NONE', #3896, #268 ) ;
#273 = VECTOR ( 'NONE', #3889, 1000.000000000000000 ) ;
#274 = CIRCLE ( 'NONE', #4517, 0.2800000000000003000 ) ;
#275 = LINE ( 'NONE', #3341, #302 ) ;
#276 = CIRCLE ( 'NONE', #4534, 0.2799999999999998600 ) ;
#277 = LINE ( 'NONE', #3901, #262 ) ;
#278 = LINE ( 'NONE', #3965, #291 ) ;
#279 = CIRCLE ( 'NONE', #4503, 8.000000000000001800 ) ;
#280 = VECTOR ( 'NONE', #3864, 1000.000000000000000 ) ;
#281 = VECTOR ( 'NONE', #3925, 1000.000000000000000 ) ;
#282 = VECTOR ( 'NONE', #3841, 1000.000000000000000 ) ;
#283 = LINE ( 'NONE', #3850, #273 ) ;
#284 = LINE ( 'NONE', #3862, #280 ) ;
#285 = VECTOR ( 'NONE', #3322, 1000.000000000000000 ) ;
#286 = LINE ( 'NONE', #3031, #318 ) ;
#287 = VECTOR ( 'NONE', #3951, 1000.000000000000000 ) ;
#288 = CIRCLE ( 'NONE', #4510, 5.000000000000000000 ) ;
#289 = VECTOR ( 'NONE', #4015, 1000.000000000000000 ) ;
#290 = CIRCLE ( 'NONE', #4504, 1.975000000000000100 ) ;
#291 = VECTOR ( 'NONE', #3933, 1000.000000000000000 ) ;
#292 = CIRCLE ( 'NONE', #4524, 0.2800000000000000800 ) ;
#293 = CIRCLE ( 'NONE', #4500, 5.194999999999998500 ) ;
#294 = VECTOR ( 'NONE', #3319, 1000.000000000000000 ) ;
#295 = VECTOR ( 'NONE', #3330, 1000.000000000000000 ) ;
#296 = VECTOR ( 'NONE', #3332, 1000.000000000000000 ) ;
#297 = LINE ( 'NONE', #3331, #312 ) ;
#298 = LINE ( 'NONE', #3306, #317 ) ;
#299 = VECTOR ( 'NONE', #3032, 1000.000000000000000 ) ;
#300 = CIRCLE ( 'NONE', #4538, 0.2799999999999998600 ) ;
#301 = CIRCLE ( 'NONE', #4560, 5.194999999999998500 ) ;
#302 = VECTOR ( 'NONE', #3326, 1000.000000000000000 ) ;
#303 = LINE ( 'NONE', #4005, #289 ) ;
#304 = LINE ( 'NONE', #3308, #294 ) ;
#305 = LINE ( 'NONE', #3336, #296 ) ;
#306 = CIRCLE ( 'NONE', #4537, 7.950000000000002000 ) ;
#307 = CIRCLE ( 'NONE', #4509, 6.685000000000001400 ) ;
#308 = LINE ( 'NONE', #3934, #287 ) ;
#309 = CIRCLE ( 'NONE', #4523, 0.2799999999999998600 ) ;
#310 = LINE ( 'NONE', #3315, #295 ) ;
#311 = CIRCLE ( 'NONE', #4552, 7.950000000000002000 ) ;
#312 = VECTOR ( 'NONE', #3313, 1000.000000000000000 ) ;
#313 = CIRCLE ( 'NONE', #4548, 3.000000000000000400 ) ;
#314 = VECTOR ( 'NONE', #3340, 1000.000000000000000 ) ;
#315 = LINE ( 'NONE', #3338, #320 ) ;
#316 = LINE ( 'NONE', #3342, #285 ) ;
#317 = VECTOR ( 'NONE', #3248, 1000.000000000000000 ) ;
#318 = VECTOR ( 'NONE', #3041, 1000.000000000000000 ) ;
#319 = LINE ( 'NONE', #3045, #299 ) ;
#320 = VECTOR ( 'NONE', #3309, 1000.000000000000000 ) ;
#321 = EDGE_CURVE ( 'NONE', #498, #510, #4412, .T. ) ;
#322 = EDGE_CURVE ( 'NONE', #502, #525, #4420, .T. ) ;
#323 = EDGE_CURVE ( 'NONE', #540, #500, #4321, .T. ) ;
#324 = EDGE_CURVE ( 'NONE', #488, #511, #4328, .T. ) ;
#325 = EDGE_CURVE ( 'NONE', #508, #532, #4400, .T. ) ;
#326 = EDGE_CURVE ( 'NONE', #502, #503, #4320, .T. ) ;
#327 = EDGE_CURVE ( 'NONE', #500, #516, #4386, .T. ) ;
#328 = EDGE_CURVE ( 'NONE', #540, #495, #284, .T. ) ;
#329 = EDGE_CURVE ( 'NONE', #516, #525, #270, .T. ) ;
#330 = EDGE_CURVE ( 'NONE', #1665, #487, #274, .T. ) ;
#331 = EDGE_CURVE ( 'NONE', #497, #509, #283, .T. ) ;
#332 = EDGE_CURVE ( 'NONE', #485, #483, #271, .T. ) ;
#333 = EDGE_CURVE ( 'NONE', #1638, #487, #266, .T. ) ;
#334 = EDGE_CURVE ( 'NONE', #519, #1719, #264, .T. ) ;
#335 = EDGE_CURVE ( 'NONE', #519, #1617, #263, .T. ) ;
#336 = EDGE_CURVE ( 'NONE', #509, #486, #4843, .T. ) ;
#337 = EDGE_CURVE ( 'NONE', #1711, #1665, #272, .T. ) ;
#338 = EDGE_CURVE ( 'NONE', #525, #495, #265, .T. ) ;
#339 = EDGE_CURVE ( 'NONE', #495, #496, #279, .T. ) ;
#340 = EDGE_CURVE ( 'NONE', #486, #533, #277, .T. ) ;
#341 = EDGE_CURVE ( 'NONE', #1638, #1711, #276, .T. ) ;
#342 = EDGE_CURVE ( 'NONE', #501, #484, #278, .T. ) ;
#343 = EDGE_CURVE ( 'NONE', #520, #531, #308, .T. ) ;
#344 = EDGE_CURVE ( 'NONE', #489, #514, #311, .T. ) ;
#345 = EDGE_CURVE ( 'NONE', #480, #499, #307, .T. ) ;
#346 = EDGE_CURVE ( 'NONE', #522, #533, #4851, .T. ) ;
#347 = EDGE_CURVE ( 'NONE', #484, #532, #288, .T. ) ;
#348 = EDGE_CURVE ( 'NONE', #491, #515, #4852, .T. ) ;
#349 = EDGE_CURVE ( 'NONE', #507, #537, #4838, .T. ) ;
#350 = EDGE_CURVE ( 'NONE', #482, #514, #303, .T. ) ;
#351 = EDGE_CURVE ( 'NONE', #2237, #1617, #300, .T. ) ;
#352 = EDGE_CURVE ( 'NONE', #518, #482, #306, .T. ) ;
#353 = EDGE_CURVE ( 'NONE', #1689, #1762, #309, .T. ) ;
#354 = EDGE_CURVE ( 'NONE', #504, #522, #286, .T. ) ;
#355 = EDGE_CURVE ( 'NONE', #497, #488, #313, .T. ) ;
#356 = EDGE_CURVE ( 'NONE', #1719, #2237, #319, .T. ) ;
#357 = EDGE_CURVE ( 'NONE', #498, #485, #292, .T. ) ;
#358 = EDGE_LOOP ( 'NONE', ( #2524, #4158, #2530, #4183 ) ) ;
#359 = EDGE_LOOP ( 'NONE', ( #4196, #2534, #2519, #2541 ) ) ;
#360 = EDGE_LOOP ( 'NONE', ( #4144, #4138, #4206, #4169 ) ) ;
#361 = EDGE_LOOP ( 'NONE', ( #4133, #4162, #4209, #4185 ) ) ;
#362 = EDGE_LOOP ( 'NONE', ( #2225, #2232, #2274, #2219, #2247 ) ) ;
#363 = EDGE_LOOP ( 'NONE', ( #2442, #2369 ) ) ;
#364 = EDGE_LOOP ( 'NONE', ( #2269, #2281, #2275, #2235 ) ) ;
#365 = EDGE_LOOP ( 'NONE', ( #2522, #2518, #2517, #2528 ) ) ;
#366 = EDGE_LOOP ( 'NONE', ( #2401, #2413 ) ) ;
#367 = EDGE_LOOP ( 'NONE', ( #2193, #2267 ) ) ;
#368 = EDGE_LOOP ( 'NONE', ( #2558, #2526, #2547, #4182 ) ) ;
#369 = EDGE_LOOP ( 'NONE', ( #4200, #4178, #4170, #2562 ) ) ;
#370 = VERTEX_POINT ( 'NONE', #3049 ) ;
#371 = VERTEX_POINT ( 'NONE', #3003 ) ;
#372 = EDGE_LOOP ( 'NONE', ( #2233, #2206 ) ) ;
#373 = EDGE_LOOP ( 'NONE', ( #2427, #2462, #2447, #2457, #2450, #2490, #2475, #2439, #2456, #2471, #2481, #2460, #2502, #2464, #2454, #2459, #2504, #2501, #2484, #2495, #2476, #2468, #2455, #2443, #2486, #2480, #2451, #2463, #2436, #2503, #2437, #2497, #2440, #2472, #2434, #2492, #2483, #2470, #2494, #2499, #2485, #2478, #2469, #2449, #2506, #2482, #2479, #2477, #2452, #2496, #2493, #2448, #2461, #2465, #2453, #2466, #2467, #2505, #2473, #2430, #2438, #2474, #2458, #2500, #2173, #2489, #2176, #2157, #2172, #2204, #2498, #2487, #2167, #2209, #2175, #2183, #2216, #2158, #2203, #2166, #2201, #2170, #2221, #2213, #2210, #2190, #2182, #2222, #2491, #2194, #2159, #2179, #2181, #2199, #2156, #2165, #2163, #2188, #2174, #2180, #2202, #2164, #2205, #2197, #2160, #2178, #2186, #2184, #2195, #2169, #2191, #2189, #2200, #2177, #2168, #2162, #2187, #2192, #2212, #2196, #2171, #2161, #2207, #2198, #2208 ) ) ;
#374 = EDGE_LOOP ( 'NONE', ( #2551, #2533, #2529, #2515, #2563, #2510, #4180, #2516, #4212, #4175, #2509, #4205, #2525, #4198, #4188, #2507, #4199, #2565, #2548, #4214, #2549, #4215, #4207, #2508, #2511, #2514, #2571, #2561, #2580, #2536, #2532, #2544, #2378, #2512, #2595, #2581, #2570, #2573, #2588, #2545, #2366, #2583, #2555, #2591, #2596, #2592, #2590, #2553, #2552, #2593, #2584, #2535, #2566, #2381, #2513, #2542, #2537, #2554, #2372, #2556, #2539, #2560, #2594, #2546, #2376, #2567, #2550, #2597, #2557, #2543, #2574, #2375, #2568, #2371, #2383, #2569, #2587, #2585, #2367, #2576, #2393, #2572, #2575, #2586, #2582, #2577, #2578, #2589, #2579, #2368, #2391, #2424, #2385, #2410, #2407, #2384, #2382, #2396, #2403, #2389, #2426, #2423, #2446, #2388, #2415, #2400, #2387, #2419, #2392, #2402, #2416, #2377, #2379, #2414, #2370, #2386, #2411, #2373, #2404, #2408, #2433, #2412, #2398, #2441, #2429 ) ) ;
#375 = EDGE_LOOP ( 'NONE', ( #4195, #4210, #4197, #2521 ) ) ;
#376 = EDGE_LOOP ( 'NONE', ( #4115, #4155, #4201, #4148 ) ) ;
#377 = EDGE_LOOP ( 'NONE', ( #4173, #4217, #4186, #4203 ) ) ;
#378 = EDGE_LOOP ( 'NONE', ( #4171, #4193, #4213, #4124 ) ) ;
#379 = EDGE_LOOP ( 'NONE', ( #4194, #4191, #4153, #4119 ) ) ;
#380 = EDGE_LOOP ( 'NONE', ( #2268, #2214 ) ) ;
#381 = EDGE_LOOP ( 'NONE', ( #2218, #2264, #2211, #2227, #2217, #2231, #2215 ) ) ;
#382 = VERTEX_POINT ( 'NONE', #3020 ) ;
#383 = VERTEX_POINT ( 'NONE', #3043 ) ;
#384 = VERTEX_POINT ( 'NONE', #3021 ) ;
#385 = EDGE_LOOP ( 'NONE', ( #2397, #2399 ) ) ;
#386 = VERTEX_POINT ( 'NONE', #3013 ) ;
#387 = EDGE_LOOP ( 'NONE', ( #2380, #2406, #2395, #2445 ) ) ;
#388 = VERTEX_POINT ( 'NONE', #3022 ) ;
#389 = VERTEX_POINT ( 'NONE', #3039 ) ;
#390 = EDGE_LOOP ( 'NONE', ( #2236, #2272, #2250, #2258, #2220 ) ) ;
#391 = EDGE_LOOP ( 'NONE', ( #2390, #2374, #2417, #2394 ) ) ;
#392 = VERTEX_POINT ( 'NONE', #3018 ) ;
#393 = EDGE_LOOP ( 'NONE', ( #2185, #2488 ) ) ;
#394 = VERTEX_POINT ( 'NONE', #3023 ) ;
#395 = EDGE_LOOP ( 'NONE', ( #2559, #4184, #4187, #4211 ) ) ;
#396 = VERTEX_POINT ( 'NONE', #3050 ) ;
#397 = EDGE_LOOP ( 'NONE', ( #4149, #4174, #4177, #4116 ) ) ;
#398 = EDGE_LOOP ( 'NONE', ( #4181, #4142, #4176, #4166 ) ) ;
#399 = EDGE_LOOP ( 'NONE', ( #2418, #2435 ) ) ;
#400 = VERTEX_POINT ( 'NONE', #3012 ) ;
#401 = VERTEX_POINT ( 'NONE', #3008 ) ;
#402 = VERTEX_POINT ( 'NONE', #3024 ) ;
#403 = EDGE_LOOP ( 'NONE', ( #4202, #2540, #2523, #2538 ) ) ;
#404 = VERTEX_POINT ( 'NONE', #3055 ) ;
#405 = VERTEX_POINT ( 'NONE', #3025 ) ;
#406 = VERTEX_POINT ( 'NONE', #3040 ) ;
#407 = VERTEX_POINT ( 'NONE', #3004 ) ;
#408 = VERTEX_POINT ( 'NONE', #3046 ) ;
#409 = VERTEX_POINT ( 'NONE', #3001 ) ;
#410 = VERTEX_POINT ( 'NONE', #3051 ) ;
#411 = VERTEX_POINT ( 'NONE', #3005 ) ;
#412 = EDGE_LOOP ( 'NONE', ( #2420, #2431, #2421, #2444, #2425 ) ) ;
#413 = EDGE_LOOP ( 'NONE', ( #2422, #2432, #2428, #2365 ) ) ;
#414 = EDGE_LOOP ( 'NONE', ( #2239, #2278 ) ) ;
#415 = VERTEX_POINT ( 'NONE', #3006 ) ;
#416 = EDGE_LOOP ( 'NONE', ( #4192, #4156, #4120, #4137 ) ) ;
#417 = VERTEX_POINT ( 'NONE', #3009 ) ;
#418 = VERTEX_POINT ( 'NONE', #3011 ) ;
#419 = VERTEX_POINT ( 'NONE', #3026 ) ;
#420 = VERTEX_POINT ( 'NONE', #3014 ) ;
#421 = VERTEX_POINT ( 'NONE', #3015 ) ;
#422 = VERTEX_POINT ( 'NONE', #3028 ) ;
#423 = VERTEX_POINT ( 'NONE', #3029 ) ;
#424 = VERTEX_POINT ( 'NONE', #3037 ) ;
#425 = VERTEX_POINT ( 'NONE', #3030 ) ;
#426 = VERTEX_POINT ( 'NONE', #3033 ) ;
#427 = VERTEX_POINT ( 'NONE', #3034 ) ;
#428 = VERTEX_POINT ( 'NONE', #3035 ) ;
#429 = VERTEX_POINT ( 'NONE', #3038 ) ;
#430 = VERTEX_POINT ( 'NONE', #3115 ) ;
#431 = VERTEX_POINT ( 'NONE', #3112 ) ;
#432 = VERTEX_POINT ( 'NONE', #3116 ) ;
#433 = VERTEX_POINT ( 'NONE', #3104 ) ;
#434 = VERTEX_POINT ( 'NONE', #3068 ) ;
#435 = VERTEX_POINT ( 'NONE', #3114 ) ;
#436 = VERTEX_POINT ( 'NONE', #3090 ) ;
#437 = VERTEX_POINT ( 'NONE', #3094 ) ;
#438 = VERTEX_POINT ( 'NONE', #3060 ) ;
#439 = VERTEX_POINT ( 'NONE', #3057 ) ;
#440 = VERTEX_POINT ( 'NONE', #3058 ) ;
#441 = VERTEX_POINT ( 'NONE', #3096 ) ;
#442 = VERTEX_POINT ( 'NONE', #3063 ) ;
#443 = VERTEX_POINT ( 'NONE', #3102 ) ;
#444 = VERTEX_POINT ( 'NONE', #3088 ) ;
#445 = VERTEX_POINT ( 'NONE', #3089 ) ;
#446 = VERTEX_POINT ( 'NONE', #3119 ) ;
#447 = VERTEX_POINT ( 'NONE', #3064 ) ;
#448 = VERTEX_POINT ( 'NONE', #3091 ) ;
#449 = VERTEX_POINT ( 'NONE', #3095 ) ;
#450 = VERTEX_POINT ( 'NONE', #3105 ) ;
#451 = VERTEX_POINT ( 'NONE', #3073 ) ;
#452 = VERTEX_POINT ( 'NONE', #3056 ) ;
#453 = VERTEX_POINT ( 'NONE', #3071 ) ;
#454 = VERTEX_POINT ( 'NONE', #3092 ) ;
#455 = VERTEX_POINT ( 'NONE', #3103 ) ;
#456 = VERTEX_POINT ( 'NONE', #3074 ) ;
#457 = VERTEX_POINT ( 'NONE', #3093 ) ;
#458 = VERTEX_POINT ( 'NONE', #3061 ) ;
#459 = VERTEX_POINT ( 'NONE', #3117 ) ;
#460 = VERTEX_POINT ( 'NONE', #3059 ) ;
#461 = VERTEX_POINT ( 'NONE', #3106 ) ;
#462 = VERTEX_POINT ( 'NONE', #3062 ) ;
#463 = VERTEX_POINT ( 'NONE', #3097 ) ;
#464 = VERTEX_POINT ( 'NONE', #3065 ) ;
#465 = VERTEX_POINT ( 'NONE', #3113 ) ;
#466 = VERTEX_POINT ( 'NONE', #3110 ) ;
#467 = VERTEX_POINT ( 'NONE', #3066 ) ;
#468 = VERTEX_POINT ( 'NONE', #3098 ) ;
#469 = VERTEX_POINT ( 'NONE', #3108 ) ;
#470 = VERTEX_POINT ( 'NONE', #3067 ) ;
#471 = VERTEX_POINT ( 'NONE', #3069 ) ;
#472 = VERTEX_POINT ( 'NONE', #3109 ) ;
#473 = VERTEX_POINT ( 'NONE', #3118 ) ;
#474 = VERTEX_POINT ( 'NONE', #3111 ) ;
#475 = VERTEX_POINT ( 'NONE', #3070 ) ;
#476 = VERTEX_POINT ( 'NONE', #3072 ) ;
#477 = VERTEX_POINT ( 'NONE', #3099 ) ;
#478 = VERTEX_POINT ( 'NONE', #3075 ) ;
#479 = VERTEX_POINT ( 'NONE', #3107 ) ;
#480 = VERTEX_POINT ( 'NONE', #3076 ) ;
#481 = VERTEX_POINT ( 'NONE', #3100 ) ;
#482 = VERTEX_POINT ( 'NONE', #3077 ) ;
#483 = VERTEX_POINT ( 'NONE', #3080 ) ;
#484 = VERTEX_POINT ( 'NONE', #3086 ) ;
#485 = VERTEX_POINT ( 'NONE', #3101 ) ;
#486 = VERTEX_POINT ( 'NONE', #3078 ) ;
#487 = VERTEX_POINT ( 'NONE', #3079 ) ;
#488 = VERTEX_POINT ( 'NONE', #3081 ) ;
#489 = VERTEX_POINT ( 'NONE', #3082 ) ;
#490 = VERTEX_POINT ( 'NONE', #3083 ) ;
#491 = VERTEX_POINT ( 'NONE', #3084 ) ;
#492 = VERTEX_POINT ( 'NONE', #3085 ) ;
#493 = VERTEX_POINT ( 'NONE', #3087 ) ;
#494 = VERTEX_POINT ( 'NONE', #3124 ) ;
#495 = VERTEX_POINT ( 'NONE', #3175 ) ;
#496 = VERTEX_POINT ( 'NONE', #3131 ) ;
#497 = VERTEX_POINT ( 'NONE', #3159 ) ;
#498 = VERTEX_POINT ( 'NONE', #3149 ) ;
#499 = VERTEX_POINT ( 'NONE', #3162 ) ;
#500 = VERTEX_POINT ( 'NONE', #3135 ) ;
#501 = VERTEX_POINT ( 'NONE', #3147 ) ;
#502 = VERTEX_POINT ( 'NONE', #3139 ) ;
#503 = VERTEX_POINT ( 'NONE', #3125 ) ;
#504 = VERTEX_POINT ( 'NONE', #3183 ) ;
#505 = VERTEX_POINT ( 'NONE', #3136 ) ;
#506 = VERTEX_POINT ( 'NONE', #3155 ) ;
#507 = VERTEX_POINT ( 'NONE', #3120 ) ;
#508 = VERTEX_POINT ( 'NONE', #3148 ) ;
#509 = VERTEX_POINT ( 'NONE', #3132 ) ;
#510 = VERTEX_POINT ( 'NONE', #3127 ) ;
#511 = VERTEX_POINT ( 'NONE', #3141 ) ;
#512 = VERTEX_POINT ( 'NONE', #3182 ) ;
#513 = ORIENTED_EDGE ( 'NONE', *, *, #163, .T. ) ;
#514 = VERTEX_POINT ( 'NONE', #3180 ) ;
#515 = VERTEX_POINT ( 'NONE', #3161 ) ;
#516 = VERTEX_POINT ( 'NONE', #3121 ) ;
#517 = VERTEX_POINT ( 'NONE', #3165 ) ;
#518 = VERTEX_POINT ( 'NONE', #3181 ) ;
#519 = VERTEX_POINT ( 'NONE', #3163 ) ;
#520 = VERTEX_POINT ( 'NONE', #3123 ) ;
#521 = ORIENTED_EDGE ( 'NONE', *, *, #154, .T. ) ;
#522 = VERTEX_POINT ( 'NONE', #3173 ) ;
#523 = ORIENTED_EDGE ( 'NONE', *, *, #137, .T. ) ;
#524 = ORIENTED_EDGE ( 'NONE', *, *, #187, .T. ) ;
#525 = VERTEX_POINT ( 'NONE', #3172 ) ;
#526 = ORIENTED_EDGE ( 'NONE', *, *, #191, .T. ) ;
#527 = VERTEX_POINT ( 'NONE', #3167 ) ;
#528 = ORIENTED_EDGE ( 'NONE', *, *, #185, .T. ) ;
#529 = VERTEX_POINT ( 'NONE', #3164 ) ;
#530 = VERTEX_POINT ( 'NONE', #3177 ) ;
#531 = VERTEX_POINT ( 'NONE', #3174 ) ;
#532 = VERTEX_POINT ( 'NONE', #3145 ) ;
#533 = VERTEX_POINT ( 'NONE', #3168 ) ;
#534 = VERTEX_POINT ( 'NONE', #3166 ) ;
#535 = ORIENTED_EDGE ( 'NONE', *, *, #5239, .T. ) ;
#536 = ORIENTED_EDGE ( 'NONE', *, *, #216, .T. ) ;
#537 = VERTEX_POINT ( 'NONE', #3150 ) ;
#538 = ORIENTED_EDGE ( 'NONE', *, *, #150, .T. ) ;
#539 = ORIENTED_EDGE ( 'NONE', *, *, #4829, .T. ) ;
#540 = VERTEX_POINT ( 'NONE', #3138 ) ;
#541 = ORIENTED_EDGE ( 'NONE', *, *, #138, .T. ) ;
#542 = ORIENTED_EDGE ( 'NONE', *, *, #4827, .T. ) ;
#543 = ORIENTED_EDGE ( 'NONE', *, *, #5242, .T. ) ;
#544 = ORIENTED_EDGE ( 'NONE', *, *, #5238, .T. ) ;
#545 = ORIENTED_EDGE ( 'NONE', *, *, #4819, .T. ) ;
#546 = ORIENTED_EDGE ( 'NONE', *, *, #4824, .T. ) ;
#547 = ORIENTED_EDGE ( 'NONE', *, *, #136, .T. ) ;
#548 = ORIENTED_EDGE ( 'NONE', *, *, #2129, .T. ) ;
#549 = ORIENTED_EDGE ( 'NONE', *, *, #2140, .T. ) ;
#550 = ORIENTED_EDGE ( 'NONE', *, *, #2125, .T. ) ;
#551 = ORIENTED_EDGE ( 'NONE', *, *, #2150, .T. ) ;
#552 = ORIENTED_EDGE ( 'NONE', *, *, #2147, .T. ) ;
#553 = ORIENTED_EDGE ( 'NONE', *, *, #4823, .T. ) ;
#554 = ORIENTED_EDGE ( 'NONE', *, *, #2124, .T. ) ;
#555 = ORIENTED_EDGE ( 'NONE', *, *, #4828, .T. ) ;
#556 = ORIENTED_EDGE ( 'NONE', *, *, #156, .T. ) ;
#557 = ORIENTED_EDGE ( 'NONE', *, *, #2142, .T. ) ;
#558 = ORIENTED_EDGE ( 'NONE', *, *, #181, .T. ) ;
#559 = ORIENTED_EDGE ( 'NONE', *, *, #2128, .T. ) ;
#560 = ORIENTED_EDGE ( 'NONE', *, *, #2127, .T. ) ;
#561 = ORIENTED_EDGE ( 'NONE', *, *, #5240, .T. ) ;
#562 = ORIENTED_EDGE ( 'NONE', *, *, #2141, .T. ) ;
#563 = ORIENTED_EDGE ( 'NONE', *, *, #4822, .T. ) ;
#564 = ORIENTED_EDGE ( 'NONE', *, *, #5241, .T. ) ;
#565 = ORIENTED_EDGE ( 'NONE', *, *, #179, .T. ) ;
#566 = ORIENTED_EDGE ( 'NONE', *, *, #2152, .T. ) ;
#567 = ORIENTED_EDGE ( 'NONE', *, *, #2133, .T. ) ;
#568 = ORIENTED_EDGE ( 'NONE', *, *, #2154, .T. ) ;
#569 = ORIENTED_EDGE ( 'NONE', *, *, #211, .T. ) ;
#570 = ORIENTED_EDGE ( 'NONE', *, *, #180, .T. ) ;
#571 = ORIENTED_EDGE ( 'NONE', *, *, #2151, .T. ) ;
#572 = ORIENTED_EDGE ( 'NONE', *, *, #4826, .T. ) ;
#573 = ORIENTED_EDGE ( 'NONE', *, *, #2143, .T. ) ;
#574 = ORIENTED_EDGE ( 'NONE', *, *, #133, .T. ) ;
#575 = ORIENTED_EDGE ( 'NONE', *, *, #165, .T. ) ;
#576 = ORIENTED_EDGE ( 'NONE', *, *, #4831, .T. ) ;
#577 = ORIENTED_EDGE ( 'NONE', *, *, #174, .T. ) ;
#578 = ORIENTED_EDGE ( 'NONE', *, *, #2134, .T. ) ;
#579 = ORIENTED_EDGE ( 'NONE', *, *, #151, .T. ) ;
#580 = ORIENTED_EDGE ( 'NONE', *, *, #5237, .T. ) ;
#581 = ORIENTED_EDGE ( 'NONE', *, *, #169, .T. ) ;
#582 = ORIENTED_EDGE ( 'NONE', *, *, #141, .T. ) ;
#583 = ORIENTED_EDGE ( 'NONE', *, *, #2130, .T. ) ;
#584 = ORIENTED_EDGE ( 'NONE', *, *, #2131, .T. ) ;
#585 = ORIENTED_EDGE ( 'NONE', *, *, #170, .T. ) ;
#586 = ORIENTED_EDGE ( 'NONE', *, *, #2126, .T. ) ;
#587 = ORIENTED_EDGE ( 'NONE', *, *, #135, .T. ) ;
#588 = ORIENTED_EDGE ( 'NONE', *, *, #4834, .T. ) ;
#589 = ORIENTED_EDGE ( 'NONE', *, *, #2153, .T. ) ;
#590 = ORIENTED_EDGE ( 'NONE', *, *, #4832, .T. ) ;
#591 = ORIENTED_EDGE ( 'NONE', *, *, #166, .T. ) ;
#592 = ORIENTED_EDGE ( 'NONE', *, *, #2132, .T. ) ;
#593 = ORIENTED_EDGE ( 'NONE', *, *, #192, .T. ) ;
#594 = ORIENTED_EDGE ( 'NONE', *, *, #229, .T. ) ;
#595 = ORIENTED_EDGE ( 'NONE', *, *, #152, .T. ) ;
#596 = ORIENTED_EDGE ( 'NONE', *, *, #4835, .T. ) ;
#597 = ORIENTED_EDGE ( 'NONE', *, *, #2148, .T. ) ;
#598 = ORIENTED_EDGE ( 'NONE', *, *, #190, .T. ) ;
#599 = ORIENTED_EDGE ( 'NONE', *, *, #147, .T. ) ;
#600 = ORIENTED_EDGE ( 'NONE', *, *, #131, .T. ) ;
#601 = ORIENTED_EDGE ( 'NONE', *, *, #2139, .F. ) ;
#602 = ORIENTED_EDGE ( 'NONE', *, *, #326, .T. ) ;
#603 = ORIENTED_EDGE ( 'NONE', *, *, #349, .F. ) ;
#604 = ORIENTED_EDGE ( 'NONE', *, *, #346, .F. ) ;
#605 = ORIENTED_EDGE ( 'NONE', *, *, #324, .F. ) ;
#606 = ORIENTED_EDGE ( 'NONE', *, *, #334, .F. ) ;
#607 = ORIENTED_EDGE ( 'NONE', *, *, #329, .T. ) ;
#608 = ORIENTED_EDGE ( 'NONE', *, *, #4837, .T. ) ;
#609 = ORIENTED_EDGE ( 'NONE', *, *, #2146, .F. ) ;
#610 = ORIENTED_EDGE ( 'NONE', *, *, #4431, .T. ) ;
#611 = ORIENTED_EDGE ( 'NONE', *, *, #322, .F. ) ;
#612 = ORIENTED_EDGE ( 'NONE', *, *, #4425, .F. ) ;
#613 = ORIENTED_EDGE ( 'NONE', *, *, #344, .T. ) ;
#614 = ORIENTED_EDGE ( 'NONE', *, *, #355, .F. ) ;
#615 = ORIENTED_EDGE ( 'NONE', *, *, #350, .T. ) ;
#616 = ORIENTED_EDGE ( 'NONE', *, *, #2138, .T. ) ;
#617 = ORIENTED_EDGE ( 'NONE', *, *, #337, .F. ) ;
#618 = ORIENTED_EDGE ( 'NONE', *, *, #323, .T. ) ;
#619 = ORIENTED_EDGE ( 'NONE', *, *, #2149, .T. ) ;
#620 = ORIENTED_EDGE ( 'NONE', *, *, #245, .F. ) ;
#621 = ORIENTED_EDGE ( 'NONE', *, *, #331, .T. ) ;
#622 = ORIENTED_EDGE ( 'NONE', *, *, #2145, .F. ) ;
#623 = ORIENTED_EDGE ( 'NONE', *, *, #341, .F. ) ;
#624 = ORIENTED_EDGE ( 'NONE', *, *, #330, .F. ) ;
#625 = ORIENTED_EDGE ( 'NONE', *, *, #4432, .F. ) ;
#626 = ORIENTED_EDGE ( 'NONE', *, *, #336, .T. ) ;
#627 = ORIENTED_EDGE ( 'NONE', *, *, #345, .F. ) ;
#628 = ORIENTED_EDGE ( 'NONE', *, *, #4429, .T. ) ;
#629 = ORIENTED_EDGE ( 'NONE', *, *, #335, .T. ) ;
#630 = ORIENTED_EDGE ( 'NONE', *, *, #348, .F. ) ;
#631 = ORIENTED_EDGE ( 'NONE', *, *, #4424, .F. ) ;
#632 = ORIENTED_EDGE ( 'NONE', *, *, #332, .F. ) ;
#633 = ORIENTED_EDGE ( 'NONE', *, *, #333, .T. ) ;
#634 = ORIENTED_EDGE ( 'NONE', *, *, #347, .F. ) ;
#635 = ORIENTED_EDGE ( 'NONE', *, *, #2155, .F. ) ;
#636 = ORIENTED_EDGE ( 'NONE', *, *, #357, .F. ) ;
#637 = ORIENTED_EDGE ( 'NONE', *, *, #321, .T. ) ;
#638 = ORIENTED_EDGE ( 'NONE', *, *, #221, .F. ) ;
#639 = ORIENTED_EDGE ( 'NONE', *, *, #4432, .T. ) ;
#640 = ORIENTED_EDGE ( 'NONE', *, *, #349, .T. ) ;
#641 = ORIENTED_EDGE ( 'NONE', *, *, #207, .F. ) ;
#642 = ORIENTED_EDGE ( 'NONE', *, *, #343, .T. ) ;
#643 = ORIENTED_EDGE ( 'NONE', *, *, #338, .F. ) ;
#644 = ORIENTED_EDGE ( 'NONE', *, *, #327, .T. ) ;
#645 = ORIENTED_EDGE ( 'NONE', *, *, #354, .F. ) ;
#646 = ORIENTED_EDGE ( 'NONE', *, *, #338, .T. ) ;
#647 = ORIENTED_EDGE ( 'NONE', *, *, #4428, .T. ) ;
#648 = ORIENTED_EDGE ( 'NONE', *, *, #340, .T. ) ;
#649 = ORIENTED_EDGE ( 'NONE', *, *, #325, .T. ) ;
#650 = ORIENTED_EDGE ( 'NONE', *, *, #4426, .F. ) ;
#651 = ORIENTED_EDGE ( 'NONE', *, *, #4433, .T. ) ;
#652 = ORIENTED_EDGE ( 'NONE', *, *, #352, .T. ) ;
#653 = ORIENTED_EDGE ( 'NONE', *, *, #328, .F. ) ;
#654 = ORIENTED_EDGE ( 'NONE', *, *, #2144, .T. ) ;
#655 = ORIENTED_EDGE ( 'NONE', *, *, #342, .F. ) ;
#656 = ORIENTED_EDGE ( 'NONE', *, *, #339, .F. ) ;
#657 = ORIENTED_EDGE ( 'NONE', *, *, #242, .T. ) ;
#658 = ORIENTED_EDGE ( 'NONE', *, *, #227, .F. ) ;
#659 = ORIENTED_EDGE ( 'NONE', *, *, #4430, .F. ) ;
#660 = ORIENTED_EDGE ( 'NONE', *, *, #202, .T. ) ;
#661 = ORIENTED_EDGE ( 'NONE', *, *, #253, .T. ) ;
#662 = ORIENTED_EDGE ( 'NONE', *, *, #223, .F. ) ;
#663 = ORIENTED_EDGE ( 'NONE', *, *, #214, .F. ) ;
#664 = ORIENTED_EDGE ( 'NONE', *, *, #218, .T. ) ;
#665 = ORIENTED_EDGE ( 'NONE', *, *, #246, .F. ) ;
#666 = ORIENTED_EDGE ( 'NONE', *, *, #217, .T. ) ;
#667 = ORIENTED_EDGE ( 'NONE', *, *, #241, .F. ) ;
#668 = ORIENTED_EDGE ( 'NONE', *, *, #208, .F. ) ;
#669 = ORIENTED_EDGE ( 'NONE', *, *, #212, .T. ) ;
#670 = ORIENTED_EDGE ( 'NONE', *, *, #251, .T. ) ;
#671 = ORIENTED_EDGE ( 'NONE', *, *, #200, .T. ) ;
#672 = ORIENTED_EDGE ( 'NONE', *, *, #226, .F. ) ;
#673 = ORIENTED_EDGE ( 'NONE', *, *, #83, .T. ) ;
#674 = ORIENTED_EDGE ( 'NONE', *, *, #219, .T. ) ;
#675 = ORIENTED_EDGE ( 'NONE', *, *, #206, .T. ) ;
#676 = ORIENTED_EDGE ( 'NONE', *, *, #232, .F. ) ;
#677 = ORIENTED_EDGE ( 'NONE', *, *, #356, .F. ) ;
#678 = ORIENTED_EDGE ( 'NONE', *, *, #230, .T. ) ;
#679 = ORIENTED_EDGE ( 'NONE', *, *, #236, .F. ) ;
#680 = ORIENTED_EDGE ( 'NONE', *, *, #204, .F. ) ;
#681 = ORIENTED_EDGE ( 'NONE', *, *, #252, .T. ) ;
#682 = ORIENTED_EDGE ( 'NONE', *, *, #198, .T. ) ;
#683 = ORIENTED_EDGE ( 'NONE', *, *, #2, .F. ) ;
#684 = ORIENTED_EDGE ( 'NONE', *, *, #205, .T. ) ;
#685 = ORIENTED_EDGE ( 'NONE', *, *, #353, .F. ) ;
#686 = ORIENTED_EDGE ( 'NONE', *, *, #4427, .T. ) ;
#687 = ORIENTED_EDGE ( 'NONE', *, *, #228, .F. ) ;
#688 = ORIENTED_EDGE ( 'NONE', *, *, #196, .F. ) ;
#689 = ORIENTED_EDGE ( 'NONE', *, *, #203, .F. ) ;
#690 = ORIENTED_EDGE ( 'NONE', *, *, #337, .T. ) ;
#691 = ORIENTED_EDGE ( 'NONE', *, *, #224, .T. ) ;
#692 = ORIENTED_EDGE ( 'NONE', *, *, #351, .F. ) ;
#693 = ORIENTED_EDGE ( 'NONE', *, *, #250, .F. ) ;
#694 = ORIENTED_EDGE ( 'NONE', *, *, #243, .F. ) ;
#695 = ORIENTED_EDGE ( 'NONE', *, *, #210, .T. ) ;
#696 = ORIENTED_EDGE ( 'NONE', *, *, #344, .F. ) ;
#697 = ORIENTED_EDGE ( 'NONE', *, *, #197, .T. ) ;
#698 = ORIENTED_EDGE ( 'NONE', *, *, #4423, .T. ) ;
#699 = ORIENTED_EDGE ( 'NONE', *, *, #233, .F. ) ;
#700 = ORIENTED_EDGE ( 'NONE', *, *, #238, .T. ) ;
#701 = ORIENTED_EDGE ( 'NONE', *, *, #209, .T. ) ;
#702 = ORIENTED_EDGE ( 'NONE', *, *, #206, .F. ) ;
#703 = ORIENTED_EDGE ( 'NONE', *, *, #240, .T. ) ;
#704 = ORIENTED_EDGE ( 'NONE', *, *, #213, .T. ) ;
#705 = ORIENTED_EDGE ( 'NONE', *, *, #194, .T. ) ;
#706 = ORIENTED_EDGE ( 'NONE', *, *, #231, .T. ) ;
#707 = ORIENTED_EDGE ( 'NONE', *, *, #256, .T. ) ;
#708 = ORIENTED_EDGE ( 'NONE', *, *, #207, .T. ) ;
#709 = ORIENTED_EDGE ( 'NONE', *, *, #235, .F. ) ;
#710 = ORIENTED_EDGE ( 'NONE', *, *, #234, .T. ) ;
#711 = ORIENTED_EDGE ( 'NONE', *, *, #220, .F. ) ;
#712 = ORIENTED_EDGE ( 'NONE', *, *, #244, .T. ) ;
#713 = ORIENTED_EDGE ( 'NONE', *, *, #225, .T. ) ;
#714 = ORIENTED_EDGE ( 'NONE', *, *, #249, .F. ) ;
#715 = ORIENTED_EDGE ( 'NONE', *, *, #247, .T. ) ;
#716 = ORIENTED_EDGE ( 'NONE', *, *, #73, .T. ) ;
#717 = ORIENTED_EDGE ( 'NONE', *, *, #248, .F. ) ;
#718 = ORIENTED_EDGE ( 'NONE', *, *, #92, .T. ) ;
#719 = ORIENTED_EDGE ( 'NONE', *, *, #119, .T. ) ;
#720 = ORIENTED_EDGE ( 'NONE', *, *, #81, .F. ) ;
#721 = ORIENTED_EDGE ( 'NONE', *, *, #128, .T. ) ;
#722 = ORIENTED_EDGE ( 'NONE', *, *, #126, .T. ) ;
#723 = ORIENTED_EDGE ( 'NONE', *, *, #119, .F. ) ;
#724 = ORIENTED_EDGE ( 'NONE', *, *, #3, .T. ) ;
#725 = ORIENTED_EDGE ( 'NONE', *, *, #86, .T. ) ;
#726 = ORIENTED_EDGE ( 'NONE', *, *, #106, .T. ) ;
#727 = ORIENTED_EDGE ( 'NONE', *, *, #199, .T. ) ;
#728 = ORIENTED_EDGE ( 'NONE', *, *, #88, .T. ) ;
#729 = ORIENTED_EDGE ( 'NONE', *, *, #215, .T. ) ;
#730 = ORIENTED_EDGE ( 'NONE', *, *, #113, .T. ) ;
#731 = ORIENTED_EDGE ( 'NONE', *, *, #93, .T. ) ;
#732 = ORIENTED_EDGE ( 'NONE', *, *, #95, .T. ) ;
#733 = ORIENTED_EDGE ( 'NONE', *, *, #195, .T. ) ;
#734 = ORIENTED_EDGE ( 'NONE', *, *, #77, .T. ) ;
#735 = ORIENTED_EDGE ( 'NONE', *, *, #114, .T. ) ;
#736 = ORIENTED_EDGE ( 'NONE', *, *, #111, .F. ) ;
#737 = ORIENTED_EDGE ( 'NONE', *, *, #162, .F. ) ;
#738 = ORIENTED_EDGE ( 'NONE', *, *, #89, .F. ) ;
#739 = ORIENTED_EDGE ( 'NONE', *, *, #182, .T. ) ;
#740 = ORIENTED_EDGE ( 'NONE', *, *, #122, .F. ) ;
#741 = ORIENTED_EDGE ( 'NONE', *, *, #127, .T. ) ;
#742 = ORIENTED_EDGE ( 'NONE', *, *, #140, .T. ) ;
#743 = ORIENTED_EDGE ( 'NONE', *, *, #118, .T. ) ;
#744 = ORIENTED_EDGE ( 'NONE', *, *, #164, .F. ) ;
#745 = ORIENTED_EDGE ( 'NONE', *, *, #104, .F. ) ;
#746 = ORIENTED_EDGE ( 'NONE', *, *, #239, .T. ) ;
#747 = ORIENTED_EDGE ( 'NONE', *, *, #85, .T. ) ;
#748 = ORIENTED_EDGE ( 'NONE', *, *, #103, .T. ) ;
#749 = ORIENTED_EDGE ( 'NONE', *, *, #110, .F. ) ;
#750 = ORIENTED_EDGE ( 'NONE', *, *, #90, .T. ) ;
#751 = ORIENTED_EDGE ( 'NONE', *, *, #142, .T. ) ;
#752 = ORIENTED_EDGE ( 'NONE', *, *, #17, .T. ) ;
#753 = ORIENTED_EDGE ( 'NONE', *, *, #121, .T. ) ;
#754 = ORIENTED_EDGE ( 'NONE', *, *, #111, .T. ) ;
#755 = ORIENTED_EDGE ( 'NONE', *, *, #67, .T. ) ;
#756 = ORIENTED_EDGE ( 'NONE', *, *, #76, .F. ) ;
#757 = ORIENTED_EDGE ( 'NONE', *, *, #79, .F. ) ;
#758 = ORIENTED_EDGE ( 'NONE', *, *, #129, .T. ) ;
#759 = ORIENTED_EDGE ( 'NONE', *, *, #124, .T. ) ;
#760 = ORIENTED_EDGE ( 'NONE', *, *, #108, .F. ) ;
#761 = ORIENTED_EDGE ( 'NONE', *, *, #107, .F. ) ;
#762 = ORIENTED_EDGE ( 'NONE', *, *, #69, .T. ) ;
#763 = ORIENTED_EDGE ( 'NONE', *, *, #222, .F. ) ;
#764 = ORIENTED_EDGE ( 'NONE', *, *, #332, .T. ) ;
#765 = ORIENTED_EDGE ( 'NONE', *, *, #16, .T. ) ;
#766 = ORIENTED_EDGE ( 'NONE', *, *, #13, .T. ) ;
#767 = ORIENTED_EDGE ( 'NONE', *, *, #125, .F. ) ;
#768 = ORIENTED_EDGE ( 'NONE', *, *, #76, .T. ) ;
#769 = ORIENTED_EDGE ( 'NONE', *, *, #91, .T. ) ;
#770 = ORIENTED_EDGE ( 'NONE', *, *, #184, .T. ) ;
#771 = ORIENTED_EDGE ( 'NONE', *, *, #84, .T. ) ;
#772 = ORIENTED_EDGE ( 'NONE', *, *, #70, .F. ) ;
#773 = ORIENTED_EDGE ( 'NONE', *, *, #67, .F. ) ;
#774 = ORIENTED_EDGE ( 'NONE', *, *, #98, .T. ) ;
#775 = ORIENTED_EDGE ( 'NONE', *, *, #74, .T. ) ;
#776 = ORIENTED_EDGE ( 'NONE', *, *, #356, .T. ) ;
#777 = ORIENTED_EDGE ( 'NONE', *, *, #237, .T. ) ;
#778 = ORIENTED_EDGE ( 'NONE', *, *, #91, .F. ) ;
#779 = EDGE_LOOP ( 'NONE', ( #733, #675, #711, #727 ) ) ;
#780 = VERTEX_POINT ( 'NONE', #3156 ) ;
#781 = EDGE_LOOP ( 'NONE', ( #745, #765, #775, #4253 ) ) ;
#782 = VERTEX_POINT ( 'NONE', #3140 ) ;
#783 = EDGE_LOOP ( 'NONE', ( #741, #728, #4238, #730 ) ) ;
#784 = EDGE_LOOP ( 'NONE', ( #4240, #4226, #4233, #4243 ) ) ;
#785 = EDGE_LOOP ( 'NONE', ( #4224, #4252, #4245, #4273 ) ) ;
#786 = EDGE_LOOP ( 'NONE', ( #4265, #4230, #4276, #4241 ) ) ;
#787 = EDGE_LOOP ( 'NONE', ( #663, #664, #672, #763 ) ) ;
#788 = EDGE_LOOP ( 'NONE', ( #4284, #4288, #4033, #4054 ) ) ;
#789 = VERTEX_POINT ( 'NONE', #3170 ) ;
#790 = EDGE_LOOP ( 'NONE', ( #704, #691, #689, #710 ) ) ;
#791 = EDGE_LOOP ( 'NONE', ( #558, #556, #574, #581 ) ) ;
#792 = EDGE_LOOP ( 'NONE', ( #658, #777, #714, #668 ) ) ;
#793 = EDGE_LOOP ( 'NONE', ( #623, #633, #624, #617 ) ) ;
#794 = VERTEX_POINT ( 'NONE', #3171 ) ;
#795 = EDGE_LOOP ( 'NONE', ( #4264, #4275, #4229, #4277 ) ) ;
#796 = VERTEX_POINT ( 'NONE', #3178 ) ;
#797 = EDGE_LOOP ( 'NONE', ( #4249, #778, #767, #744 ) ) ;
#798 = EDGE_LOOP ( 'NONE', ( #635, #619, #620, #717 ) ) ;
#799 = EDGE_LOOP ( 'NONE', ( #759, #768, #4267, #769 ) ) ;
#800 = EDGE_LOOP ( 'NONE', ( #602, #698, #656, #643, #611 ) ) ;
#801 = EDGE_LOOP ( 'NONE', ( #737, #736, #4258, #772 ) ) ;
#802 = EDGE_LOOP ( 'NONE', ( #669, #715, #666, #708 ) ) ;
#803 = VERTEX_POINT ( 'NONE', #3154 ) ;
#804 = EDGE_LOOP ( 'NONE', ( #735, #742, #726, #751 ) ) ;
#805 = EDGE_LOOP ( 'NONE', ( #4255, #4231, #4272, #4257 ) ) ;
#806 = EDGE_LOOP ( 'NONE', ( #627, #610, #613, #612 ) ) ;
#807 = EDGE_LOOP ( 'NONE', ( #686, #649, #634, #655 ) ) ;
#808 = VERTEX_POINT ( 'NONE', #3179 ) ;
#809 = EDGE_LOOP ( 'NONE', ( #702, #705, #697, #667 ) ) ;
#810 = EDGE_LOOP ( 'NONE', ( #4250, #4235, #4296, #4297 ) ) ;
#811 = EDGE_LOOP ( 'NONE', ( #4305, #4307, #4304, #4298 ) ) ;
#812 = EDGE_LOOP ( 'NONE', ( #4218, #4259, #4246, #4234 ) ) ;
#813 = EDGE_LOOP ( 'NONE', ( #523, #521, #513, #541 ) ) ;
#814 = EDGE_LOOP ( 'NONE', ( #731, #754, #750, #4219 ) ) ;
#815 = EDGE_LOOP ( 'NONE', ( #606, #629, #692, #677 ) ) ;
#816 = EDGE_LOOP ( 'NONE', ( #652, #615, #696, #659 ) ) ;
#817 = EDGE_LOOP ( 'NONE', ( #713, #657, #680, #678 ) ) ;
#818 = EDGE_LOOP ( 'NONE', ( #4237, #4261, #4244, #4274 ) ) ;
#819 = EDGE_LOOP ( 'NONE', ( #640, #628 ) ) ;
#820 = EDGE_LOOP ( 'NONE', ( #687, #681, #665, #662 ) ) ;
#821 = EDGE_LOOP ( 'NONE', ( #614, #621, #626, #639, #642, #651, #605 ) ) ;
#822 = EDGE_LOOP ( 'NONE', ( #676, #684, #694, #688 ) ) ;
#823 = EDGE_LOOP ( 'NONE', ( #760, #773, #4268, #756 ) ) ;
#824 = EDGE_LOOP ( 'NONE', ( #707, #682, #699, #671 ) ) ;
#825 = EDGE_LOOP ( 'NONE', ( #670, #673, #683, #764 ) ) ;
#826 = EDGE_LOOP ( 'NONE', ( #4260, #766, #738, #776 ) ) ;
#827 = EDGE_LOOP ( 'NONE', ( #724, #743, #757, #721 ) ) ;
#828 = EDGE_LOOP ( 'NONE', ( #4220, #739, #770, #725 ) ) ;
#829 = EDGE_LOOP ( 'NONE', ( #685, #616, #601, #609 ) ) ;
#830 = EDGE_LOOP ( 'NONE', ( #625, #648, #604, #645, #631 ) ) ;
#831 = EDGE_LOOP ( 'NONE', ( #4251, #4221, #4254, #4225 ) ) ;
#832 = EDGE_LOOP ( 'NONE', ( #618, #644, #607, #646, #653 ) ) ;
#833 = EDGE_LOOP ( 'NONE', ( #636, #637, #650, #632 ) ) ;
#834 = EDGE_LOOP ( 'NONE', ( #4270, #4271, #4223, #4262 ) ) ;
#835 = EDGE_LOOP ( 'NONE', ( #762, #734, #753, #755 ) ) ;
#836 = EDGE_LOOP ( 'NONE', ( #4239, #4242, #4236, #4256 ) ) ;
#837 = EDGE_LOOP ( 'NONE', ( #761, #723, #740, #4247 ) ) ;
#838 = EDGE_LOOP ( 'NONE', ( #695, #729, #709, #703 ) ) ;
#839 = EDGE_LOOP ( 'NONE', ( #630, #647, #603, #622 ) ) ;
#840 = EDGE_LOOP ( 'NONE', ( #4222, #4263, #4248, #4228 ) ) ;
#841 = EDGE_LOOP ( 'NONE', ( #654, #4041, #4292, #4083 ) ) ;
#842 = EDGE_LOOP ( 'NONE', ( #4095, #4070, #4075, #4151 ) ) ;
#843 = EDGE_LOOP ( 'NONE', ( #4065, #4135, #4104, #4103 ) ) ;
#844 = EDGE_LOOP ( 'NONE', ( #591, #575, #585, #538 ) ) ;
#845 = EDGE_LOOP ( 'NONE', ( #4121, #4146, #4114, #4105 ) ) ;
#846 = EDGE_LOOP ( 'NONE', ( #4060, #4090, #4125, #4081 ) ) ;
#847 = EDGE_LOOP ( 'NONE', ( #542, #544, #543, #580 ) ) ;
#848 = EDGE_LOOP ( 'NONE', ( #638, #660, #693, #641 ) ) ;
#849 = EDGE_LOOP ( 'NONE', ( #661, #700, #679, #712 ) ) ;
#850 = EDGE_LOOP ( 'NONE', ( #568, #572, #549, #560 ) ) ;
#851 = EDGE_LOOP ( 'NONE', ( #4106, #4049, #4136, #4097 ) ) ;
#852 = EDGE_LOOP ( 'NONE', ( #4227, #4232, #4266, #4278 ) ) ;
#853 = EDGE_LOOP ( 'NONE', ( #569, #598, #587, #547 ) ) ;
#854 = EDGE_LOOP ( 'NONE', ( #4154, #4101, #4059, #4139 ) ) ;
#855 = EDGE_LOOP ( 'NONE', ( #716, #752, #720, #690 ) ) ;
#856 = EDGE_LOOP ( 'NONE', ( #4163, #4123, #4190, #4157 ) ) ;
#857 = EDGE_LOOP ( 'NONE', ( #4053, #4082, #4308, #4091 ) ) ;
#858 = EDGE_LOOP ( 'NONE', ( #4036, #4085, #4130, #4204 ) ) ;
#859 = EDGE_LOOP ( 'NONE', ( #4109, #4140, #4161, #4216 ) ) ;
#860 = EDGE_LOOP ( 'NONE', ( #4056, #4073, #4074, #4092 ) ) ;
#861 = EDGE_LOOP ( 'NONE', ( #4077, #4093, #4080, #4079 ) ) ;
#862 = EDGE_LOOP ( 'NONE', ( #552, #567, #597, #576 ) ) ;
#863 = EDGE_LOOP ( 'NONE', ( #4069, #4282, #4055, #4301 ) ) ;
#864 = EDGE_LOOP ( 'NONE', ( #774, #722, #718, #732 ) ) ;
#865 = EDGE_LOOP ( 'NONE', ( #596, #592, #571, #546 ) ) ;
#866 = EDGE_LOOP ( 'NONE', ( #4309, #4094, #4299, #4084 ) ) ;
#867 = EDGE_LOOP ( 'NONE', ( #771, #758, #4279, #4269 ) ) ;
#868 = EDGE_LOOP ( 'NONE', ( #586, #545, #608, #583 ) ) ;
#869 = EDGE_LOOP ( 'NONE', ( #4040, #4058, #4062, #4045 ) ) ;
#870 = EDGE_LOOP ( 'NONE', ( #4131, #4132, #4159, #4179 ) ) ;
#871 = EDGE_LOOP ( 'NONE', ( #554, #550, #551, #588 ) ) ;
#872 = EDGE_LOOP ( 'NONE', ( #4143, #4189, #4160, #4164 ) ) ;
#873 = EDGE_LOOP ( 'NONE', ( #4035, #4087, #4052, #4293 ) ) ;
#874 = EDGE_LOOP ( 'NONE', ( #590, #557, #589, #578 ) ) ;
#875 = EDGE_LOOP ( 'NONE', ( #4147, #4112, #4064, #4150 ) ) ;
#876 = EDGE_LOOP ( 'NONE', ( #579, #599, #577, #594 ) ) ;
#877 = EDGE_LOOP ( 'NONE', ( #4068, #4078, #4306, #4043 ) ) ;
#878 = EDGE_LOOP ( 'NONE', ( #4281, #524, #526, #528 ) ) ;
#879 = EDGE_LOOP ( 'NONE', ( #4067, #4042, #4071, #4037 ) ) ;
#880 = EDGE_LOOP ( 'NONE', ( #4285, #4310, #4044, #4287 ) ) ;
#881 = EDGE_LOOP ( 'NONE', ( #4098, #4129, #4096, #4063 ) ) ;
#882 = EDGE_LOOP ( 'NONE', ( #584, #566, #564, #559 ) ) ;
#883 = EDGE_LOOP ( 'NONE', ( #701, #706, #746, #674 ) ) ;
#884 = EDGE_LOOP ( 'NONE', ( #570, #582, #536, #548 ) ) ;
#885 = EDGE_LOOP ( 'NONE', ( #4089, #4128, #4141, #4122 ) ) ;
#886 = EDGE_LOOP ( 'NONE', ( #535, #563, #539, #553 ) ) ;
#887 = EDGE_LOOP ( 'NONE', ( #4294, #4034, #4046, #4066 ) ) ;
#888 = EDGE_LOOP ( 'NONE', ( #600, #593, #595, #565 ) ) ;
#889 = EDGE_LOOP ( 'NONE', ( #4099, #4172, #4167, #4168 ) ) ;
#890 = EDGE_LOOP ( 'NONE', ( #562, #555, #573, #561 ) ) ;
#891 = EDGE_LOOP ( 'NONE', ( #748, #747, #749, #719 ) ) ;
#892 = EDGE_LOOP ( 'NONE', ( #4303, #4311, #4039, #4295 ) ) ;
#893 = EDGE_LOOP ( 'NONE', ( #4134, #4113, #4118, #4111 ) ) ;
#894 = EDGE_LOOP ( 'NONE', ( #4280, #4291, #4283, #4048 ) ) ;
#895 = EDGE_LOOP ( 'NONE', ( #4286, #4047, #4312, #4300 ) ) ;
#896 = EDGE_LOOP ( 'NONE', ( #4289, #4302, #4086, #4290 ) ) ;
#897 = EDGE_LOOP ( 'NONE', ( #4038, #4051, #4057, #4127 ) ) ;
#898 = EDGE_LOOP ( 'NONE', ( #4072, #4145, #4076, #4088 ) ) ;
#899 = EDGE_LOOP ( 'NONE', ( #4110, #4100, #4165, #4208 ) ) ;
#900 = EDGE_LOOP ( 'NONE', ( #2520, #2531, #2564, #2527 ) ) ;
#901 = EDGE_LOOP ( 'NONE', ( #4152, #4126, #4050, #4061 ) ) ;
#902 = EDGE_LOOP ( 'NONE', ( #4117, #4107, #4102, #4108 ) ) ;
#903 = EDGE_LOOP ( 'NONE', ( #2405, #2409 ) ) ;
#904 = CYLINDRICAL_SURFACE ( 'NONE', #5117, 0.1499999999999999700 ) ;
#905 = CYLINDRICAL_SURFACE ( 'NONE', #5093, 5.194999999999998500 ) ;
#906 = CYLINDRICAL_SURFACE ( 'NONE', #5097, 1.975000000000000100 ) ;
#907 = CYLINDRICAL_SURFACE ( 'NONE', #5096, 0.1499999999999999700 ) ;
#908 = CYLINDRICAL_SURFACE ( 'NONE', #5102, 0.2800000000000000800 ) ;
#909 = FACE_BOUND ( 'NONE', #366, .T. ) ;
#910 = FACE_OUTER_BOUND ( 'NONE', #369, .T. ) ;
#911 = FACE_OUTER_BOUND ( 'NONE', #854, .T. ) ;
#912 = CYLINDRICAL_SURFACE ( 'NONE', #5087, 0.2799999999999998600 ) ;
#913 = CYLINDRICAL_SURFACE ( 'NONE', #5104, 0.2800000000000000800 ) ;
#914 = FACE_OUTER_BOUND ( 'NONE', #813, .T. ) ;
#915 = FACE_OUTER_BOUND ( 'NONE', #385, .T. ) ;
#916 = FACE_OUTER_BOUND ( 'NONE', #902, .T. ) ;
#917 = CYLINDRICAL_SURFACE ( 'NONE', #5083, 0.1499999999999999700 ) ;
#918 = FACE_OUTER_BOUND ( 'NONE', #872, .T. ) ;
#919 = FACE_OUTER_BOUND ( 'NONE', #858, .T. ) ;
#920 = FACE_BOUND ( 'NONE', #374, .T. ) ;
#921 = FACE_OUTER_BOUND ( 'NONE', #363, .T. ) ;
#922 = FACE_OUTER_BOUND ( 'NONE', #901, .T. ) ;
#923 = CYLINDRICAL_SURFACE ( 'NONE', #5109, 1.975000000000000100 ) ;
#924 = CYLINDRICAL_SURFACE ( 'NONE', #5112, 1.975000000000000100 ) ;
#925 = CYLINDRICAL_SURFACE ( 'NONE', #5091, 5.194999999999998500 ) ;
#926 = CYLINDRICAL_SURFACE ( 'NONE', #5090, 0.2799999999999998600 ) ;
#927 = CYLINDRICAL_SURFACE ( 'NONE', #5110, 0.2799999999999998600 ) ;
#928 = CYLINDRICAL_SURFACE ( 'NONE', #5098, 0.2799999999999998600 ) ;
#929 = FACE_OUTER_BOUND ( 'NONE', #879, .T. ) ;
#930 = CYLINDRICAL_SURFACE ( 'NONE', #5094, 5.194999999999998500 ) ;
#931 = FACE_OUTER_BOUND ( 'NONE', #786, .T. ) ;
#932 = CYLINDRICAL_SURFACE ( 'NONE', #5099, 0.1499999999999999700 ) ;
#933 = CYLINDRICAL_SURFACE ( 'NONE', #5113, 0.2799999999999998600 ) ;
#934 = FACE_OUTER_BOUND ( 'NONE', #840, .T. ) ;
#935 = CYLINDRICAL_SURFACE ( 'NONE', #5103, 5.194999999999998500 ) ;
#936 = FACE_OUTER_BOUND ( 'NONE', #875, .T. ) ;
#937 = FACE_OUTER_BOUND ( 'NONE', #885, .T. ) ;
#938 = FACE_OUTER_BOUND ( 'NONE', #814, .T. ) ;
#939 = FACE_OUTER_BOUND ( 'NONE', #416, .T. ) ;
#940 = CYLINDRICAL_SURFACE ( 'NONE', #5071, 1.975000000000000100 ) ;
#941 = FACE_OUTER_BOUND ( 'NONE', #375, .T. ) ;
#942 = CYLINDRICAL_SURFACE ( 'NONE', #5075, 0.2799999999999998600 ) ;
#943 = CYLINDRICAL_SURFACE ( 'NONE', #5066, 0.2799999999999998600 ) ;
#944 = FACE_OUTER_BOUND ( 'NONE', #379, .T. ) ;
#945 = FACE_OUTER_BOUND ( 'NONE', #881, .T. ) ;
#946 = CYLINDRICAL_SURFACE ( 'NONE', #5073, 5.194999999999998500 ) ;
#947 = FACE_OUTER_BOUND ( 'NONE', #358, .T. ) ;
#948 = FACE_OUTER_BOUND ( 'NONE', #846, .T. ) ;
#949 = FACE_OUTER_BOUND ( 'NONE', #870, .T. ) ;
#950 = FACE_OUTER_BOUND ( 'NONE', #811, .T. ) ;
#951 = FACE_OUTER_BOUND ( 'NONE', #860, .T. ) ;
#952 = CYLINDRICAL_SURFACE ( 'NONE', #5064, 1.975000000000000100 ) ;
#953 = CYLINDRICAL_SURFACE ( 'NONE', #5070, 0.2799999999999998600 ) ;
#954 = FACE_OUTER_BOUND ( 'NONE', #831, .T. ) ;
#955 = FACE_OUTER_BOUND ( 'NONE', #842, .T. ) ;
#956 = CYLINDRICAL_SURFACE ( 'NONE', #5068, 0.1499999999999999700 ) ;
#957 = CYLINDRICAL_SURFACE ( 'NONE', #5086, 0.1499999999999999700 ) ;
#958 = FACE_OUTER_BOUND ( 'NONE', #899, .T. ) ;
#959 = FACE_OUTER_BOUND ( 'NONE', #837, .T. ) ;
#960 = CYLINDRICAL_SURFACE ( 'NONE', #5074, 0.2800000000000000800 ) ;
#961 = FACE_OUTER_BOUND ( 'NONE', #791, .T. ) ;
#962 = CYLINDRICAL_SURFACE ( 'NONE', #5101, 0.1499999999999999700 ) ;
#963 = CYLINDRICAL_SURFACE ( 'NONE', #5115, 0.1499999999999999700 ) ;
#964 = FACE_OUTER_BOUND ( 'NONE', #897, .T. ) ;
#965 = FACE_OUTER_BOUND ( 'NONE', #856, .T. ) ;
#966 = CYLINDRICAL_SURFACE ( 'NONE', #5072, 0.1499999999999999700 ) ;
#967 = FACE_OUTER_BOUND ( 'NONE', #801, .T. ) ;
#968 = CYLINDRICAL_SURFACE ( 'NONE', #5169, 0.2799999999999998600 ) ;
#969 = CYLINDRICAL_SURFACE ( 'NONE', #5105, 0.2799999999999998600 ) ;
#970 = CYLINDRICAL_SURFACE ( 'NONE', #5146, 0.2799999999999998600 ) ;
#971 = CYLINDRICAL_SURFACE ( 'NONE', #5108, 0.1499999999999999700 ) ;
#972 = CYLINDRICAL_SURFACE ( 'NONE', #5149, 0.1499999999999999900 ) ;
#973 = FACE_OUTER_BOUND ( 'NONE', #391, .T. ) ;
#974 = FACE_OUTER_BOUND ( 'NONE', #843, .T. ) ;
#975 = FACE_OUTER_BOUND ( 'NONE', #853, .T. ) ;
#976 = CYLINDRICAL_SURFACE ( 'NONE', #5154, 0.2800000000000000800 ) ;
#977 = FACE_OUTER_BOUND ( 'NONE', #876, .T. ) ;
#978 = FACE_OUTER_BOUND ( 'NONE', #805, .T. ) ;
#979 = FACE_OUTER_BOUND ( 'NONE', #797, .T. ) ;
#980 = FACE_OUTER_BOUND ( 'NONE', #861, .T. ) ;
#981 = CYLINDRICAL_SURFACE ( 'NONE', #5084, 0.1499999999999999900 ) ;
#982 = CYLINDRICAL_SURFACE ( 'NONE', #5137, 0.1499999999999999700 ) ;
#983 = FACE_OUTER_BOUND ( 'NONE', #360, .T. ) ;
#984 = FACE_OUTER_BOUND ( 'NONE', #900, .T. ) ;
#985 = CYLINDRICAL_SURFACE ( 'NONE', #5123, 1.975000000000000100 ) ;
#986 = FACE_OUTER_BOUND ( 'NONE', #864, .T. ) ;
#987 = CYLINDRICAL_SURFACE ( 'NONE', #5116, 0.2800000000000000800 ) ;
#988 = CYLINDRICAL_SURFACE ( 'NONE', #5118, 1.975000000000000100 ) ;
#989 = CYLINDRICAL_SURFACE ( 'NONE', #5107, 0.2799999999999998600 ) ;
#990 = CYLINDRICAL_SURFACE ( 'NONE', #5163, 0.2800000000000003000 ) ;
#991 = CYLINDRICAL_SURFACE ( 'NONE', #5145, 5.194999999999998500 ) ;
#992 = FACE_OUTER_BOUND ( 'NONE', #378, .T. ) ;
#993 = CYLINDRICAL_SURFACE ( 'NONE', #5143, 1.975000000000000100 ) ;
#994 = CYLINDRICAL_SURFACE ( 'NONE', #5106, 1.975000000000000100 ) ;
#995 = FACE_OUTER_BOUND ( 'NONE', #785, .T. ) ;
#996 = CYLINDRICAL_SURFACE ( 'NONE', #5147, 0.1499999999999999700 ) ;
#997 = FACE_BOUND ( 'NONE', #367, .T. ) ;
#998 = FACE_OUTER_BOUND ( 'NONE', #852, .T. ) ;
#999 = LINE ( 'NONE', #2079, #1056 ) ;
#1000 = FACE_BOUND ( 'NONE', #373, .T. ) ;
#1001 = FACE_OUTER_BOUND ( 'NONE', #397, .T. ) ;
#1002 = FACE_OUTER_BOUND ( 'NONE', #812, .T. ) ;
#1003 = FACE_OUTER_BOUND ( 'NONE', #372, .T. ) ;
#1004 = CYLINDRICAL_SURFACE ( 'NONE', #5079, 5.194999999999998500 ) ;
#1005 = FACE_BOUND ( 'NONE', #399, .T. ) ;
#1006 = CYLINDRICAL_SURFACE ( 'NONE', #5128, 0.1499999999999999700 ) ;
#1007 = CYLINDRICAL_SURFACE ( 'NONE', #5080, 0.1499999999999999700 ) ;
#1008 = FACE_OUTER_BOUND ( 'NONE', #893, .T. ) ;
#1009 = FACE_OUTER_BOUND ( 'NONE', #889, .T. ) ;
#1010 = CYLINDRICAL_SURFACE ( 'NONE', #5124, 1.975000000000000100 ) ;
#1011 = FACE_OUTER_BOUND ( 'NONE', #903, .T. ) ;
#1012 = FACE_OUTER_BOUND ( 'NONE', #359, .T. ) ;
#1013 = FACE_OUTER_BOUND ( 'NONE', #851, .T. ) ;
#1014 = FACE_OUTER_BOUND ( 'NONE', #810, .T. ) ;
#1015 = FACE_OUTER_BOUND ( 'NONE', #845, .T. ) ;
#1016 = CYLINDRICAL_SURFACE ( 'NONE', #5088, 1.975000000000000100 ) ;
#1017 = CYLINDRICAL_SURFACE ( 'NONE', #5174, 0.2800000000000003000 ) ;
#1018 = FACE_OUTER_BOUND ( 'NONE', #403, .T. ) ;
#1019 = FACE_OUTER_BOUND ( 'NONE', #387, .T. ) ;
#1020 = CYLINDRICAL_SURFACE ( 'NONE', #5077, 5.194999999999998500 ) ;
#1021 = CYLINDRICAL_SURFACE ( 'NONE', #5140, 7.950000000000002000 ) ;
#1022 = FACE_OUTER_BOUND ( 'NONE', #834, .T. ) ;
#1023 = FACE_OUTER_BOUND ( 'NONE', #823, .T. ) ;
#1024 = FACE_OUTER_BOUND ( 'NONE', #364, .T. ) ;
#1025 = FACE_OUTER_BOUND ( 'NONE', #835, .T. ) ;
#1026 = CYLINDRICAL_SURFACE ( 'NONE', #5078, 0.1499999999999999700 ) ;
#1027 = FACE_OUTER_BOUND ( 'NONE', #898, .T. ) ;
#1028 = CYLINDRICAL_SURFACE ( 'NONE', #5126, 0.2799999999999998600 ) ;
#1029 = FACE_OUTER_BOUND ( 'NONE', #376, .T. ) ;
#1030 = FACE_OUTER_BOUND ( 'NONE', #393, .T. ) ;
#1031 = CYLINDRICAL_SURFACE ( 'NONE', #5122, 0.1499999999999999700 ) ;
#1032 = CYLINDRICAL_SURFACE ( 'NONE', #5148, 1.975000000000000100 ) ;
#1033 = CYLINDRICAL_SURFACE ( 'NONE', #5153, 0.2800000000000000800 ) ;
#1034 = CYLINDRICAL_SURFACE ( 'NONE', #5152, 0.2799999999999998600 ) ;
#1035 = FACE_OUTER_BOUND ( 'NONE', #412, .T. ) ;
#1036 = CYLINDRICAL_SURFACE ( 'NONE', #5171, 8.000000000000000000 ) ;
#1037 = FACE_BOUND ( 'NONE', #414, .T. ) ;
#1038 = CIRCLE ( 'NONE', #5133, 5.194999999999997600 ) ;
#1039 = FACE_OUTER_BOUND ( 'NONE', #368, .T. ) ;
#1040 = FACE_OUTER_BOUND ( 'NONE', #848, .T. ) ;
#1041 = CONICAL_SURFACE ( 'NONE', #5138, 8.000000000000001800, 0.7853981633974506100 ) ;
#1042 = VECTOR ( 'NONE', #2090, 1000.000000000000000 ) ;
#1043 = FACE_OUTER_BOUND ( 'NONE', #413, .T. ) ;
#1044 = CYLINDRICAL_SURFACE ( 'NONE', #5164, 0.2800000000000000800 ) ;
#1045 = CYLINDRICAL_SURFACE ( 'NONE', #5167, 0.2799999999999998600 ) ;
#1046 = CYLINDRICAL_SURFACE ( 'NONE', #5150, 0.2799999999999998600 ) ;
#1047 = CYLINDRICAL_SURFACE ( 'NONE', #5144, 0.2800000000000000800 ) ;
#1048 = CYLINDRICAL_SURFACE ( 'NONE', #5157, 0.1499999999999999700 ) ;
#1049 = CYLINDRICAL_SURFACE ( 'NONE', #5168, 1.975000000000000100 ) ;
#1050 = FACE_OUTER_BOUND ( 'NONE', #362, .T. ) ;
#1051 = CYLINDRICAL_SURFACE ( 'NONE', #5151, 1.720000000000001100 ) ;
#1052 = FACE_OUTER_BOUND ( 'NONE', #815, .T. ) ;
#1053 = CYLINDRICAL_SURFACE ( 'NONE', #5156, 0.1499999999999999700 ) ;
#1054 = FACE_OUTER_BOUND ( 'NONE', #398, .T. ) ;
#1055 = CIRCLE ( 'NONE', #5158, 1.975000000000000500 ) ;
#1056 = VECTOR ( 'NONE', #2083, 1000.000000000000000 ) ;
#1057 = FACE_OUTER_BOUND ( 'NONE', #377, .T. ) ;
#1058 = LINE ( 'NONE', #2076, #1042 ) ;
#1059 = FACE_OUTER_BOUND ( 'NONE', #365, .T. ) ;
#1060 = FACE_OUTER_BOUND ( 'NONE', #390, .T. ) ;
#1061 = CYLINDRICAL_SURFACE ( 'NONE', #5130, 0.2799999999999998600 ) ;
#1062 = CIRCLE ( 'NONE', #5159, 5.194999999999998500 ) ;
#1063 = LINE ( 'NONE', #2061, #1078 ) ;
#1064 = CYLINDRICAL_SURFACE ( 'NONE', #5125, 0.2800000000000000800 ) ;
#1065 = FACE_OUTER_BOUND ( 'NONE', #883, .T. ) ;
#1066 = FACE_BOUND ( 'NONE', #380, .T. ) ;
#1067 = CYLINDRICAL_SURFACE ( 'NONE', #5139, 3.000000000000000400 ) ;
#1068 = FACE_OUTER_BOUND ( 'NONE', #361, .T. ) ;
#1069 = FACE_OUTER_BOUND ( 'NONE', #395, .T. ) ;
#1070 = CYLINDRICAL_SURFACE ( 'NONE', #5129, 0.2799999999999998600 ) ;
#1071 = CYLINDRICAL_SURFACE ( 'NONE', #5131, 0.1499999999999999700 ) ;
#1072 = FACE_OUTER_BOUND ( 'NONE', #833, .T. ) ;
#1073 = FACE_OUTER_BOUND ( 'NONE', #800, .T. ) ;
#1074 = CONICAL_SURFACE ( 'NONE', #5141, 6.685000000000001400, 1.308996938995747000 ) ;
#1075 = CYLINDRICAL_SURFACE ( 'NONE', #5127, 5.000000000000000000 ) ;
#1076 = CONICAL_SURFACE ( 'NONE', #5142, 8.000000000000001800, 0.7853981633974506100 ) ;
#1077 = FACE_OUTER_BOUND ( 'NONE', #820, .T. ) ;
#1078 = VECTOR ( 'NONE', #2074, 1000.000000000000000 ) ;
#1079 = FACE_OUTER_BOUND ( 'NONE', #792, .T. ) ;
#1080 = CYLINDRICAL_SURFACE ( 'NONE', #5155, 0.2800000000000000800 ) ;
#1081 = CYLINDRICAL_SURFACE ( 'NONE', #5170, 0.2799999999999998600 ) ;
#1082 = CYLINDRICAL_SURFACE ( 'NONE', #5132, 1.720000000000000200 ) ;
#1083 = FACE_OUTER_BOUND ( 'NONE', #787, .T. ) ;
#1084 = FACE_OUTER_BOUND ( 'NONE', #381, .T. ) ;
#1085 = SURFACE_STYLE_FILL_AREA ( #2112 ) ;
#1086 = PRESENTATION_STYLE_ASSIGNMENT (( #2103 ) ) ;
#1087 = SHAPE_DEFINITION_REPRESENTATION ( #4854, #4844 ) ;
#1088 = COLOUR_RGB ( '',0.7529411764705882200, 0.7529411764705882200, 0.7529411764705882200 ) ;
#1089 = CIRCLE ( 'NONE', #5228, 0.1499999999999999700 ) ;
#1090 = CIRCLE ( 'NONE', #5200, 0.2799999999999998600 ) ;
#1091 = LINE ( 'NONE', #3328, #1112 ) ;
#1092 = CIRCLE ( 'NONE', #4539, 1.975000000000000100 ) ;
#1093 = CIRCLE ( 'NONE', #5198, 0.2799999999999998600 ) ;
#1094 = VECTOR ( 'NONE', #3368, 1000.000000000000000 ) ;
#1095 = CIRCLE ( 'NONE', #4550, 5.194999999999998500 ) ;
#1096 = CIRCLE ( 'NONE', #4554, 1.975000000000000100 ) ;
#1097 = CIRCLE ( 'NONE', #5192, 5.000000000000000000 ) ;
#1098 = LINE ( 'NONE', #3348, #1113 ) ;
#1099 = VECTOR ( 'NONE', #3397, 1000.000000000000000 ) ;
#1100 = CIRCLE ( 'NONE', #5210, 0.1499999999999999700 ) ;
#1101 = CIRCLE ( 'NONE', #5220, 0.1499999999999999700 ) ;
#1102 = CIRCLE ( 'NONE', #5230, 0.2800000000000000800 ) ;
#1103 = LINE ( 'NONE', #3351, #1137 ) ;
#1104 = LINE ( 'NONE', #3387, #1116 ) ;
#1105 = VECTOR ( 'NONE', #3420, 1000.000000000000100 ) ;
#1106 = CIRCLE ( 'NONE', #5193, 0.2799999999999998600 ) ;
#1107 = CIRCLE ( 'NONE', #5232, 0.2799999999999998600 ) ;
#1108 = CIRCLE ( 'NONE', #5199, 0.2799999999999998600 ) ;
#1109 = CIRCLE ( 'NONE', #5225, 1.975000000000000100 ) ;
#1110 = CIRCLE ( 'NONE', #5175, 3.000000000000000400 ) ;
#1111 = CIRCLE ( 'NONE', #5197, 0.2800000000000000800 ) ;
#1112 = VECTOR ( 'NONE', #3333, 1000.000000000000000 ) ;
#1113 = VECTOR ( 'NONE', #3347, 1000.000000000000000 ) ;
#1114 = VECTOR ( 'NONE', #3411, 1000.000000000000000 ) ;
#1115 = CIRCLE ( 'NONE', #5231, 0.2799999999999998600 ) ;
#1116 = VECTOR ( 'NONE', #3360, 1000.000000000000000 ) ;
#1117 = CIRCLE ( 'NONE', #5176, 0.2799999999999998600 ) ;
#1118 = LINE ( 'NONE', #3406, #1114 ) ;
#1119 = LINE ( 'NONE', #3383, #1094 ) ;
#1120 = LINE ( 'NONE', #3434, #1099 ) ;
#1121 = CIRCLE ( 'NONE', #5214, 0.1499999999999999700 ) ;
#1122 = CIRCLE ( 'NONE', #5195, 0.2800000000000000800 ) ;
#1123 = LINE ( 'NONE', #3414, #1105 ) ;
#1124 = CIRCLE ( 'NONE', #5226, 0.2799999999999998600 ) ;
#1125 = CIRCLE ( 'NONE', #5182, 0.2800000000000000800 ) ;
#1126 = CIRCLE ( 'NONE', #5209, 0.1499999999999999700 ) ;
#1127 = CIRCLE ( 'NONE', #5184, 0.1499999999999999700 ) ;
#1128 = LINE ( 'NONE', #3376, #1145 ) ;
#1129 = CIRCLE ( 'NONE', #5179, 0.1499999999999999700 ) ;
#1130 = CIRCLE ( 'NONE', #4531, 1.975000000000000100 ) ;
#1131 = CIRCLE ( 'NONE', #5236, 0.2799999999999998600 ) ;
#1132 = CIRCLE ( 'NONE', #5196, 0.2800000000000000800 ) ;
#1133 = CIRCLE ( 'NONE', #5183, 0.1499999999999999700 ) ;
#1134 = CIRCLE ( 'NONE', #5229, 0.1499999999999999700 ) ;
#1135 = CIRCLE ( 'NONE', #5235, 0.2800000000000003000 ) ;
#1136 = LINE ( 'NONE', #3424, #1140 ) ;
#1137 = VECTOR ( 'NONE', #3352, 1000.000000000000100 ) ;
#1138 = CIRCLE ( 'NONE', #4498, 1.975000000000000500 ) ;
#1139 = CIRCLE ( 'NONE', #5208, 0.2799999999999998600 ) ;
#1140 = VECTOR ( 'NONE', #3393, 1000.000000000000100 ) ;
#1141 = CIRCLE ( 'NONE', #4528, 1.975000000000000100 ) ;
#1142 = CIRCLE ( 'NONE', #4541, 5.194999999999998500 ) ;
#1143 = CIRCLE ( 'NONE', #4561, 1.975000000000000300 ) ;
#1144 = CIRCLE ( 'NONE', #5178, 0.2800000000000000800 ) ;
#1145 = VECTOR ( 'NONE', #3357, 1000.000000000000000 ) ;
#1146 = CIRCLE ( 'NONE', #5202, 0.1499999999999999700 ) ;
#1147 = CIRCLE ( 'NONE', #5177, 0.2800000000000000800 ) ;
#1148 = CIRCLE ( 'NONE', #5191, 0.1499999999999999700 ) ;
#1149 = CIRCLE ( 'NONE', #5207, 0.1499999999999999700 ) ;
#1150 = CIRCLE ( 'NONE', #5234, 0.1499999999999999700 ) ;
#1151 = CIRCLE ( 'NONE', #5206, 0.2799999999999998600 ) ;
#1152 = LINE ( 'NONE', #1479, #1160 ) ;
#1153 = CIRCLE ( 'NONE', #5180, 0.2799999999999998600 ) ;
#1154 = CIRCLE ( 'NONE', #5215, 0.2800000000000000800 ) ;
#1155 = CIRCLE ( 'NONE', #5219, 0.2799999999999998600 ) ;
#1156 = CIRCLE ( 'NONE', #5218, 0.1499999999999999900 ) ;
#1157 = VECTOR ( 'NONE', #1462, 1000.000000000000000 ) ;
#1158 = LINE ( 'NONE', #1467, #1193 ) ;
#1159 = LINE ( 'NONE', #1454, #1162 ) ;
#1160 = VECTOR ( 'NONE', #1464, 1000.000000000000000 ) ;
#1161 = CIRCLE ( 'NONE', #5222, 0.1499999999999999700 ) ;
#1162 = VECTOR ( 'NONE', #1485, 1000.000000000000000 ) ;
#1163 = CIRCLE ( 'NONE', #5023, 0.2799999999999998600 ) ;
#1164 = CIRCLE ( 'NONE', #5213, 0.1499999999999999700 ) ;
#1165 = LINE ( 'NONE', #1457, #1192 ) ;
#1166 = CIRCLE ( 'NONE', #5001, 5.194999999999998500 ) ;
#1167 = LINE ( 'NONE', #1491, #1171 ) ;
#1168 = CIRCLE ( 'NONE', #5201, 0.1499999999999999700 ) ;
#1169 = LINE ( 'NONE', #1461, #1211 ) ;
#1170 = CIRCLE ( 'NONE', #5190, 0.2799999999999998600 ) ;
#1171 = VECTOR ( 'NONE', #1492, 1000.000000000000000 ) ;
#1172 = CIRCLE ( 'NONE', #5017, 1.975000000000000100 ) ;
#1173 = LINE ( 'NONE', #1459, #1185 ) ;
#1174 = CIRCLE ( 'NONE', #5051, 1.975000000000000100 ) ;
#1175 = LINE ( 'NONE', #1469, #1157 ) ;
#1176 = LINE ( 'NONE', #1480, #1213 ) ;
#1177 = CIRCLE ( 'NONE', #5018, 1.975000000000000100 ) ;
#1178 = CIRCLE ( 'NONE', #5058, 1.975000000000000100 ) ;
#1179 = COLOUR_RGB ( '',0.7529411764705882200, 0.7529411764705882200, 0.7529411764705882200 ) ;
#1180 = CIRCLE ( 'NONE', #5003, 1.975000000000000100 ) ;
#1181 = FACE_OUTER_BOUND ( 'NONE', #821, .T. ) ;
#1182 = CIRCLE ( 'NONE', #5019, 0.1499999999999999700 ) ;
#1183 = CIRCLE ( 'NONE', #5211, 0.2799999999999998600 ) ;
#1184 = CIRCLE ( 'NONE', #5010, 0.1499999999999999700 ) ;
#1185 = VECTOR ( 'NONE', #1473, 1000.000000000000000 ) ;
#1186 = LINE ( 'NONE', #1453, #1198 ) ;
#1187 = CIRCLE ( 'NONE', #5016, 5.194999999999998500 ) ;
#1188 = CIRCLE ( 'NONE', #5188, 0.2800000000000000800 ) ;
#1189 = CIRCLE ( 'NONE', #5227, 0.2799999999999998600 ) ;
#1190 = CIRCLE ( 'NONE', #5203, 0.1499999999999999700 ) ;
#1191 = CIRCLE ( 'NONE', #5185, 0.2799999999999998600 ) ;
#1192 = VECTOR ( 'NONE', #1472, 1000.000000000000000 ) ;
#1193 = VECTOR ( 'NONE', #1481, 1000.000000000000000 ) ;
#1194 = CIRCLE ( 'NONE', #5205, 0.2800000000000000800 ) ;
#1195 = CIRCLE ( 'NONE', #5189, 0.2800000000000000800 ) ;
#1196 = VECTOR ( 'NONE', #1487, 1000.000000000000000 ) ;
#1197 = CIRCLE ( 'NONE', #5187, 0.1499999999999999700 ) ;
#1198 = VECTOR ( 'NONE', #1482, 1000.000000000000000 ) ;
#1199 = CIRCLE ( 'NONE', #5181, 0.2799999999999998600 ) ;
#1200 = CIRCLE ( 'NONE', #5221, 0.2799999999999998600 ) ;
#1201 = CIRCLE ( 'NONE', #5015, 0.1499999999999999700 ) ;
#1202 = CIRCLE ( 'NONE', #5233, 0.1499999999999999700 ) ;
#1203 = CIRCLE ( 'NONE', #5217, 0.1499999999999999700 ) ;
#1204 = CIRCLE ( 'NONE', #5204, 0.1499999999999999700 ) ;
#1205 = CIRCLE ( 'NONE', #5194, 0.2799999999999998600 ) ;
#1206 = CIRCLE ( 'NONE', #5212, 0.1499999999999999700 ) ;
#1207 = CIRCLE ( 'NONE', #5057, 0.1499999999999999700 ) ;
#1208 = CIRCLE ( 'NONE', #5223, 0.2799999999999998600 ) ;
#1209 = CIRCLE ( 'NONE', #5224, 0.2799999999999998600 ) ;
#1210 = LINE ( 'NONE', #1490, #1196 ) ;
#1211 = VECTOR ( 'NONE', #1483, 1000.000000000000000 ) ;
#1212 = CIRCLE ( 'NONE', #5216, 0.2799999999999998600 ) ;
#1213 = VECTOR ( 'NONE', #1451, 1000.000000000000000 ) ;
#1214 = CIRCLE ( 'NONE', #5186, 0.2800000000000003000 ) ;
#1215 = FACE_OUTER_BOUND ( 'NONE', #802, .T. ) ;
#1216 = CYLINDRICAL_SURFACE ( 'NONE', #5055, 6.304999999999999700 ) ;
#1217 = CYLINDRICAL_SURFACE ( 'NONE', #5007, 0.2800000000000003000 ) ;
#1218 = CYLINDRICAL_SURFACE ( 'NONE', #5014, 5.000000000000000000 ) ;
#1219 = FACE_OUTER_BOUND ( 'NONE', #790, .T. ) ;
#1220 = FACE_OUTER_BOUND ( 'NONE', #809, .T. ) ;
#1221 = FACE_OUTER_BOUND ( 'NONE', #779, .T. ) ;
#1222 = FACE_OUTER_BOUND ( 'NONE', #793, .T. ) ;
#1223 = FACE_OUTER_BOUND ( 'NONE', #798, .T. ) ;
#1224 = CYLINDRICAL_SURFACE ( 'NONE', #5046, 6.304999999999999700 ) ;
#1225 = CYLINDRICAL_SURFACE ( 'NONE', #5060, 0.2800000000000003000 ) ;
#1226 = CYLINDRICAL_SURFACE ( 'NONE', #5025, 6.304999999999999700 ) ;
#1227 = FACE_OUTER_BOUND ( 'NONE', #839, .T. ) ;
#1228 = FACE_OUTER_BOUND ( 'NONE', #855, .T. ) ;
#1229 = FACE_OUTER_BOUND ( 'NONE', #830, .T. ) ;
#1230 = FACE_OUTER_BOUND ( 'NONE', #816, .T. ) ;
#1231 = FACE_OUTER_BOUND ( 'NONE', #783, .T. ) ;
#1232 = CYLINDRICAL_SURFACE ( 'NONE', #5021, 6.304999999999999700 ) ;
#1233 = CYLINDRICAL_SURFACE ( 'NONE', #5039, 6.304999999999999700 ) ;
#1234 = FACE_OUTER_BOUND ( 'NONE', #891, .T. ) ;
#1235 = CYLINDRICAL_SURFACE ( 'NONE', #5026, 1.720000000000000200 ) ;
#1236 = FACE_BOUND ( 'NONE', #819, .T. ) ;
#1237 = CYLINDRICAL_SURFACE ( 'NONE', #5053, 6.304999999999999700 ) ;
#1238 = CYLINDRICAL_SURFACE ( 'NONE', #5043, 8.000000000000000000 ) ;
#1239 = FACE_OUTER_BOUND ( 'NONE', #832, .T. ) ;
#1240 = FACE_OUTER_BOUND ( 'NONE', #829, .T. ) ;
#1241 = CYLINDRICAL_SURFACE ( 'NONE', #5022, 6.304999999999999700 ) ;
#1242 = FACE_OUTER_BOUND ( 'NONE', #867, .T. ) ;
#1243 = FACE_OUTER_BOUND ( 'NONE', #822, .T. ) ;
#1244 = CYLINDRICAL_SURFACE ( 'NONE', #5006, 6.304999999999999700 ) ;
#1245 = FACE_OUTER_BOUND ( 'NONE', #827, .T. ) ;
#1246 = FACE_OUTER_BOUND ( 'NONE', #817, .T. ) ;
#1247 = CYLINDRICAL_SURFACE ( 'NONE', #5020, 6.304999999999999700 ) ;
#1248 = SURFACE_STYLE_FILL_AREA ( #1527 ) ;
#1249 = CYLINDRICAL_SURFACE ( 'NONE', #5048, 3.000000000000000400 ) ;
#1250 = FACE_OUTER_BOUND ( 'NONE', #807, .T. ) ;
#1251 = CYLINDRICAL_SURFACE ( 'NONE', #5036, 1.720000000000001100 ) ;
#1252 = CONICAL_SURFACE ( 'NONE', #5045, 6.685000000000001400, 1.308996938995747000 ) ;
#1253 = CYLINDRICAL_SURFACE ( 'NONE', #5024, 6.304999999999999700 ) ;
#1254 = FACE_OUTER_BOUND ( 'NONE', #781, .T. ) ;
#1255 = FACE_OUTER_BOUND ( 'NONE', #849, .T. ) ;
#1256 = CYLINDRICAL_SURFACE ( 'NONE', #5037, 6.304999999999999700 ) ;
#1257 = CYLINDRICAL_SURFACE ( 'NONE', #5013, 6.304999999999999700 ) ;
#1258 = CYLINDRICAL_SURFACE ( 'NONE', #5044, 6.304999999999999700 ) ;
#1259 = CYLINDRICAL_SURFACE ( 'NONE', #5056, 6.304999999999999700 ) ;
#1260 = FACE_OUTER_BOUND ( 'NONE', #826, .T. ) ;
#1261 = FACE_OUTER_BOUND ( 'NONE', #838, .T. ) ;
#1262 = PRESENTATION_STYLE_ASSIGNMENT (( #1534 ) ) ;
#1263 = FACE_OUTER_BOUND ( 'NONE', #806, .T. ) ;
#1264 = FACE_OUTER_BOUND ( 'NONE', #859, .T. ) ;
#1265 = FACE_OUTER_BOUND ( 'NONE', #824, .T. ) ;
#1266 = CYLINDRICAL_SURFACE ( 'NONE', #5002, 1.975000000000000100 ) ;
#1267 = FACE_OUTER_BOUND ( 'NONE', #825, .T. ) ;
#1268 = FACE_OUTER_BOUND ( 'NONE', #865, .T. ) ;
#1269 = CYLINDRICAL_SURFACE ( 'NONE', #5062, 0.1499999999999999700 ) ;
#1270 = FACE_OUTER_BOUND ( 'NONE', #886, .T. ) ;
#1271 = CYLINDRICAL_SURFACE ( 'NONE', #5029, 0.1499999999999999700 ) ;
#1272 = FACE_OUTER_BOUND ( 'NONE', #844, .T. ) ;
#1273 = CYLINDRICAL_SURFACE ( 'NONE', #5032, 5.194999999999998500 ) ;
#1274 = CYLINDRICAL_SURFACE ( 'NONE', #5095, 0.1499999999999999700 ) ;
#1275 = FACE_OUTER_BOUND ( 'NONE', #871, .T. ) ;
#1276 = CYLINDRICAL_SURFACE ( 'NONE', #5114, 0.1499999999999999700 ) ;
#1277 = FACE_OUTER_BOUND ( 'NONE', #887, .T. ) ;
#1278 = CYLINDRICAL_SURFACE ( 'NONE', #5069, 1.975000000000000100 ) ;
#1279 = FACE_OUTER_BOUND ( 'NONE', #894, .T. ) ;
#1280 = FACE_OUTER_BOUND ( 'NONE', #828, .T. ) ;
#1281 = FACE_OUTER_BOUND ( 'NONE', #884, .T. ) ;
#1282 = CYLINDRICAL_SURFACE ( 'NONE', #5030, 5.194999999999998500 ) ;
#1283 = CYLINDRICAL_SURFACE ( 'NONE', #5081, 0.1499999999999999700 ) ;
#1284 = CYLINDRICAL_SURFACE ( 'NONE', #5042, 5.194999999999998500 ) ;
#1285 = CYLINDRICAL_SURFACE ( 'NONE', #5028, 0.2799999999999998600 ) ;
#1286 = FACE_OUTER_BOUND ( 'NONE', #804, .T. ) ;
#1287 = FACE_OUTER_BOUND ( 'NONE', #874, .T. ) ;
#1288 = FACE_OUTER_BOUND ( 'NONE', #888, .T. ) ;
#1289 = CYLINDRICAL_SURFACE ( 'NONE', #5047, 0.1499999999999999700 ) ;
#1290 = FACE_OUTER_BOUND ( 'NONE', #862, .T. ) ;
#1291 = FACE_OUTER_BOUND ( 'NONE', #788, .T. ) ;
#1292 = CYLINDRICAL_SURFACE ( 'NONE', #5049, 1.975000000000000100 ) ;
#1293 = CYLINDRICAL_SURFACE ( 'NONE', #5033, 0.1499999999999999700 ) ;
#1294 = FACE_OUTER_BOUND ( 'NONE', #866, .T. ) ;
#1295 = CYLINDRICAL_SURFACE ( 'NONE', #5027, 1.975000000000000100 ) ;
#1296 = CYLINDRICAL_SURFACE ( 'NONE', #5092, 1.975000000000000100 ) ;
#1297 = FACE_OUTER_BOUND ( 'NONE', #882, .T. ) ;
#1298 = FACE_OUTER_BOUND ( 'NONE', #850, .T. ) ;
#1299 = CYLINDRICAL_SURFACE ( 'NONE', #5111, 1.975000000000000100 ) ;
#1300 = CYLINDRICAL_SURFACE ( 'NONE', #5038, 5.194999999999998500 ) ;
#1301 = CYLINDRICAL_SURFACE ( 'NONE', #5061, 1.975000000000000100 ) ;
#1302 = CYLINDRICAL_SURFACE ( 'NONE', #5035, 1.975000000000000100 ) ;
#1303 = FACE_OUTER_BOUND ( 'NONE', #863, .T. ) ;
#1304 = FACE_OUTER_BOUND ( 'NONE', #878, .T. ) ;
#1305 = FACE_OUTER_BOUND ( 'NONE', #869, .T. ) ;
#1306 = CYLINDRICAL_SURFACE ( 'NONE', #5034, 0.1499999999999999700 ) ;
#1307 = FACE_OUTER_BOUND ( 'NONE', #868, .T. ) ;
#1308 = FACE_OUTER_BOUND ( 'NONE', #890, .T. ) ;
#1309 = CYLINDRICAL_SURFACE ( 'NONE', #5089, 1.975000000000000100 ) ;
#1310 = CYLINDRICAL_SURFACE ( 'NONE', #5008, 0.1499999999999999700 ) ;
#1311 = CYLINDRICAL_SURFACE ( 'NONE', #5065, 0.1499999999999999700 ) ;
#1312 = FACE_OUTER_BOUND ( 'NONE', #877, .T. ) ;
#1313 = FACE_OUTER_BOUND ( 'NONE', #896, .T. ) ;
#1314 = FACE_OUTER_BOUND ( 'NONE', #784, .T. ) ;
#1315 = CYLINDRICAL_SURFACE ( 'NONE', #5040, 6.304999999999999700 ) ;
#1316 = FACE_OUTER_BOUND ( 'NONE', #873, .T. ) ;
#1317 = FACE_OUTER_BOUND ( 'NONE', #892, .T. ) ;
#1318 = CYLINDRICAL_SURFACE ( 'NONE', #5041, 1.974999999999999900 ) ;
#1319 = CYLINDRICAL_SURFACE ( 'NONE', #5054, 1.975000000000000100 ) ;
#1320 = FACE_OUTER_BOUND ( 'NONE', #857, .T. ) ;
#1321 = FACE_OUTER_BOUND ( 'NONE', #841, .T. ) ;
#1322 = CYLINDRICAL_SURFACE ( 'NONE', #5011, 0.1499999999999999700 ) ;
#1323 = CYLINDRICAL_SURFACE ( 'NONE', #5012, 1.975000000000000100 ) ;
#1324 = FACE_OUTER_BOUND ( 'NONE', #847, .T. ) ;
#1325 = FACE_OUTER_BOUND ( 'NONE', #880, .T. ) ;
#1326 = FACE_OUTER_BOUND ( 'NONE', #895, .T. ) ;
#1327 = CYLINDRICAL_SURFACE ( 'NONE', #5050, 7.950000000000002000 ) ;
#1328 = CYLINDRICAL_SURFACE ( 'NONE', #5031, 1.975000000000000100 ) ;
#1329 = CYLINDRICAL_SURFACE ( 'NONE', #5009, 5.194999999999998500 ) ;
#1330 = FACE_OUTER_BOUND ( 'NONE', #818, .T. ) ;
#1331 = CYLINDRICAL_SURFACE ( 'NONE', #5067, 5.194999999999998500 ) ;
#1332 = CYLINDRICAL_SURFACE ( 'NONE', #5100, 1.975000000000001000 ) ;
#1333 = FACE_OUTER_BOUND ( 'NONE', #799, .T. ) ;
#1334 = CYLINDRICAL_SURFACE ( 'NONE', #5063, 1.975000000000000100 ) ;
#1335 = CYLINDRICAL_SURFACE ( 'NONE', #5085, 1.975000000000000100 ) ;
#1336 = FACE_OUTER_BOUND ( 'NONE', #836, .T. ) ;
#1337 = CYLINDRICAL_SURFACE ( 'NONE', #5121, 1.975000000000000100 ) ;
#1338 = FACE_OUTER_BOUND ( 'NONE', #795, .T. ) ;
#1339 = DIRECTION ( 'NONE',  ( -1.000000000000000000, 0.0000000000000000000, 0.0000000000000000000 ) ) ;
#1340 = DIRECTION ( 'NONE',  ( -1.000000000000000000, 0.0000000000000000000, 0.0000000000000000000 ) ) ;
#1341 = DIRECTION ( 'NONE',  ( 0.0000000000000000000, 0.0000000000000000000, -1.000000000000000000 ) ) ;
#1342 = DIRECTION ( 'NONE',  ( 1.000000000000000000, -0.0000000000000000000, -0.0000000000000000000 ) ) ;
#1343 = DIRECTION ( 'NONE',  ( 1.000000000000000000, -0.0000000000000000000, -0.0000000000000000000 ) ) ;
#1344 = DIRECTION ( 'NONE',  ( 0.0000000000000000000, 0.0000000000000000000, 1.000000000000000000 ) ) ;
#1345 = DIRECTION ( 'NONE',  ( 1.000000000000000000, -0.0000000000000000000, -0.0000000000000000000 ) ) ;
#1346 = DIRECTION ( 'NONE',  ( 0.0000000000000000000, 1.445602896647339700E-014, 1.000000000000000000 ) ) ;
#1347 = CARTESIAN_POINT ( 'NONE',  ( 3.499999999999999600, 4.811569927110524800, 3.626212877993459500 ) ) ;
#1348 = CARTESIAN_POINT ( 'NONE',  ( -3.499999999999999600, 2.761719907722045800, 5.354766862459253900 ) ) ;
#1349 = DIRECTION ( 'NONE',  ( 0.0000000000000000000, 0.0000000000000000000, 1.000000000000000000 ) ) ;
#1350 = DIRECTION ( 'NONE',  ( 1.000000000000000000, -0.0000000000000000000, -0.0000000000000000000 ) ) ;
#1351 = CARTESIAN_POINT ( 'NONE',  ( 3.499999999999999600, -5.908429512402141100, 1.179442960458623800 ) ) ;
#1352 = DIRECTION ( 'NONE',  ( 1.000000000000000000, -0.0000000000000000000, -0.0000000000000000000 ) ) ;
#1353 = DIRECTION ( 'NONE',  ( -1.000000000000000000, 0.0000000000000000000, 0.0000000000000000000 ) ) ;
#1354 = CARTESIAN_POINT ( 'NONE',  ( -3.499999999999999600, -0.8575814421090538500, -5.275753886427051700 ) ) ;
#1355 = DIRECTION ( 'NONE',  ( 0.0000000000000000000, 5.782411586589358000E-015, 1.000000000000000000 ) ) ;
#1356 = CARTESIAN_POINT ( 'NONE',  ( 3.499999999999999600, 1.516409641875849700, -5.125380649086070100 ) ) ;
#1357 = DIRECTION ( 'NONE',  ( 1.000000000000000000, -0.0000000000000000000, -0.0000000000000000000 ) ) ;
#1358 = DIRECTION ( 'NONE',  ( -1.000000000000000000, 0.0000000000000000000, 0.0000000000000000000 ) ) ;
#1359 = DIRECTION ( 'NONE',  ( 0.0000000000000000000, 2.891205793294679000E-015, 1.000000000000000000 ) ) ;
#1360 = DIRECTION ( 'NONE',  ( 0.0000000000000000000, 1.879283765641541400E-014, 1.000000000000000000 ) ) ;
#1361 = CARTESIAN_POINT ( 'NONE',  ( -3.499999999999999600, -4.605971184245719400, -3.884025547019239100 ) ) ;
#1362 = CARTESIAN_POINT ( 'NONE',  ( -3.499999999999999600, -3.590057198743358500, -3.959862915525102600 ) ) ;
#1363 = DIRECTION ( 'NONE',  ( 1.000000000000000000, -0.0000000000000000000, -0.0000000000000000000 ) ) ;
#1364 = DIRECTION ( 'NONE',  ( 0.0000000000000000000, 0.0000000000000000000, -1.000000000000000000 ) ) ;
#1365 = DIRECTION ( 'NONE',  ( 0.0000000000000000000, 0.0000000000000000000, -1.000000000000000000 ) ) ;
#1366 = CARTESIAN_POINT ( 'NONE',  ( -3.499999999999999600, -4.952649898237721600, -2.010045767012746100 ) ) ;
#1367 = CARTESIAN_POINT ( 'NONE',  ( -3.499999999999999600, -3.061718003938080500, -4.381199363685860600 ) ) ;
#1368 = CARTESIAN_POINT ( 'NONE',  ( -3.499999999999999600, -4.605971184245770000, 3.884025547019176000 ) ) ;
#1369 = DIRECTION ( 'NONE',  ( 0.0000000000000000000, 0.0000000000000000000, 1.000000000000000000 ) ) ;
#1370 = DIRECTION ( 'NONE',  ( 1.000000000000000000, -0.0000000000000000000, -0.0000000000000000000 ) ) ;
#1371 = DIRECTION ( 'NONE',  ( 0.0000000000000000000, 0.0000000000000000000, -1.000000000000000000 ) ) ;
#1372 = CARTESIAN_POINT ( 'NONE',  ( 3.499999999999999600, -2.761719907722082600, 5.354766862459236200 ) ) ;
#1373 = CARTESIAN_POINT ( 'NONE',  ( 3.499999999999999600, -2.464621116292273300, 5.497842099690226200 ) ) ;
#1374 = DIRECTION ( 'NONE',  ( 0.0000000000000000000, 0.0000000000000000000, -1.000000000000000000 ) ) ;
#1375 = CARTESIAN_POINT ( 'NONE',  ( 3.499999999999999600, -4.952649898237721600, -2.010045767012746100 ) ) ;
#1376 = DIRECTION ( 'NONE',  ( 0.0000000000000000000, 0.0000000000000000000, 1.000000000000000000 ) ) ;
#1377 = DIRECTION ( 'NONE',  ( 0.0000000000000000000, 0.0000000000000000000, -1.000000000000000000 ) ) ;
#1378 = DIRECTION ( 'NONE',  ( 0.0000000000000000000, 0.0000000000000000000, 1.000000000000000000 ) ) ;
#1379 = DIRECTION ( 'NONE',  ( 0.0000000000000000000, 0.0000000000000000000, -1.000000000000000000 ) ) ;
#1380 = DIRECTION ( 'NONE',  ( 0.0000000000000000000, 0.0000000000000000000, 1.000000000000000000 ) ) ;
#1381 = DIRECTION ( 'NONE',  ( 0.0000000000000000000, 0.0000000000000000000, -1.000000000000000000 ) ) ;
#1382 = CARTESIAN_POINT ( 'NONE',  ( -3.499999999999999600, -0.1648773903373237900, 6.022743597909141900 ) ) ;
#1383 = DIRECTION ( 'NONE',  ( 0.0000000000000000000, 0.0000000000000000000, -1.000000000000000000 ) ) ;
#1384 = DIRECTION ( 'NONE',  ( 0.0000000000000000000, 0.0000000000000000000, 1.000000000000000000 ) ) ;
#1385 = DIRECTION ( 'NONE',  ( -1.000000000000000000, 0.0000000000000000000, 0.0000000000000000000 ) ) ;
#1386 = DIRECTION ( 'NONE',  ( -1.000000000000000000, 0.0000000000000000000, 0.0000000000000000000 ) ) ;
#1387 = CARTESIAN_POINT ( 'NONE',  ( -3.499999999999999600, 5.835052170629866800, 1.500930100313691900 ) ) ;
#1388 = DIRECTION ( 'NONE',  ( 0.0000000000000000000, 0.0000000000000000000, 1.000000000000000000 ) ) ;
#1389 = DIRECTION ( 'NONE',  ( 1.000000000000000000, -0.0000000000000000000, -0.0000000000000000000 ) ) ;
#1390 = DIRECTION ( 'NONE',  ( 1.000000000000000000, -0.0000000000000000000, -0.0000000000000000000 ) ) ;
#1391 = CARTESIAN_POINT ( 'NONE',  ( 3.499999999999999600, 0.1648773903372819400, 6.022743597909141900 ) ) ;
#1392 = CARTESIAN_POINT ( 'NONE',  ( 3.499999999999999600, -5.334309545121179500, 0.3378855972500949800 ) ) ;
#1393 = CARTESIAN_POINT ( 'NONE',  ( -3.499999999999999600, 4.605971184245744300, 3.884025547019205800 ) ) ;
#1394 = CARTESIAN_POINT ( 'NONE',  ( 3.499999999999999600, -2.761719907722009800, -5.354766862459273500 ) ) ;
#1395 = CARTESIAN_POINT ( 'NONE',  ( -3.499999999999999600, 4.811569927110524800, 3.626212877993459500 ) ) ;
#1396 = CARTESIAN_POINT ( 'NONE',  ( -3.499999999999999600, 0.1648773903372819400, 6.022743597909141900 ) ) ;
#1397 = DIRECTION ( 'NONE',  ( 0.0000000000000000000, 0.0000000000000000000, 1.000000000000000000 ) ) ;
#1398 = CARTESIAN_POINT ( 'NONE',  ( 3.499999999999999600, -5.835052170629878400, 1.500930100313651900 ) ) ;
#1399 = DIRECTION ( 'NONE',  ( -1.000000000000000000, 0.0000000000000000000, 0.0000000000000000000 ) ) ;
#1400 = DIRECTION ( 'NONE',  ( -1.000000000000000000, 0.0000000000000000000, 0.0000000000000000000 ) ) ;
#1401 = DIRECTION ( 'NONE',  ( 0.0000000000000000000, 0.0000000000000000000, 1.000000000000000000 ) ) ;
#1402 = CARTESIAN_POINT ( 'NONE',  ( -3.499999999999999600, 2.464621116292234200, 5.497842099690242200 ) ) ;
#1403 = DIRECTION ( 'NONE',  ( 1.000000000000000000, -0.0000000000000000000, -0.0000000000000000000 ) ) ;
#1404 = DIRECTION ( 'NONE',  ( -1.000000000000000000, 0.0000000000000000000, 0.0000000000000000000 ) ) ;
#1405 = DIRECTION ( 'NONE',  ( 0.0000000000000000000, 0.0000000000000000000, -1.000000000000000000 ) ) ;
#1406 = DIRECTION ( 'NONE',  ( 0.0000000000000000000, 5.782411586589358000E-015, -1.000000000000000000 ) ) ;
#1407 = DIRECTION ( 'NONE',  ( -1.000000000000000000, 0.0000000000000000000, 0.0000000000000000000 ) ) ;
#1408 = DIRECTION ( 'NONE',  ( 1.000000000000000000, -0.0000000000000000000, -0.0000000000000000000 ) ) ;
#1409 = CARTESIAN_POINT ( 'NONE',  ( -3.499999999999999600, 3.590057198743440600, -3.959862915525028000 ) ) ;
#1410 = DIRECTION ( 'NONE',  ( 1.000000000000000000, -0.0000000000000000000, -0.0000000000000000000 ) ) ;
#1411 = DIRECTION ( 'NONE',  ( -1.000000000000000000, 0.0000000000000000000, 0.0000000000000000000 ) ) ;
#1412 = DIRECTION ( 'NONE',  ( -1.000000000000000000, 0.0000000000000000000, 0.0000000000000000000 ) ) ;
#1413 = CARTESIAN_POINT ( 'NONE',  ( 3.499999999999999600, 2.761719907722045800, 5.354766862459253900 ) ) ;
#1414 = CARTESIAN_POINT ( 'NONE',  ( 3.499999999999999600, 0.8575814421091587600, -5.275753886427034800 ) ) ;
#1415 = DIRECTION ( 'NONE',  ( 0.0000000000000000000, 8.673617379884037000E-015, -1.000000000000000000 ) ) ;
#1416 = DIRECTION ( 'NONE',  ( 0.0000000000000000000, 0.0000000000000000000, 1.000000000000000000 ) ) ;
#1417 = DIRECTION ( 'NONE',  ( 0.0000000000000000000, 0.0000000000000000000, 1.000000000000000000 ) ) ;
#1418 = DIRECTION ( 'NONE',  ( -1.000000000000000000, 0.0000000000000000000, 0.0000000000000000000 ) ) ;
#1419 = DIRECTION ( 'NONE',  ( 0.0000000000000000000, 0.0000000000000000000, -1.000000000000000000 ) ) ;
#1420 = DIRECTION ( 'NONE',  ( -1.000000000000000000, 0.0000000000000000000, 0.0000000000000000000 ) ) ;
#1421 = CARTESIAN_POINT ( 'NONE',  ( -3.499999999999999600, -5.835052170629878400, 1.500930100313651900 ) ) ;
#1422 = CARTESIAN_POINT ( 'NONE',  ( 3.499999999999999600, -4.605971184245770000, 3.884025547019176000 ) ) ;
#1423 = DIRECTION ( 'NONE',  ( -1.000000000000000000, 0.0000000000000000000, 0.0000000000000000000 ) ) ;
#1424 = DIRECTION ( 'NONE',  ( 0.0000000000000000000, 0.0000000000000000000, -1.000000000000000000 ) ) ;
#1425 = CARTESIAN_POINT ( 'NONE',  ( 3.499999999999999600, -4.659443765580037100, -2.618894575082645100 ) ) ;
#1426 = DIRECTION ( 'NONE',  ( -1.000000000000000000, 0.0000000000000000000, 0.0000000000000000000 ) ) ;
#1427 = CARTESIAN_POINT ( 'NONE',  ( 3.499999999999999600, 4.952649898237766900, -2.010045767012638600 ) ) ;
#1428 = DIRECTION ( 'NONE',  ( 0.0000000000000000000, 0.0000000000000000000, 1.000000000000000000 ) ) ;
#1429 = DIRECTION ( 'NONE',  ( -1.000000000000000000, 0.0000000000000000000, 0.0000000000000000000 ) ) ;
#1430 = DIRECTION ( 'NONE',  ( 0.0000000000000000000, 0.0000000000000000000, 1.000000000000000000 ) ) ;
#1431 = CARTESIAN_POINT ( 'NONE',  ( 3.499999999999999600, -0.1648773903373237900, 6.022743597909141900 ) ) ;
#1432 = CARTESIAN_POINT ( 'NONE',  ( -3.499999999999999600, -4.811569927110499900, -3.626212877993494100 ) ) ;
#1433 = DIRECTION ( 'NONE',  ( 1.000000000000000000, -0.0000000000000000000, -0.0000000000000000000 ) ) ;
#1434 = DIRECTION ( 'NONE',  ( -1.000000000000000000, 0.0000000000000000000, 0.0000000000000000000 ) ) ;
#1435 = DIRECTION ( 'NONE',  ( 0.0000000000000000000, 0.0000000000000000000, -1.000000000000000000 ) ) ;
#1436 = CARTESIAN_POINT ( 'NONE',  ( -3.499999999999999600, -2.761719907722009800, -5.354766862459273500 ) ) ;
#1437 = CARTESIAN_POINT ( 'NONE',  ( 3.499999999999999600, -3.590057198743358500, -3.959862915525102600 ) ) ;
#1438 = DIRECTION ( 'NONE',  ( -1.000000000000000000, 0.0000000000000000000, 0.0000000000000000000 ) ) ;
#1439 = DIRECTION ( 'NONE',  ( -1.000000000000000000, 0.0000000000000000000, 0.0000000000000000000 ) ) ;
#1440 = DIRECTION ( 'NONE',  ( 0.0000000000000000000, 7.228014483236697500E-016, -1.000000000000000000 ) ) ;
#1441 = DIRECTION ( 'NONE',  ( -1.000000000000000000, 0.0000000000000000000, 0.0000000000000000000 ) ) ;
#1442 = DIRECTION ( 'NONE',  ( 0.0000000000000000000, 2.891205793294679000E-015, -1.000000000000000000 ) ) ;
#1443 = DIRECTION ( 'NONE',  ( 1.000000000000000000, -0.0000000000000000000, -0.0000000000000000000 ) ) ;
#1444 = CARTESIAN_POINT ( 'NONE',  ( -3.499999999999999600, -5.835052170629857900, -1.500930100313733600 ) ) ;
#1445 = DIRECTION ( 'NONE',  ( 1.000000000000000000, -0.0000000000000000000, -0.0000000000000000000 ) ) ;
#1446 = DIRECTION ( 'NONE',  ( 0.0000000000000000000, 0.0000000000000000000, 1.000000000000000000 ) ) ;
#1447 = DIRECTION ( 'NONE',  ( 0.0000000000000000000, 0.0000000000000000000, -1.000000000000000000 ) ) ;
#1448 = CARTESIAN_POINT ( 'NONE',  ( -3.499999999999999600, 4.952649898237766900, -2.010045767012638600 ) ) ;
#1449 = CARTESIAN_POINT ( 'NONE',  ( 3.499999999999999600, -1.516409641875741600, -5.125380649086100200 ) ) ;
#1450 = DIRECTION ( 'NONE',  ( -1.000000000000000000, 0.0000000000000000000, 0.0000000000000000000 ) ) ;
#1451 = DIRECTION ( 'NONE',  ( -1.000000000000000000, 0.0000000000000000000, 0.0000000000000000000 ) ) ;
#1452 = DIRECTION ( 'NONE',  ( -1.000000000000000000, 0.0000000000000000000, 0.0000000000000000000 ) ) ;
#1453 = CARTESIAN_POINT ( 'NONE',  ( -5.500000000000001800, 5.006026504210738400, -3.424751617145337600 ) ) ;
#1454 = CARTESIAN_POINT ( 'NONE',  ( -5.500000000000001800, 4.518222168733887000, -2.669456028623837800 ) ) ;
#1455 = DIRECTION ( 'NONE',  ( 0.0000000000000000000, 0.0000000000000000000, 1.000000000000000000 ) ) ;
#1456 = DIRECTION ( 'NONE',  ( 1.000000000000000000, -0.0000000000000000000, -0.0000000000000000000 ) ) ;
#1457 = CARTESIAN_POINT ( 'NONE',  ( -5.500000000000001800, -2.224940250717810700, -5.642593896492619400 ) ) ;
#1458 = CARTESIAN_POINT ( 'NONE',  ( -3.499999999999999600, 6.377639860542247500, -2.003730223663517900 ) ) ;
#1459 = CARTESIAN_POINT ( 'NONE',  ( -5.500000000000001800, 1.597128175838753000, -4.998950754382013500 ) ) ;
#1460 = CARTESIAN_POINT ( 'NONE',  ( -3.499999999999999600, -4.659443765580072700, 2.618894575082580300 ) ) ;
#1461 = CARTESIAN_POINT ( 'NONE',  ( -5.500000000000001800, 4.904130208979875500, -1.868109725943722700 ) ) ;
#1462 = DIRECTION ( 'NONE',  ( -1.000000000000000000, 0.0000000000000000000, 0.0000000000000000000 ) ) ;
#1463 = DIRECTION ( 'NONE',  ( 0.0000000000000000000, 0.0000000000000000000, 1.000000000000000000 ) ) ;
#1464 = DIRECTION ( 'NONE',  ( 1.000000000000000000, -0.0000000000000000000, -0.0000000000000000000 ) ) ;
#1465 = DIRECTION ( 'NONE',  ( -1.000000000000000000, 0.0000000000000000000, 0.0000000000000000000 ) ) ;
#1466 = CARTESIAN_POINT ( 'NONE',  ( -3.499999999999999600, 0.0000000000000000000, 0.0000000000000000000 ) ) ;
#1467 = CARTESIAN_POINT ( 'NONE',  ( -5.500000000000001800, 0.4436278392923841400, -6.049166830250654500 ) ) ;
#1468 = DIRECTION ( 'NONE',  ( 1.000000000000000000, -0.0000000000000000000, -0.0000000000000000000 ) ) ;
#1469 = CARTESIAN_POINT ( 'NONE',  ( -5.500000000000001800, -0.7300006804953151900, -5.196866946658426300 ) ) ;
#1470 = DIRECTION ( 'NONE',  ( 0.0000000000000000000, 0.0000000000000000000, 1.000000000000000000 ) ) ;
#1471 = DIRECTION ( 'NONE',  ( 0.0000000000000000000, 0.0000000000000000000, 1.000000000000000000 ) ) ;
#1472 = DIRECTION ( 'NONE',  ( -1.000000000000000000, 0.0000000000000000000, 0.0000000000000000000 ) ) ;
#1473 = DIRECTION ( 'NONE',  ( -1.000000000000000000, 0.0000000000000000000, 0.0000000000000000000 ) ) ;
#1474 = CARTESIAN_POINT ( 'NONE',  ( -3.499999999999999600, -0.5343341453270352700, -6.663611034652128700 ) ) ;
#1475 = DIRECTION ( 'NONE',  ( -1.000000000000000000, 0.0000000000000000000, 0.0000000000000000000 ) ) ;
#1476 = DIRECTION ( 'NONE',  ( -1.000000000000000000, 0.0000000000000000000, 0.0000000000000000000 ) ) ;
#1477 = DIRECTION ( 'NONE',  ( 0.0000000000000000000, -1.156482317317871600E-014, 1.000000000000000000 ) ) ;
#1478 = DIRECTION ( 'NONE',  ( 0.0000000000000000000, 0.0000000000000000000, 1.000000000000000000 ) ) ;
#1479 = CARTESIAN_POINT ( 'NONE',  ( -5.500000000000001800, -1.597128175838648900, -4.998950754382042800 ) ) ;
#1480 = CARTESIAN_POINT ( 'NONE',  ( -5.500000000000001800, 0.8335146102445425400, -5.127697182411308700 ) ) ;
#1481 = DIRECTION ( 'NONE',  ( -1.000000000000000000, 0.0000000000000000000, 0.0000000000000000000 ) ) ;
#1482 = DIRECTION ( 'NONE',  ( -1.000000000000000000, 0.0000000000000000000, 0.0000000000000000000 ) ) ;
#1483 = DIRECTION ( 'NONE',  ( -1.000000000000000000, 0.0000000000000000000, 0.0000000000000000000 ) ) ;
#1484 = CARTESIAN_POINT ( 'NONE',  ( -3.499999999999999600, -2.761719907722082600, 5.354766862459236200 ) ) ;
#1485 = DIRECTION ( 'NONE',  ( 1.000000000000000000, -0.0000000000000000000, -0.0000000000000000000 ) ) ;
#1486 = DIRECTION ( 'NONE',  ( 0.0000000000000000000, 5.782411586589358000E-015, -1.000000000000000000 ) ) ;
#1487 = DIRECTION ( 'NONE',  ( 1.000000000000000000, -0.0000000000000000000, -0.0000000000000000000 ) ) ;
#1488 = CARTESIAN_POINT ( 'NONE',  ( 3.499999999999999600, -3.061718003938080500, -4.381199363685860600 ) ) ;
#1489 = CARTESIAN_POINT ( 'NONE',  ( -3.499999999999999600, -4.876669003416004100, -4.572452780633337700 ) ) ;
#1490 = CARTESIAN_POINT ( 'NONE',  ( -5.500000000000001800, -0.8335146102444405100, -5.127697182411325500 ) ) ;
#1491 = CARTESIAN_POINT ( 'NONE',  ( -5.500000000000001800, 3.024329994992327000, -5.257628085114968800 ) ) ;
#1492 = DIRECTION ( 'NONE',  ( -1.000000000000000000, 0.0000000000000000000, 0.0000000000000000000 ) ) ;
#1493 = DIRECTION ( 'NONE',  ( -1.000000000000000000, -0.0000000000000000000, -0.0000000000000000000 ) ) ;
#1494 =( NAMED_UNIT ( * ) PLANE_ANGLE_UNIT ( ) SI_UNIT ( $, .RADIAN. ) );
#1495 = DIRECTION ( 'NONE',  ( 0.0000000000000000000, -0.9749279121818257300, 0.2225209339563050700 ) ) ;
#1496 = DIRECTION ( 'NONE',  ( -2.168404344971008900E-016, 1.000000000000000000, -0.0000000000000000000 ) ) ;
#1497 = DIRECTION ( 'NONE',  ( -1.000000000000000000, 0.0000000000000000000, 0.0000000000000000000 ) ) ;
#1498 = DIRECTION ( 'NONE',  ( 1.000000000000000000, -0.0000000000000000000, -0.0000000000000000000 ) ) ;
#1499 = DIRECTION ( 'NONE',  ( 0.0000000000000000000, 0.0000000000000000000, 1.000000000000000000 ) ) ;
#1500 = CARTESIAN_POINT ( 'NONE',  ( 5.500000000000000000, -1.224646799147353100E-015, 0.0000000000000000000 ) ) ;
#1501 = CARTESIAN_POINT ( 'NONE',  ( 5.500000000000000000, -1.224646799147353100E-015, 0.0000000000000000000 ) ) ;
#1502 = SURFACE_SIDE_STYLE ('',( #1248 ) ) ;
#1503 = DIRECTION ( 'NONE',  ( 1.000000000000000000, -0.0000000000000000000, -0.0000000000000000000 ) ) ;
#1504 = CARTESIAN_POINT ( 'NONE',  ( -5.500000000000001800, 5.542972784208737700, 3.736934266684555100 ) ) ;
#1505 = DIRECTION ( 'NONE',  ( -1.000000000000000000, 0.0000000000000000000, 0.0000000000000000000 ) ) ;
#1506 = CARTESIAN_POINT ( 'NONE',  ( -3.499999999999999600, -2.409814041742861500, -6.235544986945321000 ) ) ;
#1507 = DIRECTION ( 'NONE',  ( 0.0000000000000000000, 0.0000000000000000000, -1.000000000000000000 ) ) ;
#1508 = DIRECTION ( 'NONE',  ( 0.0000000000000000000, 0.0000000000000000000, 1.000000000000000000 ) ) ;
#1509 = CARTESIAN_POINT ( 'NONE',  ( 3.499999999999999600, 6.377639860542247500, -2.003730223663517900 ) ) ;
#1510 =( NAMED_UNIT ( * ) SI_UNIT ( $, .STERADIAN. ) SOLID_ANGLE_UNIT ( ) );
#1511 = DIRECTION ( 'NONE',  ( 1.000000000000000000, -0.0000000000000000000, -0.0000000000000000000 ) ) ;
#1512 = CARTESIAN_POINT ( 'NONE',  ( 5.500000000000000000, -1.224646799147353100E-015, 0.0000000000000000000 ) ) ;
#1513 = DIRECTION ( 'NONE',  ( 0.0000000000000000000, 0.0000000000000000000, -1.000000000000000000 ) ) ;
#1514 = DIRECTION ( 'NONE',  ( -1.000000000000000000, 0.0000000000000000000, 0.0000000000000000000 ) ) ;
#1515 = CARTESIAN_POINT ( 'NONE',  ( 5.500000000000000000, -1.224646799147353100E-015, 0.0000000000000000000 ) ) ;
#1516 = DIRECTION ( 'NONE',  ( 1.000000000000000000, -0.0000000000000000000, -0.0000000000000000000 ) ) ;
#1517 = DIRECTION ( 'NONE',  ( 0.0000000000000000000, 0.0000000000000000000, -1.000000000000000000 ) ) ;
#1518 = CARTESIAN_POINT ( 'NONE',  ( 5.500000000000000000, -1.224646799147353100E-015, 0.0000000000000000000 ) ) ;
#1519 = CARTESIAN_POINT ( 'NONE',  ( -3.499999999999999600, -1.836669135085559900E-015, 0.0000000000000000000 ) ) ;
#1520 = DIRECTION ( 'NONE',  ( 1.000000000000000000, -0.0000000000000000000, -0.0000000000000000000 ) ) ;
#1521 = CARTESIAN_POINT ( 'NONE',  ( 13.50000000000000400, 0.0000000000000000000, 0.0000000000000000000 ) ) ;
#1522 = DIRECTION ( 'NONE',  ( 1.000000000000000000, -0.0000000000000000000, -0.0000000000000000000 ) ) ;
#1523 = DIRECTION ( 'NONE',  ( 0.0000000000000000000, 0.0000000000000000000, -1.000000000000000000 ) ) ;
#1524 = DIRECTION ( 'NONE',  ( 0.0000000000000000000, 0.0000000000000000000, -1.000000000000000000 ) ) ;
#1525 = DIRECTION ( 'NONE',  ( 0.0000000000000000000, 0.0000000000000000000, -1.000000000000000000 ) ) ;
#1526 = DIRECTION ( 'NONE',  ( -1.000000000000000000, -1.049267165504202200E-016, 0.0000000000000000000 ) ) ;
#1527 = FILL_AREA_STYLE ('',( #1535 ) ) ;
#1528 = CARTESIAN_POINT ( 'NONE',  ( 8.500000000000000000, 8.000000000000000000, 0.0000000000000000000 ) ) ;
#1529 = DIRECTION ( 'NONE',  ( 1.000000000000000000, -0.0000000000000000000, -0.0000000000000000000 ) ) ;
#1530 = DIRECTION ( 'NONE',  ( 1.000000000000000000, -0.0000000000000000000, -0.0000000000000000000 ) ) ;
#1531 =( LENGTH_UNIT ( ) NAMED_UNIT ( * ) SI_UNIT ( .MILLI., .METRE. ) );
#1532 = DIRECTION ( 'NONE',  ( 0.0000000000000000000, -0.4338837391175462400, -0.9009688679024249200 ) ) ;
#1533 = DIRECTION ( 'NONE',  ( 1.000000000000000000, 0.0000000000000000000, 0.0000000000000000000 ) ) ;
#1534 = SURFACE_STYLE_USAGE ( .BOTH. , #1502 ) ;
#1535 = FILL_AREA_STYLE_COLOUR ( '', #1179 ) ;
#1536 = CARTESIAN_POINT ( 'NONE',  ( 5.500000000000000000, -1.224646799147353100E-015, 0.0000000000000000000 ) ) ;
#1537 = DIRECTION ( 'NONE',  ( 0.0000000000000000000, 0.0000000000000000000, -1.000000000000000000 ) ) ;
#1538 = DIRECTION ( 'NONE',  ( 0.0000000000000000000, 0.0000000000000000000, -1.000000000000000000 ) ) ;
#1539 = CARTESIAN_POINT ( 'NONE',  ( 3.499999999999999600, 0.0000000000000000000, 0.0000000000000000000 ) ) ;
#1540 = CARTESIAN_POINT ( 'NONE',  ( 5.500000000000000000, -1.224646799147353100E-015, 0.0000000000000000000 ) ) ;
#1541 = CARTESIAN_POINT ( 'NONE',  ( 5.500000000000000000, -1.224646799147353100E-015, 0.0000000000000000000 ) ) ;
#1542 = DIRECTION ( 'NONE',  ( 0.0000000000000000000, 0.0000000000000000000, -1.000000000000000000 ) ) ;
#1543 = DIRECTION ( 'NONE',  ( 0.0000000000000000000, 0.0000000000000000000, -1.000000000000000000 ) ) ;
#1544 = CARTESIAN_POINT ( 'NONE',  ( 13.50000000000000200, -5.291495372841577500E-017, 0.0000000000000000000 ) ) ;
#1545 = DIRECTION ( 'NONE',  ( -1.000000000000000000, 0.0000000000000000000, 0.0000000000000000000 ) ) ;
#1546 = CARTESIAN_POINT ( 'NONE',  ( 5.500000000000000000, -4.605971184245770000, 3.884025547019176000 ) ) ;
#1547 = DIRECTION ( 'NONE',  ( 1.000000000000000000, -0.0000000000000000000, -0.0000000000000000000 ) ) ;
#1548 = DIRECTION ( 'NONE',  ( 1.000000000000000000, -0.0000000000000000000, -0.0000000000000000000 ) ) ;
#1549 = CARTESIAN_POINT ( 'NONE',  ( 8.500000000000000000, -3.999999999999998200, -6.928203230275509700 ) ) ;
#1550 = DIRECTION ( 'NONE',  ( 1.000000000000000000, -0.0000000000000000000, -0.0000000000000000000 ) ) ;
#1551 = DIRECTION ( 'NONE',  ( 1.000000000000000000, -0.0000000000000000000, -0.0000000000000000000 ) ) ;
#1552 = CARTESIAN_POINT ( 'NONE',  ( 5.500000000000000000, -1.224646799147353100E-015, 0.0000000000000000000 ) ) ;
#1553 = DIRECTION ( 'NONE',  ( 0.0000000000000000000, 0.0000000000000000000, 1.000000000000000000 ) ) ;
#1554 = DIRECTION ( 'NONE',  ( 1.000000000000000000, -0.0000000000000000000, -0.0000000000000000000 ) ) ;
#1555 = DIRECTION ( 'NONE',  ( 0.0000000000000000000, 0.0000000000000000000, -1.000000000000000000 ) ) ;
#1556 = CARTESIAN_POINT ( 'NONE',  ( 5.500000000000000000, -1.224646799147353100E-015, 0.0000000000000000000 ) ) ;
#1557 = DIRECTION ( 'NONE',  ( 1.000000000000000000, -0.0000000000000000000, -0.0000000000000000000 ) ) ;
#1558 = DIRECTION ( 'NONE',  ( 0.0000000000000000000, 0.0000000000000000000, 1.000000000000000000 ) ) ;
#1559 = DIRECTION ( 'NONE',  ( 0.0000000000000000000, 0.0000000000000000000, -1.000000000000000000 ) ) ;
#1560 = DIRECTION ( 'NONE',  ( 1.000000000000000000, -0.0000000000000000000, -0.0000000000000000000 ) ) ;
#1561 = CARTESIAN_POINT ( 'NONE',  ( 5.500000000000000000, -1.224646799147353100E-015, 0.0000000000000000000 ) ) ;
#1562 = DIRECTION ( 'NONE',  ( 1.000000000000000000, -0.0000000000000000000, -0.0000000000000000000 ) ) ;
#1563 = CARTESIAN_POINT ( 'NONE',  ( 5.500000000000000000, -1.224646799147353100E-015, 0.0000000000000000000 ) ) ;
#1564 = CARTESIAN_POINT ( 'NONE',  ( -5.500000000000001800, 2.464621116292234200, 5.497842099690242200 ) ) ;
#1565 = DIRECTION ( 'NONE',  ( 1.000000000000000000, 1.049267165504202200E-016, -0.0000000000000000000 ) ) ;
#1566 = CARTESIAN_POINT ( 'NONE',  ( 5.500000000000000000, -1.224646799147353100E-015, 0.0000000000000000000 ) ) ;
#1567 = DIRECTION ( 'NONE',  ( 0.0000000000000000000, 0.0000000000000000000, -1.000000000000000000 ) ) ;
#1568 = DIRECTION ( 'NONE',  ( 0.0000000000000000000, 0.0000000000000000000, -1.000000000000000000 ) ) ;
#1569 = DIRECTION ( 'NONE',  ( -2.168404344971008900E-016, -0.4999999999999998300, -0.8660254037844387100 ) ) ;
#1570 = CARTESIAN_POINT ( 'NONE',  ( -5.500000000000001800, 4.605971184245744300, 3.884025547019205800 ) ) ;
#1571 = DIRECTION ( 'NONE',  ( 0.0000000000000000000, 0.0000000000000000000, -1.000000000000000000 ) ) ;
#1572 = DIRECTION ( 'NONE',  ( 0.0000000000000000000, 0.8660254037844388200, -0.4999999999999997200 ) ) ;
#1573 = CARTESIAN_POINT ( 'NONE',  ( 5.500000000000000900, 0.0000000000000000000, 0.0000000000000000000 ) ) ;
#1574 = DIRECTION ( 'NONE',  ( 0.0000000000000000000, 0.0000000000000000000, -1.000000000000000000 ) ) ;
#1575 = DIRECTION ( 'NONE',  ( -1.000000000000000000, 0.0000000000000000000, 0.0000000000000000000 ) ) ;
#1576 = DIRECTION ( 'NONE',  ( 1.000000000000000000, -0.0000000000000000000, -0.0000000000000000000 ) ) ;
#1577 = CARTESIAN_POINT ( 'NONE',  ( 5.500000000000000000, -1.224646799147353100E-015, 0.0000000000000000000 ) ) ;
#1578 = DIRECTION ( 'NONE',  ( 0.0000000000000000000, 0.0000000000000000000, -1.000000000000000000 ) ) ;
#1579 = DIRECTION ( 'NONE',  ( 0.0000000000000000000, 0.0000000000000000000, -1.000000000000000000 ) ) ;
#1580 = DIRECTION ( 'NONE',  ( 0.0000000000000000000, 0.0000000000000000000, 1.000000000000000000 ) ) ;
#1581 = DIRECTION ( 'NONE',  ( 1.297474551964702200E-016, -1.000000000000000000, 0.0000000000000000000 ) ) ;
#1582 = DIRECTION ( 'NONE',  ( -1.000000000000000000, -0.0000000000000000000, -0.0000000000000000000 ) ) ;
#1583 = DIRECTION ( 'NONE',  ( -1.000000000000000000, 0.0000000000000000000, 0.0000000000000000000 ) ) ;
#1584 = DIRECTION ( 'NONE',  ( 0.0000000000000000000, 0.0000000000000000000, 1.000000000000000000 ) ) ;
#1585 = CARTESIAN_POINT ( 'NONE',  ( 5.500000000000000000, -1.224646799147353100E-015, 0.0000000000000000000 ) ) ;
#1586 = DIRECTION ( 'NONE',  ( 1.000000000000000000, -0.0000000000000000000, -0.0000000000000000000 ) ) ;
#1587 = CARTESIAN_POINT ( 'NONE',  ( 5.500000000000000000, -1.224646799147353100E-015, 0.0000000000000000000 ) ) ;
#1588 = CARTESIAN_POINT ( 'NONE',  ( -5.500000000000001800, -1.516409641875816000, 5.125380649086079800 ) ) ;
#1589 = CARTESIAN_POINT ( 'NONE',  ( -5.500000000000001800, 6.377639860542220000, 2.003730223663606300 ) ) ;
#1590 = CARTESIAN_POINT ( 'NONE',  ( -5.500000000000001800, 0.0000000000000000000, 0.0000000000000000000 ) ) ;
#1591 = DIRECTION ( 'NONE',  ( 1.000000000000000000, -0.0000000000000000000, -0.0000000000000000000 ) ) ;
#1592 = CARTESIAN_POINT ( 'NONE',  ( -5.500000000000001800, 0.0000000000000000000, 0.0000000000000000000 ) ) ;
#1593 = DIRECTION ( 'NONE',  ( 0.0000000000000000000, 0.0000000000000000000, -1.000000000000000000 ) ) ;
#1594 = CARTESIAN_POINT ( 'NONE',  ( -5.500000000000001800, -6.377639860542205800, -2.003730223663650300 ) ) ;
#1595 = DIRECTION ( 'NONE',  ( 0.0000000000000000000, 1.000000000000000000, 0.0000000000000000000 ) ) ;
#1596 = DIRECTION ( 'NONE',  ( 0.0000000000000000000, 0.0000000000000000000, -1.000000000000000000 ) ) ;
#1597 = DIRECTION ( 'NONE',  ( 1.000000000000000000, -0.0000000000000000000, -0.0000000000000000000 ) ) ;
#1598 = DIRECTION ( 'NONE',  ( 1.000000000000000000, -0.0000000000000000000, -0.0000000000000000000 ) ) ;
#1599 = DIRECTION ( 'NONE',  ( 0.0000000000000000000, 0.0000000000000000000, -1.000000000000000000 ) ) ;
#1600 = DIRECTION ( 'NONE',  ( 0.0000000000000000000, 0.0000000000000000000, -1.000000000000000000 ) ) ;
#1601 = DIRECTION ( 'NONE',  ( 0.0000000000000000000, 0.0000000000000000000, -1.000000000000000000 ) ) ;
#1602 = CARTESIAN_POINT ( 'NONE',  ( -5.500000000000001800, 3.590057198743385100, 3.959862915525079100 ) ) ;
#1603 = CARTESIAN_POINT ( 'NONE',  ( -5.500000000000001800, 0.0000000000000000000, 0.0000000000000000000 ) ) ;
#1604 = CARTESIAN_POINT ( 'NONE',  ( -5.500000000000001800, -0.8575814421091247900, 5.275753886427039200 ) ) ;
#1605 = CARTESIAN_POINT ( 'NONE',  ( -5.500000000000001800, -5.542972784208763500, 3.736934266684516400 ) ) ;
#1606 = CARTESIAN_POINT ( 'NONE',  ( -5.500000000000001800, 3.372650901736916800, -5.771867193119844900 ) ) ;
#1607 = DIRECTION ( 'NONE',  ( 0.0000000000000000000, 0.0000000000000000000, -1.000000000000000000 ) ) ;
#1608 = CARTESIAN_POINT ( 'NONE',  ( -5.500000000000001800, 1.516409641875775500, 5.125380649086091400 ) ) ;
#1609 = DIRECTION ( 'NONE',  ( 1.000000000000000000, -0.0000000000000000000, -0.0000000000000000000 ) ) ;
#1610 = DIRECTION ( 'NONE',  ( 1.000000000000000000, -0.0000000000000000000, -0.0000000000000000000 ) ) ;
#1611 = DIRECTION ( 'NONE',  ( 1.000000000000000000, -0.0000000000000000000, -0.0000000000000000000 ) ) ;
#1612 = DIRECTION ( 'NONE',  ( 1.000000000000000000, -0.0000000000000000000, -0.0000000000000000000 ) ) ;
#1613 = DIRECTION ( 'NONE',  ( 0.0000000000000000000, 0.0000000000000000000, -1.000000000000000000 ) ) ;
#1614 = CARTESIAN_POINT ( 'NONE',  ( -5.500000000000001800, 0.0000000000000000000, 0.0000000000000000000 ) ) ;
#1615 = DIRECTION ( 'NONE',  ( 0.0000000000000000000, 0.0000000000000000000, -1.000000000000000000 ) ) ;
#1616 = DIRECTION ( 'NONE',  ( 0.0000000000000000000, 0.0000000000000000000, -1.000000000000000000 ) ) ;
#1617 = VERTEX_POINT ( 'NONE', #3176 ) ;
#1618 = VERTEX_POINT ( 'NONE', #3130 ) ;
#1619 = CARTESIAN_POINT ( 'NONE',  ( -5.500000000000001800, 0.8575814421090881500, 5.275753886427045500 ) ) ;
#1620 = VERTEX_POINT ( 'NONE', #3129 ) ;
#1621 = CARTESIAN_POINT ( 'NONE',  ( -5.500000000000001800, -0.5343341453270352700, -6.663611034652128700 ) ) ;
#1622 = CARTESIAN_POINT ( 'NONE',  ( -5.500000000000001800, 6.377639860542247500, -2.003730223663517900 ) ) ;
#1623 = DIRECTION ( 'NONE',  ( 1.000000000000000000, -0.0000000000000000000, -0.0000000000000000000 ) ) ;
#1624 = VERTEX_POINT ( 'NONE', #3146 ) ;
#1625 = DIRECTION ( 'NONE',  ( 1.000000000000000000, -0.0000000000000000000, -0.0000000000000000000 ) ) ;
#1626 = VERTEX_POINT ( 'NONE', #3122 ) ;
#1627 = VERTEX_POINT ( 'NONE', #3134 ) ;
#1628 = DIRECTION ( 'NONE',  ( 0.0000000000000000000, 0.0000000000000000000, -1.000000000000000000 ) ) ;
#1629 = VERTEX_POINT ( 'NONE', #3169 ) ;
#1630 = DIRECTION ( 'NONE',  ( 1.000000000000000000, -0.0000000000000000000, -0.0000000000000000000 ) ) ;
#1631 = VERTEX_POINT ( 'NONE', #3157 ) ;
#1632 = DIRECTION ( 'NONE',  ( 0.0000000000000000000, 0.0000000000000000000, -1.000000000000000000 ) ) ;
#1634 = VERTEX_POINT ( 'NONE', #3133 ) ;
#1633 = DIRECTION ( 'NONE',  ( 1.000000000000000000, -0.0000000000000000000, -0.0000000000000000000 ) ) ;
#1635 = DIRECTION ( 'NONE',  ( 1.000000000000000000, -0.0000000000000000000, -0.0000000000000000000 ) ) ;
#1636 = CIRCLE ( 'NONE', #4549, 1.975000000000000100 ) ;
#1637 = DIRECTION ( 'NONE',  ( 1.000000000000000000, -0.0000000000000000000, -0.0000000000000000000 ) ) ;
#1638 = VERTEX_POINT ( 'NONE', #3137 ) ;
#1639 = VERTEX_POINT ( 'NONE', #3153 ) ;
#1640 = VERTEX_POINT ( 'NONE', #3158 ) ;
#1641 = VERTEX_POINT ( 'NONE', #3126 ) ;
#1642 = DIRECTION ( 'NONE',  ( 0.0000000000000000000, 0.0000000000000000000, -1.000000000000000000 ) ) ;
#1644 = VERTEX_POINT ( 'NONE', #3128 ) ;
#1643 = CARTESIAN_POINT ( 'NONE',  ( -5.500000000000001800, 4.659443765580054000, 2.618894575082612700 ) ) ;
#1645 = VERTEX_POINT ( 'NONE', #3142 ) ;
#1646 = DIRECTION ( 'NONE',  ( 1.000000000000000000, -0.0000000000000000000, -0.0000000000000000000 ) ) ;
#1647 = VERTEX_POINT ( 'NONE', #3143 ) ;
#1648 = DIRECTION ( 'NONE',  ( 1.000000000000000000, -0.0000000000000000000, -0.0000000000000000000 ) ) ;
#1649 = VERTEX_POINT ( 'NONE', #3160 ) ;
#1650 = DIRECTION ( 'NONE',  ( 0.0000000000000000000, 0.0000000000000000000, -1.000000000000000000 ) ) ;
#1651 = VERTEX_POINT ( 'NONE', #3144 ) ;
#1652 = DIRECTION ( 'NONE',  ( 0.0000000000000000000, 0.0000000000000000000, -1.000000000000000000 ) ) ;
#1653 = VERTEX_POINT ( 'NONE', #3151 ) ;
#1654 = DIRECTION ( 'NONE',  ( 0.0000000000000000000, 0.0000000000000000000, -1.000000000000000000 ) ) ;
#1655 = VERTEX_POINT ( 'NONE', #3152 ) ;
#1656 = VERTEX_POINT ( 'NONE', #3201 ) ;
#1657 = VERTEX_POINT ( 'NONE', #3197 ) ;
#1658 = CARTESIAN_POINT ( 'NONE',  ( -5.500000000000001800, -4.876669003416004100, -4.572452780633337700 ) ) ;
#1659 = VERTEX_POINT ( 'NONE', #3208 ) ;
#1660 = CARTESIAN_POINT ( 'NONE',  ( -5.500000000000001800, 5.542972784208788400, -3.736934266684477400 ) ) ;
#1661 = VERTEX_POINT ( 'NONE', #3225 ) ;
#1662 = CARTESIAN_POINT ( 'NONE',  ( -5.500000000000001800, 3.372650901736836500, 5.771867193119892800 ) ) ;
#1664 = CIRCLE ( 'NONE', #4525, 1.974999999999999900 ) ;
#1663 = DIRECTION ( 'NONE',  ( 1.000000000000000000, -0.0000000000000000000, -0.0000000000000000000 ) ) ;
#1665 = VERTEX_POINT ( 'NONE', #3202 ) ;
#1666 = VERTEX_POINT ( 'NONE', #3206 ) ;
#1667 = DIRECTION ( 'NONE',  ( 1.000000000000000000, -0.0000000000000000000, -0.0000000000000000000 ) ) ;
#1668 = VERTEX_POINT ( 'NONE', #3242 ) ;
#1669 = DIRECTION ( 'NONE',  ( 0.0000000000000000000, 0.0000000000000000000, -1.000000000000000000 ) ) ;
#1670 = VERTEX_POINT ( 'NONE', #3196 ) ;
#1671 = CARTESIAN_POINT ( 'NONE',  ( -5.500000000000001800, 4.876669003416100000, -4.572452780633237300 ) ) ;
#1672 = VERTEX_POINT ( 'NONE', #3191 ) ;
#1673 = DIRECTION ( 'NONE',  ( 0.0000000000000000000, 0.0000000000000000000, -1.000000000000000000 ) ) ;
#1674 = VERTEX_POINT ( 'NONE', #3205 ) ;
#1675 = CARTESIAN_POINT ( 'NONE',  ( -5.500000000000001800, 3.061718003938109800, 4.381199363685842000 ) ) ;
#1676 = VERTEX_POINT ( 'NONE', #3246 ) ;
#1677 = DIRECTION ( 'NONE',  ( 0.0000000000000000000, 0.0000000000000000000, -1.000000000000000000 ) ) ;
#1678 = DIRECTION ( 'NONE',  ( 0.0000000000000000000, 0.0000000000000000000, -1.000000000000000000 ) ) ;
#1679 = VERTEX_POINT ( 'NONE', #3203 ) ;
#1680 = DIRECTION ( 'NONE',  ( 0.0000000000000000000, 0.0000000000000000000, -1.000000000000000000 ) ) ;
#1681 = VERTEX_POINT ( 'NONE', #3226 ) ;
#1682 = DIRECTION ( 'NONE',  ( 1.000000000000000000, -0.0000000000000000000, -0.0000000000000000000 ) ) ;
#1683 = VERTEX_POINT ( 'NONE', #3185 ) ;
#1685 = VERTEX_POINT ( 'NONE', #3229 ) ;
#1684 = DIRECTION ( 'NONE',  ( 1.000000000000000000, -0.0000000000000000000, -0.0000000000000000000 ) ) ;
#1686 = CARTESIAN_POINT ( 'NONE',  ( -5.500000000000001800, 0.0000000000000000000, 0.0000000000000000000 ) ) ;
#1687 = VERTEX_POINT ( 'NONE', #3245 ) ;
#1688 = DIRECTION ( 'NONE',  ( 1.000000000000000000, -0.0000000000000000000, -0.0000000000000000000 ) ) ;
#1689 = VERTEX_POINT ( 'NONE', #3227 ) ;
#1690 = CARTESIAN_POINT ( 'NONE',  ( -5.500000000000001800, -3.061718003938138600, 4.381199363685819700 ) ) ;
#1691 = VERTEX_POINT ( 'NONE', #3187 ) ;
#1692 = VERTEX_POINT ( 'NONE', #3237 ) ;
#1693 = DIRECTION ( 'NONE',  ( 0.0000000000000000000, 0.0000000000000000000, -1.000000000000000000 ) ) ;
#1694 = VERTEX_POINT ( 'NONE', #3188 ) ;
#1695 = CARTESIAN_POINT ( 'NONE',  ( -5.500000000000001800, 0.5343341453271681600, -6.663611034652118000 ) ) ;
#1696 = VERTEX_POINT ( 'NONE', #3231 ) ;
#1697 = DIRECTION ( 'NONE',  ( 1.000000000000000000, -0.0000000000000000000, -0.0000000000000000000 ) ) ;
#1698 = VERTEX_POINT ( 'NONE', #3211 ) ;
#1699 = CARTESIAN_POINT ( 'NONE',  ( -5.500000000000001800, -1.516409641875816000, 5.125380649086079800 ) ) ;
#1700 = VERTEX_POINT ( 'NONE', #3247 ) ;
#1701 = DIRECTION ( 'NONE',  ( 0.0000000000000000000, 0.0000000000000000000, -1.000000000000000000 ) ) ;
#1702 = VERTEX_POINT ( 'NONE', #3244 ) ;
#1703 = CARTESIAN_POINT ( 'NONE',  ( -5.500000000000001800, 0.0000000000000000000, 0.0000000000000000000 ) ) ;
#1704 = VERTEX_POINT ( 'NONE', #3228 ) ;
#1705 = VERTEX_POINT ( 'NONE', #3198 ) ;
#1706 = CARTESIAN_POINT ( 'NONE',  ( -5.500000000000001800, -0.5343341453271245300, 6.663611034652121600 ) ) ;
#1707 = DIRECTION ( 'NONE',  ( 1.000000000000000000, -0.0000000000000000000, -0.0000000000000000000 ) ) ;
#1708 = DIRECTION ( 'NONE',  ( 1.000000000000000000, -0.0000000000000000000, -0.0000000000000000000 ) ) ;
#1709 = DIRECTION ( 'NONE',  ( 1.000000000000000000, -0.0000000000000000000, -0.0000000000000000000 ) ) ;
#1710 = DIRECTION ( 'NONE',  ( 1.000000000000000000, -0.0000000000000000000, -0.0000000000000000000 ) ) ;
#1711 = VERTEX_POINT ( 'NONE', #3222 ) ;
#1712 = DIRECTION ( 'NONE',  ( 1.000000000000000000, -0.0000000000000000000, -0.0000000000000000000 ) ) ;
#1713 = VERTEX_POINT ( 'NONE', #3236 ) ;
#1714 = VERTEX_POINT ( 'NONE', #3192 ) ;
#1715 = VERTEX_POINT ( 'NONE', #3230 ) ;
#1716 = DIRECTION ( 'NONE',  ( 0.0000000000000000000, 0.0000000000000000000, -1.000000000000000000 ) ) ;
#1717 = VERTEX_POINT ( 'NONE', #3212 ) ;
#1718 = CARTESIAN_POINT ( 'NONE',  ( -5.500000000000001800, -2.409814041742861500, -6.235544986945321000 ) ) ;
#1719 = VERTEX_POINT ( 'NONE', #3243 ) ;
#1720 = DIRECTION ( 'NONE',  ( 0.0000000000000000000, 0.0000000000000000000, -1.000000000000000000 ) ) ;
#1721 = VERTEX_POINT ( 'NONE', #3184 ) ;
#1722 = DIRECTION ( 'NONE',  ( 1.000000000000000000, -0.0000000000000000000, -0.0000000000000000000 ) ) ;
#1723 = VERTEX_POINT ( 'NONE', #3240 ) ;
#1724 = DIRECTION ( 'NONE',  ( 0.0000000000000000000, 0.0000000000000000000, -1.000000000000000000 ) ) ;
#1725 = VERTEX_POINT ( 'NONE', #3186 ) ;
#1726 = DIRECTION ( 'NONE',  ( 1.000000000000000000, -0.0000000000000000000, -0.0000000000000000000 ) ) ;
#1727 = VERTEX_POINT ( 'NONE', #3232 ) ;
#1728 = DIRECTION ( 'NONE',  ( 1.000000000000000000, -0.0000000000000000000, -0.0000000000000000000 ) ) ;
#1729 = VERTEX_POINT ( 'NONE', #3199 ) ;
#1730 = DIRECTION ( 'NONE',  ( 0.0000000000000000000, 0.0000000000000000000, -1.000000000000000000 ) ) ;
#1731 = VERTEX_POINT ( 'NONE', #3189 ) ;
#1732 = CARTESIAN_POINT ( 'NONE',  ( -5.500000000000001800, 2.409814041742985400, -6.235544986945273900 ) ) ;
#1733 = VERTEX_POINT ( 'NONE', #3190 ) ;
#1734 = VERTEX_POINT ( 'NONE', #3223 ) ;
#1735 = CARTESIAN_POINT ( 'NONE',  ( -5.500000000000001800, -3.590057198743414900, 3.959862915525052400 ) ) ;
#1736 = VERTEX_POINT ( 'NONE', #3193 ) ;
#1738 = VERTEX_POINT ( 'NONE', #3194 ) ;
#1737 = CARTESIAN_POINT ( 'NONE',  ( -5.500000000000001800, -3.372650901736797400, -5.771867193119915000 ) ) ;
#1739 = DIRECTION ( 'NONE',  ( 0.0000000000000000000, 0.0000000000000000000, -1.000000000000000000 ) ) ;
#1740 = VERTEX_POINT ( 'NONE', #3195 ) ;
#1741 = DIRECTION ( 'NONE',  ( 0.0000000000000000000, 0.0000000000000000000, -1.000000000000000000 ) ) ;
#1742 = VERTEX_POINT ( 'NONE', #3224 ) ;
#1743 = DIRECTION ( 'NONE',  ( 0.0000000000000000000, 0.0000000000000000000, -1.000000000000000000 ) ) ;
#1744 = VERTEX_POINT ( 'NONE', #3200 ) ;
#1745 = DIRECTION ( 'NONE',  ( 0.0000000000000000000, 0.0000000000000000000, -1.000000000000000000 ) ) ;
#1746 = VERTEX_POINT ( 'NONE', #3233 ) ;
#1747 = DIRECTION ( 'NONE',  ( 0.0000000000000000000, 0.0000000000000000000, -1.000000000000000000 ) ) ;
#1748 = VERTEX_POINT ( 'NONE', #3216 ) ;
#1749 = DIRECTION ( 'NONE',  ( 1.000000000000000000, -0.0000000000000000000, -0.0000000000000000000 ) ) ;
#1750 = VERTEX_POINT ( 'NONE', #3217 ) ;
#1751 = CARTESIAN_POINT ( 'NONE',  ( -5.500000000000001800, 4.952649898237735800, 2.010045767012712300 ) ) ;
#1752 = VERTEX_POINT ( 'NONE', #3204 ) ;
#1753 = DIRECTION ( 'NONE',  ( 1.000000000000000000, -0.0000000000000000000, -0.0000000000000000000 ) ) ;
#1754 = VERTEX_POINT ( 'NONE', #3207 ) ;
#1755 = VERTEX_POINT ( 'NONE', #3219 ) ;
#1756 = CARTESIAN_POINT ( 'NONE',  ( -5.500000000000001800, -6.615440926668092000, -0.9618556782411852300 ) ) ;
#1757 = VERTEX_POINT ( 'NONE', #3234 ) ;
#1758 = DIRECTION ( 'NONE',  ( 1.000000000000000000, -0.0000000000000000000, -0.0000000000000000000 ) ) ;
#1759 = VERTEX_POINT ( 'NONE', #3235 ) ;
#1760 = DIRECTION ( 'NONE',  ( 0.0000000000000000000, 0.0000000000000000000, -1.000000000000000000 ) ) ;
#1762 = VERTEX_POINT ( 'NONE', #3209 ) ;
#1761 = DIRECTION ( 'NONE',  ( 0.0000000000000000000, 0.0000000000000000000, -1.000000000000000000 ) ) ;
#1763 = CARTESIAN_POINT ( 'NONE',  ( -5.500000000000001800, 0.0000000000000000000, 0.0000000000000000000 ) ) ;
#1764 = VERTEX_POINT ( 'NONE', #3210 ) ;
#1765 = DIRECTION ( 'NONE',  ( -1.000000000000000000, 0.0000000000000000000, 0.0000000000000000000 ) ) ;
#1766 = VERTEX_POINT ( 'NONE', #3213 ) ;
#1767 = VERTEX_POINT ( 'NONE', #3220 ) ;
#1768 = DIRECTION ( 'NONE',  ( -1.000000000000000000, 0.0000000000000000000, 0.0000000000000000000 ) ) ;
#1769 = VERTEX_POINT ( 'NONE', #3238 ) ;
#1770 = CARTESIAN_POINT ( 'NONE',  ( -5.500000000000001800, 4.952649898237766900, -2.010045767012638600 ) ) ;
#1771 = VERTEX_POINT ( 'NONE', #3214 ) ;
#1772 = CARTESIAN_POINT ( 'NONE',  ( -5.500000000000001800, 6.615440926668092000, 0.9618556782411852300 ) ) ;
#1774 = VERTEX_POINT ( 'NONE', #3221 ) ;
#1773 = DIRECTION ( 'NONE',  ( 1.000000000000000000, -0.0000000000000000000, -0.0000000000000000000 ) ) ;
#1775 = VERTEX_POINT ( 'NONE', #3239 ) ;
#1776 = CARTESIAN_POINT ( 'NONE',  ( -5.500000000000001800, -3.590057198743358500, -3.959862915525102600 ) ) ;
#1777 = VERTEX_POINT ( 'NONE', #3215 ) ;
#1778 = DIRECTION ( 'NONE',  ( 0.0000000000000000000, 0.0000000000000000000, -1.000000000000000000 ) ) ;
#1779 = VERTEX_POINT ( 'NONE', #3241 ) ;
#1780 = DIRECTION ( 'NONE',  ( 1.000000000000000000, -0.0000000000000000000, -0.0000000000000000000 ) ) ;
#1781 = VERTEX_POINT ( 'NONE', #3218 ) ;
#1782 = VERTEX_POINT ( 'NONE', #3267 ) ;
#1783 = DIRECTION ( 'NONE',  ( -1.000000000000000000, 0.0000000000000000000, 0.0000000000000000000 ) ) ;
#1784 = VERTEX_POINT ( 'NONE', #3298 ) ;
#1785 = DIRECTION ( 'NONE',  ( 1.000000000000000000, -0.0000000000000000000, -0.0000000000000000000 ) ) ;
#1786 = VERTEX_POINT ( 'NONE', #3250 ) ;
#1787 = DIRECTION ( 'NONE',  ( 1.000000000000000000, -0.0000000000000000000, -0.0000000000000000000 ) ) ;
#1788 = VERTEX_POINT ( 'NONE', #3281 ) ;
#1789 = VERTEX_POINT ( 'NONE', #3253 ) ;
#1790 = VERTEX_POINT ( 'NONE', #3271 ) ;
#1791 = PLANE ( 'NONE',  #5082 ) ;
#1792 = VERTEX_POINT ( 'NONE', #3292 ) ;
#1793 = DIRECTION ( 'NONE',  ( 1.000000000000000000, -0.0000000000000000000, -0.0000000000000000000 ) ) ;
#1795 = VERTEX_POINT ( 'NONE', #3300 ) ;
#1794 = DIRECTION ( 'NONE',  ( 0.0000000000000000000, 0.0000000000000000000, -1.000000000000000000 ) ) ;
#1796 = DIRECTION ( 'NONE',  ( 0.0000000000000000000, 0.0000000000000000000, -1.000000000000000000 ) ) ;
#1797 = VERTEX_POINT ( 'NONE', #3291 ) ;
#1798 = DIRECTION ( 'NONE',  ( 1.000000000000000000, -0.0000000000000000000, -0.0000000000000000000 ) ) ;
#1799 = VERTEX_POINT ( 'NONE', #3285 ) ;
#1800 = CARTESIAN_POINT ( 'NONE',  ( 5.500000000000000000, 2.761719907722045800, 5.354766862459253900 ) ) ;
#1801 = VERTEX_POINT ( 'NONE', #3293 ) ;
#1802 = DIRECTION ( 'NONE',  ( 0.0000000000000000000, 0.0000000000000000000, -1.000000000000000000 ) ) ;
#1803 = VERTEX_POINT ( 'NONE', #3282 ) ;
#1804 = CARTESIAN_POINT ( 'NONE',  ( -5.500000000000001800, -3.061718003938080500, -4.381199363685860600 ) ) ;
#1805 = VERTEX_POINT ( 'NONE', #3264 ) ;
#1807 = VERTEX_POINT ( 'NONE', #3294 ) ;
#1806 = CARTESIAN_POINT ( 'NONE',  ( 5.500000000000000000, -2.464621116292273300, 5.497842099690226200 ) ) ;
#1808 = CARTESIAN_POINT ( 'NONE',  ( -5.500000000000001800, -3.372650901736873300, 5.771867193119868800 ) ) ;
#1809 = VERTEX_POINT ( 'NONE', #3288 ) ;
#1810 = DIRECTION ( 'NONE',  ( 1.000000000000000000, -0.0000000000000000000, -0.0000000000000000000 ) ) ;
#1811 = VERTEX_POINT ( 'NONE', #3296 ) ;
#1812 = VERTEX_POINT ( 'NONE', #3279 ) ;
#1813 = CARTESIAN_POINT ( 'NONE',  ( -5.500000000000001800, 5.542972784208737700, 3.736934266684555100 ) ) ;
#1814 = VERTEX_POINT ( 'NONE', #3302 ) ;
#1815 = DIRECTION ( 'NONE',  ( 1.000000000000000000, -0.0000000000000000000, -0.0000000000000000000 ) ) ;
#1816 = VERTEX_POINT ( 'NONE', #3295 ) ;
#1817 = VERTEX_POINT ( 'NONE', #3256 ) ;
#1818 = VERTEX_POINT ( 'NONE', #3255 ) ;
#1819 = DIRECTION ( 'NONE',  ( 0.0000000000000000000, 0.0000000000000000000, -1.000000000000000000 ) ) ;
#1820 = VERTEX_POINT ( 'NONE', #3272 ) ;
#1821 = CARTESIAN_POINT ( 'NONE',  ( -5.500000000000001800, 4.876669003416035200, 4.572452780633305700 ) ) ;
#1822 = VERTEX_POINT ( 'NONE', #3297 ) ;
#1823 = VERTEX_POINT ( 'NONE', #3260 ) ;
#1824 = DIRECTION ( 'NONE',  ( 1.000000000000000000, -0.0000000000000000000, -0.0000000000000000000 ) ) ;
#1825 = VERTEX_POINT ( 'NONE', #3290 ) ;
#1826 = DIRECTION ( 'NONE',  ( 0.0000000000000000000, 0.0000000000000000000, 1.000000000000000000 ) ) ;
#1828 = VERTEX_POINT ( 'NONE', #3280 ) ;
#1827 = CARTESIAN_POINT ( 'NONE',  ( -5.500000000000001800, 0.0000000000000000000, 0.0000000000000000000 ) ) ;
#1829 = VERTEX_POINT ( 'NONE', #3257 ) ;
#1830 = CARTESIAN_POINT ( 'NONE',  ( -5.500000000000001800, 0.0000000000000000000, 0.0000000000000000000 ) ) ;
#1831 = VERTEX_POINT ( 'NONE', #3263 ) ;
#1832 = VERTEX_POINT ( 'NONE', #3278 ) ;
#1833 = DIRECTION ( 'NONE',  ( 0.0000000000000000000, 0.0000000000000000000, 1.000000000000000000 ) ) ;
#1834 = VERTEX_POINT ( 'NONE', #3283 ) ;
#1835 = VERTEX_POINT ( 'NONE', #3251 ) ;
#1836 = CARTESIAN_POINT ( 'NONE',  ( -5.500000000000000000, 4.999999999999999100, 0.0000000000000000000 ) ) ;
#1838 = VERTEX_POINT ( 'NONE', #3252 ) ;
#1837 = DIRECTION ( 'NONE',  ( 0.0000000000000000000, 0.0000000000000000000, -1.000000000000000000 ) ) ;
#1839 = DIRECTION ( 'NONE',  ( 1.000000000000000000, -0.0000000000000000000, -0.0000000000000000000 ) ) ;
#1840 = VERTEX_POINT ( 'NONE', #3299 ) ;
#1841 = DIRECTION ( 'NONE',  ( 0.0000000000000000000, 0.0000000000000000000, -1.000000000000000000 ) ) ;
#1842 = VERTEX_POINT ( 'NONE', #3259 ) ;
#1843 = DIRECTION ( 'NONE',  ( 0.0000000000000000000, 0.0000000000000000000, -1.000000000000000000 ) ) ;
#1844 = VERTEX_POINT ( 'NONE', #3284 ) ;
#1845 = CARTESIAN_POINT ( 'NONE',  ( 5.500000000000000000, 0.1648773903372819400, 6.022743597909141900 ) ) ;
#1846 = VERTEX_POINT ( 'NONE', #3262 ) ;
#1847 = DIRECTION ( 'NONE',  ( -1.000000000000000000, 0.0000000000000000000, 0.0000000000000000000 ) ) ;
#1848 = VERTEX_POINT ( 'NONE', #3266 ) ;
#1849 = DIRECTION ( 'NONE',  ( 0.0000000000000000000, 0.0000000000000000000, -1.000000000000000000 ) ) ;
#1851 = VERTEX_POINT ( 'NONE', #3301 ) ;
#1850 = DIRECTION ( 'NONE',  ( 1.000000000000000000, -0.0000000000000000000, -0.0000000000000000000 ) ) ;
#1852 = DIRECTION ( 'NONE',  ( 0.0000000000000000000, 0.0000000000000000000, 1.000000000000000000 ) ) ;
#1853 = VERTEX_POINT ( 'NONE', #3265 ) ;
#1854 = CARTESIAN_POINT ( 'NONE',  ( -5.500000000000001800, -4.659443765580037100, -2.618894575082645100 ) ) ;
#1855 = VERTEX_POINT ( 'NONE', #3261 ) ;
#1856 = DIRECTION ( 'NONE',  ( 0.0000000000000000000, 0.0000000000000000000, -1.000000000000000000 ) ) ;
#1857 = VERTEX_POINT ( 'NONE', #3270 ) ;
#1858 = VERTEX_POINT ( 'NONE', #3286 ) ;
#1859 = VERTEX_POINT ( 'NONE', #3268 ) ;
#1860 = CARTESIAN_POINT ( 'NONE',  ( -5.500000000000001800, 2.464621116292234200, 5.497842099690242200 ) ) ;
#1862 = VERTEX_POINT ( 'NONE', #3269 ) ;
#1861 = DIRECTION ( 'NONE',  ( -1.000000000000000000, 0.0000000000000000000, 0.0000000000000000000 ) ) ;
#1863 = DIRECTION ( 'NONE',  ( 0.0000000000000000000, 0.0000000000000000000, 1.000000000000000000 ) ) ;
#1864 = VERTEX_POINT ( 'NONE', #3303 ) ;
#1865 = CARTESIAN_POINT ( 'NONE',  ( -5.500000000000001800, -4.659443765580072700, 2.618894575082580300 ) ) ;
#1866 = VERTEX_POINT ( 'NONE', #3258 ) ;
#1867 = DIRECTION ( 'NONE',  ( 1.000000000000000000, -0.0000000000000000000, -0.0000000000000000000 ) ) ;
#1868 = VERTEX_POINT ( 'NONE', #3254 ) ;
#1869 = VERTEX_POINT ( 'NONE', #3273 ) ;
#1870 = DIRECTION ( 'NONE',  ( 0.0000000000000000000, 0.0000000000000000000, 1.000000000000000000 ) ) ;
#1871 = VERTEX_POINT ( 'NONE', #3305 ) ;
#1873 = VERTEX_POINT ( 'NONE', #3274 ) ;
#1872 = CARTESIAN_POINT ( 'NONE',  ( 5.500000000000000000, -4.811569927110499900, -3.626212877993494100 ) ) ;
#1874 = DIRECTION ( 'NONE',  ( 1.000000000000000000, -0.0000000000000000000, -0.0000000000000000000 ) ) ;
#1875 = VERTEX_POINT ( 'NONE', #3287 ) ;
#1876 = VERTEX_POINT ( 'NONE', #3249 ) ;
#1877 = CARTESIAN_POINT ( 'NONE',  ( 5.500000000000000000, 5.908429512402138400, 1.179442960458623800 ) ) ;
#1878 = VERTEX_POINT ( 'NONE', #3289 ) ;
#1879 = DIRECTION ( 'NONE',  ( 0.0000000000000000000, 0.0000000000000000000, 1.000000000000000000 ) ) ;
#1880 = DIRECTION ( 'NONE',  ( -1.000000000000000000, 0.0000000000000000000, 0.0000000000000000000 ) ) ;
#1881 = DIRECTION ( 'NONE',  ( 1.000000000000000000, -0.0000000000000000000, -0.0000000000000000000 ) ) ;
#1882 = DIRECTION ( 'NONE',  ( -1.000000000000000000, 0.0000000000000000000, 0.0000000000000000000 ) ) ;
#1883 = DIRECTION ( 'NONE',  ( -1.000000000000000000, 0.0000000000000000000, 0.0000000000000000000 ) ) ;
#1884 = DIRECTION ( 'NONE',  ( -1.000000000000000000, 0.0000000000000000000, 0.0000000000000000000 ) ) ;
#1885 = DIRECTION ( 'NONE',  ( 0.0000000000000000000, 0.0000000000000000000, 1.000000000000000000 ) ) ;
#1886 = DIRECTION ( 'NONE',  ( 0.0000000000000000000, 0.0000000000000000000, 1.000000000000000000 ) ) ;
#1887 = CARTESIAN_POINT ( 'NONE',  ( -5.500000000000001800, 5.835052170629866800, 1.500930100313691900 ) ) ;
#1888 = DIRECTION ( 'NONE',  ( -1.000000000000000000, 0.0000000000000000000, 0.0000000000000000000 ) ) ;
#1889 = CARTESIAN_POINT ( 'NONE',  ( -5.500000000000001800, 0.0000000000000000000, 0.0000000000000000000 ) ) ;
#1890 = DIRECTION ( 'NONE',  ( 0.0000000000000000000, 0.0000000000000000000, 1.000000000000000000 ) ) ;
#1891 = CARTESIAN_POINT ( 'NONE',  ( -5.500000000000001800, -4.952649898237750900, 2.010045767012677200 ) ) ;
#1892 = CARTESIAN_POINT ( 'NONE',  ( 5.500000000000000000, 4.811569927110524800, 3.626212877993459500 ) ) ;
#1893 = DIRECTION ( 'NONE',  ( 1.000000000000000000, -0.0000000000000000000, -0.0000000000000000000 ) ) ;
#1894 = CARTESIAN_POINT ( 'NONE',  ( -5.500000000000001800, -4.952649898237721600, -2.010045767012746100 ) ) ;
#1895 = DIRECTION ( 'NONE',  ( 1.000000000000000000, -0.0000000000000000000, -0.0000000000000000000 ) ) ;
#1896 = DIRECTION ( 'NONE',  ( 0.0000000000000000000, 0.0000000000000000000, 1.000000000000000000 ) ) ;
#1897 = CARTESIAN_POINT ( 'NONE',  ( 5.500000000000000000, -5.835052170629878400, 1.500930100313651900 ) ) ;
#1898 = DIRECTION ( 'NONE',  ( 1.000000000000000000, -0.0000000000000000000, -0.0000000000000000000 ) ) ;
#1899 = DIRECTION ( 'NONE',  ( 0.0000000000000000000, 0.0000000000000000000, -1.000000000000000000 ) ) ;
#1900 = CARTESIAN_POINT ( 'NONE',  ( -5.500000000000001800, -2.409814041742944600, 6.235544986945289000 ) ) ;
#1901 = CARTESIAN_POINT ( 'NONE',  ( -5.500000000000001800, -0.1648773903373237900, 6.022743597909141900 ) ) ;
#1902 = DIRECTION ( 'NONE',  ( 0.0000000000000000000, 0.0000000000000000000, -1.000000000000000000 ) ) ;
#1903 = CARTESIAN_POINT ( 'NONE',  ( -5.500000000000001800, 0.0000000000000000000, 0.0000000000000000000 ) ) ;
#1904 = CARTESIAN_POINT ( 'NONE',  ( -5.500000000000001800, -0.8575814421090538500, -5.275753886427051700 ) ) ;
#1905 = DIRECTION ( 'NONE',  ( 0.0000000000000000000, 0.0000000000000000000, -1.000000000000000000 ) ) ;
#1906 = DIRECTION ( 'NONE',  ( 1.000000000000000000, -0.0000000000000000000, -0.0000000000000000000 ) ) ;
#1907 = DIRECTION ( 'NONE',  ( 0.0000000000000000000, 0.0000000000000000000, -1.000000000000000000 ) ) ;
#1908 = DIRECTION ( 'NONE',  ( 0.0000000000000000000, 0.0000000000000000000, -1.000000000000000000 ) ) ;
#1909 = DIRECTION ( 'NONE',  ( 0.0000000000000000000, 0.0000000000000000000, -1.000000000000000000 ) ) ;
#1910 = DIRECTION ( 'NONE',  ( 0.0000000000000000000, 0.0000000000000000000, -1.000000000000000000 ) ) ;
#1911 = DIRECTION ( 'NONE',  ( -1.000000000000000000, 0.0000000000000000000, 0.0000000000000000000 ) ) ;
#1912 = DIRECTION ( 'NONE',  ( 0.0000000000000000000, 0.0000000000000000000, 1.000000000000000000 ) ) ;
#1913 = CARTESIAN_POINT ( 'NONE',  ( -5.500000000000001800, 3.590057198743440600, -3.959862915525028000 ) ) ;
#1914 = DIRECTION ( 'NONE',  ( 0.0000000000000000000, 0.0000000000000000000, -1.000000000000000000 ) ) ;
#1915 = DIRECTION ( 'NONE',  ( 1.000000000000000000, -0.0000000000000000000, -0.0000000000000000000 ) ) ;
#1916 = DIRECTION ( 'NONE',  ( 1.000000000000000000, -0.0000000000000000000, -0.0000000000000000000 ) ) ;
#1917 = CARTESIAN_POINT ( 'NONE',  ( -5.500000000000001800, 0.0000000000000000000, 0.0000000000000000000 ) ) ;
#1918 = DIRECTION ( 'NONE',  ( 0.0000000000000000000, 0.0000000000000000000, 1.000000000000000000 ) ) ;
#1919 = CARTESIAN_POINT ( 'NONE',  ( -5.500000000000001800, 6.615440926668091100, -0.9618556782411860100 ) ) ;
#1920 = CARTESIAN_POINT ( 'NONE',  ( 13.50000000000000200, 0.0000000000000000000, 0.0000000000000000000 ) ) ;
#1921 = DIRECTION ( 'NONE',  ( -1.000000000000000000, 0.0000000000000000000, -0.0000000000000000000 ) ) ;
#1922 = DIRECTION ( 'NONE',  ( -0.0000000000000000000, 0.0000000000000000000, 1.000000000000000000 ) ) ;
#1923 = DIRECTION ( 'NONE',  ( 1.000000000000000000, 1.049267165504202200E-016, -0.0000000000000000000 ) ) ;
#1924 = CARTESIAN_POINT ( 'NONE',  ( -5.500000000000001800, 2.409814041742902400, 6.235544986945305000 ) ) ;
#1925 = DIRECTION ( 'NONE',  ( -1.000000000000000000, 0.0000000000000000000, 0.0000000000000000000 ) ) ;
#1926 = CARTESIAN_POINT ( 'NONE',  ( -5.500000000000001800, 4.659443765580091300, -2.618894575082547900 ) ) ;
#1927 = DIRECTION ( 'NONE',  ( 0.0000000000000000000, 0.0000000000000000000, -1.000000000000000000 ) ) ;
#1928 = DIRECTION ( 'NONE',  ( -1.000000000000000000, 0.0000000000000000000, 0.0000000000000000000 ) ) ;
#1929 = DIRECTION ( 'NONE',  ( 1.000000000000000000, -0.0000000000000000000, -0.0000000000000000000 ) ) ;
#1930 = CARTESIAN_POINT ( 'NONE',  ( -3.500000000000000000, 5.000000000000000000, 0.0000000000000000000 ) ) ;
#1931 = DIRECTION ( 'NONE',  ( -1.000000000000000000, 0.0000000000000000000, 0.0000000000000000000 ) ) ;
#1932 = DIRECTION ( 'NONE',  ( 1.000000000000000000, -0.0000000000000000000, -0.0000000000000000000 ) ) ;
#1933 = PLANE ( 'NONE',  #5119 ) ;
#1934 = DIRECTION ( 'NONE',  ( 0.0000000000000000000, 0.0000000000000000000, 1.000000000000000000 ) ) ;
#1935 = DIRECTION ( 'NONE',  ( 1.000000000000000000, -0.0000000000000000000, -0.0000000000000000000 ) ) ;
#1936 = DIRECTION ( 'NONE',  ( 1.000000000000000000, -0.0000000000000000000, -0.0000000000000000000 ) ) ;
#1937 = CARTESIAN_POINT ( 'NONE',  ( -5.500000000000001800, -5.334309545121179500, -0.3378855972500946500 ) ) ;
#1938 = DIRECTION ( 'NONE',  ( 0.0000000000000000000, 0.0000000000000000000, -1.000000000000000000 ) ) ;
#1939 = CARTESIAN_POINT ( 'NONE',  ( -5.500000000000001800, 0.0000000000000000000, 0.0000000000000000000 ) ) ;
#1940 = CARTESIAN_POINT ( 'NONE',  ( -5.500000000000001800, 5.908429512402139300, -1.179442960458624300 ) ) ;
#1941 = DIRECTION ( 'NONE',  ( 1.000000000000000000, -0.0000000000000000000, -0.0000000000000000000 ) ) ;
#1942 = CARTESIAN_POINT ( 'NONE',  ( 5.500000000000000000, -0.1648773903372422500, -6.022743597909142800 ) ) ;
#1943 = DIRECTION ( 'NONE',  ( 0.0000000000000000000, 0.0000000000000000000, -1.000000000000000000 ) ) ;
#1944 = DIRECTION ( 'NONE',  ( -1.000000000000000000, -1.049267165504202200E-016, 0.0000000000000000000 ) ) ;
#1945 = CARTESIAN_POINT ( 'NONE',  ( -5.500000000000001800, 0.5343341453270789000, 6.663611034652126900 ) ) ;
#1946 = DIRECTION ( 'NONE',  ( 1.000000000000000000, -0.0000000000000000000, -0.0000000000000000000 ) ) ;
#1947 = DIRECTION ( 'NONE',  ( 0.0000000000000000000, 0.0000000000000000000, -1.000000000000000000 ) ) ;
#1948 = CARTESIAN_POINT ( 'NONE',  ( 5.500000000000000000, -2.761719907722009800, -5.354766862459273500 ) ) ;
#1949 = DIRECTION ( 'NONE',  ( 0.0000000000000000000, 0.0000000000000000000, -1.000000000000000000 ) ) ;
#1950 = PLANE ( 'NONE',  #5076 ) ;
#1951 = CARTESIAN_POINT ( 'NONE',  ( -5.500000000000001800, 0.1648773903373625900, -6.022743597909139300 ) ) ;
#1952 = DIRECTION ( 'NONE',  ( 0.0000000000000000000, 0.0000000000000000000, -1.000000000000000000 ) ) ;
#1953 = CARTESIAN_POINT ( 'NONE',  ( -5.500000000000001800, -5.334309545121179500, 0.3378855972500949800 ) ) ;
#1954 = DIRECTION ( 'NONE',  ( 0.0000000000000000000, 0.0000000000000000000, -1.000000000000000000 ) ) ;
#1955 = DIRECTION ( 'NONE',  ( -1.000000000000000000, 0.0000000000000000000, 0.0000000000000000000 ) ) ;
#1956 = DIRECTION ( 'NONE',  ( 1.049267165504202200E-016, -1.000000000000000000, 0.0000000000000000000 ) ) ;
#1957 = DIRECTION ( 'NONE',  ( 0.0000000000000000000, 0.0000000000000000000, 1.000000000000000000 ) ) ;
#1958 = DIRECTION ( 'NONE',  ( 0.0000000000000000000, 0.0000000000000000000, -1.000000000000000000 ) ) ;
#1959 = DIRECTION ( 'NONE',  ( 1.000000000000000000, -0.0000000000000000000, -0.0000000000000000000 ) ) ;
#1960 = DIRECTION ( 'NONE',  ( -1.049267165504202200E-016, 1.000000000000000000, 0.0000000000000000000 ) ) ;
#1961 = PLANE ( 'NONE',  #5120 ) ;
#1962 = DIRECTION ( 'NONE',  ( 0.0000000000000000000, 0.0000000000000000000, 1.000000000000000000 ) ) ;
#1963 = CARTESIAN_POINT ( 'NONE',  ( 3.500000000000000000, -1.102182119232618100E-015, 0.0000000000000000000 ) ) ;
#1964 = CARTESIAN_POINT ( 'NONE',  ( -5.500000000000001800, -2.761719907722082600, 5.354766862459236200 ) ) ;
#1965 = DIRECTION ( 'NONE',  ( 1.000000000000000000, -0.0000000000000000000, -0.0000000000000000000 ) ) ;
#1966 = DIRECTION ( 'NONE',  ( 0.0000000000000000000, 0.0000000000000000000, -1.000000000000000000 ) ) ;
#1967 = CARTESIAN_POINT ( 'NONE',  ( -5.500000000000001800, 0.8575814421091587600, -5.275753886427034800 ) ) ;
#1968 = DIRECTION ( 'NONE',  ( 1.000000000000000000, -0.0000000000000000000, -0.0000000000000000000 ) ) ;
#1969 = DIRECTION ( 'NONE',  ( 1.000000000000000000, -0.0000000000000000000, -0.0000000000000000000 ) ) ;
#1970 = DIRECTION ( 'NONE',  ( -1.000000000000000000, 0.0000000000000000000, 0.0000000000000000000 ) ) ;
#1971 = CARTESIAN_POINT ( 'NONE',  ( -5.000000000000000000, 7.950000000000000200, 0.0000000000000000000 ) ) ;
#1972 = DIRECTION ( 'NONE',  ( 1.000000000000000000, 1.049267165504202200E-016, -0.0000000000000000000 ) ) ;
#1973 = CARTESIAN_POINT ( 'NONE',  ( -5.500000000000001800, 5.334309545121179500, 0.3378855972500946500 ) ) ;
#1974 = DIRECTION ( 'NONE',  ( 1.000000000000000000, -0.0000000000000000000, -0.0000000000000000000 ) ) ;
#1975 = DIRECTION ( 'NONE',  ( 1.000000000000000000, -0.0000000000000000000, -0.0000000000000000000 ) ) ;
#1976 = CARTESIAN_POINT ( 'NONE',  ( 5.500000000000000000, -4.605971184245770000, 3.884025547019176000 ) ) ;
#1977 = DIRECTION ( 'NONE',  ( -1.000000000000000000, 0.0000000000000000000, 0.0000000000000000000 ) ) ;
#1978 = PLANE ( 'NONE',  #5166 ) ;
#1979 = DIRECTION ( 'NONE',  ( 1.000000000000000000, -0.0000000000000000000, -0.0000000000000000000 ) ) ;
#1980 = DIRECTION ( 'NONE',  ( 0.0000000000000000000, 0.0000000000000000000, 1.000000000000000000 ) ) ;
#1981 = DIRECTION ( 'NONE',  ( 0.0000000000000000000, 0.0000000000000000000, -1.000000000000000000 ) ) ;
#1982 = CARTESIAN_POINT ( 'NONE',  ( -5.500000000000001800, -6.377639860542234200, 2.003730223663562300 ) ) ;
#1983 = CARTESIAN_POINT ( 'NONE',  ( -5.500000000000001800, 5.334309545121179500, -0.3378855972500949800 ) ) ;
#1984 = CARTESIAN_POINT ( 'NONE',  ( -5.500000000000001800, -4.811569927110551400, 3.626212877993426200 ) ) ;
#1985 = DIRECTION ( 'NONE',  ( 1.000000000000000000, -0.0000000000000000000, -0.0000000000000000000 ) ) ;
#1986 = DIRECTION ( 'NONE',  ( 1.000000000000000000, -0.0000000000000000000, -0.0000000000000000000 ) ) ;
#1987 = CARTESIAN_POINT ( 'NONE',  ( -5.500000000000001800, 4.605971184245744300, 3.884025547019205800 ) ) ;
#1988 = DIRECTION ( 'NONE',  ( 1.000000000000000000, -0.0000000000000000000, -0.0000000000000000000 ) ) ;
#1989 = CARTESIAN_POINT ( 'NONE',  ( 13.50000000000000200, -5.291495372841577500E-017, 0.0000000000000000000 ) ) ;
#1990 = DIRECTION ( 'NONE',  ( -1.000000000000000000, 0.0000000000000000000, 0.0000000000000000000 ) ) ;
#1991 = DIRECTION ( 'NONE',  ( 1.049267165504202200E-016, -1.000000000000000000, 0.0000000000000000000 ) ) ;
#1992 = DIRECTION ( 'NONE',  ( 0.0000000000000000000, 0.0000000000000000000, -1.000000000000000000 ) ) ;
#1993 = CARTESIAN_POINT ( 'NONE',  ( -5.500000000000001800, 3.061718003938172000, -4.381199363685797500 ) ) ;
#1994 = DIRECTION ( 'NONE',  ( -1.000000000000000000, 0.0000000000000000000, 0.0000000000000000000 ) ) ;
#1995 = DIRECTION ( 'NONE',  ( 0.0000000000000000000, 0.0000000000000000000, -1.000000000000000000 ) ) ;
#1996 = CARTESIAN_POINT ( 'NONE',  ( -5.500000000000001800, -2.464621116292198300, -5.497842099690259100 ) ) ;
#1997 = CARTESIAN_POINT ( 'NONE',  ( -5.500000000000001800, 0.0000000000000000000, 0.0000000000000000000 ) ) ;
#1998 = DIRECTION ( 'NONE',  ( 0.0000000000000000000, 0.0000000000000000000, -1.000000000000000000 ) ) ;
#1999 = CARTESIAN_POINT ( 'NONE',  ( -5.500000000000001800, -4.876669003416065400, 4.572452780633273800 ) ) ;
#2000 = CARTESIAN_POINT ( 'NONE',  ( -5.500000000000001800, -1.516409641875741600, -5.125380649086100200 ) ) ;
#2001 = DIRECTION ( 'NONE',  ( 0.0000000000000000000, 0.0000000000000000000, -1.000000000000000000 ) ) ;
#2002 = DIRECTION ( 'NONE',  ( -1.000000000000000000, 0.0000000000000000000, 0.0000000000000000000 ) ) ;
#2003 = DIRECTION ( 'NONE',  ( 0.0000000000000000000, 0.0000000000000000000, 1.000000000000000000 ) ) ;
#2004 = DIRECTION ( 'NONE',  ( 0.0000000000000000000, 1.000000000000000000, 0.0000000000000000000 ) ) ;
#2005 = DIRECTION ( 'NONE',  ( 0.0000000000000000000, 0.0000000000000000000, -1.000000000000000000 ) ) ;
#2006 = CARTESIAN_POINT ( 'NONE',  ( -5.500000000000001800, 1.516409641875849700, -5.125380649086070100 ) ) ;
#2007 = DIRECTION ( 'NONE',  ( 0.0000000000000000000, 0.0000000000000000000, 1.000000000000000000 ) ) ;
#2008 = DIRECTION ( 'NONE',  ( -1.000000000000000000, -1.049267165504202200E-016, 0.0000000000000000000 ) ) ;
#2009 = DIRECTION ( 'NONE',  ( 0.0000000000000000000, 0.0000000000000000000, 1.000000000000000000 ) ) ;
#2010 = DIRECTION ( 'NONE',  ( 0.0000000000000000000, 0.0000000000000000000, -1.000000000000000000 ) ) ;
#2011 = DIRECTION ( 'NONE',  ( 0.0000000000000000000, 0.0000000000000000000, 1.000000000000000000 ) ) ;
#2012 = CARTESIAN_POINT ( 'NONE',  ( 5.500000000000000000, 2.464621116292309300, -5.497842099690208400 ) ) ;
#2013 = DIRECTION ( 'NONE',  ( -1.000000000000000000, 0.0000000000000000000, 0.0000000000000000000 ) ) ;
#2014 = DIRECTION ( 'NONE',  ( 0.0000000000000000000, 0.0000000000000000000, 1.000000000000000000 ) ) ;
#2015 = CARTESIAN_POINT ( 'NONE',  ( 8.500000000000000000, 8.000000000000000000, 0.0000000000000000000 ) ) ;
#2016 = CARTESIAN_POINT ( 'NONE',  ( 4.814999999999995100, -9.642034869688163000E-016, 0.0000000000000000000 ) ) ;
#2017 = DIRECTION ( 'NONE',  ( 1.000000000000000000, 1.049267165504202200E-016, -0.0000000000000000000 ) ) ;
#2018 = DIRECTION ( 'NONE',  ( -1.000000000000000000, 0.0000000000000000000, 0.0000000000000000000 ) ) ;
#2019 = DIRECTION ( 'NONE',  ( 1.000000000000000000, -0.0000000000000000000, -0.0000000000000000000 ) ) ;
#2020 = CARTESIAN_POINT ( 'NONE',  ( -5.500000000000001800, 4.811569927110575400, -3.626212877993392400 ) ) ;
#2021 = DIRECTION ( 'NONE',  ( -1.000000000000000000, -1.049267165504202200E-016, 0.0000000000000000000 ) ) ;
#2022 = CARTESIAN_POINT ( 'NONE',  ( -5.500000000000001800, 2.761719907722121700, -5.354766862459214800 ) ) ;
#2023 = DIRECTION ( 'NONE',  ( -1.000000000000000000, 0.0000000000000000000, 0.0000000000000000000 ) ) ;
#2024 = DIRECTION ( 'NONE',  ( 0.0000000000000000000, 0.0000000000000000000, -1.000000000000000000 ) ) ;
#2025 = DIRECTION ( 'NONE',  ( -1.000000000000000000, 0.0000000000000000000, 0.0000000000000000000 ) ) ;
#2026 = CARTESIAN_POINT ( 'NONE',  ( -5.500000000000001800, -6.615440926668091100, 0.9618556782411860100 ) ) ;
#2027 = DIRECTION ( 'NONE',  ( -1.000000000000000000, 0.0000000000000000000, 0.0000000000000000000 ) ) ;
#2028 = DIRECTION ( 'NONE',  ( -1.000000000000000000, 0.0000000000000000000, 0.0000000000000000000 ) ) ;
#2029 = DIRECTION ( 'NONE',  ( 0.0000000000000000000, 0.0000000000000000000, 1.000000000000000000 ) ) ;
#2030 = DIRECTION ( 'NONE',  ( 0.0000000000000000000, 0.0000000000000000000, 1.000000000000000000 ) ) ;
#2031 = CARTESIAN_POINT ( 'NONE',  ( 5.500000000000000000, 4.605971184245797500, -3.884025547019140900 ) ) ;
#2032 = CARTESIAN_POINT ( 'NONE',  ( -5.500000000000001800, -5.908429512402141100, 1.179442960458623800 ) ) ;
#2033 = CARTESIAN_POINT ( 'NONE',  ( 5.500000000000000000, -1.224646799147353100E-015, 0.0000000000000000000 ) ) ;
#2034 = DIRECTION ( 'NONE',  ( -1.000000000000000000, 0.0000000000000000000, 0.0000000000000000000 ) ) ;
#2035 = DIRECTION ( 'NONE',  ( -1.000000000000000000, 0.0000000000000000000, 0.0000000000000000000 ) ) ;
#2036 = CARTESIAN_POINT ( 'NONE',  ( 5.500000000000000000, 5.835052170629887200, -1.500930100313610600 ) ) ;
#2037 = DIRECTION ( 'NONE',  ( -2.168404344971008900E-016, 1.000000000000000000, -0.0000000000000000000 ) ) ;
#2038 = CARTESIAN_POINT ( 'NONE',  ( -3.499999999999999600, -1.836669135085559900E-015, 0.0000000000000000000 ) ) ;
#2039 = DIRECTION ( 'NONE',  ( -1.000000000000000000, 0.0000000000000000000, 0.0000000000000000000 ) ) ;
#2040 = DIRECTION ( 'NONE',  ( 0.0000000000000000000, 0.0000000000000000000, 1.000000000000000000 ) ) ;
#2041 = DIRECTION ( 'NONE',  ( 0.0000000000000000000, 0.0000000000000000000, 1.000000000000000000 ) ) ;
#2042 = CARTESIAN_POINT ( 'NONE',  ( 5.500000000000000000, -2.464621116292273300, 5.497842099690226200 ) ) ;
#2043 = DIRECTION ( 'NONE',  ( 1.000000000000000000, -0.0000000000000000000, -0.0000000000000000000 ) ) ;
#2044 = DIRECTION ( 'NONE',  ( 0.0000000000000000000, 0.0000000000000000000, 1.000000000000000000 ) ) ;
#2045 = CARTESIAN_POINT ( 'NONE',  ( -5.500000000000001800, -5.542972784208712000, -3.736934266684592800 ) ) ;
#2046 = CARTESIAN_POINT ( 'NONE',  ( -5.500000000000001800, -4.605971184245719400, -3.884025547019239100 ) ) ;
#2047 = DIRECTION ( 'NONE',  ( -1.084202172485504200E-016, 1.000000000000000000, 0.0000000000000000000 ) ) ;
#2048 = CARTESIAN_POINT ( 'NONE',  ( 5.500000000000000000, -5.908429512402141100, -1.179442960458624700 ) ) ;
#2049 = DIRECTION ( 'NONE',  ( -1.000000000000000000, 0.0000000000000000000, 0.0000000000000000000 ) ) ;
#2050 = DIRECTION ( 'NONE',  ( 1.000000000000000000, -0.0000000000000000000, -0.0000000000000000000 ) ) ;
#2051 = DIRECTION ( 'NONE',  ( 0.0000000000000000000, 0.0000000000000000000, 1.000000000000000000 ) ) ;
#2052 = DIRECTION ( 'NONE',  ( 1.297474551964702200E-016, -1.000000000000000000, 0.0000000000000000000 ) ) ;
#2053 = DIRECTION ( 'NONE',  ( 0.0000000000000000000, 0.0000000000000000000, 1.000000000000000000 ) ) ;
#2054 = CARTESIAN_POINT ( 'NONE',  ( -5.500000000000001800, -5.835052170629857900, -1.500930100313733600 ) ) ;
#2055 = DIRECTION ( 'NONE',  ( 0.0000000000000000000, 0.0000000000000000000, -1.000000000000000000 ) ) ;
#2056 = DIRECTION ( 'NONE',  ( -1.000000000000000000, 0.0000000000000000000, 0.0000000000000000000 ) ) ;
#2057 = DIRECTION ( 'NONE',  ( 0.0000000000000000000, 0.0000000000000000000, -1.000000000000000000 ) ) ;
#2058 = DIRECTION ( 'NONE',  ( 0.0000000000000000000, 0.0000000000000000000, 1.000000000000000000 ) ) ;
#2059 = DIRECTION ( 'NONE',  ( 0.0000000000000000000, 0.0000000000000000000, -1.000000000000000000 ) ) ;
#2060 = DIRECTION ( 'NONE',  ( -1.000000000000000000, 0.0000000000000000000, 0.0000000000000000000 ) ) ;
#2061 = CARTESIAN_POINT ( 'NONE',  ( -5.500000000000001800, 2.912543949186561700, -4.365479904758609900 ) ) ;
#2062 = DIRECTION ( 'NONE',  ( 0.0000000000000000000, 0.0000000000000000000, -1.000000000000000000 ) ) ;
#2063 = CARTESIAN_POINT ( 'NONE',  ( -5.500000000000001800, 3.590057198743385100, 3.959862915525079100 ) ) ;
#2064 = DIRECTION ( 'NONE',  ( 1.000000000000000000, -0.0000000000000000000, -0.0000000000000000000 ) ) ;
#2065 = DIRECTION ( 'NONE',  ( 1.000000000000000000, 0.0000000000000000000, 0.0000000000000000000 ) ) ;
#2066 = DIRECTION ( 'NONE',  ( 1.000000000000000000, 1.049267165504202200E-016, -0.0000000000000000000 ) ) ;
#2067 = DIRECTION ( 'NONE',  ( -1.000000000000000000, -0.0000000000000000000, -0.0000000000000000000 ) ) ;
#2068 = DIRECTION ( 'NONE',  ( 1.000000000000000000, -0.0000000000000000000, -0.0000000000000000000 ) ) ;
#2069 = DIRECTION ( 'NONE',  ( 0.0000000000000000000, 0.0000000000000000000, 1.000000000000000000 ) ) ;
#2070 = CARTESIAN_POINT ( 'NONE',  ( 5.500000000000000900, 0.0000000000000000000, 0.0000000000000000000 ) ) ;
#2071 = CARTESIAN_POINT ( 'NONE',  ( -5.500000000000001800, -3.590057198743414900, 3.959862915525052400 ) ) ;
#2072 = DIRECTION ( 'NONE',  ( 1.000000000000000000, -0.0000000000000000000, -0.0000000000000000000 ) ) ;
#2073 = DIRECTION ( 'NONE',  ( 0.0000000000000000000, 0.0000000000000000000, -1.000000000000000000 ) ) ;
#2074 = DIRECTION ( 'NONE',  ( 1.000000000000000000, -0.0000000000000000000, -0.0000000000000000000 ) ) ;
#2075 = DIRECTION ( 'NONE',  ( -1.000000000000000000, -0.0000000000000000000, -0.0000000000000000000 ) ) ;
#2076 = CARTESIAN_POINT ( 'NONE',  ( -5.500000000000001800, 3.489307230584130600, -3.848734863639387000 ) ) ;
#2077 = CARTESIAN_POINT ( 'NONE',  ( 3.499999999999999600, -0.5343341453270352700, -6.663611034652128700 ) ) ;
#2078 = CARTESIAN_POINT ( 'NONE',  ( 8.500000000000000000, -3.999999999999998200, -6.928203230275509700 ) ) ;
#2079 = CARTESIAN_POINT ( 'NONE',  ( -5.500000000000001800, 2.975795141339346600, -4.258247089681519900 ) ) ;
#2080 = CARTESIAN_POINT ( 'NONE',  ( -5.500000000000001800, -5.542972784208763500, 3.736934266684516400 ) ) ;
#2081 = DIRECTION ( 'NONE',  ( 1.000000000000000000, -0.0000000000000000000, -0.0000000000000000000 ) ) ;
#2082 = CARTESIAN_POINT ( 'NONE',  ( 4.814999999999995100, -9.642034869688163000E-016, 0.0000000000000000000 ) ) ;
#2083 = DIRECTION ( 'NONE',  ( -1.000000000000000000, 0.0000000000000000000, 0.0000000000000000000 ) ) ;
#2084 = DIRECTION ( 'NONE',  ( 0.0000000000000000000, 0.0000000000000000000, 1.000000000000000000 ) ) ;
#2085 = CARTESIAN_POINT ( 'NONE',  ( 13.50000000000000400, 0.0000000000000000000, 0.0000000000000000000 ) ) ;
#2086 = DIRECTION ( 'NONE',  ( 0.0000000000000000000, -0.9749279121818257300, 0.2225209339563052100 ) ) ;
#2087 = DIRECTION ( 'NONE',  ( -2.168404344971008900E-016, -0.4999999999999998300, -0.8660254037844387100 ) ) ;
#2088 = FILL_AREA_STYLE_COLOUR ( '', #1088 ) ;
#2089 = CARTESIAN_POINT ( 'NONE',  ( 5.500000000000000000, -5.835052170629878400, 1.500930100313651900 ) ) ;
#2090 = DIRECTION ( 'NONE',  ( 1.000000000000000000, -0.0000000000000000000, -0.0000000000000000000 ) ) ;
#2091 = CARTESIAN_POINT ( 'NONE',  ( -5.500000000000001800, 1.516409641875775500, 5.125380649086091400 ) ) ;
#2092 = CARTESIAN_POINT ( 'NONE',  ( 3.499999999999999600, 0.0000000000000000000, 0.0000000000000000000 ) ) ;
#2093 = DIRECTION ( 'NONE',  ( 0.0000000000000000000, 0.0000000000000000000, -1.000000000000000000 ) ) ;
#2094 = DIRECTION ( 'NONE',  ( -1.000000000000000000, 0.0000000000000000000, 0.0000000000000000000 ) ) ;
#2095 = DIRECTION ( 'NONE',  ( 0.0000000000000000000, 0.0000000000000000000, 1.000000000000000000 ) ) ;
#2096 = DIRECTION ( 'NONE',  ( -1.084202172485504200E-016, 1.000000000000000000, 0.0000000000000000000 ) ) ;
#2097 = CARTESIAN_POINT ( 'NONE',  ( -5.500000000000001800, 5.835052170629866800, 1.500930100313691900 ) ) ;
#2098 = DIRECTION ( 'NONE',  ( 0.0000000000000000000, 0.8660254037844388200, -0.4999999999999997200 ) ) ;
#2099 = DIRECTION ( 'NONE',  ( 0.0000000000000000000, 0.0000000000000000000, -1.000000000000000000 ) ) ;
#2100 = DIRECTION ( 'NONE',  ( 0.0000000000000000000, 0.0000000000000000000, 1.000000000000000000 ) ) ;
#2101 = DIRECTION ( 'NONE',  ( 0.0000000000000000000, 0.0000000000000000000, 1.000000000000000000 ) ) ;
#2102 = SURFACE_SIDE_STYLE ('',( #1085 ) ) ;
#2103 = SURFACE_STYLE_USAGE ( .BOTH. , #2102 ) ;
#2104 =( NAMED_UNIT ( * ) PLANE_ANGLE_UNIT ( ) SI_UNIT ( $, .RADIAN. ) );
#2105 = APPLICATION_PROTOCOL_DEFINITION ( 'draft international standard', 'automotive_design', 1998, #2114 ) ;
#2106 = APPLICATION_PROTOCOL_DEFINITION ( 'draft international standard', 'automotive_design', 1998, #2119 ) ;
#2107 = DIRECTION ( 'NONE',  ( 0.0000000000000000000, -0.7818314824680352400, 0.6234898018587268200 ) ) ;
#2108 = CARTESIAN_POINT ( 'NONE',  ( 3.499999999999999600, 0.0000000000000000000, 0.0000000000000000000 ) ) ;
#2109 = DIRECTION ( 'NONE',  ( 1.000000000000000000, 0.0000000000000000000, 0.0000000000000000000 ) ) ;
#2110 =( NAMED_UNIT ( * ) PLANE_ANGLE_UNIT ( ) SI_UNIT ( $, .RADIAN. ) );
#2111 =( NAMED_UNIT ( * ) SI_UNIT ( $, .STERADIAN. ) SOLID_ANGLE_UNIT ( ) );
#2112 = FILL_AREA_STYLE ('',( #2088 ) ) ;
#2113 =( LENGTH_UNIT ( ) NAMED_UNIT ( * ) SI_UNIT ( .MILLI., .METRE. ) );
#2114 = APPLICATION_CONTEXT ( 'automotive_design' ) ;
#2115 = DIRECTION ( 'NONE',  ( 0.0000000000000000000, 0.0000000000000000000, 1.000000000000000000 ) ) ;
#2116 = PRODUCT_CONTEXT ( 'NONE', #2114, 'mechanical' ) ;
#2117 = CARTESIAN_POINT ( 'NONE',  ( 0.0000000000000000000, 0.0000000000000000000, 0.0000000000000000000 ) ) ;
#2118 =( LENGTH_UNIT ( ) NAMED_UNIT ( * ) SI_UNIT ( .MILLI., .METRE. ) );
#2119 = APPLICATION_CONTEXT ( 'automotive_design' ) ;
#2120 = DIRECTION ( 'NONE',  ( -1.000000000000000000, -0.0000000000000000000, 0.0000000000000000000 ) ) ;
#2121 = DIRECTION ( 'NONE',  ( -1.000000000000000000, 0.0000000000000000000, 0.0000000000000000000 ) ) ;
#2122 = DIRECTION ( 'NONE',  ( 0.0000000000000000000, -0.7818314824680221400, -0.6234898018587431400 ) ) ;
#2123 =( NAMED_UNIT ( * ) SI_UNIT ( $, .STERADIAN. ) SOLID_ANGLE_UNIT ( ) );
#2124 = EDGE_CURVE ( 'NONE', #789, #1799, #290, .T. ) ;
#2125 = EDGE_CURVE ( 'NONE', #1799, #1748, #298, .T. ) ;
#2126 = EDGE_CURVE ( 'NONE', #534, #445, #293, .T. ) ;
#2127 = EDGE_CURVE ( 'NONE', #1871, #780, #310, .T. ) ;
#2128 = EDGE_CURVE ( 'NONE', #432, #452, #297, .T. ) ;
#2129 = EDGE_CURVE ( 'NONE', #437, #431, #304, .T. ) ;
#2130 = EDGE_CURVE ( 'NONE', #1831, #534, #305, .T. ) ;
#2131 = EDGE_CURVE ( 'NONE', #452, #423, #301, .T. ) ;
#2132 = EDGE_CURVE ( 'NONE', #478, #1775, #316, .T. ) ;
#2133 = EDGE_CURVE ( 'NONE', #796, #1848, #315, .T. ) ;
#2134 = EDGE_CURVE ( 'NONE', #494, #421, #275, .T. ) ;
#2135 = EDGE_CURVE ( 'NONE', #1878, #1876, #267, .T. ) ;
#2136 = EDGE_CURVE ( 'NONE', #1876, #1859, #1664, .T. ) ;
#2137 = EDGE_CURVE ( 'NONE', #1859, #1853, #4733, .T. ) ;
#2138 = EDGE_CURVE ( 'NONE', #1689, #1713, #4410, .T. ) ;
#2139 = EDGE_CURVE ( 'NONE', #1842, #1713, #257, .T. ) ;
#2140 = EDGE_CURVE ( 'NONE', #1823, #1871, #1636, .T. ) ;
#2141 = EDGE_CURVE ( 'NONE', #1750, #1857, #1092, .T. ) ;
#2142 = EDGE_CURVE ( 'NONE', #490, #517, #1091, .T. ) ;
#2143 = EDGE_CURVE ( 'NONE', #1862, #803, #1141, .T. ) ;
#2144 = EDGE_CURVE ( 'NONE', #1853, #1878, #1130, .T. ) ;
#2145 = EDGE_CURVE ( 'NONE', #515, #507, #1128, .T. ) ;
#2146 = EDGE_CURVE ( 'NONE', #1762, #1842, #1119, .T. ) ;
#2147 = EDGE_CURVE ( 'NONE', #808, #796, #1142, .T. ) ;
#2148 = EDGE_CURVE ( 'NONE', #1848, #1840, #1095, .T. ) ;
#2149 = EDGE_CURVE ( 'NONE', #1656, #1714, #1104, .T. ) ;
#2150 = EDGE_CURVE ( 'NONE', #1748, #1869, #1096, .T. ) ;
#2151 = EDGE_CURVE ( 'NONE', #1775, #1838, #1143, .T. ) ;
#2152 = EDGE_CURVE ( 'NONE', #423, #481, #1098, .T. ) ;
#2153 = EDGE_CURVE ( 'NONE', #517, #494, #1138, .T. ) ;
#2154 = EDGE_CURVE ( 'NONE', #780, #1822, #1109, .T. ) ;
#2155 = EDGE_CURVE ( 'NONE', #1656, #1691, #1117, .T. ) ;
#2156 = ORIENTED_EDGE ( 'NONE', *, *, #4605, .T. ) ;
#2157 = ORIENTED_EDGE ( 'NONE', *, *, #104, .T. ) ;
#2158 = ORIENTED_EDGE ( 'NONE', *, *, #221, .T. ) ;
#2159 = ORIENTED_EDGE ( 'NONE', *, *, #41, .T. ) ;
#2160 = ORIENTED_EDGE ( 'NONE', *, *, #4606, .T. ) ;
#2161 = ORIENTED_EDGE ( 'NONE', *, *, #2598, .T. ) ;
#2162 = ORIENTED_EDGE ( 'NONE', *, *, #89, .T. ) ;
#2163 = ORIENTED_EDGE ( 'NONE', *, *, #4564, .T. ) ;
#2164 = ORIENTED_EDGE ( 'NONE', *, *, #96, .F. ) ;
#2165 = ORIENTED_EDGE ( 'NONE', *, *, #79, .T. ) ;
#2166 = ORIENTED_EDGE ( 'NONE', *, *, #86, .F. ) ;
#2167 = ORIENTED_EDGE ( 'NONE', *, *, #115, .T. ) ;
#2168 = ORIENTED_EDGE ( 'NONE', *, *, #334, .T. ) ;
#2169 = ORIENTED_EDGE ( 'NONE', *, *, #167, .F. ) ;
#2170 = ORIENTED_EDGE ( 'NONE', *, *, #92, .F. ) ;
#2171 = ORIENTED_EDGE ( 'NONE', *, *, #226, .T. ) ;
#2172 = ORIENTED_EDGE ( 'NONE', *, *, #189, .T. ) ;
#2173 = ORIENTED_EDGE ( 'NONE', *, *, #4615, .T. ) ;
#2174 = ORIENTED_EDGE ( 'NONE', *, *, #99, .F. ) ;
#2175 = ORIENTED_EDGE ( 'NONE', *, *, #122, .T. ) ;
#2176 = ORIENTED_EDGE ( 'NONE', *, *, #26, .T. ) ;
#2177 = ORIENTED_EDGE ( 'NONE', *, *, #4591, .T. ) ;
#2178 = ORIENTED_EDGE ( 'NONE', *, *, #66, .T. ) ;
#2179 = ORIENTED_EDGE ( 'NONE', *, *, #173, .F. ) ;
#2180 = ORIENTED_EDGE ( 'NONE', *, *, #246, .T. ) ;
#2181 = ORIENTED_EDGE ( 'NONE', *, *, #24, .T. ) ;
#2182 = ORIENTED_EDGE ( 'NONE', *, *, #4565, .T. ) ;
#2183 = ORIENTED_EDGE ( 'NONE', *, *, #110, .T. ) ;
#2184 = ORIENTED_EDGE ( 'NONE', *, *, #183, .F. ) ;
#2185 = ORIENTED_EDGE ( 'NONE', *, *, #326, .F. ) ;
#2186 = ORIENTED_EDGE ( 'NONE', *, *, #4619, .T. ) ;
#2187 = ORIENTED_EDGE ( 'NONE', *, *, #4593, .T. ) ;
#2188 = ORIENTED_EDGE ( 'NONE', *, *, #353, .T. ) ;
#2189 = ORIENTED_EDGE ( 'NONE', *, *, #33, .T. ) ;
#2190 = ORIENTED_EDGE ( 'NONE', *, *, #68, .T. ) ;
#2191 = ORIENTED_EDGE ( 'NONE', *, *, #243, .T. ) ;
#2192 = ORIENTED_EDGE ( 'NONE', *, *, #134, .F. ) ;
#2193 = ORIENTED_EDGE ( 'NONE', *, *, #36, .T. ) ;
#2194 = ORIENTED_EDGE ( 'NONE', *, *, #249, .T. ) ;
#2195 = ORIENTED_EDGE ( 'NONE', *, *, #23, .T. ) ;
#2196 = ORIENTED_EDGE ( 'NONE', *, *, #255, .F. ) ;
#2197 = ORIENTED_EDGE ( 'NONE', *, *, #82, .F. ) ;
#2198 = ORIENTED_EDGE ( 'NONE', *, *, #4611, .T. ) ;
#2199 = ORIENTED_EDGE ( 'NONE', *, *, #101, .F. ) ;
#2200 = ORIENTED_EDGE ( 'NONE', *, *, #254, .F. ) ;
#2201 = ORIENTED_EDGE ( 'NONE', *, *, #63, .T. ) ;
#2202 = ORIENTED_EDGE ( 'NONE', *, *, #34, .T. ) ;
#2203 = ORIENTED_EDGE ( 'NONE', *, *, #217, .F. ) ;
#2204 = ORIENTED_EDGE ( 'NONE', *, *, #93, .F. ) ;
#2205 = ORIENTED_EDGE ( 'NONE', *, *, #28, .T. ) ;
#2206 = ORIENTED_EDGE ( 'NONE', *, *, #38, .F. ) ;
#2207 = ORIENTED_EDGE ( 'NONE', *, *, #149, .F. ) ;
#2208 = ORIENTED_EDGE ( 'NONE', *, *, #341, .T. ) ;
#2209 = ORIENTED_EDGE ( 'NONE', *, *, #121, .F. ) ;
#2210 = ORIENTED_EDGE ( 'NONE', *, *, #4588, .T. ) ;
#2211 = ORIENTED_EDGE ( 'NONE', *, *, #324, .T. ) ;
#2212 = ORIENTED_EDGE ( 'NONE', *, *, #46, .T. ) ;
#2213 = ORIENTED_EDGE ( 'NONE', *, *, #106, .F. ) ;
#2214 = ORIENTED_EDGE ( 'NONE', *, *, #51, .T. ) ;
#2215 = ORIENTED_EDGE ( 'NONE', *, *, #11, .T. ) ;
#2216 = ORIENTED_EDGE ( 'NONE', *, *, #4563, .T. ) ;
#2217 = ORIENTED_EDGE ( 'NONE', *, *, #343, .F. ) ;
#2218 = ORIENTED_EDGE ( 'NONE', *, *, #331, .F. ) ;
#2219 = ORIENTED_EDGE ( 'NONE', *, *, #354, .T. ) ;
#2220 = ORIENTED_EDGE ( 'NONE', *, *, #10, .T. ) ;
#2221 = ORIENTED_EDGE ( 'NONE', *, *, #32, .T. ) ;
#2222 = ORIENTED_EDGE ( 'NONE', *, *, #2155, .T. ) ;
#2223 = CIRCLE ( 'NONE', #4663, 0.1499999999999999700 ) ;
#2224 = CIRCLE ( 'NONE', #4674, 0.2799999999999998600 ) ;
#2225 = ORIENTED_EDGE ( 'NONE', *, *, #340, .F. ) ;
#2226 = CIRCLE ( 'NONE', #4625, 6.304999999999999700 ) ;
#2227 = ORIENTED_EDGE ( 'NONE', *, *, #62, .T. ) ;
#2228 = CIRCLE ( 'NONE', #4641, 0.2799999999999998600 ) ;
#2229 = CIRCLE ( 'NONE', #4640, 0.1499999999999999700 ) ;
#2230 = CIRCLE ( 'NONE', #4637, 0.1499999999999999700 ) ;
#2231 = ORIENTED_EDGE ( 'NONE', *, *, #4424, .T. ) ;
#2232 = ORIENTED_EDGE ( 'NONE', *, *, #336, .F. ) ;
#2233 = ORIENTED_EDGE ( 'NONE', *, *, #323, .F. ) ;
#2234 = LINE ( 'NONE', #2707, #2242 ) ;
#2235 = ORIENTED_EDGE ( 'NONE', *, *, #4429, .F. ) ;
#2236 = ORIENTED_EDGE ( 'NONE', *, *, #327, .F. ) ;
#2237 = VERTEX_POINT ( 'NONE', #3350 ) ;
#2238 = VECTOR ( 'NONE', #2686, 1000.000000000000000 ) ;
#2239 = ORIENTED_EDGE ( 'NONE', *, *, #39, .T. ) ;
#2240 = CIRCLE ( 'NONE', #4562, 6.304999999999999700 ) ;
#2241 = CIRCLE ( 'NONE', #4633, 0.2799999999999998600 ) ;
#2242 = VECTOR ( 'NONE', #2694, 1000.000000000000000 ) ;
#2243 = CIRCLE ( 'NONE', #4634, 0.2799999999999998600 ) ;
#2244 = VECTOR ( 'NONE', #2690, 1000.000000000000000 ) ;
#2245 = LINE ( 'NONE', #2668, #2252 ) ;
#2246 = CIRCLE ( 'NONE', #4638, 0.2799999999999998600 ) ;
#2247 = ORIENTED_EDGE ( 'NONE', *, *, #51, .F. ) ;
#2248 = CIRCLE ( 'NONE', #4624, 5.194999999999998500 ) ;
#2249 = CIRCLE ( 'NONE', #4636, 0.1499999999999999700 ) ;
#2250 = ORIENTED_EDGE ( 'NONE', *, *, #328, .T. ) ;
#2251 = LINE ( 'NONE', #2665, #2238 ) ;
#2252 = VECTOR ( 'NONE', #2696, 1000.000000000000000 ) ;
#2253 = CIRCLE ( 'NONE', #4657, 0.2800000000000000800 ) ;
#2254 = CIRCLE ( 'NONE', #4626, 0.2799999999999998600 ) ;
#2255 = VECTOR ( 'NONE', #2700, 1000.000000000000000 ) ;
#2256 = CIRCLE ( 'NONE', #4686, 0.1499999999999999700 ) ;
#2257 = CIRCLE ( 'NONE', #4635, 8.000000000000001800 ) ;
#2258 = ORIENTED_EDGE ( 'NONE', *, *, #339, .T. ) ;
#2259 = CIRCLE ( 'NONE', #4643, 0.1499999999999999700 ) ;
#2260 = CIRCLE ( 'NONE', #4642, 5.194999999999997600 ) ;
#2261 = CIRCLE ( 'NONE', #4495, 6.304999999999999700 ) ;
#2262 = LINE ( 'NONE', #2667, #2255 ) ;
#2263 = CIRCLE ( 'NONE', #4442, 1.975000000000000100 ) ;
#2264 = ORIENTED_EDGE ( 'NONE', *, *, #36, .F. ) ;
#2265 = CIRCLE ( 'NONE', #4573, 0.1499999999999999700 ) ;
#2266 = LINE ( 'NONE', #2692, #2244 ) ;
#2267 = ORIENTED_EDGE ( 'NONE', *, *, #355, .T. ) ;
#2268 = ORIENTED_EDGE ( 'NONE', *, *, #346, .T. ) ;
#2269 = ORIENTED_EDGE ( 'NONE', *, *, #4428, .F. ) ;
#2270 = CIRCLE ( 'NONE', #4639, 0.1499999999999999700 ) ;
#2271 = CIRCLE ( 'NONE', #4652, 0.1499999999999999700 ) ;
#2272 = ORIENTED_EDGE ( 'NONE', *, *, #38, .T. ) ;
#2273 = CIRCLE ( 'NONE', #4673, 1.975000000000000100 ) ;
#2274 = ORIENTED_EDGE ( 'NONE', *, *, #11, .F. ) ;
#2275 = ORIENTED_EDGE ( 'NONE', *, *, #2145, .T. ) ;
#2276 = CLOSED_SHELL ( 'NONE', ( #4873, #4858, #4855, #4875, #4993, #4856, #4881, #4865, #4994, #4869, #4990, #4878, #4866, #4991, #4992, #4880, #4995, #4997, #4996, #4861, #4863, #4859, #4876, #4870, #4857, #4864, #4862, #4867, #4860, #4879, #4874, #4877, #4871, #4868, #4872, #4919, #4914, #4949, #4969, #4973, #4937, #4948, #4913, #4950, #4882, #4901, #4915, #4926, #4958, #4940, #4951, #4930, #4957, #4912, #4972, #4963, #4916, #4968, #4936, #4883, #4925, #4917, #4976, #4978, #4890, #4895, #4897, #4902, #4898, #4888, #4894, #4910, #4908, #4889, #4911, #4903, #4900, #4892, #4896, #4884, #4909, #4886, #4906, #4905, #4891, #4893, #4885, #4904, #4887, #4907, #4899, #4934, #4933, #4952, #4955, #4922, #4929, #4918, #4921, #4939, #4971, #4959, #4965, #4938, #4974, #4927, #4953, #4932, #4943, #4920, #4964, #4924, #4941, #4928, #4931, #4960, #4970, #4942, #4966, #4988, #4984, #4935, #4975, #4946, #4979, #4945, #4962, #4986, #4947, #4989, #4985, #4980, #4983, #4944, #4977, #4961, #4967, #4923, #4982, #4987, #4954, #4956, #4999, #5000, #4981, #4998 ) ) ;
#2277 = CIRCLE ( 'NONE', #4656, 0.2799999999999998600 ) ;
#2278 = ORIENTED_EDGE ( 'NONE', *, *, #348, .T. ) ;
#2279 = CIRCLE ( 'NONE', #4662, 0.2799999999999998600 ) ;
#2280 = LINE ( 'NONE', #2691, #2282 ) ;
#2281 = ORIENTED_EDGE ( 'NONE', *, *, #39, .F. ) ;
#2282 = VECTOR ( 'NONE', #2706, 1000.000000000000000 ) ;
#2283 = CIRCLE ( 'NONE', #4646, 8.000000000000000000 ) ;
#2284 = CIRCLE ( 'NONE', #4672, 1.975000000000000100 ) ;
#2285 = CIRCLE ( 'NONE', #4680, 0.2799999999999998600 ) ;
#2286 = CIRCLE ( 'NONE', #4645, 0.1499999999999999700 ) ;
#2287 = CIRCLE ( 'NONE', #4658, 0.1499999999999999700 ) ;
#2288 = VECTOR ( 'NONE', #2895, 1000.000000000000000 ) ;
#2289 = CIRCLE ( 'NONE', #4667, 3.000000000000000400 ) ;
#2290 = CIRCLE ( 'NONE', #4651, 6.685000000000000500 ) ;
#2291 = CIRCLE ( 'NONE', #4678, 0.1499999999999999700 ) ;
#2292 = CIRCLE ( 'NONE', #4647, 0.1499999999999999900 ) ;
#2293 = CIRCLE ( 'NONE', #4649, 1.975000000000000100 ) ;
#2294 = CIRCLE ( 'NONE', #4627, 0.2800000000000000800 ) ;
#2295 = CIRCLE ( 'NONE', #4668, 0.2799999999999998600 ) ;
#2296 = CIRCLE ( 'NONE', #4630, 7.950000000000002000 ) ;
#2297 = CIRCLE ( 'NONE', #4660, 0.1499999999999999700 ) ;
#2298 = CIRCLE ( 'NONE', #4659, 7.950000000000002000 ) ;
#2299 = CIRCLE ( 'NONE', #4631, 0.2799999999999998600 ) ;
#2300 = CIRCLE ( 'NONE', #4665, 0.1499999999999999700 ) ;
#2301 = CIRCLE ( 'NONE', #4687, 0.2799999999999998600 ) ;
#2302 = CIRCLE ( 'NONE', #4628, 5.000000000000000000 ) ;
#2303 = CIRCLE ( 'NONE', #4666, 0.2799999999999998600 ) ;
#2304 = CIRCLE ( 'NONE', #4644, 0.1499999999999999700 ) ;
#2305 = CIRCLE ( 'NONE', #4671, 5.000000000000000000 ) ;
#2306 = CIRCLE ( 'NONE', #4669, 6.304999999999999700 ) ;
#2307 = CIRCLE ( 'NONE', #4664, 0.1499999999999999700 ) ;
#2308 = LINE ( 'NONE', #2906, #2320 ) ;
#2309 = CIRCLE ( 'NONE', #4670, 6.304999999999999700 ) ;
#2310 = LINE ( 'NONE', #2882, #2311 ) ;
#2311 = VECTOR ( 'NONE', #2912, 1000.000000000000000 ) ;
#2312 = CIRCLE ( 'NONE', #4655, 0.2799999999999998600 ) ;
#2313 = CIRCLE ( 'NONE', #4677, 6.304999999999999700 ) ;
#2314 = VECTOR ( 'NONE', #2910, 1000.000000000000000 ) ;
#2315 = CIRCLE ( 'NONE', #4676, 6.304999999999999700 ) ;
#2316 = CIRCLE ( 'NONE', #4679, 1.974999999999999400 ) ;
#2317 = CIRCLE ( 'NONE', #4444, 6.304999999999999700 ) ;
#2318 = LINE ( 'NONE', #2935, #2319 ) ;
#2319 = VECTOR ( 'NONE', #2949, 1000.000000000000000 ) ;
#2320 = VECTOR ( 'NONE', #2918, 1000.000000000000000 ) ;
#2321 = CIRCLE ( 'NONE', #4650, 0.1499999999999999700 ) ;
#2322 = CIRCLE ( 'NONE', #4648, 0.1499999999999999700 ) ;
#2323 = CIRCLE ( 'NONE', #4654, 6.685000000000001400 ) ;
#2324 = CIRCLE ( 'NONE', #4661, 0.1499999999999999700 ) ;
#2325 = CIRCLE ( 'NONE', #4653, 0.1499999999999999700 ) ;
#2326 = LINE ( 'NONE', #2911, #2314 ) ;
#2327 = CIRCLE ( 'NONE', #4675, 1.975000000000000300 ) ;
#2328 = CIRCLE ( 'NONE', #4685, 3.000000000000000400 ) ;
#2329 = CIRCLE ( 'NONE', #4681, 0.2799999999999998600 ) ;
#2330 = CIRCLE ( 'NONE', #4688, 0.1499999999999999700 ) ;
#2331 = CIRCLE ( 'NONE', #4684, 0.1499999999999999700 ) ;
#2332 = LINE ( 'NONE', #2881, #2288 ) ;
#2333 = LINE ( 'NONE', #2943, #2362 ) ;
#2334 = CIRCLE ( 'NONE', #4464, 5.194999999999998500 ) ;
#2335 = CIRCLE ( 'NONE', #4441, 6.304999999999999700 ) ;
#2336 = VECTOR ( 'NONE', #2998, 1000.000000000000000 ) ;
#2337 = LINE ( 'NONE', #2973, #2352 ) ;
#2338 = CIRCLE ( 'NONE', #4461, 5.194999999999998500 ) ;
#2339 = VECTOR ( 'NONE', #2934, 1000.000000000000000 ) ;
#2340 = CIRCLE ( 'NONE', #4481, 1.975000000000000100 ) ;
#2341 = VECTOR ( 'NONE', #2947, 1000.000000000000000 ) ;
#2342 = CIRCLE ( 'NONE', #4629, 6.304999999999999700 ) ;
#2343 = LINE ( 'NONE', #2942, #2350 ) ;
#2344 = LINE ( 'NONE', #2945, #2341 ) ;
#2345 = VECTOR ( 'NONE', #2992, 1000.000000000000000 ) ;
#2346 = CIRCLE ( 'NONE', #4632, 1.974999999999999900 ) ;
#2347 = CIRCLE ( 'NONE', #4435, 6.304999999999999700 ) ;
#2348 = CIRCLE ( 'NONE', #4682, 6.304999999999999700 ) ;
#2349 = CIRCLE ( 'NONE', #4683, 5.194999999999998500 ) ;
#2350 = VECTOR ( 'NONE', #2926, 1000.000000000000000 ) ;
#2351 = VECTOR ( 'NONE', #2956, 1000.000000000000000 ) ;
#2352 = VECTOR ( 'NONE', #2959, 1000.000000000000000 ) ;
#2353 = CIRCLE ( 'NONE', #4482, 5.194999999999998500 ) ;
#2354 = CIRCLE ( 'NONE', #4492, 1.974999999999999900 ) ;
#2355 = LINE ( 'NONE', #2960, #2336 ) ;
#2356 = CIRCLE ( 'NONE', #4491, 6.304999999999999700 ) ;
#2357 = CIRCLE ( 'NONE', #4486, 1.975000000000000100 ) ;
#2358 = LINE ( 'NONE', #2955, #2351 ) ;
#2359 = CIRCLE ( 'NONE', #4440, 5.194999999999998500 ) ;
#2360 = LINE ( 'NONE', #2982, #2345 ) ;
#2361 = CIRCLE ( 'NONE', #4487, 1.974999999999999600 ) ;
#2362 = VECTOR ( 'NONE', #2948, 1000.000000000000000 ) ;
#2363 = LINE ( 'NONE', #2932, #2339 ) ;
#2364 = CIRCLE ( 'NONE', #4490, 1.975000000000000100 ) ;
#2365 = ORIENTED_EDGE ( 'NONE', *, *, #59, .F. ) ;
#2366 = ORIENTED_EDGE ( 'NONE', *, *, #245, .T. ) ;
#2367 = ORIENTED_EDGE ( 'NONE', *, *, #2124, .F. ) ;
#2368 = ORIENTED_EDGE ( 'NONE', *, *, #2126, .F. ) ;
#2369 = ORIENTED_EDGE ( 'NONE', *, *, #345, .T. ) ;
#2370 = ORIENTED_EDGE ( 'NONE', *, *, #260, .T. ) ;
#2371 = ORIENTED_EDGE ( 'NONE', *, *, #4577, .T. ) ;
#2372 = ORIENTED_EDGE ( 'NONE', *, *, #90, .F. ) ;
#2373 = ORIENTED_EDGE ( 'NONE', *, *, #251, .F. ) ;
#2374 = ORIENTED_EDGE ( 'NONE', *, *, #52, .F. ) ;
#2375 = ORIENTED_EDGE ( 'NONE', *, *, #4600, .T. ) ;
#2376 = ORIENTED_EDGE ( 'NONE', *, *, #1, .F. ) ;
#2377 = ORIENTED_EDGE ( 'NONE', *, *, #151, .F. ) ;
#2378 = ORIENTED_EDGE ( 'NONE', *, *, #3, .F. ) ;
#2379 = ORIENTED_EDGE ( 'NONE', *, *, #42, .T. ) ;
#2380 = ORIENTED_EDGE ( 'NONE', *, *, #350, .F. ) ;
#2381 = ORIENTED_EDGE ( 'NONE', *, *, #107, .T. ) ;
#2382 = ORIENTED_EDGE ( 'NONE', *, *, #4587, .T. ) ;
#2383 = ORIENTED_EDGE ( 'NONE', *, *, #2143, .F. ) ;
#2384 = ORIENTED_EDGE ( 'NONE', *, *, #4832, .F. ) ;
#2385 = ORIENTED_EDGE ( 'NONE', *, *, #64, .T. ) ;
#2386 = ORIENTED_EDGE ( 'NONE', *, *, #163, .F. ) ;
#2387 = ORIENTED_EDGE ( 'NONE', *, *, #4589, .T. ) ;
#2388 = ORIENTED_EDGE ( 'NONE', *, *, #166, .F. ) ;
#2389 = ORIENTED_EDGE ( 'NONE', *, *, #216, .F. ) ;
#2390 = ORIENTED_EDGE ( 'NONE', *, *, #4431, .F. ) ;
#2391 = ORIENTED_EDGE ( 'NONE', *, *, #4572, .T. ) ;
#2392 = ORIENTED_EDGE ( 'NONE', *, *, #4612, .T. ) ;
#2393 = ORIENTED_EDGE ( 'NONE', *, *, #2147, .F. ) ;
#2394 = ORIENTED_EDGE ( 'NONE', *, *, #56, .T. ) ;
#2395 = ORIENTED_EDGE ( 'NONE', *, *, #4430, .T. ) ;
#2396 = ORIENTED_EDGE ( 'NONE', *, *, #2131, .F. ) ;
#2397 = ORIENTED_EDGE ( 'NONE', *, *, #4427, .F. ) ;
#2398 = ORIENTED_EDGE ( 'NONE', *, *, #58, .T. ) ;
#2399 = ORIENTED_EDGE ( 'NONE', *, *, #65, .F. ) ;
#2400 = ORIENTED_EDGE ( 'NONE', *, *, #131, .F. ) ;
#2401 = ORIENTED_EDGE ( 'NONE', *, *, #62, .F. ) ;
#2402 = ORIENTED_EDGE ( 'NONE', *, *, #225, .F. ) ;
#2403 = ORIENTED_EDGE ( 'NONE', *, *, #4596, .T. ) ;
#2404 = ORIENTED_EDGE ( 'NONE', *, *, #4426, .T. ) ;
#2405 = ORIENTED_EDGE ( 'NONE', *, *, #352, .F. ) ;
#2406 = ORIENTED_EDGE ( 'NONE', *, *, #49, .T. ) ;
#2407 = ORIENTED_EDGE ( 'NONE', *, *, #4613, .T. ) ;
#2408 = ORIENTED_EDGE ( 'NONE', *, *, #4617, .T. ) ;
#2409 = ORIENTED_EDGE ( 'NONE', *, *, #49, .F. ) ;
#2410 = ORIENTED_EDGE ( 'NONE', *, *, #256, .F. ) ;
#2411 = ORIENTED_EDGE ( 'NONE', *, *, #4582, .T. ) ;
#2412 = ORIENTED_EDGE ( 'NONE', *, *, #209, .F. ) ;
#2413 = ORIENTED_EDGE ( 'NONE', *, *, #4433, .F. ) ;
#2414 = ORIENTED_EDGE ( 'NONE', *, *, #181, .F. ) ;
#2415 = ORIENTED_EDGE ( 'NONE', *, *, #4583, .T. ) ;
#2416 = ORIENTED_EDGE ( 'NONE', *, *, #4580, .T. ) ;
#2417 = ORIENTED_EDGE ( 'NONE', *, *, #4425, .T. ) ;
#2418 = ORIENTED_EDGE ( 'NONE', *, *, #347, .T. ) ;
#2419 = ORIENTED_EDGE ( 'NONE', *, *, #135, .F. ) ;
#2420 = ORIENTED_EDGE ( 'NONE', *, *, #4423, .F. ) ;
#2421 = ORIENTED_EDGE ( 'NONE', *, *, #322, .T. ) ;
#2422 = ORIENTED_EDGE ( 'NONE', *, *, #325, .F. ) ;
#2423 = ORIENTED_EDGE ( 'NONE', *, *, #253, .F. ) ;
#2424 = ORIENTED_EDGE ( 'NONE', *, *, #4829, .F. ) ;
#2425 = ORIENTED_EDGE ( 'NONE', *, *, #10, .F. ) ;
#2426 = ORIENTED_EDGE ( 'NONE', *, *, #4585, .T. ) ;
#2427 = ORIENTED_EDGE ( 'NONE', *, *, #81, .T. ) ;
#2428 = ORIENTED_EDGE ( 'NONE', *, *, #342, .T. ) ;
#2429 = ORIENTED_EDGE ( 'NONE', *, *, #4821, .T. ) ;
#2430 = ORIENTED_EDGE ( 'NONE', *, *, #203, .T. ) ;
#2431 = ORIENTED_EDGE ( 'NONE', *, *, #50, .T. ) ;
#2432 = ORIENTED_EDGE ( 'NONE', *, *, #65, .T. ) ;
#2433 = ORIENTED_EDGE ( 'NONE', *, *, #187, .F. ) ;
#2434 = ORIENTED_EDGE ( 'NONE', *, *, #233, .T. ) ;
#2435 = ORIENTED_EDGE ( 'NONE', *, *, #59, .T. ) ;
#2436 = ORIENTED_EDGE ( 'NONE', *, *, #180, .F. ) ;
#2437 = ORIENTED_EDGE ( 'NONE', *, *, #5241, .F. ) ;
#2438 = ORIENTED_EDGE ( 'NONE', *, *, #7, .T. ) ;
#2439 = ORIENTED_EDGE ( 'NONE', *, *, #185, .F. ) ;
#2440 = ORIENTED_EDGE ( 'NONE', *, *, #2153, .F. ) ;
#2441 = ORIENTED_EDGE ( 'NONE', *, *, #139, .F. ) ;
#2442 = ORIENTED_EDGE ( 'NONE', *, *, #52, .T. ) ;
#2443 = ORIENTED_EDGE ( 'NONE', *, *, #4614, .T. ) ;
#2444 = ORIENTED_EDGE ( 'NONE', *, *, #329, .F. ) ;
#2445 = ORIENTED_EDGE ( 'NONE', *, *, #56, .F. ) ;
#2446 = ORIENTED_EDGE ( 'NONE', *, *, #4616, .T. ) ;
#2447 = ORIENTED_EDGE ( 'NONE', *, *, #175, .F. ) ;
#2448 = ORIENTED_EDGE ( 'NONE', *, *, #235, .T. ) ;
#2449 = ORIENTED_EDGE ( 'NONE', *, *, #241, .T. ) ;
#2450 = ORIENTED_EDGE ( 'NONE', *, *, #168, .F. ) ;
#2451 = ORIENTED_EDGE ( 'NONE', *, *, #236, .T. ) ;
#2452 = ORIENTED_EDGE ( 'NONE', *, *, #4592, .T. ) ;
#2453 = ORIENTED_EDGE ( 'NONE', *, *, #4576, .T. ) ;
#2454 = ORIENTED_EDGE ( 'NONE', *, *, #133, .F. ) ;
#2455 = ORIENTED_EDGE ( 'NONE', *, *, #152, .F. ) ;
#2456 = ORIENTED_EDGE ( 'NONE', *, *, #4602, .T. ) ;
#2457 = ORIENTED_EDGE ( 'NONE', *, *, #57, .T. ) ;
#2458 = ORIENTED_EDGE ( 'NONE', *, *, #4566, .T. ) ;
#2459 = ORIENTED_EDGE ( 'NONE', *, *, #20, .T. ) ;
#2460 = ORIENTED_EDGE ( 'NONE', *, *, #4590, .T. ) ;
#2461 = ORIENTED_EDGE ( 'NONE', *, *, #31, .T. ) ;
#2462 = ORIENTED_EDGE ( 'NONE', *, *, #4570, .T. ) ;
#2463 = ORIENTED_EDGE ( 'NONE', *, *, #43, .T. ) ;
#2464 = ORIENTED_EDGE ( 'NONE', *, *, #4607, .T. ) ;
#2465 = ORIENTED_EDGE ( 'NONE', *, *, #2141, .F. ) ;
#2466 = ORIENTED_EDGE ( 'NONE', *, *, #5242, .F. ) ;
#2467 = ORIENTED_EDGE ( 'NONE', *, *, #4579, .T. ) ;
#2468 = ORIENTED_EDGE ( 'NONE', *, *, #4601, .T. ) ;
#2469 = ORIENTED_EDGE ( 'NONE', *, *, #220, .T. ) ;
#2470 = ORIENTED_EDGE ( 'NONE', *, *, #4620, .T. ) ;
#2471 = ORIENTED_EDGE ( 'NONE', *, *, #357, .T. ) ;
#2472 = ORIENTED_EDGE ( 'NONE', *, *, #4598, .T. ) ;
#2473 = ORIENTED_EDGE ( 'NONE', *, *, #8, .T. ) ;
#2474 = ORIENTED_EDGE ( 'NONE', *, *, #4833, .F. ) ;
#2475 = ORIENTED_EDGE ( 'NONE', *, *, #239, .F. ) ;
#2476 = ORIENTED_EDGE ( 'NONE', *, *, #211, .F. ) ;
#2477 = ORIENTED_EDGE ( 'NONE', *, *, #2148, .F. ) ;
#2478 = ORIENTED_EDGE ( 'NONE', *, *, #61, .T. ) ;
#2479 = ORIENTED_EDGE ( 'NONE', *, *, #4610, .T. ) ;
#2480 = ORIENTED_EDGE ( 'NONE', *, *, #4567, .T. ) ;
#2481 = ORIENTED_EDGE ( 'NONE', *, *, #2, .T. ) ;
#2482 = ORIENTED_EDGE ( 'NONE', *, *, #2154, .F. ) ;
#2483 = ORIENTED_EDGE ( 'NONE', *, *, #5239, .F. ) ;
#2484 = ORIENTED_EDGE ( 'NONE', *, *, #204, .T. ) ;
#2485 = ORIENTED_EDGE ( 'NONE', *, *, #2151, .F. ) ;
#2486 = ORIENTED_EDGE ( 'NONE', *, *, #170, .F. ) ;
#2487 = ORIENTED_EDGE ( 'NONE', *, *, #80, .F. ) ;
#2488 = ORIENTED_EDGE ( 'NONE', *, *, #50, .F. ) ;
#2489 = ORIENTED_EDGE ( 'NONE', *, *, #5, .F. ) ;
#2490 = ORIENTED_EDGE ( 'NONE', *, *, #29, .T. ) ;
#2491 = ORIENTED_EDGE ( 'NONE', *, *, #72, .F. ) ;
#2492 = ORIENTED_EDGE ( 'NONE', *, *, #22, .T. ) ;
#2493 = ORIENTED_EDGE ( 'NONE', *, *, #15, .T. ) ;
#2494 = ORIENTED_EDGE ( 'NONE', *, *, #4837, .F. ) ;
#2495 = ORIENTED_EDGE ( 'NONE', *, *, #4584, .T. ) ;
#2496 = ORIENTED_EDGE ( 'NONE', *, *, #2150, .F. ) ;
#2497 = ORIENTED_EDGE ( 'NONE', *, *, #4623, .T. ) ;
#2498 = ORIENTED_EDGE ( 'NONE', *, *, #125, .T. ) ;
#2499 = ORIENTED_EDGE ( 'NONE', *, *, #4574, .T. ) ;
#2500 = ORIENTED_EDGE ( 'NONE', *, *, #18, .F. ) ;
#2501 = ORIENTED_EDGE ( 'NONE', *, *, #4569, .T. ) ;
#2502 = ORIENTED_EDGE ( 'NONE', *, *, #137, .F. ) ;
#2503 = ORIENTED_EDGE ( 'NONE', *, *, #4621, .T. ) ;
#2504 = ORIENTED_EDGE ( 'NONE', *, *, #174, .F. ) ;
#2505 = ORIENTED_EDGE ( 'NONE', *, *, #2136, .F. ) ;
#2506 = ORIENTED_EDGE ( 'NONE', *, *, #12, .T. ) ;
#2507 = ORIENTED_EDGE ( 'NONE', *, *, #155, .F. ) ;
#2508 = ORIENTED_EDGE ( 'NONE', *, *, #4604, .T. ) ;
#2509 = ORIENTED_EDGE ( 'NONE', *, *, #132, .F. ) ;
#2510 = ORIENTED_EDGE ( 'NONE', *, *, #160, .F. ) ;
#2511 = ORIENTED_EDGE ( 'NONE', *, *, #97, .F. ) ;
#2512 = ORIENTED_EDGE ( 'NONE', *, *, #4595, .T. ) ;
#2513 = ORIENTED_EDGE ( 'NONE', *, *, #69, .F. ) ;
#2514 = ORIENTED_EDGE ( 'NONE', *, *, #6, .T. ) ;
#2515 = ORIENTED_EDGE ( 'NONE', *, *, #330, .T. ) ;
#2516 = ORIENTED_EDGE ( 'NONE', *, *, #214, .T. ) ;
#2517 = ORIENTED_EDGE ( 'NONE', *, *, #7, .F. ) ;
#2518 = ORIENTED_EDGE ( 'NONE', *, *, #4836, .F. ) ;
#2519 = ORIENTED_EDGE ( 'NONE', *, *, #43, .F. ) ;
#2520 = ORIENTED_EDGE ( 'NONE', *, *, #48, .F. ) ;
#2521 = ORIENTED_EDGE ( 'NONE', *, *, #2132, .F. ) ;
#2522 = ORIENTED_EDGE ( 'NONE', *, *, #54, .F. ) ;
#2523 = ORIENTED_EDGE ( 'NONE', *, *, #22, .F. ) ;
#2524 = ORIENTED_EDGE ( 'NONE', *, *, #27, .F. ) ;
#2525 = ORIENTED_EDGE ( 'NONE', *, *, #102, .F. ) ;
#2526 = ORIENTED_EDGE ( 'NONE', *, *, #234, .F. ) ;
#2527 = ORIENTED_EDGE ( 'NONE', *, *, #21, .F. ) ;
#2528 = ORIENTED_EDGE ( 'NONE', *, *, #224, .F. ) ;
#2529 = ORIENTED_EDGE ( 'NONE', *, *, #73, .F. ) ;
#2530 = ORIENTED_EDGE ( 'NONE', *, *, #12, .F. ) ;
#2531 = ORIENTED_EDGE ( 'NONE', *, *, #16, .F. ) ;
#2532 = ORIENTED_EDGE ( 'NONE', *, *, #2139, .T. ) ;
#2533 = ORIENTED_EDGE ( 'NONE', *, *, #4581, .T. ) ;
#2534 = ORIENTED_EDGE ( 'NONE', *, *, #141, .F. ) ;
#2535 = ORIENTED_EDGE ( 'NONE', *, *, #4597, .T. ) ;
#2536 = ORIENTED_EDGE ( 'NONE', *, *, #75, .F. ) ;
#2537 = ORIENTED_EDGE ( 'NONE', *, *, #124, .F. ) ;
#2538 = ORIENTED_EDGE ( 'NONE', *, *, #198, .F. ) ;
#2539 = ORIENTED_EDGE ( 'NONE', *, *, #74, .F. ) ;
#2540 = ORIENTED_EDGE ( 'NONE', *, *, #4822, .F. ) ;
#2541 = ORIENTED_EDGE ( 'NONE', *, *, #238, .F. ) ;
#2542 = ORIENTED_EDGE ( 'NONE', *, *, #108, .T. ) ;
#2543 = ORIENTED_EDGE ( 'NONE', *, *, #53, .T. ) ;
#2544 = ORIENTED_EDGE ( 'NONE', *, *, #4603, .T. ) ;
#2545 = ORIENTED_EDGE ( 'NONE', *, *, #120, .F. ) ;
#2546 = ORIENTED_EDGE ( 'NONE', *, *, #4618, .T. ) ;
#2547 = ORIENTED_EDGE ( 'NONE', *, *, #8, .F. ) ;
#2548 = ORIENTED_EDGE ( 'NONE', *, *, #157, .F. ) ;
#2549 = ORIENTED_EDGE ( 'NONE', *, *, #130, .F. ) ;
#2550 = ORIENTED_EDGE ( 'NONE', *, *, #4830, .F. ) ;
#2551 = ORIENTED_EDGE ( 'NONE', *, *, #178, .F. ) ;
#2552 = ORIENTED_EDGE ( 'NONE', *, *, #182, .F. ) ;
#2553 = ORIENTED_EDGE ( 'NONE', *, *, #259, .T. ) ;
#2554 = ORIENTED_EDGE ( 'NONE', *, *, #116, .T. ) ;
#2555 = ORIENTED_EDGE ( 'NONE', *, *, #84, .F. ) ;
#2556 = ORIENTED_EDGE ( 'NONE', *, *, #162, .T. ) ;
#2557 = ORIENTED_EDGE ( 'NONE', *, *, #213, .F. ) ;
#2558 = ORIENTED_EDGE ( 'NONE', *, *, #53, .F. ) ;
#2559 = ORIENTED_EDGE ( 'NONE', *, *, #35, .F. ) ;
#2560 = ORIENTED_EDGE ( 'NONE', *, *, #48, .T. ) ;
#2561 = ORIENTED_EDGE ( 'NONE', *, *, #25, .T. ) ;
#2562 = ORIENTED_EDGE ( 'NONE', *, *, #2142, .F. ) ;
#2563 = ORIENTED_EDGE ( 'NONE', *, *, #4586, .T. ) ;
#2564 = ORIENTED_EDGE ( 'NONE', *, *, #26, .F. ) ;
#2565 = ORIENTED_EDGE ( 'NONE', *, *, #232, .T. ) ;
#2566 = ORIENTED_EDGE ( 'NONE', *, *, #103, .F. ) ;
#2567 = ORIENTED_EDGE ( 'NONE', *, *, #4568, .T. ) ;
#2568 = ORIENTED_EDGE ( 'NONE', *, *, #4827, .F. ) ;
#2569 = ORIENTED_EDGE ( 'NONE', *, *, #35, .T. ) ;
#2570 = ORIENTED_EDGE ( 'NONE', *, *, #117, .F. ) ;
#2571 = ORIENTED_EDGE ( 'NONE', *, *, #100, .F. ) ;
#2572 = ORIENTED_EDGE ( 'NONE', *, *, #4575, .T. ) ;
#2573 = ORIENTED_EDGE ( 'NONE', *, *, #40, .T. ) ;
#2574 = ORIENTED_EDGE ( 'NONE', *, *, #2144, .F. ) ;
#2575 = ORIENTED_EDGE ( 'NONE', *, *, #2140, .F. ) ;
#2576 = ORIENTED_EDGE ( 'NONE', *, *, #4578, .T. ) ;
#2577 = ORIENTED_EDGE ( 'NONE', *, *, #195, .F. ) ;
#2578 = ORIENTED_EDGE ( 'NONE', *, *, #47, .T. ) ;
#2579 = ORIENTED_EDGE ( 'NONE', *, *, #4594, .T. ) ;
#2580 = ORIENTED_EDGE ( 'NONE', *, *, #228, .T. ) ;
#2581 = ORIENTED_EDGE ( 'NONE', *, *, #60, .T. ) ;
#2582 = ORIENTED_EDGE ( 'NONE', *, *, #194, .F. ) ;
#2583 = ORIENTED_EDGE ( 'NONE', *, *, #4609, .T. ) ;
#2584 = ORIENTED_EDGE ( 'NONE', *, *, #250, .T. ) ;
#2585 = ORIENTED_EDGE ( 'NONE', *, *, #30, .T. ) ;
#2586 = ORIENTED_EDGE ( 'NONE', *, *, #27, .T. ) ;
#2587 = ORIENTED_EDGE ( 'NONE', *, *, #210, .F. ) ;
#2588 = ORIENTED_EDGE ( 'NONE', *, *, #227, .T. ) ;
#2589 = ORIENTED_EDGE ( 'NONE', *, *, #4835, .F. ) ;
#2590 = ORIENTED_EDGE ( 'NONE', *, *, #98, .F. ) ;
#2591 = ORIENTED_EDGE ( 'NONE', *, *, #4599, .T. ) ;
#2592 = ORIENTED_EDGE ( 'NONE', *, *, #37, .T. ) ;
#2593 = ORIENTED_EDGE ( 'NONE', *, *, #212, .F. ) ;
#2594 = ORIENTED_EDGE ( 'NONE', *, *, #45, .F. ) ;
#2595 = ORIENTED_EDGE ( 'NONE', *, *, #172, .F. ) ;
#2596 = ORIENTED_EDGE ( 'NONE', *, *, #114, .F. ) ;
#2597 = ORIENTED_EDGE ( 'NONE', *, *, #54, .T. ) ;
#2598 = EDGE_CURVE ( 'NONE', #1624, #382, #1148, .T. ) ;
#2599 = DIRECTION ( 'NONE',  ( 0.0000000000000000000, -0.4338837391175589500, 0.9009688679024188100 ) ) ;
#2600 = DIRECTION ( 'NONE',  ( 1.000000000000000000, -0.0000000000000000000, -0.0000000000000000000 ) ) ;
#2601 = DIRECTION ( 'NONE',  ( 0.0000000000000000000, 0.0000000000000000000, -1.000000000000000000 ) ) ;
#2602 = CARTESIAN_POINT ( 'NONE',  ( 3.499999999999999600, 6.377639860542220000, 2.003730223663606300 ) ) ;
#2603 = DIRECTION ( 'NONE',  ( 1.000000000000000000, 0.0000000000000000000, 0.0000000000000000000 ) ) ;
#2604 = CARTESIAN_POINT ( 'NONE',  ( 3.500000000000000000, -1.224646799147353100E-015, 0.0000000000000000000 ) ) ;
#2605 = CARTESIAN_POINT ( 'NONE',  ( -5.500000000000001800, 0.4436278392923034300, 6.049166830250661600 ) ) ;
#2606 = DIRECTION ( 'NONE',  ( 1.000000000000000000, -0.0000000000000000000, -0.0000000000000000000 ) ) ;
#2607 = CARTESIAN_POINT ( 'NONE',  ( -3.499999999999999600, 5.908429512402138400, 1.179442960458623800 ) ) ;
#2608 = CARTESIAN_POINT ( 'NONE',  ( -5.500000000000001800, 5.996218069384164000, -0.9135610895779388000 ) ) ;
#2609 = DIRECTION ( 'NONE',  ( 0.0000000000000000000, -4.440892098500626200E-015, 1.000000000000000000 ) ) ;
#2610 = DIRECTION ( 'NONE',  ( 0.0000000000000000000, 0.0000000000000000000, 1.000000000000000000 ) ) ;
#2611 = CARTESIAN_POINT ( 'NONE',  ( 3.499999999999999600, 5.334309545121179500, 0.3378855972500946500 ) ) ;
#2612 = DIRECTION ( 'NONE',  ( 1.000000000000000000, -0.0000000000000000000, -0.0000000000000000000 ) ) ;
#2613 = CARTESIAN_POINT ( 'NONE',  ( -3.499999999999999600, 6.377639860542220000, 2.003730223663606300 ) ) ;
#2614 = DIRECTION ( 'NONE',  ( 1.000000000000000000, -0.0000000000000000000, -0.0000000000000000000 ) ) ;
#2615 = DIRECTION ( 'NONE',  ( 1.000000000000000000, -0.0000000000000000000, -0.0000000000000000000 ) ) ;
#2616 = DIRECTION ( 'NONE',  ( 0.0000000000000000000, 0.0000000000000000000, -1.000000000000000000 ) ) ;
#2617 = DIRECTION ( 'NONE',  ( -1.000000000000000000, 0.0000000000000000000, 0.0000000000000000000 ) ) ;
#2618 = DIRECTION ( 'NONE',  ( -1.000000000000000000, 0.0000000000000000000, 0.0000000000000000000 ) ) ;
#2619 = DIRECTION ( 'NONE',  ( 0.0000000000000000000, 0.0000000000000000000, 1.000000000000000000 ) ) ;
#2620 = CARTESIAN_POINT ( 'NONE',  ( -3.499999999999999600, 5.334309545121179500, 0.3378855972500946500 ) ) ;
#2621 = DIRECTION ( 'NONE',  ( 0.0000000000000000000, 0.0000000000000000000, 1.000000000000000000 ) ) ;
#2622 = DIRECTION ( 'NONE',  ( -1.000000000000000000, 0.0000000000000000000, 0.0000000000000000000 ) ) ;
#2623 = DIRECTION ( 'NONE',  ( 0.0000000000000000000, 0.0000000000000000000, 1.000000000000000000 ) ) ;
#2624 = CARTESIAN_POINT ( 'NONE',  ( 5.500000000000000000, 6.183012128746139700, 1.234255247417697100 ) ) ;
#2625 = DIRECTION ( 'NONE',  ( -1.000000000000000000, 0.0000000000000000000, 0.0000000000000000000 ) ) ;
#2626 = DIRECTION ( 'NONE',  ( 0.0000000000000000000, 0.0000000000000000000, -1.000000000000000000 ) ) ;
#2627 = DIRECTION ( 'NONE',  ( 1.000000000000000000, -0.0000000000000000000, -0.0000000000000000000 ) ) ;
#2628 = CARTESIAN_POINT ( 'NONE',  ( -3.499999999999999600, 0.0000000000000000000, 0.0000000000000000000 ) ) ;
#2629 = DIRECTION ( 'NONE',  ( 0.0000000000000000000, 0.0000000000000000000, 1.000000000000000000 ) ) ;
#2630 = DIRECTION ( 'NONE',  ( -1.000000000000000000, 0.0000000000000000000, 0.0000000000000000000 ) ) ;
#2631 = CARTESIAN_POINT ( 'NONE',  ( -5.500000000000001800, -0.7300006804953859100, 5.196866946658416500 ) ) ;
#2632 = CARTESIAN_POINT ( 'NONE',  ( 3.499999999999999600, 5.908429512402138400, 1.179442960458623800 ) ) ;
#2633 = DIRECTION ( 'NONE',  ( 1.000000000000000000, -0.0000000000000000000, -0.0000000000000000000 ) ) ;
#2634 = CARTESIAN_POINT ( 'NONE',  ( -5.500000000000001800, 2.975795141339285800, 4.258247089681561600 ) ) ;
#2635 = CARTESIAN_POINT ( 'NONE',  ( 3.500000000000000000, -1.224646799147353100E-015, 0.0000000000000000000 ) ) ;
#2636 = CARTESIAN_POINT ( 'NONE',  ( 5.500000000000000000, 0.1725397420873963600, 6.302638736069235700 ) ) ;
#2637 = CARTESIAN_POINT ( 'NONE',  ( -3.499999999999999600, 5.334309545121179500, -0.3378855972500949800 ) ) ;
#2638 = CARTESIAN_POINT ( 'NONE',  ( -3.499999999999999600, 3.372650901736836500, 5.771867193119892800 ) ) ;
#2639 = DIRECTION ( 'NONE',  ( 1.000000000000000000, -0.0000000000000000000, -0.0000000000000000000 ) ) ;
#2640 = DIRECTION ( 'NONE',  ( 1.000000000000000000, -0.0000000000000000000, -0.0000000000000000000 ) ) ;
#2641 = DIRECTION ( 'NONE',  ( 0.0000000000000000000, 0.0000000000000000000, 1.000000000000000000 ) ) ;
#2642 = CARTESIAN_POINT ( 'NONE',  ( 5.500000000000000000, 2.579159525016188900, 5.753343475277506300 ) ) ;
#2643 = DIRECTION ( 'NONE',  ( 1.000000000000000000, -0.0000000000000000000, -0.0000000000000000000 ) ) ;
#2644 = DIRECTION ( 'NONE',  ( 1.000000000000000000, -0.0000000000000000000, -0.0000000000000000000 ) ) ;
#2645 = CARTESIAN_POINT ( 'NONE',  ( 3.499999999999999600, 6.615440926668091100, -0.9618556782411860100 ) ) ;
#2646 = DIRECTION ( 'NONE',  ( -1.000000000000000000, 0.0000000000000000000, 0.0000000000000000000 ) ) ;
#2647 = DIRECTION ( 'NONE',  ( -1.000000000000000000, 0.0000000000000000000, 0.0000000000000000000 ) ) ;
#2648 = DIRECTION ( 'NONE',  ( 0.0000000000000000000, 0.0000000000000000000, -1.000000000000000000 ) ) ;
#2649 = DIRECTION ( 'NONE',  ( -1.000000000000000000, 0.0000000000000000000, 0.0000000000000000000 ) ) ;
#2650 = CARTESIAN_POINT ( 'NONE',  ( -3.499999999999999600, 0.0000000000000000000, 0.0000000000000000000 ) ) ;
#2651 = DIRECTION ( 'NONE',  ( 0.0000000000000000000, -8.881784197001252300E-015, 1.000000000000000000 ) ) ;
#2652 = DIRECTION ( 'NONE',  ( 1.000000000000000000, -0.0000000000000000000, -0.0000000000000000000 ) ) ;
#2653 = CARTESIAN_POINT ( 'NONE',  ( -3.499999999999999600, -1.516409641875816000, 5.125380649086079800 ) ) ;
#2654 = DIRECTION ( 'NONE',  ( 0.0000000000000000000, 0.0000000000000000000, -1.000000000000000000 ) ) ;
#2655 = DIRECTION ( 'NONE',  ( 1.000000000000000000, -0.0000000000000000000, -0.0000000000000000000 ) ) ;
#2656 = DIRECTION ( 'NONE',  ( 1.000000000000000000, -0.0000000000000000000, -0.0000000000000000000 ) ) ;
#2657 = DIRECTION ( 'NONE',  ( 1.000000000000000000, -0.0000000000000000000, -0.0000000000000000000 ) ) ;
#2658 = CARTESIAN_POINT ( 'NONE',  ( -3.499999999999999600, 0.0000000000000000000, 0.0000000000000000000 ) ) ;
#2659 = CARTESIAN_POINT ( 'NONE',  ( 3.500000000000000000, -1.224646799147353100E-015, 0.0000000000000000000 ) ) ;
#2660 = DIRECTION ( 'NONE',  ( 1.000000000000000000, -0.0000000000000000000, -0.0000000000000000000 ) ) ;
#2661 = CARTESIAN_POINT ( 'NONE',  ( -3.499999999999999600, -1.224646799147353100E-015, 0.0000000000000000000 ) ) ;
#2662 = DIRECTION ( 'NONE',  ( 0.0000000000000000000, 1.421085471520200400E-014, 1.000000000000000000 ) ) ;
#2663 = DIRECTION ( 'NONE',  ( 0.0000000000000000000, 0.0000000000000000000, -1.000000000000000000 ) ) ;
#2664 = CARTESIAN_POINT ( 'NONE',  ( 8.500000000000001800, 0.2605803748502588700, -2.988661551304011800 ) ) ;
#2665 = CARTESIAN_POINT ( 'NONE',  ( -5.500000000000001800, 4.528682948959510000, -2.545398936866948100 ) ) ;
#2666 = DIRECTION ( 'NONE',  ( 1.000000000000000000, -0.0000000000000000000, -0.0000000000000000000 ) ) ;
#2667 = CARTESIAN_POINT ( 'NONE',  ( 5.500000000000000000, -2.890065397209582000, 5.603619098390953300 ) ) ;
#2668 = CARTESIAN_POINT ( 'NONE',  ( -5.500000000000001800, 5.798785107127488700, -1.778571415871855700 ) ) ;
#2669 = DIRECTION ( 'NONE',  ( 0.0000000000000000000, 5.782411586589358000E-015, 1.000000000000000000 ) ) ;
#2670 = CARTESIAN_POINT ( 'NONE',  ( 9.216732985546134000, 0.08094521587527063500, -3.000000000000001300 ) ) ;
#2671 = DIRECTION ( 'NONE',  ( 1.000000000000000000, -0.0000000000000000000, -0.0000000000000000000 ) ) ;
#2672 = CARTESIAN_POINT ( 'NONE',  ( 3.499999999999999600, 2.464621116292309300, -5.497842099690208400 ) ) ;
#2673 = DIRECTION ( 'NONE',  ( 0.0000000000000000000, 0.0000000000000000000, -1.000000000000000000 ) ) ;
#2674 = CARTESIAN_POINT ( 'NONE',  ( 3.499999999999999600, 0.0000000000000000000, 0.0000000000000000000 ) ) ;
#2675 = CARTESIAN_POINT ( 'NONE',  ( 3.499999999999999600, 4.811569927110575400, -3.626212877993392400 ) ) ;
#2676 = DIRECTION ( 'NONE',  ( 0.0000000000000000000, -5.782411586589358000E-015, 1.000000000000000000 ) ) ;
#2677 = CARTESIAN_POINT ( 'NONE',  ( 8.650568539238902200, 0.2605803748502569800, -2.988661551304012200 ) ) ;
#2678 = CARTESIAN_POINT ( 'NONE',  ( 4.814999999999995100, -9.642034869688163000E-016, 0.0000000000000000000 ) ) ;
#2679 = DIRECTION ( 'NONE',  ( 1.000000000000000000, -0.0000000000000000000, -0.0000000000000000000 ) ) ;
#2680 = DIRECTION ( 'NONE',  ( 0.0000000000000000000, 0.0000000000000000000, -1.000000000000000000 ) ) ;
#2681 = CARTESIAN_POINT ( 'NONE',  ( 9.081232267798748500, 0.1467801085499974000, -2.996746728514673800 ) ) ;
#2682 = DIRECTION ( 'NONE',  ( 1.000000000000000000, 0.0000000000000000000, 0.0000000000000000000 ) ) ;
#2683 = DIRECTION ( 'NONE',  ( 0.0000000000000000000, 0.4338837391175462400, 0.9009688679024249200 ) ) ;
#2684 = CARTESIAN_POINT ( 'NONE',  ( -3.499999999999999600, -3.061718003938138600, 4.381199363685819700 ) ) ;
#2685 = CARTESIAN_POINT ( 'NONE',  ( 9.341665016500034100, 1.028936662183701400E-015, -3.000000000000000400 ) ) ;
#2686 = DIRECTION ( 'NONE',  ( -1.000000000000000000, 0.0000000000000000000, 0.0000000000000000000 ) ) ;
#2687 = CARTESIAN_POINT ( 'NONE',  ( 3.499999999999999600, 0.1648773903373625900, -6.022743597909139300 ) ) ;
#2688 = DIRECTION ( 'NONE',  ( 1.000000000000000000, -0.0000000000000000000, -0.0000000000000000000 ) ) ;
#2689 = CARTESIAN_POINT ( 'NONE',  ( 8.796736477776118300, 0.2368253291492399000, -2.990977953546750900 ) ) ;
#2690 = DIRECTION ( 'NONE',  ( 1.000000000000000000, -0.0000000000000000000, -0.0000000000000000000 ) ) ;
#2691 = CARTESIAN_POINT ( 'NONE',  ( -5.500000000000001800, 4.813660658811075500, -1.953636624813967400 ) ) ;
#2692 = CARTESIAN_POINT ( 'NONE',  ( 5.500000000000000000, -5.035178156088305100, 3.794733974398100300 ) ) ;
#2693 = DIRECTION ( 'NONE',  ( 0.0000000000000000000, -7.228014483236697500E-016, 1.000000000000000000 ) ) ;
#2694 = DIRECTION ( 'NONE',  ( -1.000000000000000000, 0.0000000000000000000, 0.0000000000000000000 ) ) ;
#2695 = DIRECTION ( 'NONE',  ( 1.000000000000000000, 1.049267165504202200E-016, -0.0000000000000000000 ) ) ;
#2696 = DIRECTION ( 'NONE',  ( 1.000000000000000000, -0.0000000000000000000, -0.0000000000000000000 ) ) ;
#2697 = CARTESIAN_POINT ( 'NONE',  ( 3.499999999999999600, 5.542972784208788400, -3.736934266684477400 ) ) ;
#2698 = DIRECTION ( 'NONE',  ( 1.000000000000000000, -0.0000000000000000000, -0.0000000000000000000 ) ) ;
#2699 = DIRECTION ( 'NONE',  ( 0.0000000000000000000, 0.0000000000000000000, -1.000000000000000000 ) ) ;
#2700 = DIRECTION ( 'NONE',  ( 1.000000000000000000, -0.0000000000000000000, -0.0000000000000000000 ) ) ;
#2701 = CARTESIAN_POINT ( 'NONE',  ( -3.499999999999999600, 0.8575814421090881500, 5.275753886427045500 ) ) ;
#2702 = DIRECTION ( 'NONE',  ( 0.0000000000000000000, 0.0000000000000000000, -1.000000000000000000 ) ) ;
#2703 = CARTESIAN_POINT ( 'NONE',  ( 3.499999999999999600, 4.605971184245797500, -3.884025547019140900 ) ) ;
#2704 = DIRECTION ( 'NONE',  ( 1.000000000000000000, -0.0000000000000000000, -0.0000000000000000000 ) ) ;
#2705 = DIRECTION ( 'NONE',  ( -1.084202172485504200E-016, 1.000000000000000000, 0.0000000000000000000 ) ) ;
#2706 = DIRECTION ( 'NONE',  ( 1.000000000000000000, -0.0000000000000000000, -0.0000000000000000000 ) ) ;
#2707 = CARTESIAN_POINT ( 'NONE',  ( 5.500000000000000000, 6.106224719638413800, -1.570682868460965100 ) ) ;
#2708 = DIRECTION ( 'NONE',  ( 0.0000000000000000000, 0.0000000000000000000, -1.000000000000000000 ) ) ;
#2709 = CARTESIAN_POINT ( 'NONE',  ( 3.499999999999999600, 2.761719907722121700, -5.354766862459214800 ) ) ;
#2710 = DIRECTION ( 'NONE',  ( 1.000000000000000000, -0.0000000000000000000, -0.0000000000000000000 ) ) ;
#2711 = DIRECTION ( 'NONE',  ( 0.0000000000000000000, 0.0000000000000000000, -1.000000000000000000 ) ) ;
#2712 = DIRECTION ( 'NONE',  ( 0.0000000000000000000, -0.4338837391175463500, -0.9009688679024248100 ) ) ;
#2713 = CARTESIAN_POINT ( 'NONE',  ( 3.499999999999999600, 3.061718003938109800, 4.381199363685842000 ) ) ;
#2714 = DIRECTION ( 'NONE',  ( -1.000000000000000000, 0.0000000000000000000, 0.0000000000000000000 ) ) ;
#2715 = DIRECTION ( 'NONE',  ( -1.000000000000000000, -0.0000000000000000000, 0.0000000000000000000 ) ) ;
#2716 = DIRECTION ( 'NONE',  ( -1.000000000000000000, 0.0000000000000000000, 0.0000000000000000000 ) ) ;
#2717 = DIRECTION ( 'NONE',  ( 1.000000000000000000, -0.0000000000000000000, -0.0000000000000000000 ) ) ;
#2718 = DIRECTION ( 'NONE',  ( -1.000000000000000000, 0.0000000000000000000, 0.0000000000000000000 ) ) ;
#2719 = DIRECTION ( 'NONE',  ( 0.0000000000000000000, 0.0000000000000000000, 1.000000000000000000 ) ) ;
#2720 = CARTESIAN_POINT ( 'NONE',  ( 3.499999999999999600, 0.8575814421090881500, 5.275753886427045500 ) ) ;
#2721 = DIRECTION ( 'NONE',  ( 1.000000000000000000, -0.0000000000000000000, -0.0000000000000000000 ) ) ;
#2722 = DIRECTION ( 'NONE',  ( 0.0000000000000000000, 0.0000000000000000000, -1.000000000000000000 ) ) ;
#2723 = DIRECTION ( 'NONE',  ( 1.000000000000000000, -0.0000000000000000000, -0.0000000000000000000 ) ) ;
#2724 = CARTESIAN_POINT ( 'NONE',  ( 3.499999999999999600, -5.334309545121179500, -0.3378855972500946500 ) ) ;
#2725 = CARTESIAN_POINT ( 'NONE',  ( -3.499999999999999600, 0.1648773903373625900, -6.022743597909139300 ) ) ;
#2726 = CARTESIAN_POINT ( 'NONE',  ( -3.499999999999999600, 2.464621116292309300, -5.497842099690208400 ) ) ;
#2727 = CARTESIAN_POINT ( 'NONE',  ( 3.499999999999999600, 5.835052170629887200, -1.500930100313610600 ) ) ;
#2728 = DIRECTION ( 'NONE',  ( -1.000000000000000000, 0.0000000000000000000, 0.0000000000000000000 ) ) ;
#2729 = DIRECTION ( 'NONE',  ( -1.000000000000000000, 0.0000000000000000000, 0.0000000000000000000 ) ) ;
#2730 = DIRECTION ( 'NONE',  ( 0.0000000000000000000, 0.0000000000000000000, 1.000000000000000000 ) ) ;
#2731 = DIRECTION ( 'NONE',  ( 0.0000000000000000000, 0.0000000000000000000, 1.000000000000000000 ) ) ;
#2732 = CARTESIAN_POINT ( 'NONE',  ( 3.499999999999999600, -2.464621116292198300, -5.497842099690259100 ) ) ;
#2733 = CARTESIAN_POINT ( 'NONE',  ( 3.499999999999999600, -0.8575814421091247900, 5.275753886427039200 ) ) ;
#2734 = DIRECTION ( 'NONE',  ( -1.000000000000000000, 0.0000000000000000000, 0.0000000000000000000 ) ) ;
#2735 = DIRECTION ( 'NONE',  ( 0.0000000000000000000, 1.445602896647339500E-015, -1.000000000000000000 ) ) ;
#2736 = CARTESIAN_POINT ( 'NONE',  ( -3.499999999999999600, 1.516409641875775500, 5.125380649086091400 ) ) ;
#2737 = DIRECTION ( 'NONE',  ( 0.0000000000000000000, 0.0000000000000000000, -1.000000000000000000 ) ) ;
#2738 = CARTESIAN_POINT ( 'NONE',  ( 3.499999999999999600, -4.952649898237750900, 2.010045767012677200 ) ) ;
#2739 = DIRECTION ( 'NONE',  ( 0.0000000000000000000, 0.0000000000000000000, -1.000000000000000000 ) ) ;
#2740 = DIRECTION ( 'NONE',  ( -1.000000000000000000, 0.0000000000000000000, 0.0000000000000000000 ) ) ;
#2741 = DIRECTION ( 'NONE',  ( 0.0000000000000000000, 5.782411586589358000E-015, -1.000000000000000000 ) ) ;
#2742 = DIRECTION ( 'NONE',  ( 0.0000000000000000000, 0.0000000000000000000, -1.000000000000000000 ) ) ;
#2743 = CARTESIAN_POINT ( 'NONE',  ( 8.730039165486587600, 2.466217820526073200, 1.708368504663714000 ) ) ;
#2744 = CARTESIAN_POINT ( 'NONE',  ( -3.499999999999999600, 4.659443765580054000, 2.618894575082612700 ) ) ;
#2745 = DIRECTION ( 'NONE',  ( -1.000000000000000000, 0.0000000000000000000, 0.0000000000000000000 ) ) ;
#2746 = CARTESIAN_POINT ( 'NONE',  ( 7.632497731357188000, 2.605162180624285700, 1.489305658378583500 ) ) ;
#2747 = DIRECTION ( 'NONE',  ( -1.000000000000000000, 0.0000000000000000000, 0.0000000000000000000 ) ) ;
#2748 = CARTESIAN_POINT ( 'NONE',  ( 6.780000000000001100, 3.000000000000000400, 0.1164780067115407100 ) ) ;
#2749 = CARTESIAN_POINT ( 'NONE',  ( 6.791705758296982000, 2.993245455163646300, 0.2305443775494007700 ) ) ;
#2750 = CARTESIAN_POINT ( 'NONE',  ( 8.268594767015391900, 2.466351161355086100, 1.708177182832643700 ) ) ;
#2751 = CARTESIAN_POINT ( 'NONE',  ( 10.20825158368830200, 2.993221507190146500, 0.2306970143510873300 ) ) ;
#2752 = CARTESIAN_POINT ( 'NONE',  ( 10.22000000000000400, 3.000000000000002200, 0.1165985066965818100 ) ) ;
#2753 = CARTESIAN_POINT ( 'NONE',  ( 7.729399642376946200, 2.574022359310263600, 1.541755320705443300 ) ) ;
#2754 = CARTESIAN_POINT ( 'NONE',  ( 9.373582734458128800, 2.600968626833775900, 1.498477923876471400 ) ) ;
#2755 = CARTESIAN_POINT ( 'NONE',  ( 8.953873976354175900, 2.497061053926026300, 1.662961027496780800 ) ) ;
#2756 = DIRECTION ( 'NONE',  ( -1.000000000000000000, 0.0000000000000000000, 0.0000000000000000000 ) ) ;
#2757 = DIRECTION ( 'NONE',  ( 0.0000000000000000000, 0.0000000000000000000, -1.000000000000000000 ) ) ;
#2758 = CARTESIAN_POINT ( 'NONE',  ( 3.499999999999999600, 4.659443765580054000, 2.618894575082612700 ) ) ;
#2759 = CARTESIAN_POINT ( 'NONE',  ( 3.499999999999999600, 1.516409641875775500, 5.125380649086091400 ) ) ;
#2760 = DIRECTION ( 'NONE',  ( 0.0000000000000000000, 5.782411586589358000E-015, 1.000000000000000000 ) ) ;
#2761 = DIRECTION ( 'NONE',  ( 0.0000000000000000000, 0.0000000000000000000, -1.000000000000000000 ) ) ;
#2762 = DIRECTION ( 'NONE',  ( -1.000000000000000000, 0.0000000000000000000, 0.0000000000000000000 ) ) ;
#2763 = CARTESIAN_POINT ( 'NONE',  ( 3.499999999999999600, -1.516409641875816000, 5.125380649086079800 ) ) ;
#2764 = CARTESIAN_POINT ( 'NONE',  ( -3.499999999999999600, 2.761719907722121700, -5.354766862459214800 ) ) ;
#2765 = CARTESIAN_POINT ( 'NONE',  ( 13.50000000000000200, 0.0000000000000000000, 0.0000000000000000000 ) ) ;
#2766 = DIRECTION ( 'NONE',  ( -1.000000000000000000, -0.0000000000000000000, -0.0000000000000000000 ) ) ;
#2767 = DIRECTION ( 'NONE',  ( 0.0000000000000000000, 0.0000000000000000000, 1.000000000000000000 ) ) ;
#2768 = CARTESIAN_POINT ( 'NONE',  ( 6.780000000000000200, 3.000000000000000400, 0.0000000000000000000 ) ) ;
#2769 = CARTESIAN_POINT ( 'NONE',  ( 7.130286334100279800, 2.810395700293352800, 1.063197823119653500 ) ) ;
#2770 = DIRECTION ( 'NONE',  ( 0.0000000000000000000, 0.0000000000000000000, -1.000000000000000000 ) ) ;
#2771 = DIRECTION ( 'NONE',  ( 1.000000000000000000, -0.0000000000000000000, -0.0000000000000000000 ) ) ;
#2772 = CARTESIAN_POINT ( 'NONE',  ( 7.449191351904949500, 2.671798760417035500, 1.366159842502897800 ) ) ;
#2773 = CARTESIAN_POINT ( 'NONE',  ( 7.934921097389389100, 2.520134988693268700, 1.628348922656538200 ) ) ;
#2774 = CARTESIAN_POINT ( 'NONE',  ( 6.871471923222095800, 2.948278984223883000, 0.5647910509232058100 ) ) ;
#2775 = CARTESIAN_POINT ( 'NONE',  ( 7.363269618066815300, 2.707195611260607000, 1.295480730539725800 ) ) ;
#2776 = CARTESIAN_POINT ( 'NONE',  ( 6.837130909604524300, 2.967555012196876800, 0.4541875322624485100 ) ) ;
#2777 = CARTESIAN_POINT ( 'NONE',  ( 8.044993652545620900, 2.497272601357068300, 1.662644548175872900 ) ) ;
#2778 = CARTESIAN_POINT ( 'NONE',  ( 8.383032462956780500, 2.457990799593378300, 1.719965473747204800 ) ) ;
#2779 = CARTESIAN_POINT ( 'NONE',  ( 9.063862797507271200, 2.519844043858723700, 1.628804612640631700 ) ) ;
#2780 = CARTESIAN_POINT ( 'NONE',  ( 9.559510984577672200, 2.672953703910623700, 1.372677792435067700 ) ) ;
#2781 = CARTESIAN_POINT ( 'NONE',  ( 9.793068347500426500, 2.776464522645603500, 1.139507003385152700 ) ) ;
#2782 = CARTESIAN_POINT ( 'NONE',  ( 7.002852195597263600, 2.877087526662506900, 0.8761957338401018500 ) ) ;
#2783 = CARTESIAN_POINT ( 'NONE',  ( 9.987980187832116400, 2.872773723402063200, 0.8697893048596600000 ) ) ;
#2784 = CARTESIAN_POINT ( 'NONE',  ( 13.50000000000000400, 0.0000000000000000000, 0.0000000000000000000 ) ) ;
#2785 = CARTESIAN_POINT ( 'NONE',  ( 10.04103590249912300, 2.900867377575379700, 0.7722492043333213400 ) ) ;
#2786 = CARTESIAN_POINT ( 'NONE',  ( 10.12879955103255200, 2.948428033195588300, 0.5640678229972823100 ) ) ;
#2787 = DIRECTION ( 'NONE',  ( 0.0000000000000000000, 0.0000000000000000000, 1.000000000000000000 ) ) ;
#2788 = DIRECTION ( 'NONE',  ( -1.000000000000000000, 0.0000000000000000000, 0.0000000000000000000 ) ) ;
#2789 = CARTESIAN_POINT ( 'NONE',  ( 10.16298042109670000, 2.967617798653155800, 0.4536967099871449500 ) ) ;
#2790 = CARTESIAN_POINT ( 'NONE',  ( 10.22000000000000200, 3.000000000000000400, -3.730327255644599300E-014 ) ) ;
#2791 = CARTESIAN_POINT ( 'NONE',  ( 9.864404125685231500, 2.810754782024809100, 1.053100116818090500 ) ) ;
#2792 = DIRECTION ( 'NONE',  ( 0.0000000000000000000, 0.0000000000000000000, 1.000000000000000000 ) ) ;
#2793 = CARTESIAN_POINT ( 'NONE',  ( 8.615949911144154400, 2.457942584369716700, 1.720034375734993000 ) ) ;
#2794 = DIRECTION ( 'NONE',  ( -1.297474551964702200E-016, 1.000000000000000000, 0.0000000000000000000 ) ) ;
#2795 = CARTESIAN_POINT ( 'NONE',  ( 9.262356083834982100, -5.263450183400361300, -6.024783067881513100 ) ) ;
#2796 = DIRECTION ( 'NONE',  ( 1.000000000000000000, 1.049267165504202200E-016, -0.0000000000000000000 ) ) ;
#2797 = CARTESIAN_POINT ( 'NONE',  ( 9.636214182265947100, -5.069847330464603500, -6.188947721940066600 ) ) ;
#2798 = DIRECTION ( 'NONE',  ( 0.0000000000000000000, -8.673617379884037000E-015, -1.000000000000000000 ) ) ;
#2799 = CARTESIAN_POINT ( 'NONE',  ( 9.794851468659750500, -4.944813051942330300, -6.289296442406494800 ) ) ;
#2800 = CARTESIAN_POINT ( 'NONE',  ( 9.867295203248042800, -4.874593769837410700, -6.344061413094523900 ) ) ;
#2801 = CARTESIAN_POINT ( 'NONE',  ( -5.000000000000000900, -1.994059209911190100E-015, 0.0000000000000000000 ) ) ;
#2802 = DIRECTION ( 'NONE',  ( 1.000000000000000000, -0.0000000000000000000, -0.0000000000000000000 ) ) ;
#2803 = DIRECTION ( 'NONE',  ( 0.0000000000000000000, 5.782411586589357200E-015, 1.000000000000000000 ) ) ;
#2804 = CARTESIAN_POINT ( 'NONE',  ( -3.499999999999999600, -3.590057198743414900, 3.959862915525052400 ) ) ;
#2805 = DIRECTION ( 'NONE',  ( 0.0000000000000000000, 0.0000000000000000000, 1.000000000000000000 ) ) ;
#2806 = DIRECTION ( 'NONE',  ( -1.000000000000000000, 0.0000000000000000000, 0.0000000000000000000 ) ) ;
#2807 = DIRECTION ( 'NONE',  ( 1.000000000000000000, -0.0000000000000000000, -0.0000000000000000000 ) ) ;
#2808 = CARTESIAN_POINT ( 'NONE',  ( 8.951748995229285900, -5.361941392533493600, -5.937782405554481000 ) ) ;
#2809 = CARTESIAN_POINT ( 'NONE',  ( 9.549863409677096000, -5.125200318927916500, -6.142993096088320100 ) ) ;
#2810 = CARTESIAN_POINT ( 'NONE',  ( 3.499999999999999600, -3.061718003938138600, 4.381199363685819700 ) ) ;
#2811 = DIRECTION ( 'NONE',  ( -1.000000000000000000, 0.0000000000000000000, 0.0000000000000000000 ) ) ;
#2812 = DIRECTION ( 'NONE',  ( 0.0000000000000000000, -3.469446951953614800E-014, 1.000000000000000000 ) ) ;
#2813 = DIRECTION ( 'NONE',  ( -1.091021054073463300E-016, 1.000000000000000000, 0.0000000000000000000 ) ) ;
#2814 = CARTESIAN_POINT ( 'NONE',  ( 3.499999999999999600, -4.605971184245719400, -3.884025547019239100 ) ) ;
#2815 = DIRECTION ( 'NONE',  ( 0.0000000000000000000, 0.0000000000000000000, 1.000000000000000000 ) ) ;
#2816 = DIRECTION ( 'NONE',  ( -1.000000000000000000, 0.0000000000000000000, 0.0000000000000000000 ) ) ;
#2817 = CARTESIAN_POINT ( 'NONE',  ( -3.499999999999999600, 5.835052170629887200, -1.500930100313610600 ) ) ;
#2818 = DIRECTION ( 'NONE',  ( 1.000000000000000000, -0.0000000000000000000, -0.0000000000000000000 ) ) ;
#2819 = DIRECTION ( 'NONE',  ( -1.000000000000000000, 0.0000000000000000000, 0.0000000000000000000 ) ) ;
#2820 = CARTESIAN_POINT ( 'NONE',  ( 8.500000000000000000, -5.396019889067161100, -5.906180606516501900 ) ) ;
#2821 = CARTESIAN_POINT ( 'NONE',  ( 8.724819800867624800, -5.396019889067162000, -5.906180606516500100 ) ) ;
#2822 = CARTESIAN_POINT ( 'NONE',  ( 9.362834261329213700, -5.222190474375517900, -6.060756482244536300 ) ) ;
#2823 = DIRECTION ( 'NONE',  ( -1.000000000000000000, 0.0000000000000000000, 0.0000000000000000000 ) ) ;
#2824 = DIRECTION ( 'NONE',  ( 1.000000000000000000, -0.0000000000000000000, -0.0000000000000000000 ) ) ;
#2825 = DIRECTION ( 'NONE',  ( 0.0000000000000000000, 0.0000000000000000000, -1.000000000000000000 ) ) ;
#2826 = CARTESIAN_POINT ( 'NONE',  ( -3.499999999999999600, -5.334309545121179500, -0.3378855972500946500 ) ) ;
#2827 = DIRECTION ( 'NONE',  ( 0.0000000000000000000, 0.0000000000000000000, 1.000000000000000000 ) ) ;
#2828 = CARTESIAN_POINT ( 'NONE',  ( -3.499999999999999600, 5.542972784208788400, -3.736934266684477400 ) ) ;
#2829 = DIRECTION ( 'NONE',  ( 0.0000000000000000000, 0.0000000000000000000, 1.000000000000000000 ) ) ;
#2830 = DIRECTION ( 'NONE',  ( 0.0000000000000000000, 0.0000000000000000000, -1.000000000000000000 ) ) ;
#2831 = CARTESIAN_POINT ( 'NONE',  ( 3.499999999999999600, 3.590057198743385100, 3.959862915525079100 ) ) ;
#2832 = CARTESIAN_POINT ( 'NONE',  ( -3.499999999999999600, -0.1648773903372422500, -6.022743597909142800 ) ) ;
#2833 = CARTESIAN_POINT ( 'NONE',  ( -3.499999999999999600, 3.590057198743385100, 3.959862915525079100 ) ) ;
#2834 = CARTESIAN_POINT ( 'NONE',  ( 3.499999999999999600, -1.102182119232618100E-015, 0.0000000000000000000 ) ) ;
#2835 = DIRECTION ( 'NONE',  ( 1.000000000000000000, 1.049267165504202200E-016, -0.0000000000000000000 ) ) ;
#2836 = CARTESIAN_POINT ( 'NONE',  ( -4.999999999999999100, -1.224646799147353100E-015, 0.0000000000000000000 ) ) ;
#2837 = DIRECTION ( 'NONE',  ( 1.734723475976807100E-016, -1.000000000000000000, 0.0000000000000000000 ) ) ;
#2838 = CARTESIAN_POINT ( 'NONE',  ( 9.057544917343969700, -2.503581903315510000, -7.598289740134466900 ) ) ;
#2839 = DIRECTION ( 'NONE',  ( -1.297474551964702200E-016, 1.000000000000000000, 0.0000000000000000000 ) ) ;
#2840 = CARTESIAN_POINT ( 'NONE',  ( 10.20897045563259400, -3.804263582262752400, -7.038448819478093200 ) ) ;
#2841 = DIRECTION ( 'NONE',  ( 1.000000000000000000, -0.0000000000000000000, -0.0000000000000000000 ) ) ;
#2842 = CARTESIAN_POINT ( 'NONE',  ( 9.993036781459684500, -3.231075499022306300, -7.319088150143792300 ) ) ;
#2843 = CARTESIAN_POINT ( 'NONE',  ( 10.22005001188855100, -3.902352178884716900, -6.984592642063284500 ) ) ;
#2844 = CARTESIAN_POINT ( 'NONE',  ( 8.948300584645194200, -2.471076646881257900, -7.608830103925328100 ) ) ;
#2845 = CARTESIAN_POINT ( 'NONE',  ( -3.499999999999999600, 4.605971184245797500, -3.884025547019140900 ) ) ;
#2846 = DIRECTION ( 'NONE',  ( 0.0000000000000000000, 0.0000000000000000000, 1.000000000000000000 ) ) ;
#2847 = CARTESIAN_POINT ( 'NONE',  ( 10.13190336172955200, -3.510136624435517200, -7.189561751932581400 ) ) ;
#2848 = CARTESIAN_POINT ( 'NONE',  ( 8.500000000000000000, -2.416892500048691200, -7.626180606516501600 ) ) ;
#2849 = CARTESIAN_POINT ( 'NONE',  ( 10.04579265814341200, -3.321692423845507200, -7.278544960939844300 ) ) ;
#2850 = CARTESIAN_POINT ( 'NONE',  ( 10.04474321685730900, -4.644380248887449300, -6.514653469149785700 ) ) ;
#2851 = DIRECTION ( 'NONE',  ( 0.0000000000000000000, 0.0000000000000000000, -1.000000000000000000 ) ) ;
#2852 = DIRECTION ( 'NONE',  ( 0.0000000000000000000, 0.0000000000000000000, 1.000000000000000000 ) ) ;
#2853 = CARTESIAN_POINT ( 'NONE',  ( 10.21989947210615700, -4.197270901538486100, -6.814283865054482800 ) ) ;
#2854 = CARTESIAN_POINT ( 'NONE',  ( -3.499999999999999600, -1.836669135085559900E-015, 0.0000000000000000000 ) ) ;
#2855 = CARTESIAN_POINT ( 'NONE',  ( -3.499999999999999600, 4.811569927110575400, -3.626212877993392400 ) ) ;
#2856 = CARTESIAN_POINT ( 'NONE',  ( -3.499999999999999600, -0.8575814421091247900, 5.275753886427039200 ) ) ;
#2857 = CARTESIAN_POINT ( 'NONE',  ( -3.499999999999999600, -4.952649898237750900, 2.010045767012677200 ) ) ;
#2858 = DIRECTION ( 'NONE',  ( 0.0000000000000000000, -1.445602896647339500E-015, 1.000000000000000000 ) ) ;
#2859 = DIRECTION ( 'NONE',  ( -1.000000000000000000, 0.0000000000000000000, 0.0000000000000000000 ) ) ;
#2860 = DIRECTION ( 'NONE',  ( 1.000000000000000000, 1.049267165504202200E-016, -0.0000000000000000000 ) ) ;
#2861 = CARTESIAN_POINT ( 'NONE',  ( 9.867971793270029900, -3.057578381654404900, -7.393247910762709400 ) ) ;
#2862 = CARTESIAN_POINT ( 'NONE',  ( 8.613974133245880800, -2.416892500048691200, -7.626180606516501600 ) ) ;
#2863 = DIRECTION ( 'NONE',  ( -1.000000000000000000, 0.0000000000000000000, 0.0000000000000000000 ) ) ;
#2864 = DIRECTION ( 'NONE',  ( 1.000000000000000000, 1.049267165504202200E-016, -0.0000000000000000000 ) ) ;
#2865 = CARTESIAN_POINT ( 'NONE',  ( 9.795888769388149300, -2.975426687759634700, -7.426522222158884500 ) ) ;
#2866 = CARTESIAN_POINT ( 'NONE',  ( -3.838955728425370100, -1.872234646725189500E-015, 0.0000000000000000000 ) ) ;
#2867 = CARTESIAN_POINT ( 'NONE',  ( 10.17500271674951900, -4.386070788885663600, -6.693750362265419100 ) ) ;
#2868 = CARTESIAN_POINT ( 'NONE',  ( 9.559020362909697300, -2.751825835018971000, -7.513523789509827500 ) ) ;
#2869 = CARTESIAN_POINT ( 'NONE',  ( 9.991779582875949500, -4.724667760930659100, -6.456492405546148600 ) ) ;
#2870 = DIRECTION ( 'NONE',  ( -1.091021054073463300E-016, 1.000000000000000000, 0.0000000000000000000 ) ) ;
#2871 = DIRECTION ( 'NONE',  ( -1.000000000000000000, 0.0000000000000000000, 0.0000000000000000000 ) ) ;
#2872 = CARTESIAN_POINT ( 'NONE',  ( 8.726417686808007400, -2.427854777358872300, -7.622731565863905000 ) ) ;
#2873 = DIRECTION ( 'NONE',  ( 1.000000000000000000, 1.049267165504202200E-016, -0.0000000000000000000 ) ) ;
#2874 = DIRECTION ( 'NONE',  ( 0.0000000000000000000, 0.0000000000000000000, 1.000000000000000000 ) ) ;
#2875 = CARTESIAN_POINT ( 'NONE',  ( 3.499999999999999600, -4.659443765580072700, 2.618894575082580300 ) ) ;
#2876 = DIRECTION ( 'NONE',  ( 1.000000000000000000, -0.0000000000000000000, -0.0000000000000000000 ) ) ;
#2877 = CARTESIAN_POINT ( 'NONE',  ( 9.367818573067786800, -2.628507075885068400, -7.556366047154455100 ) ) ;
#2878 = CARTESIAN_POINT ( 'NONE',  ( 10.16518492253166900, -3.608630888381585000, -7.140725894414483600 ) ) ;
#2879 = DIRECTION ( 'NONE',  ( 1.000000000000000000, -0.0000000000000000000, -0.0000000000000000000 ) ) ;
#2880 = DIRECTION ( 'NONE',  ( 0.0000000000000000000, 0.0000000000000000000, 1.000000000000000000 ) ) ;
#2881 = CARTESIAN_POINT ( 'NONE',  ( -5.500000000000001800, 5.229011075404995000, 0.4447136472904742500 ) ) ;
#2882 = CARTESIAN_POINT ( 'NONE',  ( 5.500000000000000000, 6.183012128746139700, -1.234255247417697500 ) ) ;
#2883 = DIRECTION ( 'NONE',  ( 0.0000000000000000000, 0.0000000000000000000, -1.000000000000000000 ) ) ;
#2884 = DIRECTION ( 'NONE',  ( 0.0000000000000000000, 0.0000000000000000000, -1.000000000000000000 ) ) ;
#2885 = CARTESIAN_POINT ( 'NONE',  ( -3.499999999999999600, -2.464621116292198300, -5.497842099690259100 ) ) ;
#2886 = DIRECTION ( 'NONE',  ( 0.0000000000000000000, 0.0000000000000000000, 1.000000000000000000 ) ) ;
#2887 = CARTESIAN_POINT ( 'NONE',  ( -3.499999999999999600, 3.061718003938109800, 4.381199363685842000 ) ) ;
#2888 = DIRECTION ( 'NONE',  ( 0.0000000000000000000, 0.0000000000000000000, 1.000000000000000000 ) ) ;
#2889 = DIRECTION ( 'NONE',  ( -1.000000000000000000, 0.0000000000000000000, 0.0000000000000000000 ) ) ;
#2890 = DIRECTION ( 'NONE',  ( -1.000000000000000000, 0.0000000000000000000, 0.0000000000000000000 ) ) ;
#2891 = DIRECTION ( 'NONE',  ( 0.0000000000000000000, 0.0000000000000000000, -1.000000000000000000 ) ) ;
#2892 = CARTESIAN_POINT ( 'NONE',  ( -5.500000000000000000, -1.224646799147353100E-015, 0.0000000000000000000 ) ) ;
#2893 = DIRECTION ( 'NONE',  ( -1.000000000000000000, 0.0000000000000000000, 0.0000000000000000000 ) ) ;
#2894 = DIRECTION ( 'NONE',  ( 0.0000000000000000000, 0.0000000000000000000, -1.000000000000000000 ) ) ;
#2895 = DIRECTION ( 'NONE',  ( -1.000000000000000000, 0.0000000000000000000, 0.0000000000000000000 ) ) ;
#2896 = CARTESIAN_POINT ( 'NONE',  ( 3.499999999999999600, 4.952649898237735800, 2.010045767012712300 ) ) ;
#2897 = DIRECTION ( 'NONE',  ( 1.000000000000000000, -0.0000000000000000000, -0.0000000000000000000 ) ) ;
#2898 = CARTESIAN_POINT ( 'NONE',  ( 3.500000000000000000, -1.224646799147353100E-015, 0.0000000000000000000 ) ) ;
#2899 = DIRECTION ( 'NONE',  ( 1.000000000000000000, -0.0000000000000000000, -0.0000000000000000000 ) ) ;
#2900 = DIRECTION ( 'NONE',  ( 0.0000000000000000000, 0.0000000000000000000, 1.000000000000000000 ) ) ;
#2901 = CARTESIAN_POINT ( 'NONE',  ( 3.499999999999999600, 3.372650901736836500, 5.771867193119892800 ) ) ;
#2902 = CARTESIAN_POINT ( 'NONE',  ( -5.500000000000000000, 0.0000000000000000000, 0.0000000000000000000 ) ) ;
#2903 = DIRECTION ( 'NONE',  ( 0.0000000000000000000, 0.7818314824680311400, -0.6234898018587320400 ) ) ;
#2904 = DIRECTION ( 'NONE',  ( 1.000000000000000000, -0.0000000000000000000, -0.0000000000000000000 ) ) ;
#2905 = DIRECTION ( 'NONE',  ( 0.0000000000000000000, 0.0000000000000000000, -1.000000000000000000 ) ) ;
#2906 = CARTESIAN_POINT ( 'NONE',  ( -5.500000000000001800, 5.184609557886722600, 0.3284033073366215400 ) ) ;
#2907 = DIRECTION ( 'NONE',  ( 1.000000000000000000, 0.0000000000000000000, 0.0000000000000000000 ) ) ;
#2908 = CARTESIAN_POINT ( 'NONE',  ( -3.499999999999999600, 6.615440926668091100, -0.9618556782411860100 ) ) ;
#2909 = DIRECTION ( 'NONE',  ( 1.000000000000000000, -0.0000000000000000000, -0.0000000000000000000 ) ) ;
#2910 = DIRECTION ( 'NONE',  ( -1.000000000000000000, 0.0000000000000000000, 0.0000000000000000000 ) ) ;
#2911 = CARTESIAN_POINT ( 'NONE',  ( -5.500000000000001800, 2.912543949186499100, 4.365479904758652600 ) ) ;
#2912 = DIRECTION ( 'NONE',  ( 1.000000000000000000, -0.0000000000000000000, -0.0000000000000000000 ) ) ;
#2913 = CARTESIAN_POINT ( 'NONE',  ( 3.499999999999999600, -0.1648773903372422500, -6.022743597909142800 ) ) ;
#2914 = CARTESIAN_POINT ( 'NONE',  ( -3.499999999999999600, -1.224646799147353100E-015, 0.0000000000000000000 ) ) ;
#2915 = CARTESIAN_POINT ( 'NONE',  ( 3.499999999999999600, 5.334309545121179500, -0.3378855972500949800 ) ) ;
#2916 = DIRECTION ( 'NONE',  ( 0.0000000000000000000, 0.0000000000000000000, -1.000000000000000000 ) ) ;
#2917 = CARTESIAN_POINT ( 'NONE',  ( 3.500000000000000000, -1.224646799147353100E-015, 0.0000000000000000000 ) ) ;
#2918 = DIRECTION ( 'NONE',  ( 1.000000000000000000, -0.0000000000000000000, -0.0000000000000000000 ) ) ;
#2919 = DIRECTION ( 'NONE',  ( -1.000000000000000000, 0.0000000000000000000, 0.0000000000000000000 ) ) ;
#2920 = DIRECTION ( 'NONE',  ( 1.000000000000000000, -0.0000000000000000000, -0.0000000000000000000 ) ) ;
#2921 = CARTESIAN_POINT ( 'NONE',  ( -3.499999999999999600, 0.5343341453270789000, 6.663611034652126900 ) ) ;
#2922 = DIRECTION ( 'NONE',  ( 0.0000000000000000000, 0.0000000000000000000, -1.000000000000000000 ) ) ;
#2923 = DIRECTION ( 'NONE',  ( 1.000000000000000000, 0.0000000000000000000, 0.0000000000000000000 ) ) ;
#2924 = DIRECTION ( 'NONE',  ( 0.0000000000000000000, -0.9749279121818244000, 0.2225209339563114200 ) ) ;
#2925 = CARTESIAN_POINT ( 'NONE',  ( -3.499999999999999600, -1.224646799147353100E-015, 0.0000000000000000000 ) ) ;
#2926 = DIRECTION ( 'NONE',  ( -1.000000000000000000, 0.0000000000000000000, 0.0000000000000000000 ) ) ;
#2927 = DIRECTION ( 'NONE',  ( 0.0000000000000000000, 0.0000000000000000000, 1.000000000000000000 ) ) ;
#2928 = DIRECTION ( 'NONE',  ( 1.000000000000000000, -0.0000000000000000000, -0.0000000000000000000 ) ) ;
#2929 = CARTESIAN_POINT ( 'NONE',  ( 3.500000000000000000, -1.224646799147353100E-015, 0.0000000000000000000 ) ) ;
#2930 = CARTESIAN_POINT ( 'NONE',  ( 3.499999999999999600, 0.0000000000000000000, 0.0000000000000000000 ) ) ;
#2931 = DIRECTION ( 'NONE',  ( 0.0000000000000000000, 0.0000000000000000000, -1.000000000000000000 ) ) ;
#2932 = CARTESIAN_POINT ( 'NONE',  ( 5.500000000000000000, -6.183012128746141500, 1.234255247417697100 ) ) ;
#2933 = CARTESIAN_POINT ( 'NONE',  ( 3.499999999999999600, 2.409814041742902400, 6.235544986945305000 ) ) ;
#2934 = DIRECTION ( 'NONE',  ( 1.000000000000000000, -0.0000000000000000000, -0.0000000000000000000 ) ) ;
#2935 = CARTESIAN_POINT ( 'NONE',  ( -5.500000000000001800, 5.996218069384164000, 0.9135610895779381300 ) ) ;
#2936 = CARTESIAN_POINT ( 'NONE',  ( 3.499999999999999600, 5.542972784208737700, 3.736934266684555100 ) ) ;
#2937 = CARTESIAN_POINT ( 'NONE',  ( -3.499999999999999600, -1.224646799147353100E-015, 0.0000000000000000000 ) ) ;
#2938 = DIRECTION ( 'NONE',  ( 0.0000000000000000000, 0.0000000000000000000, -1.000000000000000000 ) ) ;
#2939 = DIRECTION ( 'NONE',  ( 0.0000000000000000000, 0.0000000000000000000, -1.000000000000000000 ) ) ;
#2940 = CARTESIAN_POINT ( 'NONE',  ( 3.500000000000000000, -1.224646799147353100E-015, 0.0000000000000000000 ) ) ;
#2941 = DIRECTION ( 'NONE',  ( 1.000000000000000000, 0.0000000000000000000, 0.0000000000000000000 ) ) ;
#2942 = CARTESIAN_POINT ( 'NONE',  ( -5.500000000000001800, 0.7300006804953495000, 5.196866946658421900 ) ) ;
#2943 = CARTESIAN_POINT ( 'NONE',  ( 5.500000000000000000, 5.035178156088275800, 3.794733974398135000 ) ) ;
#2944 = DIRECTION ( 'NONE',  ( 0.0000000000000000000, 0.0000000000000000000, -1.000000000000000000 ) ) ;
#2945 = CARTESIAN_POINT ( 'NONE',  ( 5.500000000000000000, -0.1725397420874400200, 6.302638736069234000 ) ) ;
#2946 = CARTESIAN_POINT ( 'NONE',  ( 3.500000000000000000, -1.224646799147353100E-015, 0.0000000000000000000 ) ) ;
#2947 = DIRECTION ( 'NONE',  ( 1.000000000000000000, -0.0000000000000000000, -0.0000000000000000000 ) ) ;
#2948 = DIRECTION ( 'NONE',  ( -1.000000000000000000, 0.0000000000000000000, 0.0000000000000000000 ) ) ;
#2949 = DIRECTION ( 'NONE',  ( 1.000000000000000000, -0.0000000000000000000, -0.0000000000000000000 ) ) ;
#2950 = DIRECTION ( 'NONE',  ( 1.000000000000000000, -0.0000000000000000000, -0.0000000000000000000 ) ) ;
#2951 = DIRECTION ( 'NONE',  ( 0.0000000000000000000, 0.4338837391175590100, -0.9009688679024187000 ) ) ;
#2952 = DIRECTION ( 'NONE',  ( 1.000000000000000000, -0.0000000000000000000, -0.0000000000000000000 ) ) ;
#2953 = DIRECTION ( 'NONE',  ( 1.000000000000000000, -0.0000000000000000000, -0.0000000000000000000 ) ) ;
#2954 = DIRECTION ( 'NONE',  ( -1.000000000000000000, -0.0000000000000000000, -0.0000000000000000000 ) ) ;
#2955 = CARTESIAN_POINT ( 'NONE',  ( 5.500000000000000000, 6.106224719638391600, 1.570682868461050300 ) ) ;
#2956 = DIRECTION ( 'NONE',  ( 1.000000000000000000, -0.0000000000000000000, -0.0000000000000000000 ) ) ;
#2957 = DIRECTION ( 'NONE',  ( -1.000000000000000000, 0.0000000000000000000, 0.0000000000000000000 ) ) ;
#2958 = DIRECTION ( 'NONE',  ( 0.0000000000000000000, 0.0000000000000000000, -1.000000000000000000 ) ) ;
#2959 = DIRECTION ( 'NONE',  ( -1.000000000000000000, 0.0000000000000000000, 0.0000000000000000000 ) ) ;
#2960 = CARTESIAN_POINT ( 'NONE',  ( -5.500000000000001800, 3.024329994992252400, 5.257628085115011500 ) ) ;
#2961 = DIRECTION ( 'NONE',  ( 0.0000000000000000000, 1.776356839400250500E-014, 1.000000000000000000 ) ) ;
#2962 = DIRECTION ( 'NONE',  ( 1.000000000000000000, -0.0000000000000000000, -0.0000000000000000000 ) ) ;
#2963 = DIRECTION ( 'NONE',  ( 0.0000000000000000000, 0.0000000000000000000, 1.000000000000000000 ) ) ;
#2964 = DIRECTION ( 'NONE',  ( 1.000000000000000000, -0.0000000000000000000, -0.0000000000000000000 ) ) ;
#2965 = CARTESIAN_POINT ( 'NONE',  ( -3.499999999999999600, 6.615440926668092000, 0.9618556782411852300 ) ) ;
#2966 = CARTESIAN_POINT ( 'NONE',  ( -3.499999999999999600, 2.409814041742902400, 6.235544986945305000 ) ) ;
#2967 = DIRECTION ( 'NONE',  ( 0.0000000000000000000, 0.4338837391175590100, -0.9009688679024187000 ) ) ;
#2968 = DIRECTION ( 'NONE',  ( 0.0000000000000000000, -7.993605777301125500E-015, 1.000000000000000000 ) ) ;
#2969 = DIRECTION ( 'NONE',  ( 1.000000000000000000, 0.0000000000000000000, 0.0000000000000000000 ) ) ;
#2970 = DIRECTION ( 'NONE',  ( 0.0000000000000000000, 0.9749279121818244000, -0.2225209339563114500 ) ) ;
#2971 = DIRECTION ( 'NONE',  ( 0.0000000000000000000, -0.7818314824680309100, 0.6234898018587321500 ) ) ;
#2972 = CARTESIAN_POINT ( 'NONE',  ( -5.500000000000001800, 3.489307230584076400, 3.848734863639435800 ) ) ;
#2973 = CARTESIAN_POINT ( 'NONE',  ( -5.500000000000001800, 4.813660658811046200, 1.953636624814039800 ) ) ;
#2974 = DIRECTION ( 'NONE',  ( 1.000000000000000000, 0.0000000000000000000, 0.0000000000000000000 ) ) ;
#2975 = CARTESIAN_POINT ( 'NONE',  ( -3.499999999999999600, 0.0000000000000000000, 0.0000000000000000000 ) ) ;
#2976 = DIRECTION ( 'NONE',  ( 1.000000000000000000, -0.0000000000000000000, -0.0000000000000000000 ) ) ;
#2977 = DIRECTION ( 'NONE',  ( -1.000000000000000000, 0.0000000000000000000, -0.0000000000000000000 ) ) ;
#2978 = DIRECTION ( 'NONE',  ( 0.0000000000000000000, 0.9749279121818242900, -0.2225209339563114200 ) ) ;
#2979 = DIRECTION ( 'NONE',  ( 1.000000000000000000, 0.0000000000000000000, 0.0000000000000000000 ) ) ;
#2980 = DIRECTION ( 'NONE',  ( 0.0000000000000000000, 0.0000000000000000000, -1.000000000000000000 ) ) ;
#2981 = CARTESIAN_POINT ( 'NONE',  ( 3.499999999999999600, 0.0000000000000000000, 0.0000000000000000000 ) ) ;
#2982 = CARTESIAN_POINT ( 'NONE',  ( -5.500000000000001800, 5.184609557886722600, -0.3284033073366218700 ) ) ;
#2983 = CARTESIAN_POINT ( 'NONE',  ( 3.499999999999999600, 6.615440926668092000, 0.9618556782411852300 ) ) ;
#2984 = CARTESIAN_POINT ( 'NONE',  ( -3.499999999999999600, -1.224646799147353100E-015, 0.0000000000000000000 ) ) ;
#2985 = DIRECTION ( 'NONE',  ( -1.000000000000000000, 0.0000000000000000000, 0.0000000000000000000 ) ) ;
#2986 = CARTESIAN_POINT ( 'NONE',  ( 3.499999999999999600, 0.5343341453270789000, 6.663611034652126900 ) ) ;
#2987 = DIRECTION ( 'NONE',  ( -1.000000000000000000, 0.0000000000000000000, 0.0000000000000000000 ) ) ;
#2988 = DIRECTION ( 'NONE',  ( 1.000000000000000000, -0.0000000000000000000, -0.0000000000000000000 ) ) ;
#2989 = DIRECTION ( 'NONE',  ( 0.0000000000000000000, 0.0000000000000000000, 1.000000000000000000 ) ) ;
#2990 = CARTESIAN_POINT ( 'NONE',  ( 3.499999999999999600, 4.876669003416035200, 4.572452780633305700 ) ) ;
#2991 = DIRECTION ( 'NONE',  ( 0.0000000000000000000, 0.0000000000000000000, -1.000000000000000000 ) ) ;
#2992 = DIRECTION ( 'NONE',  ( -1.000000000000000000, 0.0000000000000000000, 0.0000000000000000000 ) ) ;
#2993 = CARTESIAN_POINT ( 'NONE',  ( 3.499999999999999600, 0.0000000000000000000, 0.0000000000000000000 ) ) ;
#2994 = CARTESIAN_POINT ( 'NONE',  ( -3.499999999999999600, 0.0000000000000000000, 0.0000000000000000000 ) ) ;
#2995 = DIRECTION ( 'NONE',  ( -1.000000000000000000, 0.0000000000000000000, 0.0000000000000000000 ) ) ;
#2996 = CARTESIAN_POINT ( 'NONE',  ( -3.499999999999999600, -1.224646799147353100E-015, 0.0000000000000000000 ) ) ;
#2997 = DIRECTION ( 'NONE',  ( -1.000000000000000000, 0.0000000000000000000, -0.0000000000000000000 ) ) ;
#2998 = DIRECTION ( 'NONE',  ( 1.000000000000000000, -0.0000000000000000000, -0.0000000000000000000 ) ) ;
#2999 = DIRECTION ( 'NONE',  ( 1.000000000000000000, -0.0000000000000000000, -0.0000000000000000000 ) ) ;
#3000 = DIRECTION ( 'NONE',  ( 0.0000000000000000000, 0.0000000000000000000, -1.000000000000000000 ) ) ;
#3001 = CARTESIAN_POINT ( 'NONE',  ( 3.499999999999999600, -0.7300006804953859100, 5.196866946658416500 ) ) ;
#3002 = CARTESIAN_POINT ( 'NONE',  ( -3.499999999999999600, -2.464621116292273300, 5.497842099690226200 ) ) ;
#3003 = CARTESIAN_POINT ( 'NONE',  ( -3.499999999999999600, 2.912543949186499500, 4.365479904758652600 ) ) ;
#3004 = CARTESIAN_POINT ( 'NONE',  ( -3.499999999999999600, 1.473853711795070700, 4.981543961085545600 ) ) ;
#3005 = CARTESIAN_POINT ( 'NONE',  ( 3.499999999999999600, -3.024329994992287900, 5.257628085114993700 ) ) ;
#3006 = CARTESIAN_POINT ( 'NONE',  ( -3.499999999999999600, -3.024329994992287900, 5.257628085114993700 ) ) ;
#3007 = DIRECTION ( 'NONE',  ( 0.0000000000000000000, 0.0000000000000000000, 1.000000000000000000 ) ) ;
#3008 = CARTESIAN_POINT ( 'NONE',  ( -3.499999999999999600, -5.006026504210715300, 3.424751617145373100 ) ) ;
#3009 = CARTESIAN_POINT ( 'NONE',  ( 3.499999999999999600, -2.975795141339313800, 4.258247089681541200 ) ) ;
#3010 = DIRECTION ( 'NONE',  ( 1.000000000000000000, -0.0000000000000000000, -0.0000000000000000000 ) ) ;
#3011 = CARTESIAN_POINT ( 'NONE',  ( -3.499999999999999600, 5.006026504210690400, 3.424751617145406900 ) ) ;
#3012 = CARTESIAN_POINT ( 'NONE',  ( -3.499999999999999600, -4.452831636971938100, 4.118436039661389700 ) ) ;
#3013 = CARTESIAN_POINT ( 'NONE',  ( -3.499999999999999600, -2.912543949186528400, 4.365479904758632100 ) ) ;
#3014 = CARTESIAN_POINT ( 'NONE',  ( 3.499999999999999600, -4.813660658811059500, 1.953636624814005100 ) ) ;
#3015 = CARTESIAN_POINT ( 'NONE',  ( -3.499999999999999600, -2.912543949186469300, -4.365479904758671200 ) ) ;
#3016 = CARTESIAN_POINT ( 'NONE',  ( 3.499999999999999600, 2.464621116292234200, 5.497842099690242200 ) ) ;
#3017 = CARTESIAN_POINT ( 'NONE',  ( -5.000000000000000900, -1.994059209911190100E-015, 0.0000000000000000000 ) ) ;
#3018 = CARTESIAN_POINT ( 'NONE',  ( 3.499999999999999600, -2.224940250717887000, 5.642593896492590100 ) ) ;
#3019 = DIRECTION ( 'NONE',  ( 0.0000000000000000000, 0.0000000000000000000, -1.000000000000000000 ) ) ;
#3020 = CARTESIAN_POINT ( 'NONE',  ( 3.499999999999999600, -3.607926209456280700, 3.810931057092604000 ) ) ;
#3021 = CARTESIAN_POINT ( 'NONE',  ( 3.499999999999999600, -0.4436278392923442300, 6.049166830250658900 ) ) ;
#3022 = CARTESIAN_POINT ( 'NONE',  ( -3.499999999999999600, -5.798785107127479000, 1.778571415871896400 ) ) ;
#3023 = CARTESIAN_POINT ( 'NONE',  ( -3.499999999999999600, -2.975795141339313800, 4.258247089681541200 ) ) ;
#3024 = CARTESIAN_POINT ( 'NONE',  ( 3.499999999999999600, 2.975795141339285800, 4.258247089681561600 ) ) ;
#3025 = CARTESIAN_POINT ( 'NONE',  ( 3.499999999999999600, 4.518222168733849700, 2.669456028623900900 ) ) ;
#3026 = CARTESIAN_POINT ( 'NONE',  ( 3.499999999999999600, 4.813660658811045300, 1.953636624814039300 ) ) ;
#3027 = DIRECTION ( 'NONE',  ( 1.000000000000000000, 1.049267165504202200E-016, -0.0000000000000000000 ) ) ;
#3028 = CARTESIAN_POINT ( 'NONE',  ( 3.499999999999999600, -4.452831636971884800, -4.118436039661451000 ) ) ;
#3029 = CARTESIAN_POINT ( 'NONE',  ( -3.499999999999999600, -2.975795141339256900, -4.258247089681580300 ) ) ;
#3030 = CARTESIAN_POINT ( 'NONE',  ( 3.499999999999999600, -1.597128175838720400, 4.998950754382024200 ) ) ;
#3031 = CARTESIAN_POINT ( 'NONE',  ( 8.500000000000000000, -2.510436305490763200, -7.788203230275509100 ) ) ;
#3032 = DIRECTION ( 'NONE',  ( -1.000000000000000000, 0.0000000000000000000, 0.0000000000000000000 ) ) ;
#3033 = CARTESIAN_POINT ( 'NONE',  ( -3.499999999999999600, -4.813660658811032900, -1.953636624814072900 ) ) ;
#3034 = CARTESIAN_POINT ( 'NONE',  ( 3.499999999999999600, -5.229011075404995000, -0.4447136472904740200 ) ) ;
#3035 = CARTESIAN_POINT ( 'NONE',  ( -3.499999999999999600, -4.904130208979832000, -1.868109725943826800 ) ) ;
#3036 = CARTESIAN_POINT ( 'NONE',  ( 3.499999999999999600, -5.835052170629878400, 1.500930100313651900 ) ) ;
#3037 = CARTESIAN_POINT ( 'NONE',  ( 3.499999999999999600, -4.452831636971938100, 4.118436039661389700 ) ) ;
#3038 = CARTESIAN_POINT ( 'NONE',  ( 3.499999999999999600, 5.006026504210690400, 3.424751617145406900 ) ) ;
#3039 = CARTESIAN_POINT ( 'NONE',  ( -3.499999999999999600, 0.8335146102444738200, 5.127697182411319300 ) ) ;
#3040 = CARTESIAN_POINT ( 'NONE',  ( 3.499999999999999600, -5.006026504210715300, 3.424751617145373100 ) ) ;
#3041 = DIRECTION ( 'NONE',  ( -2.168404344971008900E-016, -0.4999999999999998300, -0.8660254037844387100 ) ) ;
#3042 = DIRECTION ( 'NONE',  ( -1.000000000000000000, 0.0000000000000000000, 0.0000000000000000000 ) ) ;
#3043 = CARTESIAN_POINT ( 'NONE',  ( 3.499999999999999600, 2.912543949186499500, 4.365479904758652600 ) ) ;
#3044 = DIRECTION ( 'NONE',  ( -1.091021054073463300E-016, 1.000000000000000000, 0.0000000000000000000 ) ) ;
#3045 = CARTESIAN_POINT ( 'NONE',  ( 5.500000000000000000, -2.579159525016229800, 5.753343475277488600 ) ) ;
#3046 = CARTESIAN_POINT ( 'NONE',  ( -3.499999999999999600, -0.7300006804953859100, 5.196866946658416500 ) ) ;
#3047 = DIRECTION ( 'NONE',  ( -1.000000000000000000, 0.0000000000000000000, 0.0000000000000000000 ) ) ;
#3048 = CARTESIAN_POINT ( 'NONE',  ( 13.50000000000000400, 0.0000000000000000000, 0.0000000000000000000 ) ) ;
#3049 = CARTESIAN_POINT ( 'NONE',  ( -3.499999999999999600, -5.996218069384165800, 0.9135610895779392400 ) ) ;
#3050 = CARTESIAN_POINT ( 'NONE',  ( -3.499999999999999600, 4.528682948959473500, 2.545398936867011100 ) ) ;
#3051 = CARTESIAN_POINT ( 'NONE',  ( -3.499999999999999600, -1.597128175838720400, 4.998950754382024200 ) ) ;
#3052 = DIRECTION ( 'NONE',  ( 0.0000000000000000000, 0.0000000000000000000, -1.000000000000000000 ) ) ;
#3053 = DIRECTION ( 'NONE',  ( 0.0000000000000000000, 0.0000000000000000000, 1.000000000000000000 ) ) ;
#3054 = DIRECTION ( 'NONE',  ( 1.000000000000000000, -0.0000000000000000000, -0.0000000000000000000 ) ) ;
#3055 = CARTESIAN_POINT ( 'NONE',  ( 3.499999999999999600, 0.4436278392923030400, 6.049166830250661600 ) ) ;
#3056 = CARTESIAN_POINT ( 'NONE',  ( -3.499999999999999600, -3.489307230584050200, -3.848734863639459800 ) ) ;
#3057 = CARTESIAN_POINT ( 'NONE',  ( 3.499999999999999600, -5.798785107127454100, -1.778571415871976300 ) ) ;
#3058 = CARTESIAN_POINT ( 'NONE',  ( 3.499999999999999600, -5.996218069384165800, 0.9135610895779392400 ) ) ;
#3059 = CARTESIAN_POINT ( 'NONE',  ( -3.499999999999999600, -0.4436278392923442300, 6.049166830250658900 ) ) ;
#3060 = CARTESIAN_POINT ( 'NONE',  ( 3.499999999999999600, -5.798785107127479000, 1.778571415871896400 ) ) ;
#3061 = CARTESIAN_POINT ( 'NONE',  ( 3.499999999999999600, -2.224940250717810700, -5.642593896492619400 ) ) ;
#3062 = CARTESIAN_POINT ( 'NONE',  ( -3.499999999999999600, -2.224940250717887000, 5.642593896492590100 ) ) ;
#3063 = CARTESIAN_POINT ( 'NONE',  ( 3.499999999999999600, -4.518222168733867500, 2.669456028623868900 ) ) ;
#3064 = CARTESIAN_POINT ( 'NONE',  ( 3.499999999999999600, -4.518222168733831100, -2.669456028623932400 ) ) ;
#3065 = CARTESIAN_POINT ( 'NONE',  ( -3.499999999999999600, -5.184609557886721700, -0.3284033073366214900 ) ) ;
#3066 = CARTESIAN_POINT ( 'NONE',  ( -3.499999999999999600, -0.8335146102445093500, 5.127697182411313100 ) ) ;
#3067 = CARTESIAN_POINT ( 'NONE',  ( 3.499999999999999600, 0.8335146102444738200, 5.127697182411319300 ) ) ;
#3068 = CARTESIAN_POINT ( 'NONE',  ( -3.499999999999999600, 3.489307230584076400, 3.848734863639435800 ) ) ;
#3069 = CARTESIAN_POINT ( 'NONE',  ( -3.499999999999999600, 4.518222168733849700, 2.669456028623900900 ) ) ;
#3070 = CARTESIAN_POINT ( 'NONE',  ( -3.499999999999999600, 0.7300006804953499400, 5.196866946658421900 ) ) ;
#3071 = CARTESIAN_POINT ( 'NONE',  ( -3.499999999999999600, -4.813660658811059500, 1.953636624814005100 ) ) ;
#3072 = CARTESIAN_POINT ( 'NONE',  ( -3.499999999999999600, 3.024329994992252400, 5.257628085115011500 ) ) ;
#3073 = CARTESIAN_POINT ( 'NONE',  ( 3.499999999999999600, -4.813660658811032900, -1.953636624814072900 ) ) ;
#3074 = CARTESIAN_POINT ( 'NONE',  ( 3.499999999999999600, -2.912543949186528400, 4.365479904758632100 ) ) ;
#3075 = CARTESIAN_POINT ( 'NONE',  ( -3.499999999999999600, -0.4436278392922635700, -6.049166830250664300 ) ) ;
#3076 = CARTESIAN_POINT ( 'NONE',  ( -3.500000000000000400, 6.684999999999999600, 8.961352952760759400E-016 ) ) ;
#3077 = CARTESIAN_POINT ( 'NONE',  ( -5.000000000000000000, -7.950000000000003700, 9.735942053221460800E-016 ) ) ;
#3078 = CARTESIAN_POINT ( 'NONE',  ( 8.500000000000001800, -2.718547014168212000, -1.268661551304011600 ) ) ;
#3079 = CARTESIAN_POINT ( 'NONE',  ( -3.499999999999999600, -4.605971184245770000, 4.164025547019176300 ) ) ;
#3080 = CARTESIAN_POINT ( 'NONE',  ( -3.499999999999999600, -6.106224719638405900, 1.570682868461008800 ) ) ;
#3081 = CARTESIAN_POINT ( 'NONE',  ( 13.50000000000000400, 0.0000000000000000000, 3.000000000000000400 ) ) ;
#3082 = CARTESIAN_POINT ( 'NONE',  ( -3.838955728425371000, 7.949999999999998400, 9.735942053221458900E-016 ) ) ;
#3083 = CARTESIAN_POINT ( 'NONE',  ( -3.499999999999999600, -3.024329994992217300, -5.257628085115033700 ) ) ;
#3084 = CARTESIAN_POINT ( 'NONE',  ( 10.22000000000000200, 3.000000000000000400, -3.730327255644599300E-014 ) ) ;
#3085 = CARTESIAN_POINT ( 'NONE',  ( 3.499999999999999600, -4.528682948959454900, -2.545398936867042200 ) ) ;
#3086 = CARTESIAN_POINT ( 'NONE',  ( -4.999999999999999100, -1.224646799147353100E-015, -5.000000000000000000 ) ) ;
#3087 = CARTESIAN_POINT ( 'NONE',  ( -3.499999999999999600, -4.528682948959454900, -2.545398936867042200 ) ) ;
#3088 = CARTESIAN_POINT ( 'NONE',  ( -3.499999999999999600, -5.229011075404995000, 0.4447136472904742500 ) ) ;
#3089 = CARTESIAN_POINT ( 'NONE',  ( -3.499999999999999600, -0.8335146102444404000, -5.127697182411324700 ) ) ;
#3090 = CARTESIAN_POINT ( 'NONE',  ( -3.499999999999999600, -2.224940250717810700, -5.642593896492619400 ) ) ;
#3091 = CARTESIAN_POINT ( 'NONE',  ( 3.499999999999999600, -4.528682948959491300, 2.545398936866979200 ) ) ;
#3092 = CARTESIAN_POINT ( 'NONE',  ( -3.499999999999999600, 4.813660658811045300, 1.953636624814039300 ) ) ;
#3093 = CARTESIAN_POINT ( 'NONE',  ( -3.499999999999999600, 0.4436278392923030400, 6.049166830250661600 ) ) ;
#3094 = CARTESIAN_POINT ( 'NONE',  ( -3.499999999999999600, -3.607926209456226100, -3.810931057092652900 ) ) ;
#3095 = CARTESIAN_POINT ( 'NONE',  ( -3.499999999999999600, -4.528682948959491300, 2.545398936866979200 ) ) ;
#3096 = CARTESIAN_POINT ( 'NONE',  ( 3.499999999999999600, 4.528682948959473500, 2.545398936867011100 ) ) ;
#3097 = CARTESIAN_POINT ( 'NONE',  ( 3.499999999999999600, 3.489307230584076400, 3.848734863639435800 ) ) ;
#3098 = CARTESIAN_POINT ( 'NONE',  ( 3.499999999999999600, 3.024329994992252400, 5.257628085115011500 ) ) ;
#3099 = CARTESIAN_POINT ( 'NONE',  ( -3.499999999999999600, -3.607926209456280700, 3.810931057092604000 ) ) ;
#3100 = CARTESIAN_POINT ( 'NONE',  ( 3.499999999999999600, -2.975795141339256900, -4.258247089681580300 ) ) ;
#3101 = CARTESIAN_POINT ( 'NONE',  ( 3.500000000000000000, -6.106224719638405900, 1.570682868461008800 ) ) ;
#3102 = CARTESIAN_POINT ( 'NONE',  ( -3.499999999999999600, -4.518222168733867500, 2.669456028623868900 ) ) ;
#3103 = CARTESIAN_POINT ( 'NONE',  ( -3.499999999999999600, -5.184609557886721700, 0.3284033073366217600 ) ) ;
#3104 = CARTESIAN_POINT ( 'NONE',  ( -3.499999999999999600, -5.229011075404995000, -0.4447136472904740200 ) ) ;
#3105 = CARTESIAN_POINT ( 'NONE',  ( -3.499999999999999600, -5.996218069384165800, -0.9135610895779383600 ) ) ;
#3106 = CARTESIAN_POINT ( 'NONE',  ( -3.499999999999999600, -5.006026504210668200, -3.424751617145442400 ) ) ;
#3107 = CARTESIAN_POINT ( 'NONE',  ( 3.499999999999999600, 1.473853711795070700, 4.981543961085545600 ) ) ;
#3108 = CARTESIAN_POINT ( 'NONE',  ( 3.499999999999999600, -0.8335146102445093500, 5.127697182411313100 ) ) ;
#3109 = CARTESIAN_POINT ( 'NONE',  ( 3.499999999999999600, -5.229011075404995000, 0.4447136472904742500 ) ) ;
#3110 = CARTESIAN_POINT ( 'NONE',  ( -3.499999999999999600, -1.597128175838648900, -4.998950754382042800 ) ) ;
#3111 = CARTESIAN_POINT ( 'NONE',  ( 3.499999999999999600, 0.7300006804953499400, 5.196866946658421900 ) ) ;
#3112 = CARTESIAN_POINT ( 'NONE',  ( 3.499999999999999600, -3.607926209456226100, -3.810931057092652900 ) ) ;
#3113 = CARTESIAN_POINT ( 'NONE',  ( -3.499999999999999600, -4.518222168733831100, -2.669456028623932400 ) ) ;
#3114 = CARTESIAN_POINT ( 'NONE',  ( 3.499999999999999600, -5.184609557886721700, 0.3284033073366217600 ) ) ;
#3115 = CARTESIAN_POINT ( 'NONE',  ( -3.499999999999999600, -4.452831636971884800, -4.118436039661451000 ) ) ;
#3116 = CARTESIAN_POINT ( 'NONE',  ( 3.499999999999999600, -3.489307230584050200, -3.848734863639459800 ) ) ;
#3117 = CARTESIAN_POINT ( 'NONE',  ( 3.499999999999999600, -5.184609557886721700, -0.3284033073366214900 ) ) ;
#3118 = CARTESIAN_POINT ( 'NONE',  ( -3.499999999999999600, 2.975795141339285800, 4.258247089681561600 ) ) ;
#3119 = CARTESIAN_POINT ( 'NONE',  ( 3.499999999999999600, -0.8335146102444404000, -5.127697182411324700 ) ) ;
#3120 = CARTESIAN_POINT ( 'NONE',  ( 6.779999999999999400, 7.999999999999998200, 0.0000000000000000000 ) ) ;
#3121 = CARTESIAN_POINT ( 'NONE',  ( 4.814999999999995100, 9.797174393178829600E-016, -8.000000000000001800 ) ) ;
#3122 = CARTESIAN_POINT ( 'NONE',  ( 3.500000000000000000, -2.579159525016151200, -5.753343475277525000 ) ) ;
#3123 = CARTESIAN_POINT ( 'NONE',  ( 7.658334983499966800, 1.000499653210164200E-016, -3.000000000000000400 ) ) ;
#3124 = CARTESIAN_POINT ( 'NONE',  ( 3.499999999999999600, -2.912543949186469300, -4.365479904758671200 ) ) ;
#3125 = CARTESIAN_POINT ( 'NONE',  ( 3.500000000000000400, -6.685000000000001400, 8.991969122739442800E-016 ) ) ;
#3126 = CARTESIAN_POINT ( 'NONE',  ( 3.500000000000000000, 5.035178156088328200, -3.794733974398064400 ) ) ;
#3127 = CARTESIAN_POINT ( 'NONE',  ( -3.499999999999999600, -5.835052170629878400, 1.780930100313652000 ) ) ;
#3128 = CARTESIAN_POINT ( 'NONE',  ( 3.499999999999999600, 5.229011075404995000, 0.4447136472904740200 ) ) ;
#3129 = CARTESIAN_POINT ( 'NONE',  ( -3.499999999999999600, 2.579159525016267100, -5.753343475277470800 ) ) ;
#3130 = CARTESIAN_POINT ( 'NONE',  ( -3.499999999999999600, -1.473853711795110300, 4.981543961085535000 ) ) ;
#3131 = CARTESIAN_POINT ( 'NONE',  ( 4.814999999999995100, -8.000000000000003600, 9.797174393178827600E-016 ) ) ;
#3132 = CARTESIAN_POINT ( 'NONE',  ( 9.341665016500034100, 1.028936662183701400E-015, -3.000000000000000400 ) ) ;
#3133 = CARTESIAN_POINT ( 'NONE',  ( -3.499999999999999600, 1.516409641875775500, 4.975380649086091000 ) ) ;
#3134 = CARTESIAN_POINT ( 'NONE',  ( -3.499999999999999600, 0.1725397420873963600, 6.302638736069236600 ) ) ;
#3135 = CARTESIAN_POINT ( 'NONE',  ( 13.50000000000000200, 9.797174393178825700E-016, -8.000000000000000000 ) ) ;
#3136 = CARTESIAN_POINT ( 'NONE',  ( 3.499999999999999600, -4.904130208979832000, -1.868109725943826800 ) ) ;
#3137 = CARTESIAN_POINT ( 'NONE',  ( 3.499999999999999600, -4.605971184245770000, 4.164025547019176300 ) ) ;
#3138 = CARTESIAN_POINT ( 'NONE',  ( 13.50000000000000200, 0.0000000000000000000, 8.000000000000000000 ) ) ;
#3139 = CARTESIAN_POINT ( 'NONE',  ( 3.499999999999998700, 6.684999999999999600, 0.0000000000000000000 ) ) ;
#3140 = CARTESIAN_POINT ( 'NONE',  ( -3.499999999999999600, 5.006026504210738400, -3.424751617145337600 ) ) ;
#3141 = CARTESIAN_POINT ( 'NONE',  ( -5.500000000000000000, 0.0000000000000000000, 3.000000000000000400 ) ) ;
#3142 = CARTESIAN_POINT ( 'NONE',  ( -3.499999999999999600, -1.516409641875816000, 4.975380649086079500 ) ) ;
#3143 = CARTESIAN_POINT ( 'NONE',  ( 3.499999999999999600, 1.516409641875775500, 4.975380649086091000 ) ) ;
#3144 = CARTESIAN_POINT ( 'NONE',  ( 3.500000000000000000, -4.820024616874566600, -4.064527979079883800 ) ) ;
#3145 = CARTESIAN_POINT ( 'NONE',  ( -4.999999999999999100, -6.123233995736764300E-016, 5.000000000000000000 ) ) ;
#3146 = CARTESIAN_POINT ( 'NONE',  ( 3.499999999999999600, -3.590057198743414900, 3.809862915525052100 ) ) ;
#3147 = CARTESIAN_POINT ( 'NONE',  ( -5.500000000000000000, -1.224646799147353100E-015, -5.000000000000000000 ) ) ;
#3148 = CARTESIAN_POINT ( 'NONE',  ( -5.500000000000000000, -6.123233995736764300E-016, 5.000000000000000000 ) ) ;
#3149 = CARTESIAN_POINT ( 'NONE',  ( 3.499999999999999600, -5.835052170629878400, 1.780930100313652000 ) ) ;
#3150 = CARTESIAN_POINT ( 'NONE',  ( 10.22000000000000200, 8.000000000000000000, 2.106396676875519400E-016 ) ) ;
#3151 = CARTESIAN_POINT ( 'NONE',  ( -3.499999999999999600, -4.904130208979858600, 1.868109725943758900 ) ) ;
#3152 = CARTESIAN_POINT ( 'NONE',  ( 3.500000000000000000, 2.890065397209623300, -5.603619098390929300 ) ) ;
#3153 = CARTESIAN_POINT ( 'NONE',  ( -3.499999999999999600, -6.106224719638381900, -1.570682868461093800 ) ) ;
#3154 = CARTESIAN_POINT ( 'NONE',  ( -3.499999999999999600, 2.912543949186561700, -4.365479904758609900 ) ) ;
#3155 = CARTESIAN_POINT ( 'NONE',  ( 3.499999999999999600, -1.597128175838648900, -4.998950754382042800 ) ) ;
#3156 = CARTESIAN_POINT ( 'NONE',  ( 3.499999999999999600, 0.7300006804954197700, -5.196866946658412100 ) ) ;
#3157 = CARTESIAN_POINT ( 'NONE',  ( 3.499999999999999600, 5.835052170629866800, 1.780930100313692100 ) ) ;
#3158 = CARTESIAN_POINT ( 'NONE',  ( 3.499999999999999600, -1.473853711795110300, 4.981543961085535000 ) ) ;
#3159 = CARTESIAN_POINT ( 'NONE',  ( 13.50000000000000400, 3.673940397442060400E-016, -3.000000000000000400 ) ) ;
#3160 = CARTESIAN_POINT ( 'NONE',  ( -3.499999999999999600, 4.452831636971909600, 4.118436039661419900 ) ) ;
#3161 = CARTESIAN_POINT ( 'NONE',  ( 6.780000000000000200, 3.000000000000000400, 0.0000000000000000000 ) ) ;
#3162 = CARTESIAN_POINT ( 'NONE',  ( -3.499999999999998700, -6.685000000000003200, 0.0000000000000000000 ) ) ;
#3163 = CARTESIAN_POINT ( 'NONE',  ( 3.499999999999999600, -2.464621116292273300, 5.777842099690225600 ) ) ;
#3164 = CARTESIAN_POINT ( 'NONE',  ( -3.499999999999999600, 4.904130208979845300, 1.868109725943793500 ) ) ;
#3165 = CARTESIAN_POINT ( 'NONE',  ( 3.499999999999999600, -3.024329994992217300, -5.257628085115033700 ) ) ;
#3166 = CARTESIAN_POINT ( 'NONE',  ( -3.499999999999999600, -1.473853711795038300, -4.981543961085556300 ) ) ;
#3167 = CARTESIAN_POINT ( 'NONE',  ( 3.499999999999999600, -5.006026504210668200, -3.424751617145442400 ) ) ;
#3168 = CARTESIAN_POINT ( 'NONE',  ( 8.500000000000000000, -5.396019889067161100, -5.906180606516501900 ) ) ;
#3169 = CARTESIAN_POINT ( 'NONE',  ( 3.500000000000000000, 4.820024616874649200, -4.064527979079782600 ) ) ;
#3170 = CARTESIAN_POINT ( 'NONE',  ( -3.499999999999999600, 1.597128175838753000, -4.998950754382013500 ) ) ;
#3171 = CARTESIAN_POINT ( 'NONE',  ( 3.499999999999999600, 2.975795141339345800, -4.258247089681519000 ) ) ;
#3172 = CARTESIAN_POINT ( 'NONE',  ( 4.814999999999994200, 8.000000000000000000, 0.0000000000000000000 ) ) ;
#3173 = CARTESIAN_POINT ( 'NONE',  ( 8.500000000000000000, -2.416892500048691200, -7.626180606516501600 ) ) ;
#3174 = CARTESIAN_POINT ( 'NONE',  ( -5.500000000000000000, 3.673940397442060400E-016, -3.000000000000000400 ) ) ;
#3175 = CARTESIAN_POINT ( 'NONE',  ( 4.814999999999995100, 1.925929944387235900E-031, 8.000000000000001800 ) ) ;
#3176 = CARTESIAN_POINT ( 'NONE',  ( -3.499999999999999600, -2.464621116292273300, 5.777842099690225600 ) ) ;
#3177 = CARTESIAN_POINT ( 'NONE',  ( 3.499999999999999600, -5.996218069384165800, -0.9135610895779383600 ) ) ;
#3178 = CARTESIAN_POINT ( 'NONE',  ( -3.499999999999999600, 1.473853711795142900, -4.981543961085525200 ) ) ;
#3179 = CARTESIAN_POINT ( 'NONE',  ( -3.499999999999999600, 0.8335146102445424300, -5.127697182411307800 ) ) ;
#3180 = CARTESIAN_POINT ( 'NONE',  ( -3.838955728425369300, -7.950000000000003700, 0.0000000000000000000 ) ) ;
#3181 = CARTESIAN_POINT ( 'NONE',  ( -5.000000000000001800, 7.950000000000000200, 0.0000000000000000000 ) ) ;
#3182 = CARTESIAN_POINT ( 'NONE',  ( -3.499999999999999600, -5.798785107127454100, -1.778571415871976300 ) ) ;
#3183 = CARTESIAN_POINT ( 'NONE',  ( 8.500000000000001800, 0.2605803748502588700, -2.988661551304011800 ) ) ;
#3184 = CARTESIAN_POINT ( 'NONE',  ( 3.500000000000000000, -1.224646799147353100E-015, -6.304999999999999700 ) ) ;
#3185 = CARTESIAN_POINT ( 'NONE',  ( 3.500000000000000000, -6.183012128746142400, -1.234255247417697800 ) ) ;
#3186 = CARTESIAN_POINT ( 'NONE',  ( -3.499999999999999600, 4.820024616874649200, -4.064527979079782600 ) ) ;
#3187 = CARTESIAN_POINT ( 'NONE',  ( 3.499999999999999600, 4.452831636971909600, 4.118436039661419900 ) ) ;
#3188 = CARTESIAN_POINT ( 'NONE',  ( 3.500000000000000000, -5.035178156088249100, -3.794733974398171400 ) ) ;
#3189 = CARTESIAN_POINT ( 'NONE',  ( -3.499999999999999600, 5.229011075404995000, -0.4447136472904742500 ) ) ;
#3190 = CARTESIAN_POINT ( 'NONE',  ( 3.500000000000000000, -0.1725397420873547300, -6.302638736069236600 ) ) ;
#3191 = CARTESIAN_POINT ( 'NONE',  ( 3.499999999999999600, -5.542972784208763500, 1.761934266684516100 ) ) ;
#3192 = CARTESIAN_POINT ( 'NONE',  ( -3.499999999999999600, 4.605971184245744300, 4.164025547019205600 ) ) ;
#3193 = CARTESIAN_POINT ( 'NONE',  ( -3.499999999999999600, -5.542972784208763500, 1.761934266684516100 ) ) ;
#3194 = CARTESIAN_POINT ( 'NONE',  ( -3.499999999999999600, -0.1725397420874400200, 6.302638736069234000 ) ) ;
#3195 = CARTESIAN_POINT ( 'NONE',  ( -3.499999999999999600, 5.184609557886721700, 0.3284033073366214900 ) ) ;
#3196 = CARTESIAN_POINT ( 'NONE',  ( -3.499999999999999600, -4.820024616874566600, -4.064527979079883800 ) ) ;
#3197 = CARTESIAN_POINT ( 'NONE',  ( 3.499999999999999600, 3.607926209456252300, 3.810931057092628900 ) ) ;
#3198 = CARTESIAN_POINT ( 'NONE',  ( 3.499999999999999600, 5.798785107127464800, 1.778571415871936800 ) ) ;
#3199 = CARTESIAN_POINT ( 'NONE',  ( 3.500000000000000000, -5.035178156088304200, 3.794733974398100800 ) ) ;
#3200 = CARTESIAN_POINT ( 'NONE',  ( -3.499999999999999600, -2.890065397209581600, 5.603619098390951500 ) ) ;
#3201 = CARTESIAN_POINT ( 'NONE',  ( 3.499999999999999600, 4.605971184245744300, 4.164025547019205600 ) ) ;
#3202 = CARTESIAN_POINT ( 'NONE',  ( -3.499999999999999600, -4.820024616874619900, 4.064527979079819900 ) ) ;
#3203 = CARTESIAN_POINT ( 'NONE',  ( -3.499999999999999600, -3.489307230584104900, 3.848734863639410100 ) ) ;
#3204 = CARTESIAN_POINT ( 'NONE',  ( 3.499999999999999600, 5.542972784208737700, 1.761934266684554800 ) ) ;
#3205 = CARTESIAN_POINT ( 'NONE',  ( -3.499999999999999600, -2.890065397209506100, -5.603619098390992400 ) ) ;
#3206 = CARTESIAN_POINT ( 'NONE',  ( 3.499999999999999600, -4.904130208979858600, 1.868109725943758900 ) ) ;
#3207 = CARTESIAN_POINT ( 'NONE',  ( -3.499999999999999600, 2.579159525016188500, 5.753343475277505400 ) ) ;
#3208 = CARTESIAN_POINT ( 'NONE',  ( 3.500000000000000000, -6.106224719638381900, -1.570682868461093800 ) ) ;
#3209 = CARTESIAN_POINT ( 'NONE',  ( 3.499999999999999600, 2.224940250717847500, 5.642593896492605200 ) ) ;
#3210 = CARTESIAN_POINT ( 'NONE',  ( -3.499999999999999600, 5.996218069384164000, -0.9135610895779383600 ) ) ;
#3211 = CARTESIAN_POINT ( 'NONE',  ( -3.499999999999999600, -3.590057198743414900, 3.809862915525052100 ) ) ;
#3212 = CARTESIAN_POINT ( 'NONE',  ( -3.499999999999999600, 5.835052170629866800, 1.780930100313692100 ) ) ;
#3213 = CARTESIAN_POINT ( 'NONE',  ( 3.499999999999999600, -1.516409641875816000, 4.975380649086079500 ) ) ;
#3214 = CARTESIAN_POINT ( 'NONE',  ( 3.500000000000000000, 0.1725397420873963600, 6.302638736069236600 ) ) ;
#3215 = CARTESIAN_POINT ( 'NONE',  ( -3.499999999999999600, 6.183012128746140600, -1.234255247417697300 ) ) ;
#3216 = CARTESIAN_POINT ( 'NONE',  ( 3.499999999999999600, 2.224940250717923500, -5.642593896492574100 ) ) ;
#3217 = CARTESIAN_POINT ( 'NONE',  ( 3.499999999999999600, 2.912543949186561700, -4.365479904758609900 ) ) ;
#3218 = CARTESIAN_POINT ( 'NONE',  ( 3.500000000000000000, 6.183012128746140600, -1.234255247417697300 ) ) ;
#3219 = CARTESIAN_POINT ( 'NONE',  ( -3.499999999999999600, -0.7300006804953156300, -5.196866946658426300 ) ) ;
#3220 = CARTESIAN_POINT ( 'NONE',  ( -3.499999999999999600, 5.184609557886721700, -0.3284033073366217600 ) ) ;
#3221 = CARTESIAN_POINT ( 'NONE',  ( 3.499999999999999600, 3.590057198743385100, 3.809862915525079200 ) ) ;
#3222 = CARTESIAN_POINT ( 'NONE',  ( 3.500000000000000000, -4.820024616874619900, 4.064527979079819900 ) ) ;
#3223 = CARTESIAN_POINT ( 'NONE',  ( -3.499999999999999600, 4.820024616874593300, 4.064527979079850100 ) ) ;
#3224 = CARTESIAN_POINT ( 'NONE',  ( -3.499999999999999600, 5.035178156088275800, 3.794733974398135000 ) ) ;
#3225 = CARTESIAN_POINT ( 'NONE',  ( 3.499999999999999600, 5.996218069384164000, 0.9135610895779381300 ) ) ;
#3226 = CARTESIAN_POINT ( 'NONE',  ( -3.499999999999999600, 0.1725397420874807700, -6.302638736069233100 ) ) ;
#3227 = CARTESIAN_POINT ( 'NONE',  ( 3.499999999999999600, 2.464621116292234200, 5.777842099690242400 ) ) ;
#3228 = CARTESIAN_POINT ( 'NONE',  ( -3.500000000000000000, 5.035178156088329100, -3.794733974398064800 ) ) ;
#3229 = CARTESIAN_POINT ( 'NONE',  ( -3.499999999999999600, -0.1725397420873547300, -6.302638736069236600 ) ) ;
#3230 = CARTESIAN_POINT ( 'NONE',  ( -3.499999999999999600, 3.590057198743385100, 3.809862915525079200 ) ) ;
#3231 = CARTESIAN_POINT ( 'NONE',  ( 3.500000000000000000, -2.890065397209506100, -5.603619098390992400 ) ) ;
#3232 = CARTESIAN_POINT ( 'NONE',  ( 3.500000000000000000, -6.183012128746141500, 1.234255247417696900 ) ) ;
#3233 = CARTESIAN_POINT ( 'NONE',  ( 3.500000000000000000, 2.579159525016188500, 5.753343475277505400 ) ) ;
#3234 = CARTESIAN_POINT ( 'NONE',  ( 3.499999999999999600, 5.996218069384164000, -0.9135610895779383600 ) ) ;
#3235 = CARTESIAN_POINT ( 'NONE',  ( -3.499999999999999600, -6.183012128746141500, 1.234255247417696900 ) ) ;
#3236 = CARTESIAN_POINT ( 'NONE',  ( -3.499999999999999600, 2.464621116292234200, 5.777842099690242400 ) ) ;
#3237 = CARTESIAN_POINT ( 'NONE',  ( -3.499999999999999600, 5.542972784208737700, 1.761934266684554800 ) ) ;
#3238 = CARTESIAN_POINT ( 'NONE',  ( 3.500000000000000000, 0.1725397420874807700, -6.302638736069233100 ) ) ;
#3239 = CARTESIAN_POINT ( 'NONE',  ( 3.499999999999999600, -0.4436278392922635700, -6.049166830250664300 ) ) ;
#3240 = CARTESIAN_POINT ( 'NONE',  ( -3.499999999999999600, 1.597128175838681700, 4.998950754382034000 ) ) ;
#3241 = CARTESIAN_POINT ( 'NONE',  ( -3.499999999999999600, 3.607926209456252300, 3.810931057092628900 ) ) ;
#3242 = CARTESIAN_POINT ( 'NONE',  ( -3.499999999999999600, -2.579159525016151200, -5.753343475277525000 ) ) ;
#3243 = CARTESIAN_POINT ( 'NONE',  ( 3.500000000000000000, -2.579159525016230200, 5.753343475277490300 ) ) ;
#3244 = CARTESIAN_POINT ( 'NONE',  ( -3.499999999999999600, -6.183012128746142400, -1.234255247417697800 ) ) ;
#3245 = CARTESIAN_POINT ( 'NONE',  ( -3.499999999999999600, -5.035178156088304200, 3.794733974398100800 ) ) ;
#3246 = CARTESIAN_POINT ( 'NONE',  ( 3.499999999999999600, 4.904130208979845300, 1.868109725943793500 ) ) ;
#3247 = CARTESIAN_POINT ( 'NONE',  ( -3.499999999999999600, -1.224646799147353100E-015, -6.304999999999999700 ) ) ;
#3248 = DIRECTION ( 'NONE',  ( 1.000000000000000000, -0.0000000000000000000, -0.0000000000000000000 ) ) ;
#3249 = CARTESIAN_POINT ( 'NONE',  ( 3.499999999999999600, 4.452831636971967400, -4.118436039661356900 ) ) ;
#3250 = CARTESIAN_POINT ( 'NONE',  ( -3.499999999999999600, 6.183012128746139700, 1.234255247417697100 ) ) ;
#3251 = CARTESIAN_POINT ( 'NONE',  ( 3.499999999999999600, -3.489307230584104900, 3.848734863639410100 ) ) ;
#3252 = CARTESIAN_POINT ( 'NONE',  ( 3.499999999999999600, -0.7300006804953156300, -5.196866946658426300 ) ) ;
#3253 = CARTESIAN_POINT ( 'NONE',  ( 3.500000000000000000, 4.820024616874593300, 4.064527979079850100 ) ) ;
#3254 = CARTESIAN_POINT ( 'NONE',  ( -3.499999999999999600, 4.904130208979875500, -1.868109725943723200 ) ) ;
#3255 = CARTESIAN_POINT ( 'NONE',  ( -3.499999999999999600, 6.106224719638390800, 1.570682868461050100 ) ) ;
#3256 = CARTESIAN_POINT ( 'NONE',  ( -3.499999999999999600, 6.106224719638413800, -1.570682868460965100 ) ) ;
#3257 = CARTESIAN_POINT ( 'NONE',  ( -3.499999999999999600, 5.798785107127488700, -1.778571415871855700 ) ) ;
#3258 = CARTESIAN_POINT ( 'NONE',  ( -3.499999999999999600, 4.813660658811075500, -1.953636624813967400 ) ) ;
#3259 = CARTESIAN_POINT ( 'NONE',  ( -3.499999999999999600, 2.224940250717847500, 5.642593896492605200 ) ) ;
#3260 = CARTESIAN_POINT ( 'NONE',  ( -3.499999999999999600, 0.4436278392923841400, -6.049166830250654500 ) ) ;
#3261 = CARTESIAN_POINT ( 'NONE',  ( 3.499999999999999600, 5.006026504210739200, -3.424751617145337200 ) ) ;
#3262 = CARTESIAN_POINT ( 'NONE',  ( 3.500000000000000000, 6.183012128746139700, 1.234255247417697100 ) ) ;
#3263 = CARTESIAN_POINT ( 'NONE',  ( 3.499999999999999600, -1.473853711795038300, -4.981543961085556300 ) ) ;
#3264 = CARTESIAN_POINT ( 'NONE',  ( 3.500000000000000000, 2.890065397209543400, 5.603619098390970200 ) ) ;
#3265 = CARTESIAN_POINT ( 'NONE',  ( -3.499999999999999600, 3.607926209456305600, -3.810931057092577800 ) ) ;
#3266 = CARTESIAN_POINT ( 'NONE',  ( 3.499999999999999600, 1.473853711795142900, -4.981543961085525200 ) ) ;
#3267 = CARTESIAN_POINT ( 'NONE',  ( 3.500000000000000000, -0.1725397420874400200, 6.302638736069234000 ) ) ;
#3268 = CARTESIAN_POINT ( 'NONE',  ( 3.499999999999999600, 3.607926209456305600, -3.810931057092577800 ) ) ;
#3269 = CARTESIAN_POINT ( 'NONE',  ( -3.499999999999999600, 3.024329994992327000, -5.257628085114968800 ) ) ;
#3270 = CARTESIAN_POINT ( 'NONE',  ( 3.499999999999999600, 3.024329994992327000, -5.257628085114968800 ) ) ;
#3271 = CARTESIAN_POINT ( 'NONE',  ( 3.499999999999999600, 5.798785107127488700, -1.778571415871855700 ) ) ;
#3272 = CARTESIAN_POINT ( 'NONE',  ( 3.499999999999999600, 4.904130208979875500, -1.868109725943723200 ) ) ;
#3273 = CARTESIAN_POINT ( 'NONE',  ( 3.499999999999999600, 1.597128175838753000, -4.998950754382013500 ) ) ;
#3274 = CARTESIAN_POINT ( 'NONE',  ( -3.499999999999999600, 4.528682948959509100, -2.545398936866947600 ) ) ;
#3275 = CARTESIAN_POINT ( 'NONE',  ( -3.499999999999999600, 0.5343341453271681600, -6.663611034652118000 ) ) ;
#3276 = DIRECTION ( 'NONE',  ( -1.000000000000000000, 0.0000000000000000000, 0.0000000000000000000 ) ) ;
#3277 = DIRECTION ( 'NONE',  ( 0.0000000000000000000, 0.0000000000000000000, 1.000000000000000000 ) ) ;
#3278 = CARTESIAN_POINT ( 'NONE',  ( 3.499999999999999600, 5.184609557886721700, 0.3284033073366214900 ) ) ;
#3279 = CARTESIAN_POINT ( 'NONE',  ( -3.499999999999999600, 5.229011075404995000, 0.4447136472904740200 ) ) ;
#3280 = CARTESIAN_POINT ( 'NONE',  ( -3.499999999999999600, 2.890065397209623300, -5.603619098390929300 ) ) ;
#3281 = CARTESIAN_POINT ( 'NONE',  ( -3.499999999999999600, -5.035178156088249100, -3.794733974398171400 ) ) ;
#3282 = CARTESIAN_POINT ( 'NONE',  ( 3.500000000000000000, 2.579159525016267100, -5.753343475277470800 ) ) ;
#3283 = CARTESIAN_POINT ( 'NONE',  ( 3.499999999999999600, 4.518222168733887000, -2.669456028623837800 ) ) ;
#3284 = CARTESIAN_POINT ( 'NONE',  ( 3.500000000000000000, 6.106224719638413800, -1.570682868460965100 ) ) ;
#3285 = CARTESIAN_POINT ( 'NONE',  ( -3.499999999999999600, 2.224940250717923500, -5.642593896492574100 ) ) ;
#3286 = CARTESIAN_POINT ( 'NONE',  ( 3.499999999999999600, 3.489307230584130600, -3.848734863639387000 ) ) ;
#3287 = CARTESIAN_POINT ( 'NONE',  ( 3.499999999999999600, 4.813660658811075500, -1.953636624813967400 ) ) ;
#3288 = CARTESIAN_POINT ( 'NONE',  ( 3.499999999999999600, 1.597128175838681700, 4.998950754382034000 ) ) ;
#3289 = CARTESIAN_POINT ( 'NONE',  ( -3.499999999999999600, 4.452831636971967400, -4.118436039661356900 ) ) ;
#3290 = CARTESIAN_POINT ( 'NONE',  ( 3.499999999999999600, 5.184609557886721700, -0.3284033073366217600 ) ) ;
#3291 = CARTESIAN_POINT ( 'NONE',  ( 3.500000000000000000, 6.106224719638390800, 1.570682868461050100 ) ) ;
#3292 = CARTESIAN_POINT ( 'NONE',  ( -3.499999999999999600, 2.975795141339345800, -4.258247089681519000 ) ) ;
#3293 = CARTESIAN_POINT ( 'NONE',  ( -3.499999999999999600, 5.798785107127464800, 1.778571415871936800 ) ) ;
#3294 = CARTESIAN_POINT ( 'NONE',  ( 3.500000000000000000, 5.035178156088275800, 3.794733974398135000 ) ) ;
#3295 = CARTESIAN_POINT ( 'NONE',  ( 3.499999999999999600, 5.229011075404995000, -0.4447136472904742500 ) ) ;
#3296 = CARTESIAN_POINT ( 'NONE',  ( -3.499999999999999600, 5.996218069384164000, 0.9135610895779381300 ) ) ;
#3297 = CARTESIAN_POINT ( 'NONE',  ( 3.499999999999999600, 0.4436278392923841400, -6.049166830250654500 ) ) ;
#3298 = CARTESIAN_POINT ( 'NONE',  ( -3.499999999999999600, 2.890065397209543400, 5.603619098390970200 ) ) ;
#3299 = CARTESIAN_POINT ( 'NONE',  ( 3.499999999999999600, 0.8335146102445424300, -5.127697182411307800 ) ) ;
#3300 = CARTESIAN_POINT ( 'NONE',  ( 3.499999999999999600, 4.528682948959509100, -2.545398936866947600 ) ) ;
#3301 = CARTESIAN_POINT ( 'NONE',  ( -3.499999999999999600, 4.518222168733887000, -2.669456028623837800 ) ) ;
#3302 = CARTESIAN_POINT ( 'NONE',  ( 3.500000000000000000, -2.890065397209581600, 5.603619098390951500 ) ) ;
#3303 = CARTESIAN_POINT ( 'NONE',  ( -3.499999999999999600, 3.489307230584130600, -3.848734863639387000 ) ) ;
#3304 = DIRECTION ( 'NONE',  ( 0.0000000000000000000, 0.0000000000000000000, -1.000000000000000000 ) ) ;
#3305 = CARTESIAN_POINT ( 'NONE',  ( -3.499999999999999600, 0.7300006804954197700, -5.196866946658412100 ) ) ;
#3306 = CARTESIAN_POINT ( 'NONE',  ( -5.500000000000001800, 2.224940250717923500, -5.642593896492574100 ) ) ;
#3307 = CARTESIAN_POINT ( 'NONE',  ( -3.499999999999999600, 0.0000000000000000000, 0.0000000000000000000 ) ) ;
#3308 = CARTESIAN_POINT ( 'NONE',  ( -5.500000000000001800, -3.607926209456226100, -3.810931057092653300 ) ) ;
#3309 = DIRECTION ( 'NONE',  ( 1.000000000000000000, -0.0000000000000000000, -0.0000000000000000000 ) ) ;
#3310 = CARTESIAN_POINT ( 'NONE',  ( -3.499999999999999600, 2.464621116292234200, 5.497842099690242200 ) ) ;
#3311 = DIRECTION ( 'NONE',  ( -1.000000000000000000, 0.0000000000000000000, 0.0000000000000000000 ) ) ;
#3312 = DIRECTION ( 'NONE',  ( -1.000000000000000000, 0.0000000000000000000, 0.0000000000000000000 ) ) ;
#3313 = DIRECTION ( 'NONE',  ( -1.000000000000000000, 0.0000000000000000000, 0.0000000000000000000 ) ) ;
#3314 = DIRECTION ( 'NONE',  ( 0.0000000000000000000, 0.0000000000000000000, 1.000000000000000000 ) ) ;
#3315 = CARTESIAN_POINT ( 'NONE',  ( -5.500000000000001800, 0.7300006804954197700, -5.196866946658412100 ) ) ;
#3316 = CARTESIAN_POINT ( 'NONE',  ( -5.500000000000001800, 2.464621116292234200, 5.777842099690242400 ) ) ;
#3317 = DIRECTION ( 'NONE',  ( 1.000000000000000000, 0.0000000000000000000, 0.0000000000000000000 ) ) ;
#3318 = CARTESIAN_POINT ( 'NONE',  ( 3.499999999999999600, 3.372650901736916800, -5.771867193119844900 ) ) ;
#3319 = DIRECTION ( 'NONE',  ( 1.000000000000000000, -0.0000000000000000000, -0.0000000000000000000 ) ) ;
#3320 = CARTESIAN_POINT ( 'NONE',  ( -5.500000000000001800, 4.452831636971967400, -4.118436039661356900 ) ) ;
#3321 = CARTESIAN_POINT ( 'NONE',  ( -5.500000000000001800, 3.607926209456305600, -3.810931057092577800 ) ) ;
#3322 = DIRECTION ( 'NONE',  ( 1.000000000000000000, -0.0000000000000000000, -0.0000000000000000000 ) ) ;
#3323 = CARTESIAN_POINT ( 'NONE',  ( -3.499999999999999600, 2.409814041742985400, -6.235544986945273900 ) ) ;
#3324 = DIRECTION ( 'NONE',  ( 0.0000000000000000000, 0.0000000000000000000, 1.000000000000000000 ) ) ;
#3325 = DIRECTION ( 'NONE',  ( 0.0000000000000000000, 0.0000000000000000000, 1.000000000000000000 ) ) ;
#3326 = DIRECTION ( 'NONE',  ( -1.000000000000000000, 0.0000000000000000000, 0.0000000000000000000 ) ) ;
#3327 = DIRECTION ( 'NONE',  ( -1.000000000000000000, 0.0000000000000000000, 0.0000000000000000000 ) ) ;
#3328 = CARTESIAN_POINT ( 'NONE',  ( -5.500000000000001800, -3.024329994992217300, -5.257628085115033700 ) ) ;
#3329 = CARTESIAN_POINT ( 'NONE',  ( 3.499999999999999600, 4.876669003416100000, -4.572452780633237300 ) ) ;
#3330 = DIRECTION ( 'NONE',  ( 1.000000000000000000, -0.0000000000000000000, -0.0000000000000000000 ) ) ;
#3331 = CARTESIAN_POINT ( 'NONE',  ( -5.500000000000001800, -3.489307230584050200, -3.848734863639459800 ) ) ;
#3332 = DIRECTION ( 'NONE',  ( -1.000000000000000000, 0.0000000000000000000, 0.0000000000000000000 ) ) ;
#3333 = DIRECTION ( 'NONE',  ( 1.000000000000000000, -0.0000000000000000000, -0.0000000000000000000 ) ) ;
#3334 = CARTESIAN_POINT ( 'NONE',  ( -3.499999999999999600, 0.0000000000000000000, 0.0000000000000000000 ) ) ;
#3335 = DIRECTION ( 'NONE',  ( 1.000000000000000000, -0.0000000000000000000, -0.0000000000000000000 ) ) ;
#3336 = CARTESIAN_POINT ( 'NONE',  ( -5.500000000000001800, -1.473853711795038100, -4.981543961085556300 ) ) ;
#3337 = DIRECTION ( 'NONE',  ( 1.000000000000000000, 0.0000000000000000000, 0.0000000000000000000 ) ) ;
#3338 = CARTESIAN_POINT ( 'NONE',  ( -5.500000000000001800, 1.473853711795142900, -4.981543961085525200 ) ) ;
#3339 = DIRECTION ( 'NONE',  ( 0.0000000000000000000, -0.7818314824680221400, -0.6234898018587431400 ) ) ;
#3340 = DIRECTION ( 'NONE',  ( 1.000000000000000000, -0.0000000000000000000, -0.0000000000000000000 ) ) ;
#3341 = CARTESIAN_POINT ( 'NONE',  ( -5.500000000000001800, -2.912543949186469300, -4.365479904758671200 ) ) ;
#3342 = CARTESIAN_POINT ( 'NONE',  ( -5.500000000000001800, -0.4436278392922635700, -6.049166830250664300 ) ) ;
#3343 = DIRECTION ( 'NONE',  ( -1.000000000000000000, 0.0000000000000000000, 0.0000000000000000000 ) ) ;
#3344 = DIRECTION ( 'NONE',  ( 1.000000000000000000, -0.0000000000000000000, -0.0000000000000000000 ) ) ;
#3345 = DIRECTION ( 'NONE',  ( 0.0000000000000000000, 0.0000000000000000000, 1.000000000000000000 ) ) ;
#3346 = DIRECTION ( 'NONE',  ( 0.0000000000000000000, 0.7818314824680220300, 0.6234898018587432500 ) ) ;
#3347 = DIRECTION ( 'NONE',  ( 1.000000000000000000, -0.0000000000000000000, -0.0000000000000000000 ) ) ;
#3348 = CARTESIAN_POINT ( 'NONE',  ( -5.500000000000001800, -2.975795141339256900, -4.258247089681580300 ) ) ;
#3349 = DIRECTION ( 'NONE',  ( 0.0000000000000000000, 0.9749279121818212900, 0.2225209339563245800 ) ) ;
#3350 = CARTESIAN_POINT ( 'NONE',  ( -3.499999999999999600, -2.579159525016230200, 5.753343475277490300 ) ) ;
#3351 = CARTESIAN_POINT ( 'NONE',  ( 4.814999999999995100, -8.000000000000003600, 9.797174393178827600E-016 ) ) ;
#3352 = DIRECTION ( 'NONE',  ( 0.7071067811865460200, -0.7071067811865489100, 8.659560562354952600E-017 ) ) ;
#3353 = DIRECTION ( 'NONE',  ( 0.0000000000000000000, 0.0000000000000000000, 1.000000000000000000 ) ) ;
#3354 = DIRECTION ( 'NONE',  ( 0.0000000000000000000, -0.9749279121818212900, -0.2225209339563246100 ) ) ;
#3355 = DIRECTION ( 'NONE',  ( 1.000000000000000000, -0.0000000000000000000, -0.0000000000000000000 ) ) ;
#3356 = CARTESIAN_POINT ( 'NONE',  ( -3.499999999999999600, 0.0000000000000000000, 0.0000000000000000000 ) ) ;
#3357 = DIRECTION ( 'NONE',  ( -2.168404344971008900E-016, 1.000000000000000000, -0.0000000000000000000 ) ) ;
#3358 = CARTESIAN_POINT ( 'NONE',  ( 3.499999999999999600, 4.605971184245744300, 3.884025547019205800 ) ) ;
#3359 = DIRECTION ( 'NONE',  ( 1.000000000000000000, 0.0000000000000000000, 0.0000000000000000000 ) ) ;
#3360 = DIRECTION ( 'NONE',  ( -1.000000000000000000, 0.0000000000000000000, 0.0000000000000000000 ) ) ;
#3361 = DIRECTION ( 'NONE',  ( 1.000000000000000000, 0.0000000000000000000, 0.0000000000000000000 ) ) ;
#3362 = CARTESIAN_POINT ( 'NONE',  ( 3.499999999999999600, 0.5343341453271681600, -6.663611034652118000 ) ) ;
#3363 = DIRECTION ( 'NONE',  ( 1.000000000000000000, 0.0000000000000000000, 0.0000000000000000000 ) ) ;
#3364 = DIRECTION ( 'NONE',  ( 1.000000000000000000, -0.0000000000000000000, -0.0000000000000000000 ) ) ;
#3365 = DIRECTION ( 'NONE',  ( 0.0000000000000000000, -0.9749279121818212900, -0.2225209339563245800 ) ) ;
#3366 = DIRECTION ( 'NONE',  ( 0.0000000000000000000, 0.0000000000000000000, -1.000000000000000000 ) ) ;
#3367 = DIRECTION ( 'NONE',  ( 0.0000000000000000000, 0.0000000000000000000, 1.000000000000000000 ) ) ;
#3368 = DIRECTION ( 'NONE',  ( -1.000000000000000000, 0.0000000000000000000, 0.0000000000000000000 ) ) ;
#3369 = CARTESIAN_POINT ( 'NONE',  ( 3.499999999999999600, 2.409814041742985400, -6.235544986945273900 ) ) ;
#3370 = CARTESIAN_POINT ( 'NONE',  ( 3.499999999999999600, -4.876669003416004100, -4.572452780633337700 ) ) ;
#3371 = CARTESIAN_POINT ( 'NONE',  ( -3.499999999999999600, 4.876669003416100000, -4.572452780633237300 ) ) ;
#3372 = DIRECTION ( 'NONE',  ( -1.000000000000000000, -0.0000000000000000000, 0.0000000000000000000 ) ) ;
#3373 = CARTESIAN_POINT ( 'NONE',  ( -3.499999999999999600, 3.372650901736916800, -5.771867193119844900 ) ) ;
#3374 = CARTESIAN_POINT ( 'NONE',  ( 7.782620306116815100, 0.08052620446921800200, -3.000000000000000400 ) ) ;
#3375 = DIRECTION ( 'NONE',  ( 0.0000000000000000000, 0.0000000000000000000, 1.000000000000000000 ) ) ;
#3376 = CARTESIAN_POINT ( 'NONE',  ( 6.779999999999999400, 8.000000000000000000, 0.0000000000000000000 ) ) ;
#3377 = CARTESIAN_POINT ( 'NONE',  ( 3.499999999999999600, 0.0000000000000000000, 0.0000000000000000000 ) ) ;
#3378 = CARTESIAN_POINT ( 'NONE',  ( 7.658334983499966800, 1.000499653210164200E-016, -3.000000000000000400 ) ) ;
#3379 = CARTESIAN_POINT ( 'NONE',  ( 3.499999999999999600, -2.409814041742861500, -6.235544986945321000 ) ) ;
#3380 = CARTESIAN_POINT ( 'NONE',  ( 3.499999999999999600, -3.590057198743414900, 3.959862915525052400 ) ) ;
#3381 = DIRECTION ( 'NONE',  ( 1.000000000000000000, 0.0000000000000000000, 0.0000000000000000000 ) ) ;
#3382 = DIRECTION ( 'NONE',  ( 0.0000000000000000000, 0.9749279121818257300, -0.2225209339563052300 ) ) ;
#3383 = CARTESIAN_POINT ( 'NONE',  ( -5.500000000000001800, 2.224940250717847500, 5.642593896492605200 ) ) ;
#3384 = DIRECTION ( 'NONE',  ( 0.0000000000000000000, 0.7818314824680352400, -0.6234898018587267100 ) ) ;
#3385 = DIRECTION ( 'NONE',  ( -1.000000000000000000, 0.0000000000000000000, 0.0000000000000000000 ) ) ;
#3386 = DIRECTION ( 'NONE',  ( -1.000000000000000000, 0.0000000000000000000, 0.0000000000000000000 ) ) ;
#3387 = CARTESIAN_POINT ( 'NONE',  ( -5.500000000000001800, 4.605971184245744300, 4.164025547019205600 ) ) ;
#3388 = CARTESIAN_POINT ( 'NONE',  ( 7.442642938178357400, 7.882588309793327100, 1.374891117748381600 ) ) ;
#3389 = CARTESIAN_POINT ( 'NONE',  ( 8.113740068747613800, -2.701802780723920400, -1.306057113203609600 ) ) ;
#3390 = CARTESIAN_POINT ( 'NONE',  ( 7.945110862380814400, 7.831908827382066300, 1.631911002838990300 ) ) ;
#3391 = CARTESIAN_POINT ( 'NONE',  ( 6.779999999999999400, 7.999999999999998200, 0.0000000000000000000 ) ) ;
#3392 = CARTESIAN_POINT ( 'NONE',  ( 6.779999999999994900, 7.999999999999994700, 0.1139729256824458400 ) ) ;
#3393 = DIRECTION ( 'NONE',  ( -0.2588190451025210200, 0.9659258262890680900, 1.182917971378669300E-016 ) ) ;
#3394 = DIRECTION ( 'NONE',  ( 0.0000000000000000000, 0.0000000000000000000, 1.000000000000000000 ) ) ;
#3395 = CARTESIAN_POINT ( 'NONE',  ( 10.22000000000000200, 8.000000000000000000, 2.106396676875519400E-016 ) ) ;
#3396 = DIRECTION ( 'NONE',  ( 0.0000000000000000000, 0.0000000000000000000, -1.000000000000000000 ) ) ;
#3397 = DIRECTION ( 'NONE',  ( 1.000000000000000000, 1.049267165504202200E-016, -0.0000000000000000000 ) ) ;
#3398 = CARTESIAN_POINT ( 'NONE',  ( 9.363391957395881700, 7.859931302598953500, 1.491804560889412600 ) ) ;
#3399 = CARTESIAN_POINT ( 'NONE',  ( 8.500000000000001800, -2.718547014168212000, -1.268661551304011600 ) ) ;
#3400 = DIRECTION ( 'NONE',  ( -1.000000000000000000, 0.0000000000000000000, 0.0000000000000000000 ) ) ;
#3401 = CARTESIAN_POINT ( 'NONE',  ( -3.499999999999999600, -5.835052170629878400, 1.500930100313651900 ) ) ;
#3402 = CARTESIAN_POINT ( 'NONE',  ( 7.917020938762271400, 0.1461037067507489400, -2.996784515200596700 ) ) ;
#3403 = CARTESIAN_POINT ( 'NONE',  ( 9.796093202504289700, 7.919301025614562800, 1.136270510616100000 ) ) ;
#3404 = DIRECTION ( 'NONE',  ( 0.0000000000000000000, 0.0000000000000000000, -1.000000000000000000 ) ) ;
#3405 = CARTESIAN_POINT ( 'NONE',  ( 9.549438720949259700, 7.882537411170757100, 1.367334959312721100 ) ) ;
#3406 = CARTESIAN_POINT ( 'NONE',  ( 10.22000000000000200, 8.000000000000000000, 2.106392494533448300E-016 ) ) ;
#3407 = CARTESIAN_POINT ( 'NONE',  ( 9.264789071330438800, 7.849565521679389600, 1.544759913682946000 ) ) ;
#3408 = CARTESIAN_POINT ( 'NONE',  ( 9.637631475466694300, 7.894914598568787400, 1.294898794848871000 ) ) ;
#3409 = CARTESIAN_POINT ( 'NONE',  ( 10.04587535374057500, 7.964267716988972600, 0.7623869851854394600 ) ) ;
#3410 = CARTESIAN_POINT ( 'NONE',  ( 6.869025928169367700, 7.981221468702041300, 0.5575625708812965700 ) ) ;
#3411 = DIRECTION ( 'NONE',  ( -2.168404344971008900E-016, 1.000000000000000000, -0.0000000000000000000 ) ) ;
#3412 = CARTESIAN_POINT ( 'NONE',  ( 9.867015793530942600, 7.931364596751880200, 1.049918543633143100 ) ) ;
#3413 = CARTESIAN_POINT ( 'NONE',  ( 8.951568793797323000, 7.823184811672106800, 1.675000800794173900 ) ) ;
#3414 = CARTESIAN_POINT ( 'NONE',  ( -3.499999999999998700, -6.685000000000003200, 0.0000000000000000000 ) ) ;
#3415 = CARTESIAN_POINT ( 'NONE',  ( 8.387246537744665900, 7.812901218116717700, 1.720050743050473900 ) ) ;
#3416 = CARTESIAN_POINT ( 'NONE',  ( 8.054818837109799300, 7.824809753562419700, 1.665188832105006800 ) ) ;
#3417 = CARTESIAN_POINT ( 'NONE',  ( 8.500000000000001800, 0.2605803748502588700, -2.988661551304011800 ) ) ;
#3418 = CARTESIAN_POINT ( 'NONE',  ( 10.22000000000000200, 7.999999999999996400, 0.2248215616034834300 ) ) ;
#3419 = CARTESIAN_POINT ( 'NONE',  ( 6.835601898651402700, 7.988200703900259800, 0.4483081379374804800 ) ) ;
#3420 = DIRECTION ( 'NONE',  ( -0.2588190451025209100, -0.9659258262890683100, 0.0000000000000000000 ) ) ;
#3421 = CARTESIAN_POINT ( 'NONE',  ( 7.754902481134480200, -2.633817525059065600, -1.438238051773416100 ) ) ;
#3422 = DIRECTION ( 'NONE',  ( 1.000000000000000000, -0.0000000000000000000, -0.0000000000000000000 ) ) ;
#3423 = CARTESIAN_POINT ( 'NONE',  ( 10.17468518079201100, 7.989936738738635700, 0.4517606038226448800 ) ) ;
#3424 = CARTESIAN_POINT ( 'NONE',  ( -3.500000000000000400, 6.684999999999999600, 8.186763852300057900E-016 ) ) ;
#3425 = CARTESIAN_POINT ( 'NONE',  ( 7.126439454393096000, 7.931195564223235900, 1.059084967979223100 ) ) ;
#3426 = CARTESIAN_POINT ( 'NONE',  ( 7.633599034851855900, 7.858080321167455500, 1.502761216071683400 ) ) ;
#3427 = CARTESIAN_POINT ( 'NONE',  ( -5.500000000000000000, -1.224646799147353100E-015, 0.0000000000000000000 ) ) ;
#3428 = CARTESIAN_POINT ( 'NONE',  ( 6.998194309534784300, 7.955494904143933800, 0.8678648753190060200 ) ) ;
#3429 = CARTESIAN_POINT ( 'NONE',  ( 6.791218020446275500, 7.997566211021155200, 0.2264185784476222300 ) ) ;
#3430 = CARTESIAN_POINT ( 'NONE',  ( 8.727821190265157000, 7.812934845365737700, 1.719897994923643000 ) ) ;
#3431 = CARTESIAN_POINT ( 'NONE',  ( 8.349737501894576800, 0.2605803748502570900, -2.988661551304013100 ) ) ;
#3432 = CARTESIAN_POINT ( 'NONE',  ( 8.305347963342271100, -2.718547014168212400, -1.268661551304011800 ) ) ;
#3433 = DIRECTION ( 'NONE',  ( -1.000000000000000000, 0.0000000000000000000, 0.0000000000000000000 ) ) ;
#3434 = CARTESIAN_POINT ( 'NONE',  ( 13.50000000000000200, 7.950000000000002000, 0.0000000000000000000 ) ) ;
#3435 = CARTESIAN_POINT ( 'NONE',  ( 8.202717283108988500, 0.2367749801550478900, -2.990986682090870800 ) ) ;
#3436 = CARTESIAN_POINT ( 'NONE',  ( 9.992149821877443800, 7.953887306077132500, 0.8628731292020210800 ) ) ;
#3437 = CARTESIAN_POINT ( 'NONE',  ( 8.275371710163408800, 7.815364308862911000, 1.708971107352197600 ) ) ;
#3438 = DIRECTION ( 'NONE',  ( 1.000000000000000000, -0.0000000000000000000, -0.0000000000000000000 ) ) ;
#3439 = CARTESIAN_POINT ( 'NONE',  ( 3.499999999999999600, 4.659443765580091300, -2.618894575082547900 ) ) ;
#3440 = CARTESIAN_POINT ( 'NONE',  ( 7.102418948290006600, -0.5298746141000821900, -2.956537319798877100 ) ) ;
#3441 = CARTESIAN_POINT ( 'NONE',  ( 7.298635029401307200, -2.444182647158207100, -1.744158947248434900 ) ) ;
#3442 = DIRECTION ( 'NONE',  ( -1.000000000000000000, 0.0000000000000000000, 0.0000000000000000000 ) ) ;
#3443 = CARTESIAN_POINT ( 'NONE',  ( 6.854263387477082000, -1.038153487143102200, -2.816209929978521500 ) ) ;
#3444 = DIRECTION ( 'NONE',  ( 1.000000000000000000, -0.0000000000000000000, -0.0000000000000000000 ) ) ;
#3445 = DIRECTION ( 'NONE',  ( 0.0000000000000000000, 0.0000000000000000000, -1.000000000000000000 ) ) ;
#3446 = CARTESIAN_POINT ( 'NONE',  ( 6.778467639760780400, -1.554729545815248100, -2.567482774749346900 ) ) ;
#3447 = DIRECTION ( 'NONE',  ( 0.0000000000000000000, 0.0000000000000000000, -1.000000000000000000 ) ) ;
#3448 = CARTESIAN_POINT ( 'NONE',  ( -5.500000000000000000, 0.0000000000000000000, 0.0000000000000000000 ) ) ;
#3449 = CARTESIAN_POINT ( 'NONE',  ( -3.499999999999999600, 4.659443765580091300, -2.618894575082547900 ) ) ;
#3450 = DIRECTION ( 'NONE',  ( 0.0000000000000000000, 0.0000000000000000000, 1.000000000000000000 ) ) ;
#3451 = DIRECTION ( 'NONE',  ( 1.000000000000000000, -0.0000000000000000000, -0.0000000000000000000 ) ) ;
#3452 = CARTESIAN_POINT ( 'NONE',  ( 6.777644391080301000, -1.469910175597142000, -2.617001631267601000 ) ) ;
#3453 = DIRECTION ( 'NONE',  ( 0.0000000000000000000, 0.0000000000000000000, -1.000000000000000000 ) ) ;
#3454 = CARTESIAN_POINT ( 'NONE',  ( 7.350162276053736400, -0.2364595423850493200, -2.994322446705812700 ) ) ;
#3455 = DIRECTION ( 'NONE',  ( 0.0000000000000000000, 0.0000000000000000000, 1.000000000000000000 ) ) ;
#3456 = CARTESIAN_POINT ( 'NONE',  ( 3.499999999999999600, 4.605971184245744300, 3.884025547019205800 ) ) ;
#3457 = DIRECTION ( 'NONE',  ( -1.000000000000000000, 0.0000000000000000000, 0.0000000000000000000 ) ) ;
#3458 = DIRECTION ( 'NONE',  ( 0.0000000000000000000, 0.0000000000000000000, -1.000000000000000000 ) ) ;
#3459 = DIRECTION ( 'NONE',  ( 1.000000000000000000, -0.0000000000000000000, -0.0000000000000000000 ) ) ;
#3460 = CARTESIAN_POINT ( 'NONE',  ( 3.499999999999999600, -5.908429512402141100, -1.179442960458624700 ) ) ;
#3461 = CARTESIAN_POINT ( 'NONE',  ( 6.792506573876359300, -1.298487121983673300, -2.706153110306927200 ) ) ;
#3462 = CARTESIAN_POINT ( 'NONE',  ( 3.499999999999999600, -4.811569927110499900, -3.626212877993494100 ) ) ;
#3463 = DIRECTION ( 'NONE',  ( 1.000000000000000000, -0.0000000000000000000, -0.0000000000000000000 ) ) ;
#3464 = DIRECTION ( 'NONE',  ( 0.0000000000000000000, 0.0000000000000000000, -1.000000000000000000 ) ) ;
#3465 = CARTESIAN_POINT ( 'NONE',  ( 7.496958696218601200, -0.1045579609280460900, -3.000000000000000000 ) ) ;
#3466 = CARTESIAN_POINT ( 'NONE',  ( 6.861817202568985000, -1.938345524466041900, -2.291629904780960300 ) ) ;
#3467 = CARTESIAN_POINT ( 'NONE',  ( 6.885521255110242900, -0.9501179483848035700, -2.846962213863969200 ) ) ;
#3468 = CARTESIAN_POINT ( 'NONE',  ( 3.499999999999999600, 2.464621116292234200, 5.497842099690242200 ) ) ;
#3469 = CARTESIAN_POINT ( 'NONE',  ( 7.589849403945898100, -2.582806636836426900, -1.531414092481121000 ) ) ;
#3470 = CARTESIAN_POINT ( 'NONE',  ( 3.499999999999999600, 5.835052170629866800, 1.500930100313691900 ) ) ;
#3471 = CARTESIAN_POINT ( 'NONE',  ( 6.971736537669561300, -2.135345761720173200, -2.109038120137747700 ) ) ;
#3472 = CARTESIAN_POINT ( 'NONE',  ( 6.998785849561183900, -0.6945041061765330200, -2.923924742286068100 ) ) ;
#3473 = CARTESIAN_POINT ( 'NONE',  ( 7.016868513625968100, -2.193826663361295700, -2.047867675473262800 ) ) ;
#3474 = DIRECTION ( 'NONE',  ( 1.000000000000000000, -0.0000000000000000000, -0.0000000000000000000 ) ) ;
#3475 = CARTESIAN_POINT ( 'NONE',  ( 6.796118710776277700, -1.715149727615778800, -2.463211962281161200 ) ) ;
#3476 = CARTESIAN_POINT ( 'NONE',  ( 6.894336613593148800, -2.008056151970985000, -2.230572528482754400 ) ) ;
#3477 = DIRECTION ( 'NONE',  ( 0.0000000000000000000, 0.0000000000000000000, -1.000000000000000000 ) ) ;
#3478 = CARTESIAN_POINT ( 'NONE',  ( 6.807931826024244500, -1.212085933378770400, -2.745842078977291000 ) ) ;
#3479 = CARTESIAN_POINT ( 'NONE',  ( 7.658334983499966800, 1.000499653210164200E-016, -3.000000000000000400 ) ) ;
#3480 = CARTESIAN_POINT ( 'NONE',  ( 6.812808214137137800, -1.791802241422301800, -2.407944293445748200 ) ) ;
#3481 = CARTESIAN_POINT ( 'NONE',  ( 7.171164472802060700, -2.355694323640544800, -1.864739669246244100 ) ) ;
#3482 = CARTESIAN_POINT ( 'NONE',  ( -3.499999999999999600, -5.908429512402141100, -1.179442960458624700 ) ) ;
#3483 = CARTESIAN_POINT ( 'NONE',  ( 3.499999999999999600, 3.061718003938172000, -4.381199363685797500 ) ) ;
#3484 = DIRECTION ( 'NONE',  ( 0.0000000000000000000, 1.445602896647339500E-015, 1.000000000000000000 ) ) ;
#3485 = CARTESIAN_POINT ( 'NONE',  ( -3.499999999999999600, 1.516409641875849700, -5.125380649086070100 ) ) ;
#3486 = DIRECTION ( 'NONE',  ( -1.000000000000000000, 0.0000000000000000000, 0.0000000000000000000 ) ) ;
#3487 = DIRECTION ( 'NONE',  ( 0.0000000000000000000, 0.0000000000000000000, 1.000000000000000000 ) ) ;
#3488 = DIRECTION ( 'NONE',  ( 0.0000000000000000000, 0.0000000000000000000, 1.000000000000000000 ) ) ;
#3489 = CARTESIAN_POINT ( 'NONE',  ( -3.499999999999999600, -1.516409641875741600, -5.125380649086100200 ) ) ;
#3490 = DIRECTION ( 'NONE',  ( 0.0000000000000000000, -1.445602896647339700E-014, 1.000000000000000000 ) ) ;
#3491 = DIRECTION ( 'NONE',  ( 1.000000000000000000, -0.0000000000000000000, -0.0000000000000000000 ) ) ;
#3492 = DIRECTION ( 'NONE',  ( -1.000000000000000000, 0.0000000000000000000, 0.0000000000000000000 ) ) ;
#3493 = CARTESIAN_POINT ( 'NONE',  ( 3.499999999999999600, -4.811569927110551400, 3.626212877993426200 ) ) ;
#3494 = DIRECTION ( 'NONE',  ( 0.0000000000000000000, 0.0000000000000000000, -1.000000000000000000 ) ) ;
#3495 = DIRECTION ( 'NONE',  ( 0.0000000000000000000, 0.0000000000000000000, 1.000000000000000000 ) ) ;
#3496 = CARTESIAN_POINT ( 'NONE',  ( -3.499999999999999600, -4.811569927110551400, 3.626212877993426200 ) ) ;
#3497 = CARTESIAN_POINT ( 'NONE',  ( -3.499999999999999600, -2.464621116292273300, 5.497842099690226200 ) ) ;
#3498 = DIRECTION ( 'NONE',  ( -1.000000000000000000, 0.0000000000000000000, 0.0000000000000000000 ) ) ;
#3499 = CARTESIAN_POINT ( 'NONE',  ( -3.499999999999999600, 3.061718003938172000, -4.381199363685797500 ) ) ;
#3500 = DIRECTION ( 'NONE',  ( 1.000000000000000000, -0.0000000000000000000, -0.0000000000000000000 ) ) ;
#3501 = DIRECTION ( 'NONE',  ( -1.000000000000000000, 0.0000000000000000000, 0.0000000000000000000 ) ) ;
#3502 = DIRECTION ( 'NONE',  ( 0.0000000000000000000, 0.0000000000000000000, 1.000000000000000000 ) ) ;
#3503 = DIRECTION ( 'NONE',  ( 1.000000000000000000, -0.0000000000000000000, -0.0000000000000000000 ) ) ;
#3504 = CARTESIAN_POINT ( 'NONE',  ( -3.499999999999999600, -5.908429512402141100, 1.179442960458623800 ) ) ;
#3505 = CARTESIAN_POINT ( 'NONE',  ( -3.499999999999999600, -4.659443765580037100, -2.618894575082645100 ) ) ;
#3506 = DIRECTION ( 'NONE',  ( 0.0000000000000000000, -5.782411586589358000E-015, 1.000000000000000000 ) ) ;
#3507 = DIRECTION ( 'NONE',  ( 1.000000000000000000, -0.0000000000000000000, -0.0000000000000000000 ) ) ;
#3508 = CARTESIAN_POINT ( 'NONE',  ( 3.499999999999999600, -0.8575814421090538500, -5.275753886427051700 ) ) ;
#3509 = DIRECTION ( 'NONE',  ( -1.000000000000000000, 0.0000000000000000000, 0.0000000000000000000 ) ) ;
#3510 = DIRECTION ( 'NONE',  ( 0.0000000000000000000, 2.891205793294679000E-015, 1.000000000000000000 ) ) ;
#3511 = DIRECTION ( 'NONE',  ( 1.000000000000000000, -0.0000000000000000000, -0.0000000000000000000 ) ) ;
#3512 = DIRECTION ( 'NONE',  ( 0.0000000000000000000, 0.0000000000000000000, -1.000000000000000000 ) ) ;
#3513 = DIRECTION ( 'NONE',  ( 0.0000000000000000000, 1.084202172485504700E-014, -1.000000000000000000 ) ) ;
#3514 = CARTESIAN_POINT ( 'NONE',  ( -3.499999999999999600, 0.8575814421091587600, -5.275753886427034800 ) ) ;
#3515 = DIRECTION ( 'NONE',  ( 1.000000000000000000, -0.0000000000000000000, -0.0000000000000000000 ) ) ;
#3516 = DIRECTION ( 'NONE',  ( 0.0000000000000000000, 8.673617379884037000E-015, 1.000000000000000000 ) ) ;
#3517 = DIRECTION ( 'NONE',  ( 0.0000000000000000000, 2.891205793294679000E-015, -1.000000000000000000 ) ) ;
#3518 = DIRECTION ( 'NONE',  ( -1.000000000000000000, 0.0000000000000000000, 0.0000000000000000000 ) ) ;
#3519 = CARTESIAN_POINT ( 'NONE',  ( 3.499999999999999600, 3.590057198743440600, -3.959862915525028000 ) ) ;
#3520 = DIRECTION ( 'NONE',  ( -1.000000000000000000, 0.0000000000000000000, 0.0000000000000000000 ) ) ;
#3521 = CARTESIAN_POINT ( 'NONE',  ( -5.500000000000001800, -2.975795141339313300, 4.258247089681540300 ) ) ;
#3522 = DIRECTION ( 'NONE',  ( 1.000000000000000000, -0.0000000000000000000, -0.0000000000000000000 ) ) ;
#3523 = DIRECTION ( 'NONE',  ( 1.000000000000000000, 0.0000000000000000000, 0.0000000000000000000 ) ) ;
#3524 = DIRECTION ( 'NONE',  ( 1.000000000000000000, 0.0000000000000000000, 0.0000000000000000000 ) ) ;
#3525 = CARTESIAN_POINT ( 'NONE',  ( -3.499999999999999600, 0.0000000000000000000, 0.0000000000000000000 ) ) ;
#3526 = DIRECTION ( 'NONE',  ( 1.000000000000000000, -0.0000000000000000000, -0.0000000000000000000 ) ) ;
#3527 = CARTESIAN_POINT ( 'NONE',  ( -5.500000000000001800, 4.518222168733849700, 2.669456028623900900 ) ) ;
#3528 = DIRECTION ( 'NONE',  ( 0.0000000000000000000, 0.0000000000000000000, 1.000000000000000000 ) ) ;
#3529 = CARTESIAN_POINT ( 'NONE',  ( 5.500000000000000000, 4.820024616874592400, 4.064527979079849200 ) ) ;
#3530 = CARTESIAN_POINT ( 'NONE',  ( -3.499999999999999600, -2.409814041742944600, 6.235544986945289000 ) ) ;
#3531 = DIRECTION ( 'NONE',  ( 1.000000000000000000, -0.0000000000000000000, -0.0000000000000000000 ) ) ;
#3532 = DIRECTION ( 'NONE',  ( -1.000000000000000000, 0.0000000000000000000, 0.0000000000000000000 ) ) ;
#3533 = DIRECTION ( 'NONE',  ( -1.000000000000000000, 0.0000000000000000000, 0.0000000000000000000 ) ) ;
#3534 = DIRECTION ( 'NONE',  ( -1.000000000000000000, 0.0000000000000000000, 0.0000000000000000000 ) ) ;
#3535 = DIRECTION ( 'NONE',  ( 0.0000000000000000000, 0.0000000000000000000, 1.000000000000000000 ) ) ;
#3536 = DIRECTION ( 'NONE',  ( 0.0000000000000000000, 0.7818314824680268100, 0.6234898018587374800 ) ) ;
#3537 = DIRECTION ( 'NONE',  ( 1.000000000000000000, -0.0000000000000000000, -0.0000000000000000000 ) ) ;
#3538 = DIRECTION ( 'NONE',  ( -1.000000000000000000, 0.0000000000000000000, 0.0000000000000000000 ) ) ;
#3539 = CARTESIAN_POINT ( 'NONE',  ( -3.499999999999999600, -1.224646799147353100E-015, 0.0000000000000000000 ) ) ;
#3540 = CARTESIAN_POINT ( 'NONE',  ( 3.499999999999999600, -6.615440926668092000, -0.9618556782411852300 ) ) ;
#3541 = DIRECTION ( 'NONE',  ( 0.0000000000000000000, 3.552713678800500900E-015, 1.000000000000000000 ) ) ;
#3542 = DIRECTION ( 'NONE',  ( 1.000000000000000000, -0.0000000000000000000, -0.0000000000000000000 ) ) ;
#3543 = DIRECTION ( 'NONE',  ( -1.000000000000000000, 0.0000000000000000000, 0.0000000000000000000 ) ) ;
#3544 = CARTESIAN_POINT ( 'NONE',  ( -5.500000000000001800, -5.229011075404995000, 0.4447136472904742500 ) ) ;
#3545 = CARTESIAN_POINT ( 'NONE',  ( 3.499999999999999600, 0.0000000000000000000, 0.0000000000000000000 ) ) ;
#3546 = CARTESIAN_POINT ( 'NONE',  ( -5.500000000000001800, -4.904130208979832000, -1.868109725943826800 ) ) ;
#3547 = DIRECTION ( 'NONE',  ( 0.0000000000000000000, 0.0000000000000000000, -1.000000000000000000 ) ) ;
#3548 = DIRECTION ( 'NONE',  ( 0.0000000000000000000, 0.0000000000000000000, 1.000000000000000000 ) ) ;
#3549 = DIRECTION ( 'NONE',  ( 0.0000000000000000000, 0.0000000000000000000, 1.000000000000000000 ) ) ;
#3550 = CARTESIAN_POINT ( 'NONE',  ( -3.499999999999999600, 0.0000000000000000000, 0.0000000000000000000 ) ) ;
#3551 = DIRECTION ( 'NONE',  ( 0.0000000000000000000, 0.0000000000000000000, -1.000000000000000000 ) ) ;
#3552 = CARTESIAN_POINT ( 'NONE',  ( -5.500000000000001800, 4.528682948959474400, 2.545398936867011600 ) ) ;
#3553 = CARTESIAN_POINT ( 'NONE',  ( -3.499999999999999600, -4.876669003416065400, 4.572452780633273800 ) ) ;
#3554 = CARTESIAN_POINT ( 'NONE',  ( -5.500000000000001800, 5.006026504210690400, 3.424751617145406900 ) ) ;
#3555 = DIRECTION ( 'NONE',  ( 0.0000000000000000000, 0.0000000000000000000, 1.000000000000000000 ) ) ;
#3556 = CARTESIAN_POINT ( 'NONE',  ( 5.500000000000000000, 2.890065397209543800, 5.603619098390971100 ) ) ;
#3557 = DIRECTION ( 'NONE',  ( 1.000000000000000000, -0.0000000000000000000, -0.0000000000000000000 ) ) ;
#3558 = CARTESIAN_POINT ( 'NONE',  ( 3.499999999999999600, -4.876669003416065400, 4.572452780633273800 ) ) ;
#3559 = DIRECTION ( 'NONE',  ( 1.000000000000000000, -0.0000000000000000000, -0.0000000000000000000 ) ) ;
#3560 = CARTESIAN_POINT ( 'NONE',  ( -3.499999999999999600, -5.542972784208712000, -3.736934266684592800 ) ) ;
#3561 = CARTESIAN_POINT ( 'NONE',  ( -5.500000000000001800, -3.607926209456280700, 3.810931057092604500 ) ) ;
#3562 = CARTESIAN_POINT ( 'NONE',  ( -5.500000000000001800, -5.184609557886722600, -0.3284033073366215400 ) ) ;
#3563 = DIRECTION ( 'NONE',  ( 0.0000000000000000000, -0.4338837391175652300, 0.9009688679024158200 ) ) ;
#3564 = DIRECTION ( 'NONE',  ( -1.000000000000000000, 0.0000000000000000000, 0.0000000000000000000 ) ) ;
#3565 = CARTESIAN_POINT ( 'NONE',  ( -5.500000000000001800, -5.996218069384165800, -0.9135610895779388000 ) ) ;
#3566 = CARTESIAN_POINT ( 'NONE',  ( 3.499999999999999600, 0.0000000000000000000, 0.0000000000000000000 ) ) ;
#3567 = DIRECTION ( 'NONE',  ( -1.000000000000000000, 0.0000000000000000000, 0.0000000000000000000 ) ) ;
#3568 = DIRECTION ( 'NONE',  ( -1.000000000000000000, 0.0000000000000000000, 0.0000000000000000000 ) ) ;
#3569 = CARTESIAN_POINT ( 'NONE',  ( -3.499999999999999600, 0.0000000000000000000, 0.0000000000000000000 ) ) ;
#3570 = CARTESIAN_POINT ( 'NONE',  ( -5.500000000000001800, -2.224940250717886600, 5.642593896492590100 ) ) ;
#3571 = DIRECTION ( 'NONE',  ( 0.0000000000000000000, -0.7818314824680267000, -0.6234898018587374800 ) ) ;
#3572 = CARTESIAN_POINT ( 'NONE',  ( -5.500000000000001800, -0.8335146102445095700, 5.127697182411314900 ) ) ;
#3573 = DIRECTION ( 'NONE',  ( -1.000000000000000000, 0.0000000000000000000, 0.0000000000000000000 ) ) ;
#3574 = DIRECTION ( 'NONE',  ( -1.000000000000000000, 0.0000000000000000000, 0.0000000000000000000 ) ) ;
#3575 = DIRECTION ( 'NONE',  ( -1.000000000000000000, 0.0000000000000000000, 0.0000000000000000000 ) ) ;
#3576 = CARTESIAN_POINT ( 'NONE',  ( -3.499999999999999600, -6.615440926668091100, 0.9618556782411860100 ) ) ;
#3577 = DIRECTION ( 'NONE',  ( -1.000000000000000000, 0.0000000000000000000, 0.0000000000000000000 ) ) ;
#3578 = DIRECTION ( 'NONE',  ( 0.0000000000000000000, 0.0000000000000000000, 1.000000000000000000 ) ) ;
#3579 = CARTESIAN_POINT ( 'NONE',  ( 3.499999999999999600, -3.372650901736873300, 5.771867193119868800 ) ) ;
#3580 = CARTESIAN_POINT ( 'NONE',  ( -5.500000000000001800, -4.518222168733831100, -2.669456028623932400 ) ) ;
#3581 = CARTESIAN_POINT ( 'NONE',  ( -5.500000000000001800, -4.452831636971884800, -4.118436039661451000 ) ) ;
#3582 = DIRECTION ( 'NONE',  ( 1.000000000000000000, -0.0000000000000000000, -0.0000000000000000000 ) ) ;
#3583 = DIRECTION ( 'NONE',  ( -1.000000000000000000, 0.0000000000000000000, 0.0000000000000000000 ) ) ;
#3584 = CARTESIAN_POINT ( 'NONE',  ( -5.500000000000001800, -2.912543949186528400, 4.365479904758632100 ) ) ;
#3585 = DIRECTION ( 'NONE',  ( 1.000000000000000000, -0.0000000000000000000, -0.0000000000000000000 ) ) ;
#3586 = DIRECTION ( 'NONE',  ( 1.000000000000000000, -0.0000000000000000000, -0.0000000000000000000 ) ) ;
#3587 = CARTESIAN_POINT ( 'NONE',  ( -5.500000000000001800, -5.996218069384165800, 0.9135610895779392400 ) ) ;
#3588 = DIRECTION ( 'NONE',  ( -1.000000000000000000, 0.0000000000000000000, 0.0000000000000000000 ) ) ;
#3589 = DIRECTION ( 'NONE',  ( 1.000000000000000000, -0.0000000000000000000, -0.0000000000000000000 ) ) ;
#3590 = DIRECTION ( 'NONE',  ( 1.000000000000000000, -0.0000000000000000000, -0.0000000000000000000 ) ) ;
#3591 = DIRECTION ( 'NONE',  ( 0.0000000000000000000, 0.0000000000000000000, 1.000000000000000000 ) ) ;
#3592 = DIRECTION ( 'NONE',  ( 0.0000000000000000000, 0.0000000000000000000, 1.000000000000000000 ) ) ;
#3593 = DIRECTION ( 'NONE',  ( 1.000000000000000000, 0.0000000000000000000, 0.0000000000000000000 ) ) ;
#3594 = DIRECTION ( 'NONE',  ( -1.000000000000000000, 0.0000000000000000000, 0.0000000000000000000 ) ) ;
#3595 = DIRECTION ( 'NONE',  ( -1.000000000000000000, 0.0000000000000000000, 0.0000000000000000000 ) ) ;
#3596 = CARTESIAN_POINT ( 'NONE',  ( -5.500000000000001800, -3.024329994992287500, 5.257628085114993700 ) ) ;
#3597 = DIRECTION ( 'NONE',  ( -1.000000000000000000, 0.0000000000000000000, 0.0000000000000000000 ) ) ;
#3598 = CARTESIAN_POINT ( 'NONE',  ( -3.499999999999999600, -0.5343341453271245300, 6.663611034652121600 ) ) ;
#3599 = DIRECTION ( 'NONE',  ( 0.0000000000000000000, 0.0000000000000000000, 1.000000000000000000 ) ) ;
#3600 = CARTESIAN_POINT ( 'NONE',  ( -5.500000000000001800, -5.006026504210715300, 3.424751617145373100 ) ) ;
#3601 = DIRECTION ( 'NONE',  ( -1.000000000000000000, 0.0000000000000000000, 0.0000000000000000000 ) ) ;
#3602 = DIRECTION ( 'NONE',  ( 0.0000000000000000000, 0.0000000000000000000, 1.000000000000000000 ) ) ;
#3603 = CARTESIAN_POINT ( 'NONE',  ( -3.499999999999999600, -6.377639860542205800, -2.003730223663650300 ) ) ;
#3604 = CARTESIAN_POINT ( 'NONE',  ( 3.499999999999999600, -6.377639860542205800, -2.003730223663650300 ) ) ;
#3605 = DIRECTION ( 'NONE',  ( 0.0000000000000000000, 0.9749279121818228400, 0.2225209339563182000 ) ) ;
#3606 = DIRECTION ( 'NONE',  ( -1.000000000000000000, 0.0000000000000000000, 0.0000000000000000000 ) ) ;
#3607 = DIRECTION ( 'NONE',  ( -1.000000000000000000, 0.0000000000000000000, 0.0000000000000000000 ) ) ;
#3608 = DIRECTION ( 'NONE',  ( 1.000000000000000000, 0.0000000000000000000, 0.0000000000000000000 ) ) ;
#3609 = DIRECTION ( 'NONE',  ( 0.0000000000000000000, 0.4338837391175651700, -0.9009688679024158200 ) ) ;
#3610 = DIRECTION ( 'NONE',  ( -1.000000000000000000, 0.0000000000000000000, 0.0000000000000000000 ) ) ;
#3611 = CARTESIAN_POINT ( 'NONE',  ( -5.500000000000001800, 1.473853711795071000, 4.981543961085546500 ) ) ;
#3612 = CARTESIAN_POINT ( 'NONE',  ( -5.500000000000001800, -4.813660658811032900, -1.953636624814072900 ) ) ;
#3613 = CARTESIAN_POINT ( 'NONE',  ( -3.499999999999999600, -3.372650901736873300, 5.771867193119868800 ) ) ;
#3614 = DIRECTION ( 'NONE',  ( -1.000000000000000000, 0.0000000000000000000, 0.0000000000000000000 ) ) ;
#3615 = CARTESIAN_POINT ( 'NONE',  ( -5.500000000000001800, -0.4436278392923446700, 6.049166830250658900 ) ) ;
#3616 = DIRECTION ( 'NONE',  ( 0.0000000000000000000, 0.0000000000000000000, 1.000000000000000000 ) ) ;
#3617 = DIRECTION ( 'NONE',  ( -1.000000000000000000, 0.0000000000000000000, 0.0000000000000000000 ) ) ;
#3618 = DIRECTION ( 'NONE',  ( 1.000000000000000000, -0.0000000000000000000, -0.0000000000000000000 ) ) ;
#3619 = CARTESIAN_POINT ( 'NONE',  ( -3.499999999999999600, 5.908429512402139300, -1.179442960458624300 ) ) ;
#3620 = DIRECTION ( 'NONE',  ( 1.000000000000000000, -0.0000000000000000000, -0.0000000000000000000 ) ) ;
#3621 = DIRECTION ( 'NONE',  ( 0.0000000000000000000, 0.0000000000000000000, 1.000000000000000000 ) ) ;
#3622 = DIRECTION ( 'NONE',  ( 0.0000000000000000000, 0.0000000000000000000, 1.000000000000000000 ) ) ;
#3623 = CARTESIAN_POINT ( 'NONE',  ( -5.500000000000001800, 5.229011075404995000, -0.4447136472904742500 ) ) ;
#3624 = CARTESIAN_POINT ( 'NONE',  ( 3.499999999999999600, 0.0000000000000000000, 0.0000000000000000000 ) ) ;
#3625 = CARTESIAN_POINT ( 'NONE',  ( -5.500000000000001800, -5.006026504210668200, -3.424751617145442400 ) ) ;
#3626 = DIRECTION ( 'NONE',  ( 1.000000000000000000, -0.0000000000000000000, -0.0000000000000000000 ) ) ;
#3627 = DIRECTION ( 'NONE',  ( 1.000000000000000000, -0.0000000000000000000, -0.0000000000000000000 ) ) ;
#3628 = CARTESIAN_POINT ( 'NONE',  ( 3.499999999999999600, 0.0000000000000000000, 0.0000000000000000000 ) ) ;
#3629 = CARTESIAN_POINT ( 'NONE',  ( -5.500000000000001800, -5.184609557886722600, 0.3284033073366218700 ) ) ;
#3630 = DIRECTION ( 'NONE',  ( 0.0000000000000000000, 0.0000000000000000000, 1.000000000000000000 ) ) ;
#3631 = CARTESIAN_POINT ( 'NONE',  ( -3.499999999999999600, -6.615440926668092000, -0.9618556782411852300 ) ) ;
#3632 = DIRECTION ( 'NONE',  ( -1.000000000000000000, 0.0000000000000000000, 0.0000000000000000000 ) ) ;
#3633 = DIRECTION ( 'NONE',  ( -1.000000000000000000, 0.0000000000000000000, 0.0000000000000000000 ) ) ;
#3634 = CARTESIAN_POINT ( 'NONE',  ( -3.499999999999999600, 0.0000000000000000000, 0.0000000000000000000 ) ) ;
#3635 = DIRECTION ( 'NONE',  ( -1.000000000000000000, 0.0000000000000000000, 0.0000000000000000000 ) ) ;
#3636 = DIRECTION ( 'NONE',  ( 0.0000000000000000000, 0.4338837391175525100, 0.9009688679024218100 ) ) ;
#3637 = DIRECTION ( 'NONE',  ( 1.000000000000000000, 0.0000000000000000000, 0.0000000000000000000 ) ) ;
#3638 = DIRECTION ( 'NONE',  ( -1.000000000000000000, 0.0000000000000000000, 0.0000000000000000000 ) ) ;
#3639 = DIRECTION ( 'NONE',  ( 0.0000000000000000000, 0.0000000000000000000, 1.000000000000000000 ) ) ;
#3640 = DIRECTION ( 'NONE',  ( -1.000000000000000000, 0.0000000000000000000, 0.0000000000000000000 ) ) ;
#3641 = CARTESIAN_POINT ( 'NONE',  ( -3.499999999999999600, 4.876669003416035200, 4.572452780633305700 ) ) ;
#3642 = DIRECTION ( 'NONE',  ( -1.000000000000000000, 0.0000000000000000000, -0.0000000000000000000 ) ) ;
#3643 = DIRECTION ( 'NONE',  ( -1.000000000000000000, 0.0000000000000000000, 0.0000000000000000000 ) ) ;
#3644 = DIRECTION ( 'NONE',  ( -1.000000000000000000, 0.0000000000000000000, 0.0000000000000000000 ) ) ;
#3645 = CARTESIAN_POINT ( 'NONE',  ( -3.499999999999999600, 0.0000000000000000000, 0.0000000000000000000 ) ) ;
#3646 = DIRECTION ( 'NONE',  ( 1.000000000000000000, -0.0000000000000000000, -0.0000000000000000000 ) ) ;
#3647 = DIRECTION ( 'NONE',  ( 0.0000000000000000000, -0.4338837391175526800, -0.9009688679024217000 ) ) ;
#3648 = CARTESIAN_POINT ( 'NONE',  ( 3.499999999999999600, -6.377639860542234200, 2.003730223663562300 ) ) ;
#3649 = CARTESIAN_POINT ( 'NONE',  ( -3.499999999999999600, 5.542972784208737700, 3.736934266684555100 ) ) ;
#3650 = CARTESIAN_POINT ( 'NONE',  ( -5.500000000000001800, -1.597128175838720400, 4.998950754382024200 ) ) ;
#3651 = CARTESIAN_POINT ( 'NONE',  ( -5.500000000000001800, 4.904130208979845300, 1.868109725943793500 ) ) ;
#3652 = DIRECTION ( 'NONE',  ( 1.000000000000000000, 0.0000000000000000000, 0.0000000000000000000 ) ) ;
#3653 = DIRECTION ( 'NONE',  ( 0.0000000000000000000, 0.4338837391175526800, 0.9009688679024217000 ) ) ;
#3654 = DIRECTION ( 'NONE',  ( 1.000000000000000000, -0.0000000000000000000, -0.0000000000000000000 ) ) ;
#3655 = DIRECTION ( 'NONE',  ( 0.0000000000000000000, 0.0000000000000000000, -1.000000000000000000 ) ) ;
#3656 = CARTESIAN_POINT ( 'NONE',  ( -3.499999999999999600, -6.377639860542234200, 2.003730223663562300 ) ) ;
#3657 = CARTESIAN_POINT ( 'NONE',  ( 3.499999999999999600, -2.409814041742944600, 6.235544986945289000 ) ) ;
#3658 = CARTESIAN_POINT ( 'NONE',  ( -5.500000000000001800, -4.528682948959491300, 2.545398936866979600 ) ) ;
#3659 = DIRECTION ( 'NONE',  ( 1.000000000000000000, 0.0000000000000000000, 0.0000000000000000000 ) ) ;
#3660 = DIRECTION ( 'NONE',  ( 1.000000000000000000, 0.0000000000000000000, 0.0000000000000000000 ) ) ;
#3661 = DIRECTION ( 'NONE',  ( 0.0000000000000000000, 0.0000000000000000000, 1.000000000000000000 ) ) ;
#3662 = CARTESIAN_POINT ( 'NONE',  ( 3.499999999999999600, -3.372650901736797400, -5.771867193119915000 ) ) ;
#3663 = CARTESIAN_POINT ( 'NONE',  ( -5.500000000000001800, 0.8335146102444739300, 5.127697182411320200 ) ) ;
#3664 = DIRECTION ( 'NONE',  ( -1.000000000000000000, 0.0000000000000000000, 0.0000000000000000000 ) ) ;
#3665 = CARTESIAN_POINT ( 'NONE',  ( 3.499999999999999600, -5.542972784208763500, 3.736934266684516400 ) ) ;
#3666 = DIRECTION ( 'NONE',  ( 1.000000000000000000, -0.0000000000000000000, -0.0000000000000000000 ) ) ;
#3667 = DIRECTION ( 'NONE',  ( 0.0000000000000000000, 0.7818314824680310200, -0.6234898018587321500 ) ) ;
#3668 = DIRECTION ( 'NONE',  ( 0.0000000000000000000, 0.0000000000000000000, 1.000000000000000000 ) ) ;
#3669 = CARTESIAN_POINT ( 'NONE',  ( -5.500000000000001800, -4.452831636971938100, 4.118436039661389700 ) ) ;
#3670 = DIRECTION ( 'NONE',  ( 0.0000000000000000000, 0.9749279121818226200, 0.2225209339563184200 ) ) ;
#3671 = DIRECTION ( 'NONE',  ( 1.000000000000000000, 0.0000000000000000000, 0.0000000000000000000 ) ) ;
#3672 = DIRECTION ( 'NONE',  ( 0.0000000000000000000, 0.0000000000000000000, 1.000000000000000000 ) ) ;
#3673 = CARTESIAN_POINT ( 'NONE',  ( 3.499999999999999600, 0.0000000000000000000, 0.0000000000000000000 ) ) ;
#3674 = CARTESIAN_POINT ( 'NONE',  ( 3.499999999999999600, -6.615440926668091100, 0.9618556782411860100 ) ) ;
#3675 = DIRECTION ( 'NONE',  ( 0.0000000000000000000, -0.7818314824680352400, 0.6234898018587268200 ) ) ;
#3676 = DIRECTION ( 'NONE',  ( -1.000000000000000000, 0.0000000000000000000, 0.0000000000000000000 ) ) ;
#3677 = CARTESIAN_POINT ( 'NONE',  ( -5.500000000000001800, -5.798785107127454100, -1.778571415871976300 ) ) ;
#3678 = DIRECTION ( 'NONE',  ( 1.000000000000000000, -0.0000000000000000000, -0.0000000000000000000 ) ) ;
#3679 = DIRECTION ( 'NONE',  ( 1.000000000000000000, -0.0000000000000000000, -0.0000000000000000000 ) ) ;
#3680 = CARTESIAN_POINT ( 'NONE',  ( -5.500000000000001800, -4.528682948959455800, -2.545398936867042700 ) ) ;
#3681 = DIRECTION ( 'NONE',  ( 0.0000000000000000000, 0.0000000000000000000, -1.000000000000000000 ) ) ;
#3682 = DIRECTION ( 'NONE',  ( 1.000000000000000000, -0.0000000000000000000, -0.0000000000000000000 ) ) ;
#3683 = DIRECTION ( 'NONE',  ( 1.000000000000000000, -0.0000000000000000000, -0.0000000000000000000 ) ) ;
#3684 = CARTESIAN_POINT ( 'NONE',  ( 5.500000000000000000, 0.1725397420874807700, -6.302638736069233100 ) ) ;
#3685 = DIRECTION ( 'NONE',  ( 1.000000000000000000, -0.0000000000000000000, -0.0000000000000000000 ) ) ;
#3686 = DIRECTION ( 'NONE',  ( -1.000000000000000000, 0.0000000000000000000, 0.0000000000000000000 ) ) ;
#3687 = CARTESIAN_POINT ( 'NONE',  ( 5.500000000000000000, -0.1725397420873547300, -6.302638736069236600 ) ) ;
#3688 = DIRECTION ( 'NONE',  ( 1.000000000000000000, -0.0000000000000000000, -0.0000000000000000000 ) ) ;
#3689 = CARTESIAN_POINT ( 'NONE',  ( -5.500000000000001800, -1.516409641875816000, 4.975380649086079500 ) ) ;
#3690 = DIRECTION ( 'NONE',  ( 0.0000000000000000000, 0.0000000000000000000, -1.000000000000000000 ) ) ;
#3691 = DIRECTION ( 'NONE',  ( 1.000000000000000000, -0.0000000000000000000, -0.0000000000000000000 ) ) ;
#3692 = DIRECTION ( 'NONE',  ( 1.000000000000000000, -0.0000000000000000000, -0.0000000000000000000 ) ) ;
#3693 = CARTESIAN_POINT ( 'NONE',  ( -5.500000000000001800, 5.835052170629866800, 1.780930100313692100 ) ) ;
#3694 = CARTESIAN_POINT ( 'NONE',  ( 5.500000000000000000, -1.224646799147353100E-015, -6.304999999999999700 ) ) ;
#3695 = CARTESIAN_POINT ( 'NONE',  ( 3.500000000000000000, -1.224646799147353100E-015, 0.0000000000000000000 ) ) ;
#3696 = DIRECTION ( 'NONE',  ( 1.000000000000000000, -0.0000000000000000000, -0.0000000000000000000 ) ) ;
#3697 = DIRECTION ( 'NONE',  ( 0.0000000000000000000, 0.0000000000000000000, -1.000000000000000000 ) ) ;
#3698 = DIRECTION ( 'NONE',  ( -1.000000000000000000, 0.0000000000000000000, 0.0000000000000000000 ) ) ;
#3699 = CARTESIAN_POINT ( 'NONE',  ( -5.500000000000001800, -1.473853711795110300, 4.981543961085535000 ) ) ;
#3700 = CARTESIAN_POINT ( 'NONE',  ( -3.499999999999999600, -1.224646799147353100E-015, 0.0000000000000000000 ) ) ;
#3701 = DIRECTION ( 'NONE',  ( -1.000000000000000000, 0.0000000000000000000, 0.0000000000000000000 ) ) ;
#3702 = CARTESIAN_POINT ( 'NONE',  ( 5.500000000000000000, -2.579159525016151200, -5.753343475277525000 ) ) ;
#3703 = CARTESIAN_POINT ( 'NONE',  ( 3.499999999999999600, 5.908429512402139300, -1.179442960458624300 ) ) ;
#3704 = DIRECTION ( 'NONE',  ( 1.000000000000000000, -0.0000000000000000000, -0.0000000000000000000 ) ) ;
#3705 = CARTESIAN_POINT ( 'NONE',  ( -5.500000000000001800, 3.607926209456252300, 3.810931057092628900 ) ) ;
#3706 = CARTESIAN_POINT ( 'NONE',  ( -3.499999999999999600, -5.542972784208763500, 3.736934266684516400 ) ) ;
#3707 = CARTESIAN_POINT ( 'NONE',  ( 3.500000000000000000, -1.224646799147353100E-015, 0.0000000000000000000 ) ) ;
#3708 = CARTESIAN_POINT ( 'NONE',  ( -5.500000000000001800, -5.798785107127479000, 1.778571415871896400 ) ) ;
#3709 = CARTESIAN_POINT ( 'NONE',  ( 5.500000000000000000, -2.890065397209506100, -5.603619098390992400 ) ) ;
#3710 = CARTESIAN_POINT ( 'NONE',  ( -5.500000000000001800, -4.518222168733867500, 2.669456028623868900 ) ) ;
#3711 = DIRECTION ( 'NONE',  ( 1.000000000000000000, -0.0000000000000000000, -0.0000000000000000000 ) ) ;
#3712 = DIRECTION ( 'NONE',  ( 1.000000000000000000, -0.0000000000000000000, -0.0000000000000000000 ) ) ;
#3713 = DIRECTION ( 'NONE',  ( 0.0000000000000000000, 0.0000000000000000000, 1.000000000000000000 ) ) ;
#3714 = CARTESIAN_POINT ( 'NONE',  ( -5.500000000000001800, -4.813660658811060400, 1.953636624814005600 ) ) ;
#3715 = DIRECTION ( 'NONE',  ( -1.000000000000000000, 0.0000000000000000000, 0.0000000000000000000 ) ) ;
#3716 = DIRECTION ( 'NONE',  ( 0.0000000000000000000, 0.0000000000000000000, -1.000000000000000000 ) ) ;
#3717 = DIRECTION ( 'NONE',  ( -1.000000000000000000, 0.0000000000000000000, 0.0000000000000000000 ) ) ;
#3718 = CARTESIAN_POINT ( 'NONE',  ( -3.499999999999999600, -1.224646799147353100E-015, 0.0000000000000000000 ) ) ;
#3719 = DIRECTION ( 'NONE',  ( 1.000000000000000000, -0.0000000000000000000, -0.0000000000000000000 ) ) ;
#3720 = DIRECTION ( 'NONE',  ( 0.0000000000000000000, 0.0000000000000000000, 1.000000000000000000 ) ) ;
#3721 = CARTESIAN_POINT ( 'NONE',  ( -3.499999999999999600, -1.224646799147353100E-015, 0.0000000000000000000 ) ) ;
#3722 = CARTESIAN_POINT ( 'NONE',  ( -3.499999999999999600, -1.224646799147353100E-015, 0.0000000000000000000 ) ) ;
#3723 = CARTESIAN_POINT ( 'NONE',  ( -3.499999999999999600, -3.372650901736797400, -5.771867193119915000 ) ) ;
#3724 = DIRECTION ( 'NONE',  ( 0.0000000000000000000, 0.0000000000000000000, 1.000000000000000000 ) ) ;
#3725 = DIRECTION ( 'NONE',  ( -1.000000000000000000, 0.0000000000000000000, 0.0000000000000000000 ) ) ;
#3726 = DIRECTION ( 'NONE',  ( -1.000000000000000000, 0.0000000000000000000, 0.0000000000000000000 ) ) ;
#3727 = CARTESIAN_POINT ( 'NONE',  ( 3.499999999999999600, -5.542972784208712000, -3.736934266684592800 ) ) ;
#3728 = DIRECTION ( 'NONE',  ( 0.0000000000000000000, 0.0000000000000000000, -1.000000000000000000 ) ) ;
#3729 = CARTESIAN_POINT ( 'NONE',  ( -5.500000000000001800, -3.590057198743414900, 3.809862915525052100 ) ) ;
#3730 = DIRECTION ( 'NONE',  ( 1.000000000000000000, 0.0000000000000000000, 0.0000000000000000000 ) ) ;
#3731 = DIRECTION ( 'NONE',  ( 1.000000000000000000, -0.0000000000000000000, -0.0000000000000000000 ) ) ;
#3732 = DIRECTION ( 'NONE',  ( 1.000000000000000000, -0.0000000000000000000, -0.0000000000000000000 ) ) ;
#3733 = DIRECTION ( 'NONE',  ( 1.000000000000000000, -0.0000000000000000000, -0.0000000000000000000 ) ) ;
#3734 = CARTESIAN_POINT ( 'NONE',  ( 3.499999999999999600, 5.542972784208737700, 3.736934266684555100 ) ) ;
#3735 = DIRECTION ( 'NONE',  ( 0.0000000000000000000, -0.4338837391175651700, 0.9009688679024158200 ) ) ;
#3736 = DIRECTION ( 'NONE',  ( 0.0000000000000000000, 0.4338837391175590100, -0.9009688679024187000 ) ) ;
#3737 = DIRECTION ( 'NONE',  ( 0.0000000000000000000, 0.0000000000000000000, -1.000000000000000000 ) ) ;
#3738 = DIRECTION ( 'NONE',  ( 0.0000000000000000000, 0.0000000000000000000, -1.000000000000000000 ) ) ;
#3739 = DIRECTION ( 'NONE',  ( -1.000000000000000000, 0.0000000000000000000, 0.0000000000000000000 ) ) ;
#3740 = DIRECTION ( 'NONE',  ( 1.000000000000000000, -0.0000000000000000000, -0.0000000000000000000 ) ) ;
#3741 = DIRECTION ( 'NONE',  ( 1.000000000000000000, -0.0000000000000000000, -0.0000000000000000000 ) ) ;
#3742 = CARTESIAN_POINT ( 'NONE',  ( -5.500000000000001800, -4.904130208979858600, 1.868109725943758900 ) ) ;
#3743 = CARTESIAN_POINT ( 'NONE',  ( -5.500000000000001800, -3.489307230584104400, 3.848734863639410100 ) ) ;
#3744 = DIRECTION ( 'NONE',  ( 1.000000000000000000, -0.0000000000000000000, -0.0000000000000000000 ) ) ;
#3745 = DIRECTION ( 'NONE',  ( 1.000000000000000000, 0.0000000000000000000, 0.0000000000000000000 ) ) ;
#3746 = DIRECTION ( 'NONE',  ( 1.000000000000000000, -0.0000000000000000000, -0.0000000000000000000 ) ) ;
#3747 = CARTESIAN_POINT ( 'NONE',  ( -5.500000000000001800, 5.798785107127464800, 1.778571415871936300 ) ) ;
#3748 = CARTESIAN_POINT ( 'NONE',  ( -3.499999999999999600, -5.542972784208763500, 3.736934266684516400 ) ) ;
#3749 = DIRECTION ( 'NONE',  ( -1.000000000000000000, 0.0000000000000000000, 0.0000000000000000000 ) ) ;
#3750 = CARTESIAN_POINT ( 'NONE',  ( 5.500000000000000000, 2.890065397209623300, -5.603619098390929300 ) ) ;
#3751 = DIRECTION ( 'NONE',  ( -1.000000000000000000, 0.0000000000000000000, 0.0000000000000000000 ) ) ;
#3752 = DIRECTION ( 'NONE',  ( 1.000000000000000000, -0.0000000000000000000, -0.0000000000000000000 ) ) ;
#3753 = DIRECTION ( 'NONE',  ( 0.0000000000000000000, 0.0000000000000000000, 1.000000000000000000 ) ) ;
#3754 = CARTESIAN_POINT ( 'NONE',  ( -3.499999999999999600, -3.590057198743414900, 3.959862915525052400 ) ) ;
#3755 = CARTESIAN_POINT ( 'NONE',  ( -3.499999999999999600, 5.542972784208737700, 3.736934266684555100 ) ) ;
#3756 = DIRECTION ( 'NONE',  ( 0.0000000000000000000, 0.0000000000000000000, 1.000000000000000000 ) ) ;
#3757 = DIRECTION ( 'NONE',  ( -1.000000000000000000, 0.0000000000000000000, 0.0000000000000000000 ) ) ;
#3758 = DIRECTION ( 'NONE',  ( 0.0000000000000000000, 0.0000000000000000000, -1.000000000000000000 ) ) ;
#3759 = DIRECTION ( 'NONE',  ( 1.000000000000000000, -0.0000000000000000000, -0.0000000000000000000 ) ) ;
#3760 = DIRECTION ( 'NONE',  ( 1.000000000000000000, -0.0000000000000000000, -0.0000000000000000000 ) ) ;
#3761 = CARTESIAN_POINT ( 'NONE',  ( 5.500000000000000000, 5.035178156088329100, -3.794733974398065300 ) ) ;
#3762 = DIRECTION ( 'NONE',  ( 0.0000000000000000000, 0.0000000000000000000, 1.000000000000000000 ) ) ;
#3763 = DIRECTION ( 'NONE',  ( -1.000000000000000000, 0.0000000000000000000, 0.0000000000000000000 ) ) ;
#3764 = DIRECTION ( 'NONE',  ( 1.000000000000000000, -0.0000000000000000000, -0.0000000000000000000 ) ) ;
#3765 = CARTESIAN_POINT ( 'NONE',  ( 3.499999999999999600, 5.835052170629866800, 1.500930100313691900 ) ) ;
#3766 = CARTESIAN_POINT ( 'NONE',  ( -5.500000000000001800, 1.597128175838681500, 4.998950754382034000 ) ) ;
#3767 = DIRECTION ( 'NONE',  ( -1.000000000000000000, 0.0000000000000000000, 0.0000000000000000000 ) ) ;
#3768 = CARTESIAN_POINT ( 'NONE',  ( -3.499999999999999600, 1.516409641875775500, 5.125380649086091400 ) ) ;
#3769 = DIRECTION ( 'NONE',  ( 1.000000000000000000, -0.0000000000000000000, -0.0000000000000000000 ) ) ;
#3770 = CARTESIAN_POINT ( 'NONE',  ( -5.500000000000001800, -5.542972784208763500, 1.761934266684516100 ) ) ;
#3771 = DIRECTION ( 'NONE',  ( 1.000000000000000000, -0.0000000000000000000, -0.0000000000000000000 ) ) ;
#3772 = CARTESIAN_POINT ( 'NONE',  ( -3.499999999999999600, -1.516409641875816000, 5.125380649086079800 ) ) ;
#3773 = DIRECTION ( 'NONE',  ( 0.0000000000000000000, 0.0000000000000000000, 1.000000000000000000 ) ) ;
#3774 = CARTESIAN_POINT ( 'NONE',  ( 5.500000000000000000, 4.820024616874649200, -4.064527979079782600 ) ) ;
#3775 = DIRECTION ( 'NONE',  ( 1.000000000000000000, -0.0000000000000000000, -0.0000000000000000000 ) ) ;
#3776 = DIRECTION ( 'NONE',  ( 0.0000000000000000000, 0.0000000000000000000, -1.000000000000000000 ) ) ;
#3777 = DIRECTION ( 'NONE',  ( 0.0000000000000000000, 0.0000000000000000000, -1.000000000000000000 ) ) ;
#3778 = DIRECTION ( 'NONE',  ( 1.000000000000000000, -0.0000000000000000000, -0.0000000000000000000 ) ) ;
#3779 = DIRECTION ( 'NONE',  ( -1.000000000000000000, 0.0000000000000000000, 0.0000000000000000000 ) ) ;
#3780 = DIRECTION ( 'NONE',  ( 1.000000000000000000, -0.0000000000000000000, -0.0000000000000000000 ) ) ;
#3781 = CARTESIAN_POINT ( 'NONE',  ( -5.500000000000001800, 3.590057198743385100, 3.809862915525079200 ) ) ;
#3782 = DIRECTION ( 'NONE',  ( 1.000000000000000000, -0.0000000000000000000, -0.0000000000000000000 ) ) ;
#3783 = CARTESIAN_POINT ( 'NONE',  ( 3.500000000000000000, -1.224646799147353100E-015, 0.0000000000000000000 ) ) ;
#3784 = CARTESIAN_POINT ( 'NONE',  ( 5.500000000000000000, -6.183012128746141500, -1.234255247417698000 ) ) ;
#3785 = DIRECTION ( 'NONE',  ( 1.000000000000000000, -0.0000000000000000000, -0.0000000000000000000 ) ) ;
#3786 = CARTESIAN_POINT ( 'NONE',  ( 3.500000000000000000, -1.224646799147353100E-015, 0.0000000000000000000 ) ) ;
#3787 = DIRECTION ( 'NONE',  ( 0.0000000000000000000, -1.301042606982605600E-014, 1.000000000000000000 ) ) ;
#3788 = CARTESIAN_POINT ( 'NONE',  ( 3.499999999999999600, -3.590057198743414900, 3.959862915525052400 ) ) ;
#3789 = DIRECTION ( 'NONE',  ( 0.0000000000000000000, -2.891205793294679000E-015, -1.000000000000000000 ) ) ;
#3790 = CARTESIAN_POINT ( 'NONE',  ( -5.500000000000001800, -5.229011075404995000, -0.4447136472904742500 ) ) ;
#3791 = DIRECTION ( 'NONE',  ( 0.0000000000000000000, 0.0000000000000000000, -1.000000000000000000 ) ) ;
#3792 = CARTESIAN_POINT ( 'NONE',  ( -3.499999999999999600, 3.590057198743385100, 3.959862915525079100 ) ) ;
#3793 = DIRECTION ( 'NONE',  ( 1.000000000000000000, -0.0000000000000000000, -0.0000000000000000000 ) ) ;
#3794 = CARTESIAN_POINT ( 'NONE',  ( 3.500000000000000000, -1.224646799147353100E-015, 0.0000000000000000000 ) ) ;
#3795 = DIRECTION ( 'NONE',  ( 1.000000000000000000, -0.0000000000000000000, -0.0000000000000000000 ) ) ;
#3796 = CARTESIAN_POINT ( 'NONE',  ( -3.499999999999999600, -1.224646799147353100E-015, 0.0000000000000000000 ) ) ;
#3797 = DIRECTION ( 'NONE',  ( 1.000000000000000000, -0.0000000000000000000, -0.0000000000000000000 ) ) ;
#3798 = DIRECTION ( 'NONE',  ( 1.000000000000000000, -0.0000000000000000000, -0.0000000000000000000 ) ) ;
#3799 = CARTESIAN_POINT ( 'NONE',  ( 5.500000000000000000, -6.106224719638381900, -1.570682868461093800 ) ) ;
#3800 = CARTESIAN_POINT ( 'NONE',  ( 5.500000000000000000, -4.820024616874566600, -4.064527979079883800 ) ) ;
#3801 = DIRECTION ( 'NONE',  ( 0.0000000000000000000, -0.4338837391175526800, -0.9009688679024217000 ) ) ;
#3802 = DIRECTION ( 'NONE',  ( -1.000000000000000000, 0.0000000000000000000, 0.0000000000000000000 ) ) ;
#3803 = DIRECTION ( 'NONE',  ( 1.000000000000000000, -0.0000000000000000000, -0.0000000000000000000 ) ) ;
#3804 = CARTESIAN_POINT ( 'NONE',  ( 3.499999999999999600, 1.516409641875775500, 5.125380649086091400 ) ) ;
#3805 = CARTESIAN_POINT ( 'NONE',  ( 3.500000000000000000, -1.224646799147353100E-015, 0.0000000000000000000 ) ) ;
#3806 = CARTESIAN_POINT ( 'NONE',  ( 3.500000000000000000, -1.224646799147353100E-015, 0.0000000000000000000 ) ) ;
#3807 = CARTESIAN_POINT ( 'NONE',  ( -5.500000000000001800, 4.452831636971909600, 4.118436039661419900 ) ) ;
#3808 = CARTESIAN_POINT ( 'NONE',  ( 3.499999999999999600, 3.590057198743385100, 3.959862915525079100 ) ) ;
#3809 = CARTESIAN_POINT ( 'NONE',  ( -3.499999999999999600, 5.835052170629866800, 1.500930100313691900 ) ) ;
#3810 = DIRECTION ( 'NONE',  ( 0.0000000000000000000, 0.0000000000000000000, -1.000000000000000000 ) ) ;
#3811 = DIRECTION ( 'NONE',  ( 1.000000000000000000, -0.0000000000000000000, -0.0000000000000000000 ) ) ;
#3812 = CARTESIAN_POINT ( 'NONE',  ( 3.499999999999999600, -1.516409641875816000, 5.125380649086079800 ) ) ;
#3813 = DIRECTION ( 'NONE',  ( 1.000000000000000000, -0.0000000000000000000, -0.0000000000000000000 ) ) ;
#3814 = CARTESIAN_POINT ( 'NONE',  ( 3.499999999999999600, -5.542972784208763500, 3.736934266684516400 ) ) ;
#3815 = DIRECTION ( 'NONE',  ( 1.000000000000000000, 0.0000000000000000000, 0.0000000000000000000 ) ) ;
#3816 = DIRECTION ( 'NONE',  ( 1.000000000000000000, -0.0000000000000000000, -0.0000000000000000000 ) ) ;
#3817 = CARTESIAN_POINT ( 'NONE',  ( 5.500000000000000000, -5.035178156088249100, -3.794733974398171400 ) ) ;
#3818 = DIRECTION ( 'NONE',  ( 0.0000000000000000000, 0.0000000000000000000, -1.000000000000000000 ) ) ;
#3819 = DIRECTION ( 'NONE',  ( 0.0000000000000000000, -2.891205793294679000E-015, -1.000000000000000000 ) ) ;
#3820 = DIRECTION ( 'NONE',  ( -1.000000000000000000, 0.0000000000000000000, 0.0000000000000000000 ) ) ;
#3821 = DIRECTION ( 'NONE',  ( 0.0000000000000000000, 0.0000000000000000000, -1.000000000000000000 ) ) ;
#3822 = DIRECTION ( 'NONE',  ( 1.000000000000000000, -0.0000000000000000000, -0.0000000000000000000 ) ) ;
#3823 = DIRECTION ( 'NONE',  ( -1.000000000000000000, 0.0000000000000000000, 0.0000000000000000000 ) ) ;
#3824 = DIRECTION ( 'NONE',  ( 0.0000000000000000000, -3.180326372624146800E-014, -1.000000000000000000 ) ) ;
#3825 = CARTESIAN_POINT ( 'NONE',  ( -5.500000000000001800, 1.516409641875775500, 4.975380649086091000 ) ) ;
#3826 = CARTESIAN_POINT ( 'NONE',  ( -5.500000000000001800, 5.542972784208737700, 1.761934266684554800 ) ) ;
#3827 = DIRECTION ( 'NONE',  ( -1.000000000000000000, 0.0000000000000000000, 0.0000000000000000000 ) ) ;
#3828 = DIRECTION ( 'NONE',  ( 0.0000000000000000000, 8.673617379884037000E-015, -1.000000000000000000 ) ) ;
#3829 = DIRECTION ( 'NONE',  ( -1.000000000000000000, 0.0000000000000000000, 0.0000000000000000000 ) ) ;
#3830 = DIRECTION ( 'NONE',  ( 0.0000000000000000000, 0.0000000000000000000, 1.000000000000000000 ) ) ;
#3831 = CARTESIAN_POINT ( 'NONE',  ( 5.500000000000000000, 2.579159525016267600, -5.753343475277471700 ) ) ;
#3832 = DIRECTION ( 'NONE',  ( -1.000000000000000000, 0.0000000000000000000, 0.0000000000000000000 ) ) ;
#3833 = DIRECTION ( 'NONE',  ( -1.000000000000000000, 0.0000000000000000000, 0.0000000000000000000 ) ) ;
#3834 = DIRECTION ( 'NONE',  ( 0.0000000000000000000, 0.0000000000000000000, 1.000000000000000000 ) ) ;
#3835 = DIRECTION ( 'NONE',  ( -1.000000000000000000, 0.0000000000000000000, 0.0000000000000000000 ) ) ;
#3836 = CARTESIAN_POINT ( 'NONE',  ( -3.499999999999999600, 4.605971184245744300, 3.884025547019205800 ) ) ;
#3837 = DIRECTION ( 'NONE',  ( -1.000000000000000000, 0.0000000000000000000, 0.0000000000000000000 ) ) ;
#3838 = DIRECTION ( 'NONE',  ( -1.000000000000000000, 0.0000000000000000000, 0.0000000000000000000 ) ) ;
#3839 = DIRECTION ( 'NONE',  ( 1.000000000000000000, -0.0000000000000000000, -0.0000000000000000000 ) ) ;
#3840 = DIRECTION ( 'NONE',  ( 0.0000000000000000000, 0.0000000000000000000, 1.000000000000000000 ) ) ;
#3841 = DIRECTION ( 'NONE',  ( -1.000000000000000000, -0.0000000000000000000, -0.0000000000000000000 ) ) ;
#3842 = CARTESIAN_POINT ( 'NONE',  ( 13.50000000000000200, 0.0000000000000000000, 0.0000000000000000000 ) ) ;
#3843 = DIRECTION ( 'NONE',  ( -1.000000000000000000, -0.0000000000000000000, -0.0000000000000000000 ) ) ;
#3844 = CARTESIAN_POINT ( 'NONE',  ( -3.499999999999999600, -1.224646799147353100E-015, 0.0000000000000000000 ) ) ;
#3845 = CARTESIAN_POINT ( 'NONE',  ( -3.499999999999999600, -1.224646799147353100E-015, 0.0000000000000000000 ) ) ;
#3846 = DIRECTION ( 'NONE',  ( 0.0000000000000000000, 0.0000000000000000000, 1.000000000000000000 ) ) ;
#3847 = DIRECTION ( 'NONE',  ( 1.000000000000000000, -0.0000000000000000000, -0.0000000000000000000 ) ) ;
#3848 = DIRECTION ( 'NONE',  ( 1.000000000000000000, -0.0000000000000000000, -0.0000000000000000000 ) ) ;
#3849 = DIRECTION ( 'NONE',  ( 1.000000000000000000, -0.0000000000000000000, -0.0000000000000000000 ) ) ;
#3850 = CARTESIAN_POINT ( 'NONE',  ( 13.50000000000000400, 3.673940397442060400E-016, -3.000000000000000400 ) ) ;
#3851 = CARTESIAN_POINT ( 'NONE',  ( 3.499999999999999600, -1.102182119232618100E-015, 0.0000000000000000000 ) ) ;
#3852 = DIRECTION ( 'NONE',  ( 1.000000000000000000, 1.049267165504202200E-016, -0.0000000000000000000 ) ) ;
#3853 = DIRECTION ( 'NONE',  ( -1.297474551964702200E-016, 1.000000000000000000, 0.0000000000000000000 ) ) ;
#3854 = DIRECTION ( 'NONE',  ( 1.000000000000000000, 0.0000000000000000000, 0.0000000000000000000 ) ) ;
#3855 = DIRECTION ( 'NONE',  ( 0.0000000000000000000, 0.0000000000000000000, 1.000000000000000000 ) ) ;
#3856 = CARTESIAN_POINT ( 'NONE',  ( 13.50000000000000400, 0.0000000000000000000, 3.000000000000000400 ) ) ;
#3857 = CARTESIAN_POINT ( 'NONE',  ( 5.500000000000000000, -6.123233995736764300E-016, 5.000000000000000000 ) ) ;
#3858 = DIRECTION ( 'NONE',  ( 0.0000000000000000000, -0.9749279121818226200, -0.2225209339563184500 ) ) ;
#3859 = CARTESIAN_POINT ( 'NONE',  ( 5.500000000000000900, 9.797174393178825700E-016, -8.000000000000000000 ) ) ;
#3860 = CARTESIAN_POINT ( 'NONE',  ( 3.499999999999999600, -0.5343341453271245300, 6.663611034652121600 ) ) ;
#3861 = DIRECTION ( 'NONE',  ( 1.000000000000000000, -0.0000000000000000000, -0.0000000000000000000 ) ) ;
#3862 = CARTESIAN_POINT ( 'NONE',  ( 5.500000000000000900, 0.0000000000000000000, 8.000000000000000000 ) ) ;
#3863 = DIRECTION ( 'NONE',  ( 0.0000000000000000000, 0.0000000000000000000, -1.000000000000000000 ) ) ;
#3864 = DIRECTION ( 'NONE',  ( -1.000000000000000000, -0.0000000000000000000, -0.0000000000000000000 ) ) ;
#3865 = DIRECTION ( 'NONE',  ( 0.0000000000000000000, 0.7818314824680268100, 0.6234898018587372600 ) ) ;
#3866 = CARTESIAN_POINT ( 'NONE',  ( 5.500000000000000000, -6.106224719638405000, 1.570682868461008800 ) ) ;
#3867 = CARTESIAN_POINT ( 'NONE',  ( -3.499999999999999600, 4.952649898237735800, 2.010045767012712300 ) ) ;
#3868 = DIRECTION ( 'NONE',  ( -1.000000000000000000, -0.0000000000000000000, -0.0000000000000000000 ) ) ;
#3869 = DIRECTION ( 'NONE',  ( 0.0000000000000000000, 0.0000000000000000000, -1.000000000000000000 ) ) ;
#3870 = CARTESIAN_POINT ( 'NONE',  ( 3.499999999999999600, 0.0000000000000000000, 0.0000000000000000000 ) ) ;
#3871 = CARTESIAN_POINT ( 'NONE',  ( -3.499999999999999600, -1.224646799147353100E-015, 0.0000000000000000000 ) ) ;
#3872 = CARTESIAN_POINT ( 'NONE',  ( -3.499999999999999600, -5.334309545121179500, 0.3378855972500949800 ) ) ;
#3873 = CARTESIAN_POINT ( 'NONE',  ( 5.500000000000000000, -5.835052170629878400, 1.780930100313652000 ) ) ;
#3874 = CARTESIAN_POINT ( 'NONE',  ( 4.814999999999994200, 8.000000000000000000, 0.0000000000000000000 ) ) ;
#3875 = DIRECTION ( 'NONE',  ( 0.7071067811865458000, 0.7071067811865492400, 0.0000000000000000000 ) ) ;
#3876 = DIRECTION ( 'NONE',  ( 0.0000000000000000000, 0.0000000000000000000, -1.000000000000000000 ) ) ;
#3877 = DIRECTION ( 'NONE',  ( 1.000000000000000000, -0.0000000000000000000, -0.0000000000000000000 ) ) ;
#3878 = CARTESIAN_POINT ( 'NONE',  ( 10.20711064233435300, -1.296211693704419000, -2.707214435488255200 ) ) ;
#3879 = CARTESIAN_POINT ( 'NONE',  ( 10.20428418735638600, -1.713215595441774000, -2.464593931755346900 ) ) ;
#3880 = CARTESIAN_POINT ( 'NONE',  ( 10.02864772518668500, -2.134865179352287300, -2.109548081911280200 ) ) ;
#3881 = CARTESIAN_POINT ( 'NONE',  ( 10.11361648047412500, -0.9479560741986300400, -2.847665206162366400 ) ) ;
#3882 = CARTESIAN_POINT ( 'NONE',  ( 9.827721499211493800, -2.356775026862175400, -1.863477717419070400 ) ) ;
#3883 = CARTESIAN_POINT ( 'NONE',  ( 9.408295914282911500, -2.583556509749060500, -1.530192017350874300 ) ) ;
#3884 = CARTESIAN_POINT ( 'NONE',  ( 9.341665016500034100, 1.028936662183701400E-015, -3.000000000000000400 ) ) ;
#3885 = CARTESIAN_POINT ( 'NONE',  ( 10.18758838147845000, -1.790230844986475700, -2.409111545785025400 ) ) ;
#3886 = CARTESIAN_POINT ( 'NONE',  ( 8.976870603226153400, -2.684651554607308600, -1.339408379357633200 ) ) ;
#3887 = DIRECTION ( 'NONE',  ( 0.0000000000000000000, 0.0000000000000000000, 1.000000000000000000 ) ) ;
#3888 = CARTESIAN_POINT ( 'NONE',  ( 8.882776479034856000, -2.697494448928311300, -1.312975101995796900 ) ) ;
#3889 = DIRECTION ( 'NONE',  ( -1.000000000000000000, -0.0000000000000000000, -0.0000000000000000000 ) ) ;
#3890 = DIRECTION ( 'NONE',  ( -1.000000000000000000, 0.0000000000000000000, 0.0000000000000000000 ) ) ;
#3891 = CARTESIAN_POINT ( 'NONE',  ( 9.244598227001555200, -2.633880318603577700, -1.438106245264312100 ) ) ;
#3892 = CARTESIAN_POINT ( 'NONE',  ( 8.693536227642264100, -2.714327276136391900, -1.277813506925764100 ) ) ;
#3893 = CARTESIAN_POINT ( 'NONE',  ( 4.814999999999995100, -9.642034869688163000E-016, 0.0000000000000000000 ) ) ;
#3894 = CARTESIAN_POINT ( 'NONE',  ( 8.597516882548546800, -2.718547014168211500, -1.268661551304011800 ) ) ;
#3895 = CARTESIAN_POINT ( 'NONE',  ( 5.500000000000000000, -4.605971184245770000, 4.164025547019176300 ) ) ;
#3896 = CARTESIAN_POINT ( 'NONE',  ( 5.500000000000000000, -4.820024616874619900, 4.064527979079819900 ) ) ;
#3897 = DIRECTION ( 'NONE',  ( -1.000000000000000000, 0.0000000000000000000, 0.0000000000000000000 ) ) ;
#3898 = CARTESIAN_POINT ( 'NONE',  ( 9.666072520685656100, -0.2101881739803908900, -3.000000000000000900 ) ) ;
#3899 = CARTESIAN_POINT ( 'NONE',  ( 9.925524227426059600, -0.5245624653168307100, -2.974881466537107500 ) ) ;
#3900 = CARTESIAN_POINT ( 'NONE',  ( 10.22173316722426700, -1.551116787389463100, -2.569701857568069700 ) ) ;
#3901 = CARTESIAN_POINT ( 'NONE',  ( 8.500000000000000000, -5.489563694509233600, -6.068203230275510200 ) ) ;
#3902 = CARTESIAN_POINT ( 'NONE',  ( 4.814999999999995100, -9.642034869688163000E-016, 0.0000000000000000000 ) ) ;
#3903 = DIRECTION ( 'NONE',  ( -1.084202172485504200E-016, 1.000000000000000000, 0.0000000000000000000 ) ) ;
#3904 = DIRECTION ( 'NONE',  ( 0.0000000000000000000, 0.0000000000000000000, -1.000000000000000000 ) ) ;
#3905 = CARTESIAN_POINT ( 'NONE',  ( 10.14496053330021600, -1.035736243546004900, -2.817105869882026600 ) ) ;
#3906 = CARTESIAN_POINT ( 'NONE',  ( 9.701125981773731900, -2.444428456373245700, -1.743852450955582400 ) ) ;
#3907 = DIRECTION ( 'NONE',  ( -2.168404344971008900E-016, -0.4999999999999998300, -0.8660254037844387100 ) ) ;
#3908 = DIRECTION ( 'NONE',  ( 1.000000000000000000, 1.049267165504202200E-016, -0.0000000000000000000 ) ) ;
#3909 = CARTESIAN_POINT ( 'NONE',  ( 10.22221909817002400, -1.466269153666225300, -2.619013081986990300 ) ) ;
#3910 = CARTESIAN_POINT ( 'NONE',  ( 10.13882578537963600, -1.936800315815278200, -2.292934681807038200 ) ) ;
#3911 = CARTESIAN_POINT ( 'NONE',  ( 10.10638736990729400, -2.006711973987970000, -2.231804090273099100 ) ) ;
#3912 = CARTESIAN_POINT ( 'NONE',  ( 3.499999999999999600, -2.464621116292273300, 5.497842099690226200 ) ) ;
#3913 = CARTESIAN_POINT ( 'NONE',  ( 9.983238454912239500, -2.193758251346730000, -2.047964640145881500 ) ) ;
#3914 = CARTESIAN_POINT ( 'NONE',  ( 8.500000000000001800, -2.718547014168212000, -1.268661551304011600 ) ) ;
#3915 = CARTESIAN_POINT ( 'NONE',  ( 4.814999999999995100, -9.642034869688163000E-016, 0.0000000000000000000 ) ) ;
#3916 = DIRECTION ( 'NONE',  ( -1.084202172485504200E-016, 1.000000000000000000, 0.0000000000000000000 ) ) ;
#3917 = DIRECTION ( 'NONE',  ( -1.000000000000000000, 0.0000000000000000000, 0.0000000000000000000 ) ) ;
#3918 = CARTESIAN_POINT ( 'NONE',  ( 10.19165756360559500, -1.210060734664479600, -2.746741354176220900 ) ) ;
#3919 = DIRECTION ( 'NONE',  ( 1.000000000000000000, -0.0000000000000000000, -0.0000000000000000000 ) ) ;
#3920 = DIRECTION ( 'NONE',  ( 1.000000000000000000, 1.049267165504202200E-016, -0.0000000000000000000 ) ) ;
#3921 = CARTESIAN_POINT ( 'NONE',  ( 5.500000000000000000, -2.464621116292273300, 5.777842099690225600 ) ) ;
#3922 = CARTESIAN_POINT ( 'NONE',  ( -3.499999999999999600, -4.605971184245770000, 3.884025547019176000 ) ) ;
#3923 = DIRECTION ( 'NONE',  ( 1.000000000000000000, 1.049267165504202200E-016, -0.0000000000000000000 ) ) ;
#3924 = DIRECTION ( 'NONE',  ( -1.000000000000000000, 0.0000000000000000000, 0.0000000000000000000 ) ) ;
#3925 = DIRECTION ( 'NONE',  ( -1.000000000000000000, 0.0000000000000000000, 0.0000000000000000000 ) ) ;
#3926 = CARTESIAN_POINT ( 'NONE',  ( 10.16288013974173900, 2.967561167258274700, -0.4541634965538777800 ) ) ;
#3927 = CARTESIAN_POINT ( 'NONE',  ( 10.12855516620034800, 2.948294405801786100, -0.5646963989517246300 ) ) ;
#3928 = CARTESIAN_POINT ( 'NONE',  ( 8.273965653135084300, -2.427858012167690900, -7.622729812737818900 ) ) ;
#3929 = DIRECTION ( 'NONE',  ( 1.000000000000000000, -0.0000000000000000000, -0.0000000000000000000 ) ) ;
#3930 = CARTESIAN_POINT ( 'NONE',  ( -3.838955728425370100, -1.872234646725189500E-015, 0.0000000000000000000 ) ) ;
#3931 = CARTESIAN_POINT ( 'NONE',  ( -3.499999999999999600, -1.836669135085559900E-015, 0.0000000000000000000 ) ) ;
#3932 = CARTESIAN_POINT ( 'NONE',  ( 7.736100863694114000, -2.586583129296017100, -7.570438121208575800 ) ) ;
#3933 = DIRECTION ( 'NONE',  ( 1.000000000000000000, -0.0000000000000000000, -0.0000000000000000000 ) ) ;
#3934 = CARTESIAN_POINT ( 'NONE',  ( 13.50000000000000400, 3.673940397442060400E-016, -3.000000000000000400 ) ) ;
#3935 = CARTESIAN_POINT ( 'NONE',  ( 7.450712075795052200, -2.756982549986600500, -7.510197829114141600 ) ) ;
#3936 = CARTESIAN_POINT ( 'NONE',  ( 7.362574385016127800, -2.825891308142782800, -7.484700624245758300 ) ) ;
#3937 = CARTESIAN_POINT ( 'NONE',  ( 6.825575341208699200, -3.602956445346237500, -7.145753255214377700 ) ) ;
#3938 = DIRECTION ( 'NONE',  ( -1.091021054073463300E-016, 1.000000000000000000, 0.0000000000000000000 ) ) ;
#3939 = CARTESIAN_POINT ( 'NONE',  ( 6.779955777555429100, -4.096895216561976300, -6.872271729600772300 ) ) ;
#3940 = DIRECTION ( 'NONE',  ( -1.084202172485504200E-016, 1.000000000000000000, 0.0000000000000000000 ) ) ;
#3941 = CARTESIAN_POINT ( 'NONE',  ( 8.385995820072949400, -2.416892500048692000, -7.626180606516503400 ) ) ;
#3942 = DIRECTION ( 'NONE',  ( 0.0000000000000000000, 0.0000000000000000000, -1.000000000000000000 ) ) ;
#3943 = CARTESIAN_POINT ( 'NONE',  ( 8.053670135590197200, -2.470615679042959600, -7.608979070264017400 ) ) ;
#3944 = CARTESIAN_POINT ( 'NONE',  ( 6.867919386345755100, -4.470935143358215000, -6.634885054440171200 ) ) ;
#3945 = CARTESIAN_POINT ( 'NONE',  ( 7.450362566761364200, -5.125296070076708500, -6.142909914796183200 ) ) ;
#3946 = CARTESIAN_POINT ( 'NONE',  ( 7.944241076362348300, -2.502946692176071700, -7.598500081458948500 ) ) ;
#3947 = CARTESIAN_POINT ( 'NONE',  ( 7.737112235370532600, -5.263272461789778600, -6.024939581685560900 ) ) ;
#3948 = CARTESIAN_POINT ( 'NONE',  ( 8.052174142185533500, -5.353980717099456200, -5.944358858070137900 ) ) ;
#3949 = CARTESIAN_POINT ( 'NONE',  ( 7.125372985257524900, -3.049651286195573400, -7.397651486295689700 ) ) ;
#3950 = CARTESIAN_POINT ( 'NONE',  ( 7.363857609431697400, -5.069956699184639400, -6.188866303302325500 ) ) ;
#3951 = DIRECTION ( 'NONE',  ( -1.000000000000000000, -0.0000000000000000000, -0.0000000000000000000 ) ) ;
#3952 = CARTESIAN_POINT ( 'NONE',  ( 7.124225043295087500, -4.880924958221153400, -6.340558316051237300 ) ) ;
#3953 = CARTESIAN_POINT ( 'NONE',  ( 7.944941899083403300, -5.329191955837866400, -5.966711579071759500 ) ) ;
#3954 = CARTESIAN_POINT ( 'NONE',  ( 6.780088845550269000, -3.804448524944151100, -7.041082870190051000 ) ) ;
#3955 = CARTESIAN_POINT ( 'NONE',  ( 8.500000000000000000, -2.416892500048691200, -7.626180606516501600 ) ) ;
#3956 = CARTESIAN_POINT ( 'NONE',  ( 8.273372428224522700, -5.387513072836800800, -5.913984667092253600 ) ) ;
#3957 = CARTESIAN_POINT ( 'NONE',  ( 6.835315822438165200, -4.381339736474561900, -6.694481265097442300 ) ) ;
#3958 = CARTESIAN_POINT ( 'NONE',  ( 7.636374634143562500, -5.221801592327728300, -6.061088199127986800 ) ) ;
#3959 = CARTESIAN_POINT ( 'NONE',  ( 8.500000000000000000, -5.396019889067161100, -5.906180606516501900 ) ) ;
#3960 = CARTESIAN_POINT ( 'NONE',  ( 10.22000000000000200, 3.000000000000000400, -3.730327255644599300E-014 ) ) ;
#3961 = CARTESIAN_POINT ( 'NONE',  ( 6.791229780445317700, -4.194714218840908300, -6.812972179409333900 ) ) ;
#3962 = DIRECTION ( 'NONE',  ( 1.000000000000000000, 1.049267165504202200E-016, -0.0000000000000000000 ) ) ;
#3963 = CARTESIAN_POINT ( 'NONE',  ( 3.499999999999999600, -4.605971184245770000, 3.884025547019176000 ) ) ;
#3964 = DIRECTION ( 'NONE',  ( -1.297474551964702200E-016, 1.000000000000000000, 0.0000000000000000000 ) ) ;
#3965 = CARTESIAN_POINT ( 'NONE',  ( 5.500000000000000000, -1.224646799147353100E-015, -5.000000000000000000 ) ) ;
#3966 = CARTESIAN_POINT ( 'NONE',  ( 6.997333559351989900, -3.227549622787039500, -7.322978093912073700 ) ) ;
#3967 = CARTESIAN_POINT ( 'NONE',  ( 7.637436308207452600, -2.637537832748527900, -7.552974142295308700 ) ) ;
#3968 = DIRECTION ( 'NONE',  ( 1.000000000000000000, 1.049267165504202200E-016, -0.0000000000000000000 ) ) ;
#3969 = CARTESIAN_POINT ( 'NONE',  ( 8.387560465259323200, -5.396019889067160200, -5.906180606516502800 ) ) ;
#3970 = CARTESIAN_POINT ( 'NONE',  ( -4.999999999999999100, -1.224646799147353100E-015, 0.0000000000000000000 ) ) ;
#3971 = DIRECTION ( 'NONE',  ( 1.000000000000000000, 1.049267165504202200E-016, -0.0000000000000000000 ) ) ;
#3972 = DIRECTION ( 'NONE',  ( 1.734723475976807100E-016, -1.000000000000000000, 0.0000000000000000000 ) ) ;
#3973 = CARTESIAN_POINT ( 'NONE',  ( 10.22000000000000100, 2.999999999999998700, -0.1163471407664463100 ) ) ;
#3974 = CARTESIAN_POINT ( 'NONE',  ( 3.499999999999999600, -5.835052170629857900, -1.500930100313733600 ) ) ;
#3975 = CARTESIAN_POINT ( 'NONE',  ( 10.20831945037858200, 2.993259806099959300, -0.2303898787008305000 ) ) ;
#3976 = CARTESIAN_POINT ( 'NONE',  ( 6.997717815122191700, -4.729079988776775600, -6.455977495836504200 ) ) ;
#3977 = CARTESIAN_POINT ( 'NONE',  ( 8.732519070073449200, 2.466467102704446500, -1.708009934470556800 ) ) ;
#3978 = CARTESIAN_POINT ( 'NONE',  ( 6.779999999999999400, 7.999999999999998200, 0.0000000000000000000 ) ) ;
#3979 = CARTESIAN_POINT ( 'NONE',  ( 6.835128581473785700, 7.988299966182494500, -0.4463390977887463600 ) ) ;
#3980 = CARTESIAN_POINT ( 'NONE',  ( 7.442312664116319500, 7.882630445066424400, -1.374676098065229700 ) ) ;
#3981 = CARTESIAN_POINT ( 'NONE',  ( 8.611866357785785900, 7.812902521187119500, -1.720044823993692700 ) ) ;
#3982 = CARTESIAN_POINT ( 'NONE',  ( 7.633694636695541800, 7.858091601705247300, -1.502688340751347400 ) ) ;
#3983 = CARTESIAN_POINT ( 'NONE',  ( 7.364156285784995100, 2.706814524804621100, -1.296299656420439900 ) ) ;
#3984 = CARTESIAN_POINT ( 'NONE',  ( 6.780000000000002000, 7.999999999999998200, -0.1140028177222498600 ) ) ;
#3985 = CARTESIAN_POINT ( 'NONE',  ( 8.947095445366709800, 7.824916712344113500, -1.664688225627936500 ) ) ;
#3986 = CARTESIAN_POINT ( 'NONE',  ( 9.054479537483349100, 7.831873312949447600, -1.632087238036171500 ) ) ;
#3987 = CARTESIAN_POINT ( 'NONE',  ( 9.367470508132289100, 7.858172383759924900, -1.502304948309050300 ) ) ;
#3988 = CARTESIAN_POINT ( 'NONE',  ( 6.780000000000001100, 3.000000000000000900, -0.2324538011163265200 ) ) ;
#3989 = CARTESIAN_POINT ( 'NONE',  ( 9.556671744933620300, 7.882464955909383300, -1.375815185426490600 ) ) ;
#3990 = CARTESIAN_POINT ( 'NONE',  ( 7.132556394087838000, 7.931439452599349200, -1.049338665619612000 ) ) ;
#3991 = CARTESIAN_POINT ( 'NONE',  ( 8.274206042125047800, 7.812932215607901300, -1.719909940314942500 ) ) ;
#3992 = CARTESIAN_POINT ( 'NONE',  ( 9.796225887046507100, 7.919316649900994600, -1.136201610630041200 ) ) ;
#3993 = CARTESIAN_POINT ( 'NONE',  ( 9.550957598157008700, 2.671866018648783500, -1.366019241837683100 ) ) ;
#3994 = CARTESIAN_POINT ( 'NONE',  ( 9.867136086620959600, 7.931387727432873900, -1.049697689156769800 ) ) ;
#3995 = CARTESIAN_POINT ( 'NONE',  ( 9.991640023160442800, 7.953794073410857200, -0.8636760731132044900 ) ) ;
#3996 = CARTESIAN_POINT ( 'NONE',  ( 10.04563920215875200, 7.964220998044687900, -0.7629271933569459200 ) ) ;
#3997 = CARTESIAN_POINT ( 'NONE',  ( 9.637036568433620300, 2.707324464751473100, -1.295213293433012500 ) ) ;
#3998 = CARTESIAN_POINT ( 'NONE',  ( 10.13185347837182300, 7.981400963322178300, -0.5550789770287087900 ) ) ;
#3999 = CARTESIAN_POINT ( 'NONE',  ( 9.869995431014151800, 2.810534091404314900, -1.062841028923833000 ) ) ;
#4000 = CARTESIAN_POINT ( 'NONE',  ( 8.726230015589031600, 7.815408321886192100, -1.708771841369856500 ) ) ;
#4001 = CARTESIAN_POINT ( 'NONE',  ( 10.16450135415756000, 7.988222421415595200, -0.4478370946419594200 ) ) ;
#4002 = CARTESIAN_POINT ( 'NONE',  ( 10.20873172374895400, 7.997555676565219200, -0.2266246182206068400 ) ) ;
#4003 = CARTESIAN_POINT ( 'NONE',  ( 10.22000000000000600, 8.000000000000003600, -0.1124402631328650800 ) ) ;
#4004 = CARTESIAN_POINT ( 'NONE',  ( 10.22000000000000200, 8.000000000000000000, 2.106396676875519400E-016 ) ) ;
#4005 = CARTESIAN_POINT ( 'NONE',  ( 13.50000000000000200, -7.950000000000002000, 9.735942053221460800E-016 ) ) ;
#4006 = CARTESIAN_POINT ( 'NONE',  ( 7.937581028945615500, 2.519522212139662100, -1.629297851838174400 ) ) ;
#4007 = CARTESIAN_POINT ( 'NONE',  ( 7.013326973546289100, 2.872096605820189100, -0.8719941508851211100 ) ) ;
#4008 = CARTESIAN_POINT ( 'NONE',  ( 6.960074292153978000, 2.900274793295227700, -0.7745127624391212600 ) ) ;
#4009 = CARTESIAN_POINT ( 'NONE',  ( 8.385367071056670300, 2.457908115566149300, -1.720083633422159200 ) ) ;
#4010 = CARTESIAN_POINT ( 'NONE',  ( 7.632276054845124100, 2.605233456686901800, -1.489185512917758700 ) ) ;
#4011 = CARTESIAN_POINT ( 'NONE',  ( 8.047300203573156500, 2.496840533133232000, -1.663290946481392100 ) ) ;
#4012 = CARTESIAN_POINT ( 'NONE',  ( 6.868370095377779100, 7.981354577727985100, -0.5557750621339725400 ) ) ;
#4013 = CARTESIAN_POINT ( 'NONE',  ( 6.954844417853872000, 7.964126475816372300, -0.7639347434893870600 ) ) ;
#4014 = DIRECTION ( 'NONE',  ( 1.000000000000000000, -0.0000000000000000000, -0.0000000000000000000 ) ) ;
#4015 = DIRECTION ( 'NONE',  ( 1.000000000000000000, 1.049267165504202200E-016, -0.0000000000000000000 ) ) ;
#4016 = CARTESIAN_POINT ( 'NONE',  ( 7.208076866443479800, 2.775926748239230200, -1.140819161540946900 ) ) ;
#4017 = CARTESIAN_POINT ( 'NONE',  ( 6.791221602215218300, 7.997566074889387100, -0.2260349922123496800 ) ) ;
#4018 = CARTESIAN_POINT ( 'NONE',  ( 9.271435040468677600, 2.574266724865087200, -1.541351779283131700 ) ) ;
#4019 = CARTESIAN_POINT ( 'NONE',  ( 6.780000000000000200, 3.000000000000000400, 0.0000000000000000000 ) ) ;
#4020 = CARTESIAN_POINT ( 'NONE',  ( 6.827619735474137900, 2.972027340542355800, -0.4614207085585629300 ) ) ;
#4021 = CARTESIAN_POINT ( 'NONE',  ( 7.204991551137945600, 7.919124758511761900, -1.137480697043266500 ) ) ;
#4022 = CARTESIAN_POINT ( 'NONE',  ( 7.007712422748881000, 7.953914255768503400, -0.8626073482740540500 ) ) ;
#4023 = CARTESIAN_POINT ( 'NONE',  ( 8.047380604489916300, 7.823297447719361300, -1.674423158800724100 ) ) ;
#4024 = CARTESIAN_POINT ( 'NONE',  ( 7.448794950274404400, 2.671952203055706100, -1.365864663980540100 ) ) ;
#4025 = CARTESIAN_POINT ( 'NONE',  ( 8.271453181971638800, 2.466071610931649200, -1.708578423807635600 ) ) ;
#4026 = CARTESIAN_POINT ( 'NONE',  ( 8.955627218743755300, 2.497396847366394600, -1.662458087212356900 ) ) ;
#4027 = CARTESIAN_POINT ( 'NONE',  ( 9.065595959377164400, 2.520245213932264400, -1.628182588009838400 ) ) ;
#4028 = CARTESIAN_POINT ( 'NONE',  ( 9.997304268577027000, 2.877170827114036400, -0.8758856869983191500 ) ) ;
#4029 = CARTESIAN_POINT ( 'NONE',  ( 9.368223869973457200, 2.605411452511454700, -1.488861227181046400 ) ) ;
#4030 = CARTESIAN_POINT ( 'NONE',  ( 7.731177512273571800, 2.573473352513509800, -1.542672541848239200 ) ) ;
#4031 = CARTESIAN_POINT ( 'NONE',  ( 8.617129080837440100, 2.458025796802311800, -1.719915460941926700 ) ) ;
#4032 = CARTESIAN_POINT ( 'NONE',  ( 7.136909071894084600, 2.810117275820258200, -1.054776568036212900 ) ) ;
#4033 = ORIENTED_EDGE ( 'NONE', *, *, #28, .F. ) ;
#4034 = ORIENTED_EDGE ( 'NONE', *, *, #44, .F. ) ;
#4035 = ORIENTED_EDGE ( 'NONE', *, *, #1, .T. ) ;
#4036 = ORIENTED_EDGE ( 'NONE', *, *, #202, .F. ) ;
#4037 = ORIENTED_EDGE ( 'NONE', *, *, #193, .F. ) ;
#4038 = ORIENTED_EDGE ( 'NONE', *, *, #4821, .F. ) ;
#4039 = ORIENTED_EDGE ( 'NONE', *, *, #32, .F. ) ;
#4040 = ORIENTED_EDGE ( 'NONE', *, *, #9, .F. ) ;
#4041 = ORIENTED_EDGE ( 'NONE', *, *, #2135, .T. ) ;
#4042 = ORIENTED_EDGE ( 'NONE', *, *, #219, .F. ) ;
#4043 = ORIENTED_EDGE ( 'NONE', *, *, #184, .F. ) ;
#4044 = ORIENTED_EDGE ( 'NONE', *, *, #24, .F. ) ;
#4045 = ORIENTED_EDGE ( 'NONE', *, *, #161, .F. ) ;
#4046 = ORIENTED_EDGE ( 'NONE', *, *, #143, .F. ) ;
#4047 = ORIENTED_EDGE ( 'NONE', *, *, #25, .F. ) ;
#4048 = ORIENTED_EDGE ( 'NONE', *, *, #4820, .T. ) ;
#4049 = ORIENTED_EDGE ( 'NONE', *, *, #229, .F. ) ;
#4050 = ORIENTED_EDGE ( 'NONE', *, *, #4623, .F. ) ;
#4051 = ORIENTED_EDGE ( 'NONE', *, *, #186, .F. ) ;
#4052 = ORIENTED_EDGE ( 'NONE', *, *, #18, .T. ) ;
#4053 = ORIENTED_EDGE ( 'NONE', *, *, #55, .F. ) ;
#4054 = ORIENTED_EDGE ( 'NONE', *, *, #177, .F. ) ;
#4055 = ORIENTED_EDGE ( 'NONE', *, *, #4830, .T. ) ;
#4056 = ORIENTED_EDGE ( 'NONE', *, *, #4596, .F. ) ;
#4057 = ORIENTED_EDGE ( 'NONE', *, *, #57, .F. ) ;
#4058 = ORIENTED_EDGE ( 'NONE', *, *, #144, .F. ) ;
#4059 = ORIENTED_EDGE ( 'NONE', *, *, #4574, .F. ) ;
#4060 = ORIENTED_EDGE ( 'NONE', *, *, #260, .F. ) ;
#4061 = ORIENTED_EDGE ( 'NONE', *, *, #2152, .F. ) ;
#4062 = ORIENTED_EDGE ( 'NONE', *, *, #46, .F. ) ;
#4063 = ORIENTED_EDGE ( 'NONE', *, *, #140, .F. ) ;
#4064 = ORIENTED_EDGE ( 'NONE', *, *, #4614, .F. ) ;
#4065 = ORIENTED_EDGE ( 'NONE', *, *, #4572, .F. ) ;
#4066 = ORIENTED_EDGE ( 'NONE', *, *, #2598, .F. ) ;
#4067 = ORIENTED_EDGE ( 'NONE', *, *, #58, .F. ) ;
#4068 = ORIENTED_EDGE ( 'NONE', *, *, #259, .F. ) ;
#4069 = ORIENTED_EDGE ( 'NONE', *, *, #4833, .T. ) ;
#4070 = ORIENTED_EDGE ( 'NONE', *, *, #179, .F. ) ;
#4071 = ORIENTED_EDGE ( 'NONE', *, *, #29, .F. ) ;
#4072 = ORIENTED_EDGE ( 'NONE', *, *, #4575, .F. ) ;
#4073 = ORIENTED_EDGE ( 'NONE', *, *, #2128, .F. ) ;
#4074 = ORIENTED_EDGE ( 'NONE', *, *, #4621, .F. ) ;
#4075 = ORIENTED_EDGE ( 'NONE', *, *, #4601, .F. ) ;
#4076 = ORIENTED_EDGE ( 'NONE', *, *, #4610, .F. ) ;
#4077 = ORIENTED_EDGE ( 'NONE', *, *, #4578, .F. ) ;
#4078 = ORIENTED_EDGE ( 'NONE', *, *, #95, .F. ) ;
#4079 = ORIENTED_EDGE ( 'NONE', *, *, #2133, .F. ) ;
#4080 = ORIENTED_EDGE ( 'NONE', *, *, #4592, .F. ) ;
#4081 = ORIENTED_EDGE ( 'NONE', *, *, #138, .F. ) ;
#4082 = ORIENTED_EDGE ( 'NONE', *, *, #145, .F. ) ;
#4083 = ORIENTED_EDGE ( 'NONE', *, *, #2137, .T. ) ;
#4084 = ORIENTED_EDGE ( 'NONE', *, *, #41, .F. ) ;
#4085 = ORIENTED_EDGE ( 'NONE', *, *, #4563, .F. ) ;
#4086 = ORIENTED_EDGE ( 'NONE', *, *, #176, .F. ) ;
#4087 = ORIENTED_EDGE ( 'NONE', *, *, #19, .T. ) ;
#4088 = ORIENTED_EDGE ( 'NONE', *, *, #2127, .F. ) ;
#4089 = ORIENTED_EDGE ( 'NONE', *, *, #4600, .F. ) ;
#4090 = ORIENTED_EDGE ( 'NONE', *, *, #169, .F. ) ;
#4091 = ORIENTED_EDGE ( 'NONE', *, *, #123, .F. ) ;
#4092 = ORIENTED_EDGE ( 'NONE', *, *, #2129, .F. ) ;
#4093 = ORIENTED_EDGE ( 'NONE', *, *, #4834, .F. ) ;
#4094 = ORIENTED_EDGE ( 'NONE', *, *, #40, .F. ) ;
#4095 = ORIENTED_EDGE ( 'NONE', *, *, #4589, .F. ) ;
#4096 = ORIENTED_EDGE ( 'NONE', *, *, #4588, .F. ) ;
#4097 = ORIENTED_EDGE ( 'NONE', *, *, #156, .F. ) ;
#4098 = ORIENTED_EDGE ( 'NONE', *, *, #4599, .F. ) ;
#4099 = ORIENTED_EDGE ( 'NONE', *, *, #2149, .F. ) ;
#4100 = ORIENTED_EDGE ( 'NONE', *, *, #159, .F. ) ;
#4101 = ORIENTED_EDGE ( 'NONE', *, *, #4824, .F. ) ;
#4102 = ORIENTED_EDGE ( 'NONE', *, *, #4615, .F. ) ;
#4103 = ORIENTED_EDGE ( 'NONE', *, *, #4823, .F. ) ;
#4104 = ORIENTED_EDGE ( 'NONE', *, *, #4620, .F. ) ;
#4105 = ORIENTED_EDGE ( 'NONE', *, *, #4825, .F. ) ;
#4106 = ORIENTED_EDGE ( 'NONE', *, *, #42, .F. ) ;
#4107 = ORIENTED_EDGE ( 'NONE', *, *, #4820, .F. ) ;
#4108 = ORIENTED_EDGE ( 'NONE', *, *, #19, .F. ) ;
#4109 = ORIENTED_EDGE ( 'NONE', *, *, #4604, .F. ) ;
#4110 = ORIENTED_EDGE ( 'NONE', *, *, #4608, .F. ) ;
#4111 = ORIENTED_EDGE ( 'NONE', *, *, #5240, .F. ) ;
#4112 = ORIENTED_EDGE ( 'NONE', *, *, #150, .F. ) ;
#4113 = ORIENTED_EDGE ( 'NONE', *, *, #5237, .F. ) ;
#4114 = ORIENTED_EDGE ( 'NONE', *, *, #4566, .F. ) ;
#4115 = ORIENTED_EDGE ( 'NONE', *, *, #333, .F. ) ;
#4116 = ORIENTED_EDGE ( 'NONE', *, *, #13, .F. ) ;
#4117 = ORIENTED_EDGE ( 'NONE', *, *, #4618, .F. ) ;
#4118 = ORIENTED_EDGE ( 'NONE', *, *, #4576, .F. ) ;
#4119 = ORIENTED_EDGE ( 'NONE', *, *, #4617, .F. ) ;
#4120 = ORIENTED_EDGE ( 'NONE', *, *, #4567, .F. ) ;
#4121 = ORIENTED_EDGE ( 'NONE', *, *, #4568, .F. ) ;
#4122 = ORIENTED_EDGE ( 'NONE', *, *, #5238, .F. ) ;
#4123 = ORIENTED_EDGE ( 'NONE', *, *, #4591, .F. ) ;
#4124 = ORIENTED_EDGE ( 'NONE', *, *, #17, .F. ) ;
#4125 = ORIENTED_EDGE ( 'NONE', *, *, #4607, .F. ) ;
#4126 = ORIENTED_EDGE ( 'NONE', *, *, #2134, .F. ) ;
#4127 = ORIENTED_EDGE ( 'NONE', *, *, #201, .F. ) ;
#4128 = ORIENTED_EDGE ( 'NONE', *, *, #2137, .F. ) ;
#4129 = ORIENTED_EDGE ( 'NONE', *, *, #78, .F. ) ;
#4130 = ORIENTED_EDGE ( 'NONE', *, *, #85, .F. ) ;
#4131 = ORIENTED_EDGE ( 'NONE', *, *, #4595, .F. ) ;
#4132 = ORIENTED_EDGE ( 'NONE', *, *, #128, .F. ) ;
#4133 = ORIENTED_EDGE ( 'NONE', *, *, #4582, .F. ) ;
#4134 = ORIENTED_EDGE ( 'NONE', *, *, #4577, .F. ) ;
#4135 = ORIENTED_EDGE ( 'NONE', *, *, #2130, .F. ) ;
#4136 = ORIENTED_EDGE ( 'NONE', *, *, #20, .F. ) ;
#4137 = ORIENTED_EDGE ( 'NONE', *, *, #165, .F. ) ;
#4138 = ORIENTED_EDGE ( 'NONE', *, *, #190, .F. ) ;
#4139 = ORIENTED_EDGE ( 'NONE', *, *, #4819, .F. ) ;
#4140 = ORIENTED_EDGE ( 'NONE', *, *, #113, .F. ) ;
#4141 = ORIENTED_EDGE ( 'NONE', *, *, #4579, .F. ) ;
#4142 = ORIENTED_EDGE ( 'NONE', *, *, #230, .F. ) ;
#4143 = ORIENTED_EDGE ( 'NONE', *, *, #2138, .F. ) ;
#4144 = ORIENTED_EDGE ( 'NONE', *, *, #4612, .F. ) ;
#4145 = ORIENTED_EDGE ( 'NONE', *, *, #4831, .F. ) ;
#4146 = ORIENTED_EDGE ( 'NONE', *, *, #14, .F. ) ;
#4147 = ORIENTED_EDGE ( 'NONE', *, *, #4583, .F. ) ;
#4148 = ORIENTED_EDGE ( 'NONE', *, *, #4586, .F. ) ;
#4149 = ORIENTED_EDGE ( 'NONE', *, *, #4622, .F. ) ;
#4150 = ORIENTED_EDGE ( 'NONE', *, *, #192, .F. ) ;
#4151 = ORIENTED_EDGE ( 'NONE', *, *, #136, .F. ) ;
#4152 = ORIENTED_EDGE ( 'NONE', *, *, #4587, .F. ) ;
#4153 = ORIENTED_EDGE ( 'NONE', *, *, #191, .F. ) ;
#4154 = ORIENTED_EDGE ( 'NONE', *, *, #4594, .F. ) ;
#4155 = ORIENTED_EDGE ( 'NONE', *, *, #4611, .F. ) ;
#4156 = ORIENTED_EDGE ( 'NONE', *, *, #244, .F. ) ;
#4157 = ORIENTED_EDGE ( 'NONE', *, *, #4571, .F. ) ;
#4158 = ORIENTED_EDGE ( 'NONE', *, *, #4826, .F. ) ;
#4159 = ORIENTED_EDGE ( 'NONE', *, *, #4605, .F. ) ;
#4160 = ORIENTED_EDGE ( 'NONE', *, *, #118, .F. ) ;
#4161 = ORIENTED_EDGE ( 'NONE', *, *, #4606, .F. ) ;
#4162 = ORIENTED_EDGE ( 'NONE', *, *, #154, .F. ) ;
#4163 = ORIENTED_EDGE ( 'NONE', *, *, #335, .F. ) ;
#4164 = ORIENTED_EDGE ( 'NONE', *, *, #4603, .F. ) ;
#4165 = ORIENTED_EDGE ( 'NONE', *, *, #4619, .F. ) ;
#4166 = ORIENTED_EDGE ( 'NONE', *, *, #147, .F. ) ;
#4167 = ORIENTED_EDGE ( 'NONE', *, *, #129, .F. ) ;
#4168 = ORIENTED_EDGE ( 'NONE', *, *, #4609, .F. ) ;
#4169 = ORIENTED_EDGE ( 'NONE', *, *, #242, .F. ) ;
#4170 = ORIENTED_EDGE ( 'NONE', *, *, #4598, .F. ) ;
#4171 = ORIENTED_EDGE ( 'NONE', *, *, #4581, .F. ) ;
#4172 = ORIENTED_EDGE ( 'NONE', *, *, #4565, .F. ) ;
#4173 = ORIENTED_EDGE ( 'NONE', *, *, #30, .F. ) ;
#4174 = ORIENTED_EDGE ( 'NONE', *, *, #158, .F. ) ;
#4175 = ORIENTED_EDGE ( 'NONE', *, *, #9, .T. ) ;
#4176 = ORIENTED_EDGE ( 'NONE', *, *, #4569, .F. ) ;
#4177 = ORIENTED_EDGE ( 'NONE', *, *, #4593, .F. ) ;
#4178 = ORIENTED_EDGE ( 'NONE', *, *, #200, .F. ) ;
#4179 = ORIENTED_EDGE ( 'NONE', *, *, #94, .F. ) ;
#4180 = ORIENTED_EDGE ( 'NONE', *, *, #44, .T. ) ;
#4181 = ORIENTED_EDGE ( 'NONE', *, *, #4580, .F. ) ;
#4182 = ORIENTED_EDGE ( 'NONE', *, *, #2135, .F. ) ;
#4183 = ORIENTED_EDGE ( 'NONE', *, *, #197, .F. ) ;
#4184 = ORIENTED_EDGE ( 'NONE', *, *, #4828, .F. ) ;
#4185 = ORIENTED_EDGE ( 'NONE', *, *, #83, .F. ) ;
#4186 = ORIENTED_EDGE ( 'NONE', *, *, #15, .F. ) ;
#4187 = ORIENTED_EDGE ( 'NONE', *, *, #31, .F. ) ;
#4188 = ORIENTED_EDGE ( 'NONE', *, *, #4571, .T. ) ;
#4189 = ORIENTED_EDGE ( 'NONE', *, *, #4564, .F. ) ;
#4190 = ORIENTED_EDGE ( 'NONE', *, *, #153, .F. ) ;
#4191 = ORIENTED_EDGE ( 'NONE', *, *, #4602, .F. ) ;
#4192 = ORIENTED_EDGE ( 'NONE', *, *, #4616, .F. ) ;
#4193 = ORIENTED_EDGE ( 'NONE', *, *, #146, .F. ) ;
#4194 = ORIENTED_EDGE ( 'NONE', *, *, #321, .F. ) ;
#4195 = ORIENTED_EDGE ( 'NONE', *, *, #47, .F. ) ;
#4196 = ORIENTED_EDGE ( 'NONE', *, *, #4585, .F. ) ;
#4197 = ORIENTED_EDGE ( 'NONE', *, *, #61, .F. ) ;
#4198 = ORIENTED_EDGE ( 'NONE', *, *, #351, .T. ) ;
#4199 = ORIENTED_EDGE ( 'NONE', *, *, #4, .T. ) ;
#4200 = ORIENTED_EDGE ( 'NONE', *, *, #4613, .F. ) ;
#4201 = ORIENTED_EDGE ( 'NONE', *, *, #188, .F. ) ;
#4202 = ORIENTED_EDGE ( 'NONE', *, *, #64, .F. ) ;
#4203 = ORIENTED_EDGE ( 'NONE', *, *, #2125, .F. ) ;
#4204 = ORIENTED_EDGE ( 'NONE', *, *, #4597, .F. ) ;
#4205 = ORIENTED_EDGE ( 'NONE', *, *, #4622, .T. ) ;
#4206 = ORIENTED_EDGE ( 'NONE', *, *, #4584, .F. ) ;
#4207 = ORIENTED_EDGE ( 'NONE', *, *, #127, .F. ) ;
#4208 = ORIENTED_EDGE ( 'NONE', *, *, #88, .F. ) ;
#4209 = ORIENTED_EDGE ( 'NONE', *, *, #4590, .F. ) ;
#4210 = ORIENTED_EDGE ( 'NONE', *, *, #199, .F. ) ;
#4211 = ORIENTED_EDGE ( 'NONE', *, *, #215, .F. ) ;
#4212 = ORIENTED_EDGE ( 'NONE', *, *, #148, .F. ) ;
#4213 = ORIENTED_EDGE ( 'NONE', *, *, #4570, .F. ) ;
#4214 = ORIENTED_EDGE ( 'NONE', *, *, #55, .T. ) ;
#4215 = ORIENTED_EDGE ( 'NONE', *, *, #4608, .T. ) ;
#4216 = ORIENTED_EDGE ( 'NONE', *, *, #109, .F. ) ;
#4217 = ORIENTED_EDGE ( 'NONE', *, *, #240, .F. ) ;
#4218 = ORIENTED_EDGE ( 'NONE', *, *, #97, .T. ) ;
#4219 = ORIENTED_EDGE ( 'NONE', *, *, #164, .T. ) ;
#4220 = ORIENTED_EDGE ( 'NONE', *, *, #247, .F. ) ;
#4221 = ORIENTED_EDGE ( 'NONE', *, *, #159, .T. ) ;
#4222 = ORIENTED_EDGE ( 'NONE', *, *, #100, .T. ) ;
#4223 = ORIENTED_EDGE ( 'NONE', *, *, #255, .T. ) ;
#4224 = ORIENTED_EDGE ( 'NONE', *, *, #99, .T. ) ;
#4225 = ORIENTED_EDGE ( 'NONE', *, *, #123, .T. ) ;
#4226 = ORIENTED_EDGE ( 'NONE', *, *, #153, .T. ) ;
#4227 = ORIENTED_EDGE ( 'NONE', *, *, #134, .T. ) ;
#4228 = ORIENTED_EDGE ( 'NONE', *, *, #171, .T. ) ;
#4229 = ORIENTED_EDGE ( 'NONE', *, *, #149, .T. ) ;
#4230 = ORIENTED_EDGE ( 'NONE', *, *, #94, .T. ) ;
#4231 = ORIENTED_EDGE ( 'NONE', *, *, #196, .T. ) ;
#4232 = ORIENTED_EDGE ( 'NONE', *, *, #158, .T. ) ;
#4233 = ORIENTED_EDGE ( 'NONE', *, *, #254, .T. ) ;
#4234 = ORIENTED_EDGE ( 'NONE', *, *, #87, .T. ) ;
#4235 = ORIENTED_EDGE ( 'NONE', *, *, #146, .T. ) ;
#4236 = ORIENTED_EDGE ( 'NONE', *, *, #173, .T. ) ;
#4237 = ORIENTED_EDGE ( 'NONE', *, *, #72, .T. ) ;
#4238 = ORIENTED_EDGE ( 'NONE', *, *, #66, .F. ) ;
#4239 = ORIENTED_EDGE ( 'NONE', *, *, #117, .T. ) ;
#4240 = ORIENTED_EDGE ( 'NONE', *, *, #155, .T. ) ;
#4241 = ORIENTED_EDGE ( 'NONE', *, *, #71, .T. ) ;
#4242 = ORIENTED_EDGE ( 'NONE', *, *, #112, .T. ) ;
#4243 = ORIENTED_EDGE ( 'NONE', *, *, #176, .T. ) ;
#4244 = ORIENTED_EDGE ( 'NONE', *, *, #120, .T. ) ;
#4245 = ORIENTED_EDGE ( 'NONE', *, *, #75, .T. ) ;
#4246 = ORIENTED_EDGE ( 'NONE', *, *, #82, .T. ) ;
#4247 = ORIENTED_EDGE ( 'NONE', *, *, #77, .F. ) ;
#4248 = ORIENTED_EDGE ( 'NONE', *, *, #96, .T. ) ;
#4249 = ORIENTED_EDGE ( 'NONE', *, *, #116, .F. ) ;
#4250 = ORIENTED_EDGE ( 'NONE', *, *, #175, .T. ) ;
#4251 = ORIENTED_EDGE ( 'NONE', *, *, #183, .T. ) ;
#4252 = ORIENTED_EDGE ( 'NONE', *, *, #2146, .T. ) ;
#4253 = ORIENTED_EDGE ( 'NONE', *, *, #70, .T. ) ;
#4254 = ORIENTED_EDGE ( 'NONE', *, *, #130, .T. ) ;
#4255 = ORIENTED_EDGE ( 'NONE', *, *, #157, .T. ) ;
#4256 = ORIENTED_EDGE ( 'NONE', *, *, #105, .T. ) ;
#4257 = ORIENTED_EDGE ( 'NONE', *, *, #145, .T. ) ;
#4258 = ORIENTED_EDGE ( 'NONE', *, *, #189, .F. ) ;
#4259 = ORIENTED_EDGE ( 'NONE', *, *, #109, .T. ) ;
#4260 = ORIENTED_EDGE ( 'NONE', *, *, #102, .T. ) ;
#4261 = ORIENTED_EDGE ( 'NONE', *, *, #248, .T. ) ;
#4262 = ORIENTED_EDGE ( 'NONE', *, *, #144, .T. ) ;
#4263 = ORIENTED_EDGE ( 'NONE', *, *, #177, .T. ) ;
#4264 = ORIENTED_EDGE ( 'NONE', *, *, #160, .T. ) ;
#4265 = ORIENTED_EDGE ( 'NONE', *, *, #172, .T. ) ;
#4266 = ORIENTED_EDGE ( 'NONE', *, *, #132, .T. ) ;
#4267 = ORIENTED_EDGE ( 'NONE', *, *, #80, .T. ) ;
#4268 = ORIENTED_EDGE ( 'NONE', *, *, #115, .F. ) ;
#4269 = ORIENTED_EDGE ( 'NONE', *, *, #78, .T. ) ;
#4270 = ORIENTED_EDGE ( 'NONE', *, *, #148, .T. ) ;
#4271 = ORIENTED_EDGE ( 'NONE', *, *, #222, .T. ) ;
#4272 = ORIENTED_EDGE ( 'NONE', *, *, #167, .T. ) ;
#4273 = ORIENTED_EDGE ( 'NONE', *, *, #223, .T. ) ;
#4274 = ORIENTED_EDGE ( 'NONE', *, *, #208, .T. ) ;
#4275 = ORIENTED_EDGE ( 'NONE', *, *, #188, .T. ) ;
#4276 = ORIENTED_EDGE ( 'NONE', *, *, #101, .T. ) ;
#4277 = ORIENTED_EDGE ( 'NONE', *, *, #143, .T. ) ;
#4278 = ORIENTED_EDGE ( 'NONE', *, *, #161, .T. ) ;
#4279 = ORIENTED_EDGE ( 'NONE', *, *, #68, .F. ) ;
#4280 = ORIENTED_EDGE ( 'NONE', *, *, #45, .T. ) ;
#4281 = ORIENTED_EDGE ( 'NONE', *, *, #231, .F. ) ;
#4282 = ORIENTED_EDGE ( 'NONE', *, *, #4836, .T. ) ;
#4283 = ORIENTED_EDGE ( 'NONE', *, *, #5, .T. ) ;
#4284 = ORIENTED_EDGE ( 'NONE', *, *, #6, .F. ) ;
#4285 = ORIENTED_EDGE ( 'NONE', *, *, #60, .F. ) ;
#4286 = ORIENTED_EDGE ( 'NONE', *, *, #252, .F. ) ;
#4287 = ORIENTED_EDGE ( 'NONE', *, *, #112, .F. ) ;
#4288 = ORIENTED_EDGE ( 'NONE', *, *, #87, .F. ) ;
#4289 = ORIENTED_EDGE ( 'NONE', *, *, #205, .F. ) ;
#4290 = ORIENTED_EDGE ( 'NONE', *, *, #33, .F. ) ;
#4291 = ORIENTED_EDGE ( 'NONE', *, *, #21, .T. ) ;
#4292 = ORIENTED_EDGE ( 'NONE', *, *, #2136, .T. ) ;
#4293 = ORIENTED_EDGE ( 'NONE', *, *, #14, .T. ) ;
#4294 = ORIENTED_EDGE ( 'NONE', *, *, #218, .F. ) ;
#4295 = ORIENTED_EDGE ( 'NONE', *, *, #126, .F. ) ;
#4296 = ORIENTED_EDGE ( 'NONE', *, *, #178, .T. ) ;
#4297 = ORIENTED_EDGE ( 'NONE', *, *, #201, .T. ) ;
#4298 = ORIENTED_EDGE ( 'NONE', *, *, #186, .T. ) ;
#4299 = ORIENTED_EDGE ( 'NONE', *, *, #105, .F. ) ;
#4300 = ORIENTED_EDGE ( 'NONE', *, *, #34, .F. ) ;
#4301 = ORIENTED_EDGE ( 'NONE', *, *, #4825, .T. ) ;
#4302 = ORIENTED_EDGE ( 'NONE', *, *, #4, .F. ) ;
#4303 = ORIENTED_EDGE ( 'NONE', *, *, #37, .F. ) ;
#4304 = ORIENTED_EDGE ( 'NONE', *, *, #168, .T. ) ;
#4305 = ORIENTED_EDGE ( 'NONE', *, *, #139, .T. ) ;
#4306 = ORIENTED_EDGE ( 'NONE', *, *, #63, .F. ) ;
#4307 = ORIENTED_EDGE ( 'NONE', *, *, #193, .T. ) ;
#4308 = ORIENTED_EDGE ( 'NONE', *, *, #23, .F. ) ;
#4309 = ORIENTED_EDGE ( 'NONE', *, *, #237, .F. ) ;
#4310 = ORIENTED_EDGE ( 'NONE', *, *, #71, .F. ) ;
#4311 = ORIENTED_EDGE ( 'NONE', *, *, #142, .F. ) ;
#4312 = ORIENTED_EDGE ( 'NONE', *, *, #171, .F. ) ;
#4313 = LINE ( 'NONE', #3699, #4319 ) ;
#4314 = VECTOR ( 'NONE', #3682, 1000.000000000000000 ) ;
#4315 = LINE ( 'NONE', #3714, #4314 ) ;
#4316 = CIRCLE ( 'NONE', #4470, 6.304999999999999700 ) ;
#4317 = LINE ( 'NONE', #3684, #4342 ) ;
#4318 = CIRCLE ( 'NONE', #4466, 6.304999999999999700 ) ;
#4319 = VECTOR ( 'NONE', #3712, 1000.000000000000000 ) ;
#4320 = CIRCLE ( 'NONE', #4515, 6.685000000000000500 ) ;
#4321 = CIRCLE ( 'NONE', #4513, 8.000000000000000000 ) ;
#4322 = VECTOR ( 'NONE', #3692, 1000.000000000000000 ) ;
#4323 = LINE ( 'NONE', #3709, #4333 ) ;
#4324 = LINE ( 'NONE', #3710, #4330 ) ;
#4325 = LINE ( 'NONE', #3687, #4326 ) ;
#4326 = VECTOR ( 'NONE', #3715, 1000.000000000000000 ) ;
#4327 = VECTOR ( 'NONE', #3686, 1000.000000000000000 ) ;
#4328 = LINE ( 'NONE', #3856, #4382 ) ;
#4329 = LINE ( 'NONE', #3689, #4337 ) ;
#4330 = VECTOR ( 'NONE', #3711, 1000.000000000000000 ) ;
#4331 = VECTOR ( 'NONE', #3725, 1000.000000000000000 ) ;
#4332 = LINE ( 'NONE', #3694, #4339 ) ;
#4333 = VECTOR ( 'NONE', #3698, 1000.000000000000000 ) ;
#4334 = LINE ( 'NONE', #3702, #4343 ) ;
#4335 = CIRCLE ( 'NONE', #4514, 6.304999999999999700 ) ;
#4336 = LINE ( 'NONE', #3693, #4327 ) ;
#4337 = VECTOR ( 'NONE', #3704, 1000.000000000000000 ) ;
#4338 = CIRCLE ( 'NONE', #4529, 6.304999999999999700 ) ;
#4339 = VECTOR ( 'NONE', #3733, 1000.000000000000000 ) ;
#4340 = LINE ( 'NONE', #3747, #4331 ) ;
#4341 = VECTOR ( 'NONE', #3343, 1000.000000000000000 ) ;
#4342 = VECTOR ( 'NONE', #3683, 1000.000000000000000 ) ;
#4343 = VECTOR ( 'NONE', #3685, 1000.000000000000000 ) ;
#4344 = LINE ( 'NONE', #3790, #4351 ) ;
#4345 = CIRCLE ( 'NONE', #4545, 1.975000000000000100 ) ;
#4346 = LINE ( 'NONE', #3750, #4395 ) ;
#4347 = VECTOR ( 'NONE', #3741, 1000.000000000000000 ) ;
#4348 = CIRCLE ( 'NONE', #4536, 0.1499999999999999700 ) ;
#4349 = CIRCLE ( 'NONE', #4558, 6.304999999999999700 ) ;
#4350 = CIRCLE ( 'NONE', #4502, 1.975000000000000100 ) ;
#4351 = VECTOR ( 'NONE', #3763, 1000.000000000000000 ) ;
#4352 = LINE ( 'NONE', #3742, #4396 ) ;
#4353 = LINE ( 'NONE', #3774, #4358 ) ;
#4354 = LINE ( 'NONE', #3743, #4397 ) ;
#4355 = VECTOR ( 'NONE', #3771, 1000.000000000000000 ) ;
#4356 = LINE ( 'NONE', #3766, #4380 ) ;
#4357 = CIRCLE ( 'NONE', #4530, 6.304999999999999700 ) ;
#4358 = VECTOR ( 'NONE', #3757, 1000.000000000000000 ) ;
#4359 = CIRCLE ( 'NONE', #4544, 1.974999999999999900 ) ;
#4360 = LINE ( 'NONE', #3729, #4347 ) ;
#4361 = LINE ( 'NONE', #3770, #4355 ) ;
#4362 = CIRCLE ( 'NONE', #4540, 6.304999999999999700 ) ;
#4363 = LINE ( 'NONE', #3817, #4406 ) ;
#4364 = LINE ( 'NONE', #3761, #4387 ) ;
#4365 = LINE ( 'NONE', #3831, #4376 ) ;
#4366 = LINE ( 'NONE', #3781, #4389 ) ;
#4367 = VECTOR ( 'NONE', #3779, 1000.000000000000000 ) ;
#4368 = LINE ( 'NONE', #3800, #4369 ) ;
#4369 = VECTOR ( 'NONE', #3813, 1000.000000000000000 ) ;
#4370 = CIRCLE ( 'NONE', #4535, 6.304999999999999700 ) ;
#4371 = LINE ( 'NONE', #3784, #4367 ) ;
#4372 = CIRCLE ( 'NONE', #4551, 1.975000000000000500 ) ;
#4373 = CIRCLE ( 'NONE', #4533, 6.304999999999999700 ) ;
#4374 = CIRCLE ( 'NONE', #4557, 0.2800000000000000800 ) ;
#4375 = CIRCLE ( 'NONE', #4501, 0.1499999999999999700 ) ;
#4376 = VECTOR ( 'NONE', #3832, 1000.000000000000000 ) ;
#4377 = CIRCLE ( 'NONE', #4506, 0.1499999999999999700 ) ;
#4378 = LINE ( 'NONE', #3799, #4385 ) ;
#4379 = CIRCLE ( 'NONE', #4521, 6.304999999999999700 ) ;
#4380 = VECTOR ( 'NONE', #3780, 1000.000000000000000 ) ;
#4381 = CIRCLE ( 'NONE', #4516, 1.974999999999999900 ) ;
#4382 = VECTOR ( 'NONE', #3843, 1000.000000000000000 ) ;
#4383 = CIRCLE ( 'NONE', #4532, 0.1499999999999999700 ) ;
#4384 = CIRCLE ( 'NONE', #4546, 0.1499999999999999700 ) ;
#4385 = VECTOR ( 'NONE', #3811, 1000.000000000000000 ) ;
#4386 = LINE ( 'NONE', #3859, #282 ) ;
#4387 = VECTOR ( 'NONE', #3797, 1000.000000000000000 ) ;
#4388 = CIRCLE ( 'NONE', #4511, 1.974999999999999900 ) ;
#4389 = VECTOR ( 'NONE', #3793, 1000.000000000000000 ) ;
#4390 = CIRCLE ( 'NONE', #4553, 6.304999999999999700 ) ;
#4391 = CIRCLE ( 'NONE', #4542, 0.1499999999999999700 ) ;
#4392 = LINE ( 'NONE', #3705, #4394 ) ;
#4393 = CIRCLE ( 'NONE', #4555, 6.304999999999999700 ) ;
#4394 = VECTOR ( 'NONE', #3744, 1000.000000000000000 ) ;
#4395 = VECTOR ( 'NONE', #3731, 1000.000000000000000 ) ;
#4396 = VECTOR ( 'NONE', #3751, 1000.000000000000000 ) ;
#4397 = VECTOR ( 'NONE', #3760, 1000.000000000000000 ) ;
#4398 = VECTOR ( 'NONE', #3822, 1000.000000000000000 ) ;
#4399 = CIRCLE ( 'NONE', #4519, 0.2800000000000003000 ) ;
#4400 = LINE ( 'NONE', #3857, #4419 ) ;
#4401 = VECTOR ( 'NONE', #3827, 1000.000000000000000 ) ;
#4402 = CIRCLE ( 'NONE', #4505, 0.1499999999999999700 ) ;
#4403 = LINE ( 'NONE', #3807, #4401 ) ;
#4404 = LINE ( 'NONE', #3826, #4398 ) ;
#4405 = CIRCLE ( 'NONE', #4508, 0.1499999999999999700 ) ;
#4406 = VECTOR ( 'NONE', #3835, 1000.000000000000000 ) ;
#4407 = CIRCLE ( 'NONE', #4522, 0.1499999999999999700 ) ;
#4408 = CIRCLE ( 'NONE', #4547, 0.2800000000000000800 ) ;
#4409 = CIRCLE ( 'NONE', #4520, 6.304999999999999700 ) ;
#4410 = LINE ( 'NONE', #3316, #4341 ) ;
#4411 = CIRCLE ( 'NONE', #4499, 1.975000000000000100 ) ;
#4412 = LINE ( 'NONE', #3873, #4418 ) ;
#4413 = CIRCLE ( 'NONE', #4527, 6.304999999999999700 ) ;
#4414 = VECTOR ( 'NONE', #3875, 1000.000000000000000 ) ;
#4415 = CIRCLE ( 'NONE', #4512, 5.194999999999998500 ) ;
#4416 = LINE ( 'NONE', #3825, #4422 ) ;
#4417 = CIRCLE ( 'NONE', #4559, 6.304999999999999700 ) ;
#4418 = VECTOR ( 'NONE', #3837, 1000.000000000000000 ) ;
#4419 = VECTOR ( 'NONE', #3849, 1000.000000000000000 ) ;
#4420 = LINE ( 'NONE', #3874, #4414 ) ;
#4421 = CIRCLE ( 'NONE', #4543, 0.1499999999999999700 ) ;
#4422 = VECTOR ( 'NONE', #3798, 1000.000000000000000 ) ;
#4423 = EDGE_CURVE ( 'NONE', #503, #496, #1103, .T. ) ;
#4424 = EDGE_CURVE ( 'NONE', #520, #504, #4842, .T. ) ;
#4425 = EDGE_CURVE ( 'NONE', #499, #514, #1123, .T. ) ;
#4426 = EDGE_CURVE ( 'NONE', #483, #510, #1144, .T. ) ;
#4427 = EDGE_CURVE ( 'NONE', #501, #508, #1097, .T. ) ;
#4428 = EDGE_CURVE ( 'NONE', #491, #537, #1118, .T. ) ;
#4429 = EDGE_CURVE ( 'NONE', #537, #507, #4839, .T. ) ;
#4430 = EDGE_CURVE ( 'NONE', #518, #489, #1120, .T. ) ;
#4431 = EDGE_CURVE ( 'NONE', #480, #489, #1136, .T. ) ;
#4432 = EDGE_CURVE ( 'NONE', #486, #520, #4841, .T. ) ;
#4433 = EDGE_CURVE ( 'NONE', #531, #511, #1110, .T. ) ;
#4434 = AXIS2_PLACEMENT_3D ( 'NONE', #3634, #3618, #3621 ) ;
#4435 = AXIS2_PLACEMENT_3D ( 'NONE', #2604, #2600, #2601 ) ;
#4436 = AXIS2_PLACEMENT_3D ( 'NONE', #3613, #3614, #3602 ) ;
#4437 = AXIS2_PLACEMENT_3D ( 'NONE', #3603, #3601, #3630 ) ;
#4438 = AXIS2_PLACEMENT_3D ( 'NONE', #3628, #3635, #3636 ) ;
#4439 = AXIS2_PLACEMENT_3D ( 'NONE', #3673, #3642, #3667 ) ;
#4440 = AXIS2_PLACEMENT_3D ( 'NONE', #2993, #2977, #2978 ) ;
#4441 = AXIS2_PLACEMENT_3D ( 'NONE', #2937, #2953, #2939 ) ;
#4442 = AXIS2_PLACEMENT_3D ( 'NONE', #2990, #2969, #2971 ) ;
#4443 = AXIS2_PLACEMENT_3D ( 'NONE', #2602, #2603, #2599 ) ;
#4444 = AXIS2_PLACEMENT_3D ( 'NONE', #2996, #2962, #2980 ) ;
#4445 = AXIS2_PLACEMENT_3D ( 'NONE', #2632, #2633, #2648 ) ;
#4446 = AXIS2_PLACEMENT_3D ( 'NONE', #3558, #3523, #3536 ) ;
#4447 = AXIS2_PLACEMENT_3D ( 'NONE', #3545, #3533, #3528 ) ;
#4448 = AXIS2_PLACEMENT_3D ( 'NONE', #3624, #3632, #3605 ) ;
#4449 = AXIS2_PLACEMENT_3D ( 'NONE', #3641, #3644, #3639 ) ;
#4450 = AXIS2_PLACEMENT_3D ( 'NONE', #3674, #3652, #3655 ) ;
#4451 = AXIS2_PLACEMENT_3D ( 'NONE', #2628, #2640, #2609 ) ;
#4452 = AXIS2_PLACEMENT_3D ( 'NONE', #3540, #3524, #3549 ) ;
#4453 = AXIS2_PLACEMENT_3D ( 'NONE', #3579, #3593, #3571 ) ;
#4454 = AXIS2_PLACEMENT_3D ( 'NONE', #3631, #3617, #3622 ) ;
#4455 = AXIS2_PLACEMENT_3D ( 'NONE', #3656, #3643, #3661 ) ;
#4456 = AXIS2_PLACEMENT_3D ( 'NONE', #3645, #3646, #3672 ) ;
#4457 = AXIS2_PLACEMENT_3D ( 'NONE', #3649, #3640, #3668 ) ;
#4458 = AXIS2_PLACEMENT_3D ( 'NONE', #2638, #2647, #2610 ) ;
#4459 = AXIS2_PLACEMENT_3D ( 'NONE', #3539, #3522, #3551 ) ;
#4460 = AXIS2_PLACEMENT_3D ( 'NONE', #3657, #3671, #3670 ) ;
#4461 = AXIS2_PLACEMENT_3D ( 'NONE', #2975, #2988, #2968 ) ;
#4462 = AXIS2_PLACEMENT_3D ( 'NONE', #3665, #3659, #3647 ) ;
#4463 = AXIS2_PLACEMENT_3D ( 'NONE', #3706, #3717, #3713 ) ;
#4464 = AXIS2_PLACEMENT_3D ( 'NONE', #2981, #2997, #2967 ) ;
#4465 = AXIS2_PLACEMENT_3D ( 'NONE', #3703, #3719, #3716 ) ;
#4466 = AXIS2_PLACEMENT_3D ( 'NONE', #3700, #3691, #3681 ) ;
#4467 = AXIS2_PLACEMENT_3D ( 'NONE', #3550, #3557, #3541 ) ;
#4468 = AXIS2_PLACEMENT_3D ( 'NONE', #3619, #3607, #3616 ) ;
#4469 = AXIS2_PLACEMENT_3D ( 'NONE', #3553, #3534, #3548 ) ;
#4470 = AXIS2_PLACEMENT_3D ( 'NONE', #3718, #3679, #3690 ) ;
#4471 = AXIS2_PLACEMENT_3D ( 'NONE', #2650, #2652, #2651 ) ;
#4472 = AXIS2_PLACEMENT_3D ( 'NONE', #2637, #2639, #2641 ) ;
#4473 = AXIS2_PLACEMENT_3D ( 'NONE', #2635, #2643, #2616 ) ;
#4474 = AXIS2_PLACEMENT_3D ( 'NONE', #3530, #3543, #3535 ) ;
#4475 = AXIS2_PLACEMENT_3D ( 'NONE', #3525, #3589, #3599 ) ;
#4476 = AXIS2_PLACEMENT_3D ( 'NONE', #3576, #3583, #3592 ) ;
#4477 = AXIS2_PLACEMENT_3D ( 'NONE', #3566, #3564, #3563 ) ;
#4478 = AXIS2_PLACEMENT_3D ( 'NONE', #2611, #2625, #2626 ) ;
#4479 = AXIS2_PLACEMENT_3D ( 'NONE', #3604, #3608, #3609 ) ;
#4480 = AXIS2_PLACEMENT_3D ( 'NONE', #3648, #3660, #3653 ) ;
#4481 = AXIS2_PLACEMENT_3D ( 'NONE', #2966, #2985, #2989 ) ;
#4482 = AXIS2_PLACEMENT_3D ( 'NONE', #2994, #2964, #2961 ) ;
#4483 = AXIS2_PLACEMENT_3D ( 'NONE', #3569, #3586, #3591 ) ;
#4484 = AXIS2_PLACEMENT_3D ( 'NONE', #3662, #3637, #3675 ) ;
#4485 = AXIS2_PLACEMENT_3D ( 'NONE', #2645, #2614, #2629 ) ;
#4486 = AXIS2_PLACEMENT_3D ( 'NONE', #2965, #2987, #2963 ) ;
#4487 = AXIS2_PLACEMENT_3D ( 'NONE', #2986, #2974, #2970 ) ;
#4488 = AXIS2_PLACEMENT_3D ( 'NONE', #2620, #2612, #2619 ) ;
#4489 = AXIS2_PLACEMENT_3D ( 'NONE', #2915, #2649, #3547 ) ;
#4490 = AXIS2_PLACEMENT_3D ( 'NONE', #2983, #2979, #2958 ) ;
#4491 = AXIS2_PLACEMENT_3D ( 'NONE', #2946, #2976, #2991 ) ;
#4492 = AXIS2_PLACEMENT_3D ( 'NONE', #2936, #2941, #2951 ) ;
#4493 = AXIS2_PLACEMENT_3D ( 'NONE', #2613, #2646, #2623 ) ;
#4494 = AXIS2_PLACEMENT_3D ( 'NONE', #3598, #3577, #3578 ) ;
#4495 = AXIS2_PLACEMENT_3D ( 'NONE', #2984, #2999, #3000 ) ;
#4496 = AXIS2_PLACEMENT_3D ( 'NONE', #2607, #2617, #2621 ) ;
#4497 = AXIS2_PLACEMENT_3D ( 'NONE', #3560, #3532, #3555 ) ;
#4498 = AXIS2_PLACEMENT_3D ( 'NONE', #3370, #3359, #3384 ) ;
#4499 = AXIS2_PLACEMENT_3D ( 'NONE', #3860, #3854, #3858 ) ;
#4500 = AXIS2_PLACEMENT_3D ( 'NONE', #3307, #3344, #3314 ) ;
#4501 = AXIS2_PLACEMENT_3D ( 'NONE', #3788, #3767, #3789 ) ;
#4502 = AXIS2_PLACEMENT_3D ( 'NONE', #3723, #3739, #3724 ) ;
#4503 = AXIS2_PLACEMENT_3D ( 'NONE', #3915, #3923, #3940 ) ;
#4504 = AXIS2_PLACEMENT_3D ( 'NONE', #3275, #3276, #3277 ) ;
#4505 = AXIS2_PLACEMENT_3D ( 'NONE', #3808, #3833, #3828 ) ;
#4506 = AXIS2_PLACEMENT_3D ( 'NONE', #3812, #3802, #3819 ) ;
#4507 = AXIS2_PLACEMENT_3D ( 'NONE', #3912, #3919, #3904 ) ;
#4508 = AXIS2_PLACEMENT_3D ( 'NONE', #3804, #3823, #3824 ) ;
#4509 = AXIS2_PLACEMENT_3D ( 'NONE', #3931, #3968, #3964 ) ;
#4510 = AXIS2_PLACEMENT_3D ( 'NONE', #3970, #3971, #3972 ) ;
#4511 = AXIS2_PLACEMENT_3D ( 'NONE', #3734, #3745, #3736 ) ;
#4512 = AXIS2_PLACEMENT_3D ( 'NONE', #3870, #3838, #3865 ) ;
#4513 = AXIS2_PLACEMENT_3D ( 'NONE', #3842, #3868, #3846 ) ;
#4514 = AXIS2_PLACEMENT_3D ( 'NONE', #3707, #3732, #3738 ) ;
#4515 = AXIS2_PLACEMENT_3D ( 'NONE', #3851, #3852, #3853 ) ;
#4516 = AXIS2_PLACEMENT_3D ( 'NONE', #3727, #3730, #3735 ) ;
#4517 = AXIS2_PLACEMENT_3D ( 'NONE', #3922, #3890, #3887 ) ;
#4518 = AXIS2_PLACEMENT_3D ( 'NONE', #3902, #3908, #3903 ) ;
#4519 = AXIS2_PLACEMENT_3D ( 'NONE', #3836, #3820, #3830 ) ;
#4520 = AXIS2_PLACEMENT_3D ( 'NONE', #3845, #3839, #3876 ) ;
#4521 = AXIS2_PLACEMENT_3D ( 'NONE', #3805, #3816, #3810 ) ;
#4522 = AXIS2_PLACEMENT_3D ( 'NONE', #3867, #3877, #3840 ) ;
#4523 = AXIS2_PLACEMENT_3D ( 'NONE', #3016, #3010, #3019 ) ;
#4524 = AXIS2_PLACEMENT_3D ( 'NONE', #3036, #3054, #3052 ) ;
#4525 = AXIS2_PLACEMENT_3D ( 'NONE', #3318, #3317, #3346 ) ;
#4526 = AXIS2_PLACEMENT_3D ( 'NONE', #3310, #3311, #3324 ) ;
#4527 = AXIS2_PLACEMENT_3D ( 'NONE', #3844, #3847, #3863 ) ;
#4528 = AXIS2_PLACEMENT_3D ( 'NONE', #3371, #3386, #3367 ) ;
#4529 = AXIS2_PLACEMENT_3D ( 'NONE', #3695, #3696, #3697 ) ;
#4530 = AXIS2_PLACEMENT_3D ( 'NONE', #3806, #3803, #3818 ) ;
#4531 = AXIS2_PLACEMENT_3D ( 'NONE', #3373, #3385, #3375 ) ;
#4532 = AXIS2_PLACEMENT_3D ( 'NONE', #3754, #3746, #3756 ) ;
#4533 = AXIS2_PLACEMENT_3D ( 'NONE', #3721, #3752, #3737 ) ;
#4534 = AXIS2_PLACEMENT_3D ( 'NONE', #3963, #3929, #3942 ) ;
#4535 = AXIS2_PLACEMENT_3D ( 'NONE', #3783, #3785, #3821 ) ;
#4536 = AXIS2_PLACEMENT_3D ( 'NONE', #3772, #3769, #3773 ) ;
#4537 = AXIS2_PLACEMENT_3D ( 'NONE', #3017, #3027, #3044 ) ;
#4538 = AXIS2_PLACEMENT_3D ( 'NONE', #3002, #3047, #3007 ) ;
#4539 = AXIS2_PLACEMENT_3D ( 'NONE', #3329, #3337, #3339 ) ;
#4540 = AXIS2_PLACEMENT_3D ( 'NONE', #3794, #3775, #3777 ) ;
#4541 = AXIS2_PLACEMENT_3D ( 'NONE', #3356, #3355, #3353 ) ;
#4542 = AXIS2_PLACEMENT_3D ( 'NONE', #3768, #3759, #3787 ) ;
#4543 = AXIS2_PLACEMENT_3D ( 'NONE', #3872, #3861, #3855 ) ;
#4544 = AXIS2_PLACEMENT_3D ( 'NONE', #3755, #3749, #3753 ) ;
#4545 = AXIS2_PLACEMENT_3D ( 'NONE', #3748, #3726, #3720 ) ;
#4546 = AXIS2_PLACEMENT_3D ( 'NONE', #3792, #3764, #3762 ) ;
#4547 = AXIS2_PLACEMENT_3D ( 'NONE', #3809, #3829, #3834 ) ;
#4548 = AXIS2_PLACEMENT_3D ( 'NONE', #3048, #3042, #3053 ) ;
#4549 = AXIS2_PLACEMENT_3D ( 'NONE', #3323, #3312, #3325 ) ;
#4550 = AXIS2_PLACEMENT_3D ( 'NONE', #3377, #3372, #3354 ) ;
#4551 = AXIS2_PLACEMENT_3D ( 'NONE', #3814, #3815, #3801 ) ;
#4552 = AXIS2_PLACEMENT_3D ( 'NONE', #3930, #3962, #3938 ) ;
#4553 = AXIS2_PLACEMENT_3D ( 'NONE', #3722, #3740, #3728 ) ;
#4554 = AXIS2_PLACEMENT_3D ( 'NONE', #3362, #3363, #3349 ) ;
#4555 = AXIS2_PLACEMENT_3D ( 'NONE', #3786, #3795, #3791 ) ;
#4556 = AXIS2_PLACEMENT_3D ( 'NONE', #3893, #3920, #3916 ) ;
#4557 = AXIS2_PLACEMENT_3D ( 'NONE', #3765, #3782, #3776 ) ;
#4558 = AXIS2_PLACEMENT_3D ( 'NONE', #3796, #3778, #3758 ) ;
#4559 = AXIS2_PLACEMENT_3D ( 'NONE', #3871, #3848, #3869 ) ;
#4560 = AXIS2_PLACEMENT_3D ( 'NONE', #3334, #3335, #3345 ) ;
#4561 = AXIS2_PLACEMENT_3D ( 'NONE', #3379, #3381, #3382 ) ;
#4562 = AXIS2_PLACEMENT_3D ( 'NONE', #2661, #2656, #2654 ) ;
#4563 = EDGE_CURVE ( 'NONE', #1797, #1631, #1125, .T. ) ;
#4564 = EDGE_CURVE ( 'NONE', #1746, #1689, #1108, .T. ) ;
#4565 = EDGE_CURVE ( 'NONE', #1789, #1656, #1139, .T. ) ;
#4566 = EDGE_CURVE ( 'NONE', #1834, #1795, #1133, .T. ) ;
#4567 = EDGE_CURVE ( 'NONE', #527, #1694, #1115, .T. ) ;
#4568 = EDGE_CURVE ( 'NONE', #1873, #1851, #1146, .T. ) ;
#4569 = EDGE_CURVE ( 'NONE', #530, #1683, #1147, .T. ) ;
#4570 = EDGE_CURVE ( 'NONE', #1729, #406, #1124, .T. ) ;
#4571 = EDGE_CURVE ( 'NONE', #1617, #462, #1106, .T. ) ;
#4572 = EDGE_CURVE ( 'NONE', #534, #466, #1100, .T. ) ;
#4573 = AXIS2_PLACEMENT_3D ( 'NONE', #2653, #2657, #2669 ) ;
#4574 = EDGE_CURVE ( 'NONE', #446, #1838, #1150, .T. ) ;
#4575 = EDGE_CURVE ( 'NONE', #808, #1871, #1101, .T. ) ;
#4576 = EDGE_CURVE ( 'NONE', #1750, #794, #1089, .T. ) ;
#4577 = EDGE_CURVE ( 'NONE', #1792, #803, #1129, .T. ) ;
#4578 = EDGE_CURVE ( 'NONE', #789, #796, #1149, .T. ) ;
#4579 = EDGE_CURVE ( 'NONE', #1858, #1859, #1127, .T. ) ;
#4580 = EDGE_CURVE ( 'NONE', #1702, #450, #1102, .T. ) ;
#4581 = EDGE_CURVE ( 'NONE', #401, #1687, #1107, .T. ) ;
#4582 = EDGE_CURVE ( 'NONE', #370, #1759, #1122, .T. ) ;
#4583 = EDGE_CURVE ( 'NONE', #465, #493, #1121, .T. ) ;
#4584 = EDGE_CURVE ( 'NONE', #1659, #439, #1111, .T. ) ;
#4585 = EDGE_CURVE ( 'NONE', #430, #1670, #1131, .T. ) ;
#4586 = EDGE_CURVE ( 'NONE', #487, #400, #1135, .T. ) ;
#4587 = EDGE_CURVE ( 'NONE', #421, #423, #1126, .T. ) ;
#4588 = EDGE_CURVE ( 'NONE', #429, #1807, #1090, .T. ) ;
#4589 = EDGE_CURVE ( 'NONE', #426, #428, #1134, .T. ) ;
#4590 = EDGE_CURVE ( 'NONE', #1727, #440, #1132, .T. ) ;
#4591 = EDGE_CURVE ( 'NONE', #392, #519, #1093, .T. ) ;
#4592 = EDGE_CURVE ( 'NONE', #1848, #1869, #1204, .T. ) ;
#4593 = EDGE_CURVE ( 'NONE', #1814, #411, #1189, .T. ) ;
#4594 = EDGE_CURVE ( 'NONE', #1755, #445, #1168, .T. ) ;
#4595 = EDGE_CURVE ( 'NONE', #1784, #476, #1153, .T. ) ;
#4596 = EDGE_CURVE ( 'NONE', #452, #437, #1190, .T. ) ;
#4597 = EDGE_CURVE ( 'NONE', #1717, #1818, #1188, .T. ) ;
#4598 = EDGE_CURVE ( 'NONE', #517, #1696, #1208, .T. ) ;
#4599 = EDGE_CURVE ( 'NONE', #1742, #418, #1209, .T. ) ;
#4600 = EDGE_CURVE ( 'NONE', #1853, #1864, #1161, .T. ) ;
#4601 = EDGE_CURVE ( 'NONE', #505, #451, #1202, .T. ) ;
#4602 = EDGE_CURVE ( 'NONE', #438, #498, #1194, .T. ) ;
#4603 = EDGE_CURVE ( 'NONE', #1713, #1754, #1151, .T. ) ;
#4604 = EDGE_CURVE ( 'NONE', #1627, #457, #1212, .T. ) ;
#4605 = EDGE_CURVE ( 'NONE', #468, #1805, #1199, .T. ) ;
#4606 = EDGE_CURVE ( 'NONE', #404, #1771, #1191, .T. ) ;
#4607 = EDGE_CURVE ( 'NONE', #472, #435, #1156, .T. ) ;
#4608 = EDGE_CURVE ( 'NONE', #460, #1738, #1183, .T. ) ;
#4609 = EDGE_CURVE ( 'NONE', #1714, #1734, #1214, .T. ) ;
#4610 = EDGE_CURVE ( 'NONE', #780, #1840, #1197, .T. ) ;
#4611 = EDGE_CURVE ( 'NONE', #424, #1638, #1200, .T. ) ;
#4612 = EDGE_CURVE ( 'NONE', #512, #1639, #1195, .T. ) ;
#4613 = EDGE_CURVE ( 'NONE', #1674, #490, #1205, .T. ) ;
#4614 = EDGE_CURVE ( 'NONE', #492, #447, #1206, .T. ) ;
#4615 = EDGE_CURVE ( 'NONE', #1875, #1820, #1164, .T. ) ;
#4616 = EDGE_CURVE ( 'NONE', #1788, #461, #1170, .T. ) ;
#4617 = EDGE_CURVE ( 'NONE', #510, #388, #1154, .T. ) ;
#4618 = EDGE_CURVE ( 'NONE', #1868, #1866, #1203, .T. ) ;
#4619 = EDGE_CURVE ( 'NONE', #1782, #384, #1155, .T. ) ;
#4620 = EDGE_CURVE ( 'NONE', #506, #1831, #1207, .T. ) ;
#4621 = EDGE_CURVE ( 'NONE', #431, #432, #1201, .T. ) ;
#4622 = EDGE_CURVE ( 'NONE', #415, #1744, #1163, .T. ) ;
#4623 = EDGE_CURVE ( 'NONE', #481, #494, #1184, .T. ) ;
#4624 = AXIS2_PLACEMENT_3D ( 'NONE', #2658, #2655, #2662 ) ;
#4625 = AXIS2_PLACEMENT_3D ( 'NONE', #2659, #2660, #2663 ) ;
#4626 = AXIS2_PLACEMENT_3D ( 'NONE', #2726, #2729, #2730 ) ;
#4627 = AXIS2_PLACEMENT_3D ( 'NONE', #2817, #2811, #2815 ) ;
#4628 = AXIS2_PLACEMENT_3D ( 'NONE', #2836, #2860, #2837 ) ;
#4629 = AXIS2_PLACEMENT_3D ( 'NONE', #2940, #2928, #2938 ) ;
#4630 = AXIS2_PLACEMENT_3D ( 'NONE', #2801, #2796, #2813 ) ;
#4631 = AXIS2_PLACEMENT_3D ( 'NONE', #2913, #2899, #2883 ) ;
#4632 = AXIS2_PLACEMENT_3D ( 'NONE', #2933, #2923, #2924 ) ;
#4633 = AXIS2_PLACEMENT_3D ( 'NONE', #2675, #2704, #2702 ) ;
#4634 = AXIS2_PLACEMENT_3D ( 'NONE', #2703, #2679, #2680 ) ;
#4635 = AXIS2_PLACEMENT_3D ( 'NONE', #2678, #2695, #2705 ) ;
#4636 = AXIS2_PLACEMENT_3D ( 'NONE', #2736, #2717, #2719 ) ;
#4637 = AXIS2_PLACEMENT_3D ( 'NONE', #2724, #2740, #2741 ) ;
#4638 = AXIS2_PLACEMENT_3D ( 'NONE', #2725, #2716, #2731 ) ;
#4639 = AXIS2_PLACEMENT_3D ( 'NONE', #2701, #2698, #2693 ) ;
#4640 = AXIS2_PLACEMENT_3D ( 'NONE', #2720, #2728, #2739 ) ;
#4641 = AXIS2_PLACEMENT_3D ( 'NONE', #2709, #2710, #2711 ) ;
#4642 = AXIS2_PLACEMENT_3D ( 'NONE', #2674, #2715, #2712 ) ;
#4643 = AXIS2_PLACEMENT_3D ( 'NONE', #2684, #2666, #2676 ) ;
#4644 = AXIS2_PLACEMENT_3D ( 'NONE', #2758, #2745, #2770 ) ;
#4645 = AXIS2_PLACEMENT_3D ( 'NONE', #2744, #2771, #2760 ) ;
#4646 = AXIS2_PLACEMENT_3D ( 'NONE', #2765, #2766, #2767 ) ;
#4647 = AXIS2_PLACEMENT_3D ( 'NONE', #2826, #2802, #2803 ) ;
#4648 = AXIS2_PLACEMENT_3D ( 'NONE', #2804, #2818, #2812 ) ;
#4649 = AXIS2_PLACEMENT_3D ( 'NONE', #2828, #2816, #2805 ) ;
#4650 = AXIS2_PLACEMENT_3D ( 'NONE', #2810, #2819, #2798 ) ;
#4651 = AXIS2_PLACEMENT_3D ( 'NONE', #2834, #2835, #2794 ) ;
#4652 = AXIS2_PLACEMENT_3D ( 'NONE', #2713, #2714, #2737 ) ;
#4653 = AXIS2_PLACEMENT_3D ( 'NONE', #2831, #2823, #2825 ) ;
#4654 = AXIS2_PLACEMENT_3D ( 'NONE', #2854, #2873, #2839 ) ;
#4655 = AXIS2_PLACEMENT_3D ( 'NONE', #2855, #2859, #2846 ) ;
#4656 = AXIS2_PLACEMENT_3D ( 'NONE', #2687, #2671, #2699 ) ;
#4657 = AXIS2_PLACEMENT_3D ( 'NONE', #2727, #2723, #2708 ) ;
#4658 = AXIS2_PLACEMENT_3D ( 'NONE', #2856, #2841, #2858 ) ;
#4659 = AXIS2_PLACEMENT_3D ( 'NONE', #2866, #2864, #2870 ) ;
#4660 = AXIS2_PLACEMENT_3D ( 'NONE', #2875, #2863, #2851 ) ;
#4661 = AXIS2_PLACEMENT_3D ( 'NONE', #2857, #2876, #2852 ) ;
#4662 = AXIS2_PLACEMENT_3D ( 'NONE', #2672, #2688, #2673 ) ;
#4663 = AXIS2_PLACEMENT_3D ( 'NONE', #2733, #2734, #2735 ) ;
#4664 = AXIS2_PLACEMENT_3D ( 'NONE', #2887, #2909, #2888 ) ;
#4665 = AXIS2_PLACEMENT_3D ( 'NONE', #2896, #2889, #2884 ) ;
#4666 = AXIS2_PLACEMENT_3D ( 'NONE', #2885, #2893, #2886 ) ;
#4667 = AXIS2_PLACEMENT_3D ( 'NONE', #2902, #2890, #2900 ) ;
#4668 = AXIS2_PLACEMENT_3D ( 'NONE', #2764, #2788, #2787 ) ;
#4669 = AXIS2_PLACEMENT_3D ( 'NONE', #2917, #2879, #2891 ) ;
#4670 = AXIS2_PLACEMENT_3D ( 'NONE', #2898, #2904, #2905 ) ;
#4671 = AXIS2_PLACEMENT_3D ( 'NONE', #2892, #2897, #2894 ) ;
#4672 = AXIS2_PLACEMENT_3D ( 'NONE', #2908, #2919, #2880 ) ;
#4673 = AXIS2_PLACEMENT_3D ( 'NONE', #2697, #2682, #2683 ) ;
#4674 = AXIS2_PLACEMENT_3D ( 'NONE', #2732, #2721, #2722 ) ;
#4675 = AXIS2_PLACEMENT_3D ( 'NONE', #2901, #2907, #2903 ) ;
#4676 = AXIS2_PLACEMENT_3D ( 'NONE', #2914, #2920, #2916 ) ;
#4677 = AXIS2_PLACEMENT_3D ( 'NONE', #2925, #2952, #2944 ) ;
#4678 = AXIS2_PLACEMENT_3D ( 'NONE', #2759, #2747, #2757 ) ;
#4679 = AXIS2_PLACEMENT_3D ( 'NONE', #2921, #2957, #2927 ) ;
#4680 = AXIS2_PLACEMENT_3D ( 'NONE', #2814, #2807, #2830 ) ;
#4681 = AXIS2_PLACEMENT_3D ( 'NONE', #2845, #2871, #2874 ) ;
#4682 = AXIS2_PLACEMENT_3D ( 'NONE', #2929, #2950, #2922 ) ;
#4683 = AXIS2_PLACEMENT_3D ( 'NONE', #2930, #2954, #2931 ) ;
#4684 = AXIS2_PLACEMENT_3D ( 'NONE', #2833, #2824, #2829 ) ;
#4685 = AXIS2_PLACEMENT_3D ( 'NONE', #2784, #2762, #2792 ) ;
#4686 = AXIS2_PLACEMENT_3D ( 'NONE', #2738, #2718, #2742 ) ;
#4687 = AXIS2_PLACEMENT_3D ( 'NONE', #2832, #2806, #2827 ) ;
#4688 = AXIS2_PLACEMENT_3D ( 'NONE', #2763, #2756, #2761 ) ;
#4689 = VECTOR ( 'NONE', #3666, 1000.000000000000000 ) ;
#4690 = VECTOR ( 'NONE', #2644, 1000.000000000000000 ) ;
#4691 = LINE ( 'NONE', #2636, #4693 ) ;
#4692 = CIRCLE ( 'NONE', #4472, 0.1499999999999999900 ) ;
#4693 = VECTOR ( 'NONE', #2622, 1000.000000000000000 ) ;
#4694 = CIRCLE ( 'NONE', #4478, 0.1499999999999999900 ) ;
#4695 = CIRCLE ( 'NONE', #4493, 1.975000000000000100 ) ;
#4696 = VECTOR ( 'NONE', #3688, 1000.000000000000000 ) ;
#4697 = CIRCLE ( 'NONE', #4458, 1.975000000000000100 ) ;
#4698 = CIRCLE ( 'NONE', #4474, 1.975000000000000100 ) ;
#4699 = VECTOR ( 'NONE', #2630, 1000.000000000000000 ) ;
#4700 = CIRCLE ( 'NONE', #4467, 5.194999999999998500 ) ;
#4701 = LINE ( 'NONE', #3556, #4719 ) ;
#4702 = LINE ( 'NONE', #2624, #4699 ) ;
#4703 = CIRCLE ( 'NONE', #4445, 0.2800000000000000800 ) ;
#4704 = LINE ( 'NONE', #3546, #4723 ) ;
#4705 = VECTOR ( 'NONE', #3559, 1000.000000000000000 ) ;
#4706 = CIRCLE ( 'NONE', #4452, 1.975000000000000100 ) ;
#4707 = LINE ( 'NONE', #3544, #4725 ) ;
#4708 = LINE ( 'NONE', #3552, #4718 ) ;
#4709 = LINE ( 'NONE', #2642, #4714 ) ;
#4710 = LINE ( 'NONE', #3581, #4711 ) ;
#4711 = VECTOR ( 'NONE', #3568, 1000.000000000000000 ) ;
#4712 = CIRCLE ( 'NONE', #4475, 5.194999999999998500 ) ;
#4713 = CIRCLE ( 'NONE', #4446, 1.975000000000000100 ) ;
#4714 = VECTOR ( 'NONE', #2627, 1000.000000000000000 ) ;
#4715 = CIRCLE ( 'NONE', #4451, 5.194999999999998500 ) ;
#4716 = VECTOR ( 'NONE', #2615, 1000.000000000000000 ) ;
#4717 = CIRCLE ( 'NONE', #4471, 5.194999999999998500 ) ;
#4718 = VECTOR ( 'NONE', #3531, 1000.000000000000000 ) ;
#4719 = VECTOR ( 'NONE', #3538, 1000.000000000000000 ) ;
#4720 = LINE ( 'NONE', #2631, #4716 ) ;
#4721 = LINE ( 'NONE', #3554, #4705 ) ;
#4722 = CIRCLE ( 'NONE', #4469, 1.975000000000000100 ) ;
#4723 = VECTOR ( 'NONE', #3542, 1000.000000000000000 ) ;
#4724 = CIRCLE ( 'NONE', #4497, 1.975000000000000100 ) ;
#4725 = VECTOR ( 'NONE', #3526, 1000.000000000000000 ) ;
#4726 = CIRCLE ( 'NONE', #4489, 0.1499999999999999700 ) ;
#4727 = CIRCLE ( 'NONE', #4485, 1.975000000000000100 ) ;
#4728 = LINE ( 'NONE', #3529, #4729 ) ;
#4729 = VECTOR ( 'NONE', #3537, 1000.000000000000000 ) ;
#4730 = CIRCLE ( 'NONE', #4447, 5.194999999999998500 ) ;
#4731 = CIRCLE ( 'NONE', #4465, 0.2800000000000000800 ) ;
#4732 = CIRCLE ( 'NONE', #4459, 6.304999999999999700 ) ;
#4733 = LINE ( 'NONE', #3321, #4746 ) ;
#4734 = VECTOR ( 'NONE', #3597, 1000.000000000000000 ) ;
#4735 = LINE ( 'NONE', #3561, #4736 ) ;
#4736 = VECTOR ( 'NONE', #3567, 1000.000000000000000 ) ;
#4737 = VECTOR ( 'NONE', #3588, 1000.000000000000000 ) ;
#4738 = VECTOR ( 'NONE', #3701, 1000.000000000000000 ) ;
#4739 = LINE ( 'NONE', #3527, #4737 ) ;
#4740 = LINE ( 'NONE', #3677, #4738 ) ;
#4741 = LINE ( 'NONE', #3521, #4734 ) ;
#4742 = LINE ( 'NONE', #3612, #4783 ) ;
#4743 = CIRCLE ( 'NONE', #4480, 1.975000000000000500 ) ;
#4744 = LINE ( 'NONE', #3629, #4803 ) ;
#4745 = VECTOR ( 'NONE', #3610, 1000.000000000000000 ) ;
#4746 = VECTOR ( 'NONE', #3327, 1000.000000000000000 ) ;
#4747 = VECTOR ( 'NONE', #3573, 1000.000000000000000 ) ;
#4748 = CIRCLE ( 'NONE', #4436, 1.975000000000000100 ) ;
#4749 = VECTOR ( 'NONE', #3594, 1000.000000000000000 ) ;
#4750 = CIRCLE ( 'NONE', #4449, 1.975000000000000100 ) ;
#4751 = VECTOR ( 'NONE', #3574, 1000.000000000000000 ) ;
#4752 = CIRCLE ( 'NONE', #4484, 1.975000000000000100 ) ;
#4753 = CIRCLE ( 'NONE', #4439, 5.194999999999997600 ) ;
#4754 = LINE ( 'NONE', #3680, #4322 ) ;
#4755 = CIRCLE ( 'NONE', #4477, 5.194999999999997600 ) ;
#4756 = CIRCLE ( 'NONE', #4462, 1.975000000000000500 ) ;
#4757 = VECTOR ( 'NONE', #3585, 1000.000000000000000 ) ;
#4758 = LINE ( 'NONE', #3562, #4757 ) ;
#4759 = CIRCLE ( 'NONE', #4453, 1.974999999999999900 ) ;
#4760 = CIRCLE ( 'NONE', #4455, 1.975000000000000500 ) ;
#4761 = VECTOR ( 'NONE', #3590, 1000.000000000000000 ) ;
#4762 = LINE ( 'NONE', #3623, #4781 ) ;
#4763 = CIRCLE ( 'NONE', #4479, 1.974999999999999900 ) ;
#4764 = LINE ( 'NONE', #3625, #4771 ) ;
#4765 = VECTOR ( 'NONE', #3633, 1000.000000000000000 ) ;
#4766 = LINE ( 'NONE', #3615, #4745 ) ;
#4767 = VECTOR ( 'NONE', #3582, 1000.000000000000000 ) ;
#4768 = CIRCLE ( 'NONE', #4468, 0.2800000000000000800 ) ;
#4769 = VECTOR ( 'NONE', #3575, 1000.000000000000000 ) ;
#4770 = LINE ( 'NONE', #3570, #4761 ) ;
#4771 = VECTOR ( 'NONE', #3627, 1000.000000000000000 ) ;
#4772 = CIRCLE ( 'NONE', #4438, 5.194999999999998500 ) ;
#4773 = LINE ( 'NONE', #3580, #4749 ) ;
#4774 = CIRCLE ( 'NONE', #4476, 1.975000000000000100 ) ;
#4775 = LINE ( 'NONE', #3650, #4797 ) ;
#4776 = VECTOR ( 'NONE', #3678, 1000.000000000000000 ) ;
#4777 = LINE ( 'NONE', #3663, #4776 ) ;
#4778 = LINE ( 'NONE', #3658, #4788 ) ;
#4779 = VECTOR ( 'NONE', #3654, 1000.000000000000000 ) ;
#4780 = VECTOR ( 'NONE', #3626, 1000.000000000000000 ) ;
#4781 = VECTOR ( 'NONE', #3620, 1000.000000000000000 ) ;
#4782 = CIRCLE ( 'NONE', #4460, 1.975000000000000300 ) ;
#4783 = VECTOR ( 'NONE', #3676, 1000.000000000000000 ) ;
#4784 = LINE ( 'NONE', #3651, #4779 ) ;
#4785 = LINE ( 'NONE', #3572, #4747 ) ;
#4786 = LINE ( 'NONE', #3565, #4767 ) ;
#4787 = CIRCLE ( 'NONE', #4454, 1.975000000000000100 ) ;
#4788 = VECTOR ( 'NONE', #3664, 1000.000000000000000 ) ;
#4789 = CIRCLE ( 'NONE', #4463, 1.975000000000000100 ) ;
#4790 = LINE ( 'NONE', #3611, #4765 ) ;
#4791 = LINE ( 'NONE', #3587, #4799 ) ;
#4792 = CIRCLE ( 'NONE', #4456, 5.194999999999998500 ) ;
#4793 = CIRCLE ( 'NONE', #4434, 5.194999999999998500 ) ;
#4794 = LINE ( 'NONE', #3584, #4780 ) ;
#4795 = CIRCLE ( 'NONE', #4448, 5.194999999999998500 ) ;
#4796 = CIRCLE ( 'NONE', #4494, 1.975000000000001000 ) ;
#4797 = VECTOR ( 'NONE', #3638, 1000.000000000000000 ) ;
#4798 = CIRCLE ( 'NONE', #4457, 1.974999999999999900 ) ;
#4799 = VECTOR ( 'NONE', #3595, 1000.000000000000000 ) ;
#4800 = CIRCLE ( 'NONE', #4483, 5.194999999999998500 ) ;
#4801 = LINE ( 'NONE', #3600, #4769 ) ;
#4802 = CIRCLE ( 'NONE', #4437, 1.975000000000000100 ) ;
#4803 = VECTOR ( 'NONE', #3606, 1000.000000000000000 ) ;
#4804 = CIRCLE ( 'NONE', #4450, 1.975000000000000100 ) ;
#4805 = LINE ( 'NONE', #3596, #4751 ) ;
#4806 = CIRCLE ( 'NONE', #4496, 0.2800000000000000800 ) ;
#4807 = LINE ( 'NONE', #3669, #4689 ) ;
#4808 = LINE ( 'NONE', #2972, #4818 ) ;
#4809 = CIRCLE ( 'NONE', #4488, 0.1499999999999999700 ) ;
#4810 = LINE ( 'NONE', #2605, #4811 ) ;
#4811 = VECTOR ( 'NONE', #2606, 1000.000000000000000 ) ;
#4812 = LINE ( 'NONE', #2634, #4690 ) ;
#4813 = LINE ( 'NONE', #3708, #4696 ) ;
#4814 = CIRCLE ( 'NONE', #4443, 1.975000000000000300 ) ;
#4815 = LINE ( 'NONE', #2608, #4816 ) ;
#4816 = VECTOR ( 'NONE', #2618, 1000.000000000000000 ) ;
#4817 = CIRCLE ( 'NONE', #4473, 6.304999999999999700 ) ;
#4818 = VECTOR ( 'NONE', #2995, 1000.000000000000000 ) ;
#4819 = EDGE_CURVE ( 'NONE', #445, #446, #1210, .T. ) ;
#4820 = EDGE_CURVE ( 'NONE', #1820, #1868, #1169, .T. ) ;
#4821 = EDGE_CURVE ( 'NONE', #449, #443, #1182, .T. ) ;
#4822 = EDGE_CURVE ( 'NONE', #458, #436, #1165, .T. ) ;
#4823 = EDGE_CURVE ( 'NONE', #466, #506, #1152, .T. ) ;
#4824 = EDGE_CURVE ( 'NONE', #1838, #1755, #1175, .T. ) ;
#4825 = EDGE_CURVE ( 'NONE', #1851, #1834, #1159, .T. ) ;
#4826 = EDGE_CURVE ( 'NONE', #1822, #1823, #1158, .T. ) ;
#4827 = EDGE_CURVE ( 'NONE', #1792, #1864, #1166, .T. ) ;
#4828 = EDGE_CURVE ( 'NONE', #1857, #1862, #1167, .T. ) ;
#4829 = EDGE_CURVE ( 'NONE', #436, #466, #1174, .T. ) ;
#4830 = EDGE_CURVE ( 'NONE', #782, #1851, #1172, .T. ) ;
#4831 = EDGE_CURVE ( 'NONE', #1840, #808, #1176, .T. ) ;
#4832 = EDGE_CURVE ( 'NONE', #421, #490, #1177, .T. ) ;
#4833 = EDGE_CURVE ( 'NONE', #1834, #1855, #1178, .T. ) ;
#4834 = EDGE_CURVE ( 'NONE', #1869, #789, #1173, .T. ) ;
#4835 = EDGE_CURVE ( 'NONE', #1755, #478, #1180, .T. ) ;
#4836 = EDGE_CURVE ( 'NONE', #1855, #782, #1186, .T. ) ;
#4837 = EDGE_CURVE ( 'NONE', #446, #1831, #1187, .T. ) ;
#4838 = B_SPLINE_CURVE_WITH_KNOTS ( 'NONE', 3,
 ( #3978, #3984, #4017, #3979, #4012, #4013, #4022, #3990, #4021, #3980, #3982, #4023, #3991, #3981, #4000, #3985, #3986, #3987, #3989, #3992, #3994, #3995, #3996, #3998, #4001, #4002, #4003, #4004 ),
 .UNSPECIFIED., .F., .F.,
 ( 4, 2, 2, 2, 2, 2, 2, 2, 2, 2, 2, 2, 2, 4 ),
 ( 0.0000000000000000000, 0.0003370800789273326200, 0.0006741601578546652500, 0.001011240236781997900, 0.001348320315709330700, 0.002022480473563996700, 0.002696640631418664500, 0.003033720710345997900, 0.003370800789273331800, 0.004044960947128001200, 0.004382041026055334700, 0.004719121104982669000, 0.005056201183910004200, 0.005393281262837338500 ),
 .UNSPECIFIED. ) ;
#4839 = B_SPLINE_CURVE_WITH_KNOTS ( 'NONE', 3,
 ( #3395, #3418, #3423, #3409, #3436, #3412, #3403, #3408, #3405, #3398, #3407, #3413, #3430, #3415, #3437, #3416, #3390, #3426, #3388, #3425, #3428, #3410, #3419, #3429, #3392, #3391 ),
 .UNSPECIFIED., .F., .F.,
 ( 4, 2, 2, 2, 2, 2, 2, 2, 2, 2, 2, 2, 4 ),
 ( 0.005393281262837338500, 0.006067264652935948500, 0.006404256347985254000, 0.006741248043034558600, 0.007078239738083864100, 0.007415231433133169500, 0.008089214823231778700, 0.008426206518281086800, 0.008763198213330394800, 0.009437181603429009200, 0.01011116499352762400, 0.01044815668857693200, 0.01078514838362624000 ),
 .UNSPECIFIED. ) ;
#4840 = UNCERTAINTY_MEASURE_WITH_UNIT (LENGTH_MEASURE( 1.000000000000000100E-005 ), #1531, 'distance_accuracy_value', 'NONE');
#4841 = B_SPLINE_CURVE_WITH_KNOTS ( 'NONE', 3,
 ( #3399, #3432, #3389, #3421, #3469, #3441, #3481, #3473, #3471, #3476, #3466, #3480, #3475, #3446, #3452, #3461, #3478, #3443, #3467, #3472, #3440, #3454, #3465, #3479 ),
 .UNSPECIFIED., .F., .F.,
 ( 4, 2, 2, 2, 2, 2, 2, 2, 2, 2, 2, 4 ),
 ( 0.005502332667027999200, 0.006077942085418141600, 0.006653551503808286500, 0.007229160922198430600, 0.007516965631393502200, 0.007804770340588574600, 0.008092575049783647100, 0.008380379758978717000, 0.008668184468173790300, 0.008955989177368861900, 0.009531598595759003400, 0.01010720801414914700 ),
 .UNSPECIFIED. ) ;
#4842 = B_SPLINE_CURVE_WITH_KNOTS ( 'NONE', 3,
 ( #3378, #3374, #3402, #3435, #3431, #3417 ),
 .UNSPECIFIED., .F., .F.,
 ( 4, 2, 4 ),
 ( 0.01010720801414914700, 0.01055051851206131200, 0.01099382900997347700 ),
 .UNSPECIFIED. ) ;
#4843 = B_SPLINE_CURVE_WITH_KNOTS ( 'NONE', 3,
 ( #3884, #3898, #3899, #3881, #3905, #3918, #3878, #3909, #3900, #3879, #3885, #3910, #3911, #3880, #3913, #3882, #3906, #3883, #3891, #3886, #3888, #3892, #3894, #3914 ),
 .UNSPECIFIED., .F., .F.,
 ( 4, 2, 2, 2, 2, 2, 2, 2, 2, 2, 2, 4 ),
 ( 0.0008884267856783849800, 0.002041903256015788300, 0.002330272373600139100, 0.002618641491184489900, 0.002907010608768841100, 0.003195379726353191900, 0.003483748843937543200, 0.003772117961521894800, 0.004348856196690597700, 0.004925594431859300200, 0.005213963549443649700, 0.005502332667027999200 ),
 .UNSPECIFIED. ) ;
#4844 = ADVANCED_BREP_SHAPE_REPRESENTATION ( 'CBTH-A-S3M060-14-K-P-d6(嘉立创FA jlcfa.com)', ( #4848, #5136 ), #5134 ) ;
#4845 = UNCERTAINTY_MEASURE_WITH_UNIT (LENGTH_MEASURE( 1.000000000000000100E-005 ), #2113, 'distance_accuracy_value', 'NONE');
#4846 = B_SPLINE_CURVE_WITH_KNOTS ( 'NONE', 3,
 ( #2664, #2677, #2689, #2681, #2670, #2685 ),
 .UNSPECIFIED., .F., .F.,
 ( 4, 2, 4 ),
 ( 5.421010862427522200E-020, 0.0004442133928391924900, 0.0008884267856783848700 ),
 .UNSPECIFIED. ) ;
#4847 = UNCERTAINTY_MEASURE_WITH_UNIT (LENGTH_MEASURE( 1.000000000000000100E-005 ), #2118, 'distance_accuracy_value', 'NONE');
#4848 = MANIFOLD_SOLID_BREP ( '切除-旋转3', #2276 ) ;
#4849 = B_SPLINE_CURVE_WITH_KNOTS ( 'NONE', 3,
 ( #2768, #2748, #2749, #2776, #2774, #2782, #2769, #2775, #2772, #2746, #2753, #2773, #2777, #2750, #2778, #2793, #2743, #2755, #2779, #2754, #2780, #2781, #2791, #2783, #2785, #2786, #2789, #2751, #2752, #2790 ),
 .UNSPECIFIED., .F., .F.,
 ( 4, 2, 2, 2, 2, 2, 2, 2, 2, 2, 2, 2, 2, 2, 4 ),
 ( 0.0000000000000000000, 0.0003439995267726204200, 0.0006879990535452408400, 0.001375998107090480600, 0.001719997633863099800, 0.002063997160635719300, 0.002407996687408340200, 0.002751996214180962100, 0.003095995740953583500, 0.003439995267726205300, 0.004127994321271448100, 0.004471993848044067800, 0.004815993374816688300, 0.005159992901589307900, 0.005503992428361927600 ),
 .UNSPECIFIED. ) ;
#4850 = B_SPLINE_CURVE_WITH_KNOTS ( 'NONE', 3,
 ( #2820, #2821, #2808, #2795, #2822, #2809, #2797, #2799, #2800, #2869, #2850, #2867, #2853, #2843, #2840, #2878, #2847, #2849, #2842, #2861, #2865, #2868, #2877, #2838, #2844, #2872, #2862, #2848 ),
 .UNSPECIFIED., .F., .F.,
 ( 4, 2, 2, 2, 2, 2, 2, 2, 2, 2, 2, 2, 2, 4 ),
 ( 0.005393257592723792200, 0.006067237112483250600, 0.006404226872362982000, 0.006741216632242713400, 0.007078206392122445700, 0.007415196152002176200, 0.008089175671761641600, 0.008426165431641373000, 0.008763155191521104400, 0.009100144951400835800, 0.009437134711280569000, 0.01011111423104003200, 0.01044810399091976500, 0.01078509375079949600 ),
 .UNSPECIFIED. ) ;
#4851 = B_SPLINE_CURVE_WITH_KNOTS ( 'NONE', 3,
 ( #3955, #3941, #3928, #3943, #3946, #3932, #3967, #3935, #3936, #3949, #3966, #3937, #3954, #3939, #3961, #3957, #3944, #3976, #3952, #3950, #3945, #3958, #3947, #3953, #3948, #3956, #3969, #3959 ),
 .UNSPECIFIED., .F., .F.,
 ( 4, 2, 2, 2, 2, 2, 2, 2, 2, 2, 2, 2, 2, 4 ),
 ( 0.0000000000000000000, 0.0003370785995452377700, 0.0006741571990904755400, 0.001011235798635713200, 0.001348314398180951100, 0.002022471597271427300, 0.002696628796361903500, 0.003033707395907140900, 0.003370785995452379200, 0.004044943194542852800, 0.004382021794088088500, 0.004719100393633325100, 0.005056178993178559100, 0.005393257592723792200 ),
 .UNSPECIFIED. ) ;
#4852 = B_SPLINE_CURVE_WITH_KNOTS ( 'NONE', 3,
 ( #3960, #3973, #3975, #3926, #3927, #4028, #3999, #3997, #3993, #4029, #4018, #4027, #4026, #3977, #4031, #4009, #4025, #4011, #4006, #4030, #4010, #4024, #3983, #4016, #4032, #4007, #4008, #4020, #3988, #4019 ),
 .UNSPECIFIED., .F., .F.,
 ( 4, 2, 2, 2, 2, 2, 2, 2, 2, 2, 2, 2, 2, 2, 4 ),
 ( 0.005503992428361927600, 0.005847250352488944300, 0.006190508276615961000, 0.006877024124869997000, 0.007220282048997017100, 0.007563539973124037300, 0.007906797897251056600, 0.008250055821378075900, 0.008593313745505096900, 0.008936571669632116200, 0.009279829593759138900, 0.009623087517886160000, 0.009966345442013182700, 0.01030960336614020500, 0.01099611921439425100 ),
 .UNSPECIFIED. ) ;
#4853 = PRODUCT_DEFINITION_CONTEXT ( 'detailed design', #2119, 'design' ) ;
#4854 = PRODUCT_DEFINITION_SHAPE ( 'NONE', 'NONE',  #5172 ) ;
#4855 = ADVANCED_FACE ( 'NONE', ( #1181 ), #1249, .F. ) ;
#4856 = ADVANCED_FACE ( 'NONE', ( #1250 ), #1218, .T. ) ;
#4857 = ADVANCED_FACE ( 'NONE', ( #1265 ), #1232, .T. ) ;
#4858 = ADVANCED_FACE ( 'NONE', ( #1227 ), #1251, .F. ) ;
#4859 = ADVANCED_FACE ( 'NONE', ( #1219 ), #1258, .T. ) ;
#4860 = ADVANCED_FACE ( 'NONE', ( #1228 ), #1216, .T. ) ;
#4861 = ADVANCED_FACE ( 'NONE', ( #1215 ), #1266, .F. ) ;
#4862 = ADVANCED_FACE ( 'NONE', ( #1246 ), #1257, .T. ) ;
#4863 = ADVANCED_FACE ( 'NONE', ( #1221 ), #1241, .T. ) ;
#4864 = ADVANCED_FACE ( 'NONE', ( #1255 ), #1259, .T. ) ;
#4865 = ADVANCED_FACE ( 'NONE', ( #1263 ), #1252, .T. ) ;
#4866 = ADVANCED_FACE ( 'NONE', ( #1223 ), #1225, .T. ) ;
#4867 = ADVANCED_FACE ( 'NONE', ( #1267 ), #1233, .T. ) ;
#4868 = ADVANCED_FACE ( 'NONE', ( #1234 ), #1237, .T. ) ;
#4869 = ADVANCED_FACE ( 'NONE', ( #1222 ), #1217, .T. ) ;
#4870 = ADVANCED_FACE ( 'NONE', ( #1220 ), #1224, .T. ) ;
#4871 = ADVANCED_FACE ( 'NONE', ( #1242 ), #1253, .T. ) ;
#4872 = ADVANCED_FACE ( 'NONE', ( #1254 ), #1226, .T. ) ;
#4873 = ADVANCED_FACE ( 'NONE', ( #1229 ), #1235, .F. ) ;
#4874 = ADVANCED_FACE ( 'NONE', ( #1231 ), #1256, .T. ) ;
#4875 = ADVANCED_FACE ( 'NONE', ( #1236, #1239 ), #1238, .T. ) ;
#4876 = ADVANCED_FACE ( 'NONE', ( #1261 ), #1244, .T. ) ;
#4877 = ADVANCED_FACE ( 'NONE', ( #1245 ), #1247, .T. ) ;
#4878 = ADVANCED_FACE ( 'NONE', ( #1240 ), #1285, .T. ) ;
#4879 = ADVANCED_FACE ( 'NONE', ( #1260 ), #1315, .T. ) ;
#4880 = ADVANCED_FACE ( 'NONE', ( #1243 ), #1289, .F. ) ;
#4881 = ADVANCED_FACE ( 'NONE', ( #1230 ), #1327, .T. ) ;
#4882 = ADVANCED_FACE ( 'NONE', ( #1286 ), #1319, .F. ) ;
#4883 = ADVANCED_FACE ( 'NONE', ( #1304 ), #1301, .F. ) ;
#4884 = ADVANCED_FACE ( 'NONE', ( #1316 ), #1282, .T. ) ;
#4885 = ADVANCED_FACE ( 'NONE', ( #1326 ), #1293, .F. ) ;
#4886 = ADVANCED_FACE ( 'NONE', ( #1317 ), #1310, .F. ) ;
#4887 = ADVANCED_FACE ( 'NONE', ( #1320 ), #1269, .F. ) ;
#4888 = ADVANCED_FACE ( 'NONE', ( #1270 ), #1302, .F. ) ;
#4889 = ADVANCED_FACE ( 'NONE', ( #1290 ), #1300, .T. ) ;
#4890 = ADVANCED_FACE ( 'NONE', ( #1288 ), #1329, .T. ) ;
#4891 = ADVANCED_FACE ( 'NONE', ( #1294 ), #1322, .F. ) ;
#4892 = ADVANCED_FACE ( 'NONE', ( #1321 ), #1295, .F. ) ;
#4893 = ADVANCED_FACE ( 'NONE', ( #1291 ), #1271, .F. ) ;
#4894 = ADVANCED_FACE ( 'NONE', ( #1307 ), #1273, .T. ) ;
#4895 = ADVANCED_FACE ( 'NONE', ( #1272 ), #1318, .F. ) ;
#4896 = ADVANCED_FACE ( 'NONE', ( #1303 ), #1292, .F. ) ;
#4897 = ADVANCED_FACE ( 'NONE', ( #1281 ), #1328, .F. ) ;
#4898 = ADVANCED_FACE ( 'NONE', ( #1287 ), #1323, .F. ) ;
#4899 = ADVANCED_FACE ( 'NONE', ( #1305 ), #1306, .F. ) ;
#4900 = ADVANCED_FACE ( 'NONE', ( #1324 ), #1284, .T. ) ;
#4901 = ADVANCED_FACE ( 'NONE', ( #1330 ), #1296, .F. ) ;
#4902 = ADVANCED_FACE ( 'NONE', ( #1297 ), #1331, .T. ) ;
#4903 = ADVANCED_FACE ( 'NONE', ( #1308 ), #1299, .F. ) ;
#4904 = ADVANCED_FACE ( 'NONE', ( #1313 ), #1311, .F. ) ;
#4905 = ADVANCED_FACE ( 'NONE', ( #1325 ), #1274, .F. ) ;
#4906 = ADVANCED_FACE ( 'NONE', ( #1312 ), #1276, .F. ) ;
#4907 = ADVANCED_FACE ( 'NONE', ( #1277 ), #1283, .F. ) ;
#4908 = ADVANCED_FACE ( 'NONE', ( #1298 ), #1309, .F. ) ;
#4909 = ADVANCED_FACE ( 'NONE', ( #1279 ), #1278, .F. ) ;
#4910 = ADVANCED_FACE ( 'NONE', ( #1268 ), #1337, .F. ) ;
#4911 = ADVANCED_FACE ( 'NONE', ( #1275 ), #1332, .F. ) ;
#4912 = ADVANCED_FACE ( 'NONE', ( #1314 ), #1334, .F. ) ;
#4913 = ADVANCED_FACE ( 'NONE', ( #1280 ), #1335, .F. ) ;
#4914 = ADVANCED_FACE ( 'NONE', ( #1333 ), #905, .T. ) ;
#4915 = ADVANCED_FACE ( 'NONE', ( #1336 ), #925, .T. ) ;
#4916 = ADVANCED_FACE ( 'NONE', ( #1338 ), #923, .F. ) ;
#4917 = ADVANCED_FACE ( 'NONE', ( #961 ), #930, .T. ) ;
#4918 = ADVANCED_FACE ( 'NONE', ( #922 ), #956, .F. ) ;
#4919 = ADVANCED_FACE ( 'NONE', ( #938 ), #924, .F. ) ;
#4920 = ADVANCED_FACE ( 'NONE', ( #949 ), #943, .T. ) ;
#4921 = ADVANCED_FACE ( 'NONE', ( #951 ), #907, .F. ) ;
#4922 = ADVANCED_FACE ( 'NONE', ( #936 ), #963, .F. ) ;
#4923 = ADVANCED_FACE ( 'NONE', ( #909, #915 ), #1791, .T. ) ;
#4924 = ADVANCED_FACE ( 'NONE', ( #1264 ), #926, .T. ) ;
#4925 = ADVANCED_FACE ( 'NONE', ( #914 ), #940, .F. ) ;
#4926 = ADVANCED_FACE ( 'NONE', ( #931 ), #952, .F. ) ;
#4927 = ADVANCED_FACE ( 'NONE', ( #916 ), #962, .F. ) ;
#4928 = ADVANCED_FACE ( 'NONE', ( #965 ), #953, .T. ) ;
#4929 = ADVANCED_FACE ( 'NONE', ( #955 ), #957, .F. ) ;
#4930 = ADVANCED_FACE ( 'NONE', ( #954 ), #906, .F. ) ;
#4931 = ADVANCED_FACE ( 'NONE', ( #958 ), #928, .T. ) ;
#4932 = ADVANCED_FACE ( 'NONE', ( #945 ), #927, .T. ) ;
#4933 = ADVANCED_FACE ( 'NONE', ( #964 ), #932, .F. ) ;
#4934 = ADVANCED_FACE ( 'NONE', ( #929 ), #966, .F. ) ;
#4935 = ADVANCED_FACE ( 'NONE', ( #939 ), #933, .T. ) ;
#4936 = ADVANCED_FACE ( 'NONE', ( #950 ), #946, .T. ) ;
#4937 = ADVANCED_FACE ( 'NONE', ( #959 ), #908, .T. ) ;
#4938 = ADVANCED_FACE ( 'NONE', ( #937 ), #904, .F. ) ;
#4939 = ADVANCED_FACE ( 'NONE', ( #911 ), #917, .F. ) ;
#4940 = ADVANCED_FACE ( 'NONE', ( #934 ), #935, .T. ) ;
#4941 = ADVANCED_FACE ( 'NONE', ( #918 ), #942, .T. ) ;
#4942 = ADVANCED_FACE ( 'NONE', ( #944 ), #960, .T. ) ;
#4943 = ADVANCED_FACE ( 'NONE', ( #919 ), #913, .T. ) ;
#4944 = ADVANCED_FACE ( 'NONE', ( #920, #921 ), #1950, .T. ) ;
#4945 = ADVANCED_FACE ( 'NONE', ( #941 ), #912, .T. ) ;
#4946 = ADVANCED_FACE ( 'NONE', ( #910 ), #969, .T. ) ;
#4947 = ADVANCED_FACE ( 'NONE', ( #947 ), #989, .T. ) ;
#4948 = ADVANCED_FACE ( 'NONE', ( #967 ), #987, .T. ) ;
#4949 = ADVANCED_FACE ( 'NONE', ( #1025 ), #994, .F. ) ;
#4950 = ADVANCED_FACE ( 'NONE', ( #986 ), #1020, .T. ) ;
#4951 = ADVANCED_FACE ( 'NONE', ( #1002 ), #988, .F. ) ;
#4952 = ADVANCED_FACE ( 'NONE', ( #1013 ), #1007, .F. ) ;
#4953 = ADVANCED_FACE ( 'NONE', ( #1015 ), #971, .F. ) ;
#4954 = ADVANCED_FACE ( 'NONE', ( #1000, #1030 ), #1961, .T. ) ;
#4955 = ADVANCED_FACE ( 'NONE', ( #948 ), #981, .F. ) ;
#4956 = ADVANCED_FACE ( 'NONE', ( #997, #1003 ), #1933, .F. ) ;
#4957 = ADVANCED_FACE ( 'NONE', ( #978 ), #1004, .T. ) ;
#4958 = ADVANCED_FACE ( 'NONE', ( #995 ), #1016, .F. ) ;
#4959 = ADVANCED_FACE ( 'NONE', ( #980 ), #1026, .F. ) ;
#4960 = ADVANCED_FACE ( 'NONE', ( #1029 ), #1017, .T. ) ;
#4961 = ADVANCED_FACE ( 'NONE', ( #1019 ), #1021, .T. ) ;
#4962 = ADVANCED_FACE ( 'NONE', ( #1018 ), #970, .T. ) ;
#4963 = ADVANCED_FACE ( 'NONE', ( #1022 ), #991, .T. ) ;
#4964 = ADVANCED_FACE ( 'NONE', ( #1009 ), #990, .T. ) ;
#4965 = ADVANCED_FACE ( 'NONE', ( #1027 ), #996, .F. ) ;
#4966 = ADVANCED_FACE ( 'NONE', ( #992 ), #1028, .T. ) ;
#4967 = ADVANCED_FACE ( 'NONE', ( #1005, #1011 ), #1978, .T. ) ;
#4968 = ADVANCED_FACE ( 'NONE', ( #1014 ), #1010, .F. ) ;
#4969 = ADVANCED_FACE ( 'NONE', ( #1023 ), #972, .F. ) ;
#4970 = ADVANCED_FACE ( 'NONE', ( #1001 ), #968, .T. ) ;
#4971 = ADVANCED_FACE ( 'NONE', ( #974 ), #982, .F. ) ;
#4972 = ADVANCED_FACE ( 'NONE', ( #998 ), #993, .F. ) ;
#4973 = ADVANCED_FACE ( 'NONE', ( #979 ), #1006, .F. ) ;
#4974 = ADVANCED_FACE ( 'NONE', ( #1008 ), #1031, .F. ) ;
#4975 = ADVANCED_FACE ( 'NONE', ( #983 ), #976, .T. ) ;
#4976 = ADVANCED_FACE ( 'NONE', ( #977 ), #985, .F. ) ;
#4977 = ADVANCED_FACE ( 'NONE', ( #973 ), #1074, .T. ) ;
#4978 = ADVANCED_FACE ( 'NONE', ( #975 ), #1032, .F. ) ;
#4979 = ADVANCED_FACE ( 'NONE', ( #1012 ), #1046, .T. ) ;
#4980 = ADVANCED_FACE ( 'NONE', ( #984 ), #1044, .T. ) ;
#4981 = ADVANCED_FACE ( 'NONE', ( #1024 ), #1051, .F. ) ;
#4982 = ADVANCED_FACE ( 'NONE', ( #1043 ), #1075, .T. ) ;
#4983 = ADVANCED_FACE ( 'NONE', ( #1059 ), #1045, .T. ) ;
#4984 = ADVANCED_FACE ( 'NONE', ( #1068 ), #1064, .T. ) ;
#4985 = ADVANCED_FACE ( 'NONE', ( #1069 ), #1034, .T. ) ;
#4986 = ADVANCED_FACE ( 'NONE', ( #1057 ), #1081, .T. ) ;
#4987 = ADVANCED_FACE ( 'NONE', ( #1035 ), #1041, .T. ) ;
#4988 = ADVANCED_FACE ( 'NONE', ( #1054 ), #1047, .T. ) ;
#4989 = ADVANCED_FACE ( 'NONE', ( #1039 ), #1061, .T. ) ;
#4990 = ADVANCED_FACE ( 'NONE', ( #1052 ), #1070, .T. ) ;
#4991 = ADVANCED_FACE ( 'NONE', ( #1040 ), #1080, .T. ) ;
#4992 = ADVANCED_FACE ( 'NONE', ( #1083 ), #1071, .F. ) ;
#4993 = ADVANCED_FACE ( 'NONE', ( #1073 ), #1076, .T. ) ;
#4994 = ADVANCED_FACE ( 'NONE', ( #1072 ), #1033, .T. ) ;
#4995 = ADVANCED_FACE ( 'NONE', ( #1077 ), #1048, .F. ) ;
#4996 = ADVANCED_FACE ( 'NONE', ( #1065 ), #1049, .F. ) ;
#4997 = ADVANCED_FACE ( 'NONE', ( #1079 ), #1053, .F. ) ;
#4998 = ADVANCED_FACE ( 'NONE', ( #1050 ), #1082, .F. ) ;
#4999 = ADVANCED_FACE ( 'NONE', ( #1060, #1066 ), #1036, .T. ) ;
#5000 = ADVANCED_FACE ( 'NONE', ( #1084, #1037 ), #1067, .F. ) ;
#5001 = AXIS2_PLACEMENT_3D ( 'NONE', #1466, #1468, #1470 ) ;
#5002 = AXIS2_PLACEMENT_3D ( 'NONE', #1504, #1511, #1507 ) ;
#5003 = AXIS2_PLACEMENT_3D ( 'NONE', #1506, #1505, #1499 ) ;
#5004 = STYLED_ITEM ( 'NONE', ( #1262 ), #4848 ) ;
#5005 = PRESENTATION_LAYER_ASSIGNMENT (  '', '', ( #5004 ) ) ;
#5006 = AXIS2_PLACEMENT_3D ( 'NONE', #1561, #1562, #1559 ) ;
#5007 = AXIS2_PLACEMENT_3D ( 'NONE', #1546, #1575, #1580 ) ;
#5008 = AXIS2_PLACEMENT_3D ( 'NONE', #1643, #1610, #1628 ) ;
#5009 = AXIS2_PLACEMENT_3D ( 'NONE', #1614, #1648, #1616 ) ;
#5010 = AXIS2_PLACEMENT_3D ( 'NONE', #1488, #1476, #1486 ) ;
#5011 = AXIS2_PLACEMENT_3D ( 'NONE', #1602, #1646, #1652 ) ;
#5012 = AXIS2_PLACEMENT_3D ( 'NONE', #1658, #1726, #1739 ) ;
#5013 = AXIS2_PLACEMENT_3D ( 'NONE', #1512, #1530, #1513 ) ;
#5014 = AXIS2_PLACEMENT_3D ( 'NONE', #1518, #1503, #1524 ) ;
#5015 = AXIS2_PLACEMENT_3D ( 'NONE', #1437, #1438, #1415 ) ;
#5016 = AXIS2_PLACEMENT_3D ( 'NONE', #1539, #1514, #1495 ) ;
#5017 = AXIS2_PLACEMENT_3D ( 'NONE', #1458, #1450, #1478 ) ;
#5018 = AXIS2_PLACEMENT_3D ( 'NONE', #1489, #1452, #1455 ) ;
#5019 = AXIS2_PLACEMENT_3D ( 'NONE', #1460, #1456, #1477 ) ;
#5020 = AXIS2_PLACEMENT_3D ( 'NONE', #1563, #1551, #1574 ) ;
#5021 = AXIS2_PLACEMENT_3D ( 'NONE', #1500, #1520, #1525 ) ;
#5022 = AXIS2_PLACEMENT_3D ( 'NONE', #1515, #1516, #1517 ) ;
#5023 = AXIS2_PLACEMENT_3D ( 'NONE', #1484, #1475, #1463 ) ;
#5024 = AXIS2_PLACEMENT_3D ( 'NONE', #1541, #1557, #1578 ) ;
#5025 = AXIS2_PLACEMENT_3D ( 'NONE', #1566, #1550, #1571 ) ;
#5026 = AXIS2_PLACEMENT_3D ( 'NONE', #1549, #1569, #1572 ) ;
#5027 = AXIS2_PLACEMENT_3D ( 'NONE', #1606, #1635, #1593 ) ;
#5028 = AXIS2_PLACEMENT_3D ( 'NONE', #1564, #1583, #1584 ) ;
#5029 = AXIS2_PLACEMENT_3D ( 'NONE', #1619, #1637, #1654 ) ;
#5030 = AXIS2_PLACEMENT_3D ( 'NONE', #1603, #1612, #1600 ) ;
#5031 = AXIS2_PLACEMENT_3D ( 'NONE', #1737, #1709, #1673 ) ;
#5032 = AXIS2_PLACEMENT_3D ( 'NONE', #1590, #1623, #1596 ) ;
#5033 = AXIS2_PLACEMENT_3D ( 'NONE', #1608, #1591, #1613 ) ;
#5034 = AXIS2_PLACEMENT_3D ( 'NONE', #1690, #1728, #1678 ) ;
#5035 = AXIS2_PLACEMENT_3D ( 'NONE', #1621, #1609, #1601 ) ;
#5036 = AXIS2_PLACEMENT_3D ( 'NONE', #1528, #1496, #1497 ) ;
#5037 = AXIS2_PLACEMENT_3D ( 'NONE', #1577, #1547, #1543 ) ;
#5038 = AXIS2_PLACEMENT_3D ( 'NONE', #1592, #1598, #1607 ) ;
#5039 = AXIS2_PLACEMENT_3D ( 'NONE', #1587, #1554, #1568 ) ;
#5040 = AXIS2_PLACEMENT_3D ( 'NONE', #1585, #1586, #1542 ) ;
#5041 = AXIS2_PLACEMENT_3D ( 'NONE', #1594, #1611, #1615 ) ;
#5042 = AXIS2_PLACEMENT_3D ( 'NONE', #1686, #1707, #1680 ) ;
#5043 = AXIS2_PLACEMENT_3D ( 'NONE', #1573, #1582, #1558 ) ;
#5044 = AXIS2_PLACEMENT_3D ( 'NONE', #1536, #1529, #1538 ) ;
#5045 = AXIS2_PLACEMENT_3D ( 'NONE', #1519, #1526, #1581 ) ;
#5046 = AXIS2_PLACEMENT_3D ( 'NONE', #1556, #1576, #1579 ) ;
#5047 = AXIS2_PLACEMENT_3D ( 'NONE', #1588, #1560, #1567 ) ;
#5048 = AXIS2_PLACEMENT_3D ( 'NONE', #1521, #1493, #1508 ) ;
#5049 = AXIS2_PLACEMENT_3D ( 'NONE', #1622, #1625, #1632 ) ;
#5050 = AXIS2_PLACEMENT_3D ( 'NONE', #1544, #1565, #1595 ) ;
#5051 = AXIS2_PLACEMENT_3D ( 'NONE', #1474, #1465, #1471 ) ;
#5052 = MECHANICAL_DESIGN_GEOMETRIC_PRESENTATION_REPRESENTATION (  '', ( #5004 ), #5059 ) ;
#5053 = AXIS2_PLACEMENT_3D ( 'NONE', #1552, #1548, #1555 ) ;
#5054 = AXIS2_PLACEMENT_3D ( 'NONE', #1589, #1630, #1642 ) ;
#5055 = AXIS2_PLACEMENT_3D ( 'NONE', #1501, #1498, #1537 ) ;
#5056 = AXIS2_PLACEMENT_3D ( 'NONE', #1540, #1522, #1523 ) ;
#5057 = AXIS2_PLACEMENT_3D ( 'NONE', #1449, #1441, #1442 ) ;
#5058 = AXIS2_PLACEMENT_3D ( 'NONE', #1509, #1533, #1532 ) ;
#5059 =( GEOMETRIC_REPRESENTATION_CONTEXT ( 3 ) GLOBAL_UNCERTAINTY_ASSIGNED_CONTEXT ( ( #4840 ) ) GLOBAL_UNIT_ASSIGNED_CONTEXT ( ( #1531, #1494, #1510 ) ) REPRESENTATION_CONTEXT ( 'NONE', 'WORKASPACE' ) );
#5060 = AXIS2_PLACEMENT_3D ( 'NONE', #1570, #1545, #1553 ) ;
#5061 = AXIS2_PLACEMENT_3D ( 'NONE', #1605, #1633, #1599 ) ;
#5062 = AXIS2_PLACEMENT_3D ( 'NONE', #1604, #1597, #1650 ) ;
#5063 = AXIS2_PLACEMENT_3D ( 'NONE', #1706, #1712, #1720 ) ;
#5064 = AXIS2_PLACEMENT_3D ( 'NONE', #1821, #1793, #1796 ) ;
#5065 = AXIS2_PLACEMENT_3D ( 'NONE', #1699, #1682, #1724 ) ;
#5066 = AXIS2_PLACEMENT_3D ( 'NONE', #1800, #1783, #1826 ) ;
#5067 = AXIS2_PLACEMENT_3D ( 'NONE', #1703, #1722, #1747 ) ;
#5068 = AXIS2_PLACEMENT_3D ( 'NONE', #1804, #1824, #1849 ) ;
#5069 = AXIS2_PLACEMENT_3D ( 'NONE', #1660, #1667, #1669 ) ;
#5070 = AXIS2_PLACEMENT_3D ( 'NONE', #1806, #1768, #1912 ) ;
#5071 = AXIS2_PLACEMENT_3D ( 'NONE', #1756, #1758, #1760 ) ;
#5072 = AXIS2_PLACEMENT_3D ( 'NONE', #1891, #1898, #1910 ) ;
#5073 = AXIS2_PLACEMENT_3D ( 'NONE', #1889, #1881, #1899 ) ;
#5074 = AXIS2_PLACEMENT_3D ( 'NONE', #1897, #1884, #1885 ) ;
#5075 = AXIS2_PLACEMENT_3D ( 'NONE', #1860, #1861, #1870 ) ;
#5076 = AXIS2_PLACEMENT_3D ( 'NONE', #1930, #1923, #1960 ) ;
#5077 = AXIS2_PLACEMENT_3D ( 'NONE', #1939, #1946, #1958 ) ;
#5078 = AXIS2_PLACEMENT_3D ( 'NONE', #2006, #1965, #2010 ) ;
#5079 = AXIS2_PLACEMENT_3D ( 'NONE', #1917, #1936, #1938 ) ;
#5080 = AXIS2_PLACEMENT_3D ( 'NONE', #1937, #1929, #1947 ) ;
#5081 = AXIS2_PLACEMENT_3D ( 'NONE', #1735, #1753, #1730 ) ;
#5082 = AXIS2_PLACEMENT_3D ( 'NONE', #1836, #1847, #1833 ) ;
#5083 = AXIS2_PLACEMENT_3D ( 'NONE', #1904, #1915, #1902 ) ;
#5084 = AXIS2_PLACEMENT_3D ( 'NONE', #1953, #1916, #1952 ) ;
#5085 = AXIS2_PLACEMENT_3D ( 'NONE', #1813, #1773, #1843 ) ;
#5086 = AXIS2_PLACEMENT_3D ( 'NONE', #1894, #1874, #1908 ) ;
#5087 = AXIS2_PLACEMENT_3D ( 'NONE', #1942, #1925, #1957 ) ;
#5088 = AXIS2_PLACEMENT_3D ( 'NONE', #1945, #1935, #1949 ) ;
#5089 = AXIS2_PLACEMENT_3D ( 'NONE', #1732, #1663, #1745 ) ;
#5090 = AXIS2_PLACEMENT_3D ( 'NONE', #1845, #1765, #1852 ) ;
#5091 = AXIS2_PLACEMENT_3D ( 'NONE', #1830, #1780, #1761 ) ;
#5092 = AXIS2_PLACEMENT_3D ( 'NONE', #1662, #1708, #1741 ) ;
#5093 = AXIS2_PLACEMENT_3D ( 'NONE', #1827, #1839, #1856 ) ;
#5094 = AXIS2_PLACEMENT_3D ( 'NONE', #1763, #1810, #1837 ) ;
#5095 = AXIS2_PLACEMENT_3D ( 'NONE', #1675, #1684, #1677 ) ;
#5096 = AXIS2_PLACEMENT_3D ( 'NONE', #1776, #1787, #1778 ) ;
#5097 = AXIS2_PLACEMENT_3D ( 'NONE', #1900, #1906, #1914 ) ;
#5098 = AXIS2_PLACEMENT_3D ( 'NONE', #1901, #1880, #1863 ) ;
#5099 = AXIS2_PLACEMENT_3D ( 'NONE', #1865, #1893, #1905 ) ;
#5100 = AXIS2_PLACEMENT_3D ( 'NONE', #1695, #1697, #1701 ) ;
#5101 = AXIS2_PLACEMENT_3D ( 'NONE', #1770, #1798, #1802 ) ;
#5102 = AXIS2_PLACEMENT_3D ( 'NONE', #1877, #1883, #1879 ) ;
#5103 = AXIS2_PLACEMENT_3D ( 'NONE', #1903, #1867, #1909 ) ;
#5104 = AXIS2_PLACEMENT_3D ( 'NONE', #1887, #1888, #1890 ) ;
#5105 = AXIS2_PLACEMENT_3D ( 'NONE', #1948, #1955, #1962 ) ;
#5106 = AXIS2_PLACEMENT_3D ( 'NONE', #1919, #1941, #1954 ) ;
#5107 = AXIS2_PLACEMENT_3D ( 'NONE', #1951, #1928, #1918 ) ;
#5108 = AXIS2_PLACEMENT_3D ( 'NONE', #1926, #1932, #1927 ) ;
#5109 = AXIS2_PLACEMENT_3D ( 'NONE', #1808, #1785, #1794 ) ;
#5110 = AXIS2_PLACEMENT_3D ( 'NONE', #1892, #1882, #1886 ) ;
#5111 = AXIS2_PLACEMENT_3D ( 'NONE', #1671, #1749, #1716 ) ;
#5112 = AXIS2_PLACEMENT_3D ( 'NONE', #1772, #1850, #1819 ) ;
#5113 = AXIS2_PLACEMENT_3D ( 'NONE', #1872, #1911, #1896 ) ;
#5114 = AXIS2_PLACEMENT_3D ( 'NONE', #1751, #1710, #1743 ) ;
#5115 = AXIS2_PLACEMENT_3D ( 'NONE', #1854, #1815, #1841 ) ;
#5116 = AXIS2_PLACEMENT_3D ( 'NONE', #1940, #1931, #1934 ) ;
#5117 = AXIS2_PLACEMENT_3D ( 'NONE', #1913, #1895, #1907 ) ;
#5118 = AXIS2_PLACEMENT_3D ( 'NONE', #1924, #1959, #1943 ) ;
#5119 = AXIS2_PLACEMENT_3D ( 'NONE', #1920, #1921, #1922 ) ;
#5120 = AXIS2_PLACEMENT_3D ( 'NONE', #1963, #1944, #1956 ) ;
#5121 = AXIS2_PLACEMENT_3D ( 'NONE', #1718, #1688, #1693 ) ;
#5122 = AXIS2_PLACEMENT_3D ( 'NONE', #1993, #1985, #2024 ) ;
#5123 = AXIS2_PLACEMENT_3D ( 'NONE', #2026, #2019, #2057 ) ;
#5124 = AXIS2_PLACEMENT_3D ( 'NONE', #1982, #1975, #1995 ) ;
#5125 = AXIS2_PLACEMENT_3D ( 'NONE', #2032, #2025, #2044 ) ;
#5126 = AXIS2_PLACEMENT_3D ( 'NONE', #1984, #1994, #2007 ) ;
#5127 = AXIS2_PLACEMENT_3D ( 'NONE', #2033, #2043, #2055 ) ;
#5128 = AXIS2_PLACEMENT_3D ( 'NONE', #1983, #1986, #1992 ) ;
#5129 = AXIS2_PLACEMENT_3D ( 'NONE', #2042, #2034, #2069 ) ;
#5130 = AXIS2_PLACEMENT_3D ( 'NONE', #2031, #2035, #2041 ) ;
#5131 = AXIS2_PLACEMENT_3D ( 'NONE', #2071, #2064, #2099 ) ;
#5132 = AXIS2_PLACEMENT_3D ( 'NONE', #2078, #2087, #2098 ) ;
#5133 = AXIS2_PLACEMENT_3D ( 'NONE', #2092, #2121, #2107 ) ;
#5134 =( GEOMETRIC_REPRESENTATION_CONTEXT ( 3 ) GLOBAL_UNCERTAINTY_ASSIGNED_CONTEXT ( ( #4845 ) ) GLOBAL_UNIT_ASSIGNED_CONTEXT ( ( #2113, #2110, #2123 ) ) REPRESENTATION_CONTEXT ( 'NONE', 'WORKASPACE' ) );
#5135 = MECHANICAL_DESIGN_GEOMETRIC_PRESENTATION_REPRESENTATION (  '', ( #5173 ), #5165 ) ;
#5136 = AXIS2_PLACEMENT_3D ( 'NONE', #2117, #2115, #2109 ) ;
#5137 = AXIS2_PLACEMENT_3D ( 'NONE', #2000, #1968, #1998 ) ;
#5138 = AXIS2_PLACEMENT_3D ( 'NONE', #2016, #2017, #2047 ) ;
#5139 = AXIS2_PLACEMENT_3D ( 'NONE', #2085, #2075, #2095 ) ;
#5140 = AXIS2_PLACEMENT_3D ( 'NONE', #1989, #1972, #2004 ) ;
#5141 = AXIS2_PLACEMENT_3D ( 'NONE', #2038, #2021, #2052 ) ;
#5142 = AXIS2_PLACEMENT_3D ( 'NONE', #2082, #2066, #2096 ) ;
#5143 = AXIS2_PLACEMENT_3D ( 'NONE', #1999, #1969, #2005 ) ;
#5144 = AXIS2_PLACEMENT_3D ( 'NONE', #2048, #2018, #2053 ) ;
#5145 = AXIS2_PLACEMENT_3D ( 'NONE', #1997, #1974, #1966 ) ;
#5146 = AXIS2_PLACEMENT_3D ( 'NONE', #1996, #2002, #2011 ) ;
#5147 = AXIS2_PLACEMENT_3D ( 'NONE', #1967, #1988, #2001 ) ;
#5148 = AXIS2_PLACEMENT_3D ( 'NONE', #2045, #2050, #2059 ) ;
#5149 = AXIS2_PLACEMENT_3D ( 'NONE', #1973, #1979, #1981 ) ;
#5150 = AXIS2_PLACEMENT_3D ( 'NONE', #2046, #2023, #2014 ) ;
#5151 = AXIS2_PLACEMENT_3D ( 'NONE', #2015, #2037, #2049 ) ;
#5152 = AXIS2_PLACEMENT_3D ( 'NONE', #2022, #2028, #2029 ) ;
#5153 = AXIS2_PLACEMENT_3D ( 'NONE', #2089, #2094, #2101 ) ;
#5154 = AXIS2_PLACEMENT_3D ( 'NONE', #2054, #2013, #2058 ) ;
#5155 = AXIS2_PLACEMENT_3D ( 'NONE', #2097, #2060, #2100 ) ;
#5156 = AXIS2_PLACEMENT_3D ( 'NONE', #2063, #2081, #2093 ) ;
#5157 = AXIS2_PLACEMENT_3D ( 'NONE', #2091, #2068, #2062 ) ;
#5158 = AXIS2_PLACEMENT_3D ( 'NONE', #2077, #2065, #2086 ) ;
#5159 = AXIS2_PLACEMENT_3D ( 'NONE', #2108, #2120, #2122 ) ;
#5160 = PRODUCT_DEFINITION_FORMATION_WITH_SPECIFIED_SOURCE ( '任何', '', #258, .NOT_KNOWN. ) ;
#5161 = PRESENTATION_LAYER_ASSIGNMENT (  '', '', ( #5173 ) ) ;
#5162 = PRODUCT_RELATED_PRODUCT_CATEGORY ( 'part', '', ( #258 ) ) ;
#5163 = AXIS2_PLACEMENT_3D ( 'NONE', #1987, #1977, #1980 ) ;
#5164 = AXIS2_PLACEMENT_3D ( 'NONE', #2036, #2027, #2030 ) ;
#5165 =( GEOMETRIC_REPRESENTATION_CONTEXT ( 3 ) GLOBAL_UNCERTAINTY_ASSIGNED_CONTEXT ( ( #4847 ) ) GLOBAL_UNIT_ASSIGNED_CONTEXT ( ( #2118, #2104, #2111 ) ) REPRESENTATION_CONTEXT ( 'NONE', 'WORKASPACE' ) );
#5166 = AXIS2_PLACEMENT_3D ( 'NONE', #1971, #2008, #1991 ) ;
#5167 = AXIS2_PLACEMENT_3D ( 'NONE', #2020, #2056, #2040 ) ;
#5168 = AXIS2_PLACEMENT_3D ( 'NONE', #2080, #2072, #2073 ) ;
#5169 = AXIS2_PLACEMENT_3D ( 'NONE', #1964, #1990, #2003 ) ;
#5170 = AXIS2_PLACEMENT_3D ( 'NONE', #2012, #2039, #2051 ) ;
#5171 = AXIS2_PLACEMENT_3D ( 'NONE', #2070, #2067, #2084 ) ;
#5172 = PRODUCT_DEFINITION ( '未知', '', #5160, #4853 ) ;
#5173 = STYLED_ITEM ( 'NONE', ( #1086 ), #4844 ) ;
#5174 = AXIS2_PLACEMENT_3D ( 'NONE', #1976, #1970, #2009 ) ;
#5175 = AXIS2_PLACEMENT_3D ( 'NONE', #3448, #3442, #3455 ) ;
#5176 = AXIS2_PLACEMENT_3D ( 'NONE', #3358, #3364, #3366 ) ;
#5177 = AXIS2_PLACEMENT_3D ( 'NONE', #3460, #3463, #3464 ) ;
#5178 = AXIS2_PLACEMENT_3D ( 'NONE', #3401, #3400, #3394 ) ;
#5179 = AXIS2_PLACEMENT_3D ( 'NONE', #3499, #3511, #3510 ) ;
#5180 = AXIS2_PLACEMENT_3D ( 'NONE', #1348, #1353, #1344 ) ;
#5181 = AXIS2_PLACEMENT_3D ( 'NONE', #1413, #1403, #1379 ) ;
#5182 = AXIS2_PLACEMENT_3D ( 'NONE', #3470, #3474, #3477 ) ;
#5183 = AXIS2_PLACEMENT_3D ( 'NONE', #3439, #3457, #3458 ) ;
#5184 = AXIS2_PLACEMENT_3D ( 'NONE', #3519, #3501, #3517 ) ;
#5185 = AXIS2_PLACEMENT_3D ( 'NONE', #1391, #1389, #1381 ) ;
#5186 = AXIS2_PLACEMENT_3D ( 'NONE', #1393, #1404, #1380 ) ;
#5187 = AXIS2_PLACEMENT_3D ( 'NONE', #1414, #1439, #1440 ) ;
#5188 = AXIS2_PLACEMENT_3D ( 'NONE', #1387, #1385, #1388 ) ;
#5189 = AXIS2_PLACEMENT_3D ( 'NONE', #1444, #1420, #1417 ) ;
#5190 = AXIS2_PLACEMENT_3D ( 'NONE', #1432, #1426, #1428 ) ;
#5191 = AXIS2_PLACEMENT_3D ( 'NONE', #3380, #3433, #3404 ) ;
#5192 = AXIS2_PLACEMENT_3D ( 'NONE', #3427, #3422, #3396 ) ;
#5193 = AXIS2_PLACEMENT_3D ( 'NONE', #3497, #3492, #3487 ) ;
#5194 = AXIS2_PLACEMENT_3D ( 'NONE', #1436, #1434, #1416 ) ;
#5195 = AXIS2_PLACEMENT_3D ( 'NONE', #3504, #3520, #3495 ) ;
#5196 = AXIS2_PLACEMENT_3D ( 'NONE', #1351, #1350, #1374 ) ;
#5197 = AXIS2_PLACEMENT_3D ( 'NONE', #3974, #4014, #3304 ) ;
#5198 = AXIS2_PLACEMENT_3D ( 'NONE', #1373, #1352, #1341 ) ;
#5199 = AXIS2_PLACEMENT_3D ( 'NONE', #3468, #3451, #3447 ) ;
#5200 = AXIS2_PLACEMENT_3D ( 'NONE', #1347, #1363, #1371 ) ;
#5201 = AXIS2_PLACEMENT_3D ( 'NONE', #1354, #1370, #1360 ) ;
#5202 = AXIS2_PLACEMENT_3D ( 'NONE', #3449, #3459, #3450 ) ;
#5203 = AXIS2_PLACEMENT_3D ( 'NONE', #1362, #1343, #1346 ) ;
#5204 = AXIS2_PLACEMENT_3D ( 'NONE', #1356, #1358, #1364 ) ;
#5205 = AXIS2_PLACEMENT_3D ( 'NONE', #1398, #1390, #1405 ) ;
#5206 = AXIS2_PLACEMENT_3D ( 'NONE', #1402, #1412, #1378 ) ;
#5207 = AXIS2_PLACEMENT_3D ( 'NONE', #3485, #3491, #3516 ) ;
#5208 = AXIS2_PLACEMENT_3D ( 'NONE', #3456, #3438, #3453 ) ;
#5209 = AXIS2_PLACEMENT_3D ( 'NONE', #1367, #1357, #1359 ) ;
#5210 = AXIS2_PLACEMENT_3D ( 'NONE', #3489, #3507, #3490 ) ;
#5211 = AXIS2_PLACEMENT_3D ( 'NONE', #1382, #1399, #1401 ) ;
#5212 = AXIS2_PLACEMENT_3D ( 'NONE', #1425, #1418, #1424 ) ;
#5213 = AXIS2_PLACEMENT_3D ( 'NONE', #1427, #1423, #1419 ) ;
#5214 = AXIS2_PLACEMENT_3D ( 'NONE', #3505, #3503, #3506 ) ;
#5215 = AXIS2_PLACEMENT_3D ( 'NONE', #1421, #1429, #1430 ) ;
#5216 = AXIS2_PLACEMENT_3D ( 'NONE', #1396, #1411, #1397 ) ;
#5217 = AXIS2_PLACEMENT_3D ( 'NONE', #1448, #1445, #1446 ) ;
#5218 = AXIS2_PLACEMENT_3D ( 'NONE', #1392, #1386, #1383 ) ;
#5219 = AXIS2_PLACEMENT_3D ( 'NONE', #1431, #1433, #1435 ) ;
#5220 = AXIS2_PLACEMENT_3D ( 'NONE', #3514, #3515, #3484 ) ;
#5221 = AXIS2_PLACEMENT_3D ( 'NONE', #1422, #1443, #1447 ) ;
#5222 = AXIS2_PLACEMENT_3D ( 'NONE', #1409, #1410, #1376 ) ;
#5223 = AXIS2_PLACEMENT_3D ( 'NONE', #1394, #1408, #1377 ) ;
#5224 = AXIS2_PLACEMENT_3D ( 'NONE', #1395, #1407, #1384 ) ;
#5225 = AXIS2_PLACEMENT_3D ( 'NONE', #3369, #3361, #3365 ) ;
#5226 = AXIS2_PLACEMENT_3D ( 'NONE', #3493, #3500, #3494 ) ;
#5227 = AXIS2_PLACEMENT_3D ( 'NONE', #1372, #1345, #1365 ) ;
#5228 = AXIS2_PLACEMENT_3D ( 'NONE', #3483, #3509, #3512 ) ;
#5229 = AXIS2_PLACEMENT_3D ( 'NONE', #1366, #1342, #1355 ) ;
#5230 = AXIS2_PLACEMENT_3D ( 'NONE', #3482, #3486, #3488 ) ;
#5231 = AXIS2_PLACEMENT_3D ( 'NONE', #3462, #3444, #3445 ) ;
#5232 = AXIS2_PLACEMENT_3D ( 'NONE', #3496, #3498, #3502 ) ;
#5233 = AXIS2_PLACEMENT_3D ( 'NONE', #1375, #1400, #1406 ) ;
#5234 = AXIS2_PLACEMENT_3D ( 'NONE', #3508, #3518, #3513 ) ;
#5235 = AXIS2_PLACEMENT_3D ( 'NONE', #1368, #1340, #1369 ) ;
#5236 = AXIS2_PLACEMENT_3D ( 'NONE', #1361, #1339, #1349 ) ;
#5237 = EDGE_CURVE ( 'NONE', #794, #1792, #999, .T. ) ;
#5238 = EDGE_CURVE ( 'NONE', #1864, #1858, #1058, .T. ) ;
#5239 = EDGE_CURVE ( 'NONE', #506, #458, #1055, .T. ) ;
#5240 = EDGE_CURVE ( 'NONE', #803, #1750, #1063, .T. ) ;
#5241 = EDGE_CURVE ( 'NONE', #481, #432, #1038, .T. ) ;
#5242 = EDGE_CURVE ( 'NONE', #1858, #794, #1062, .T. ) ;
ENDSEC;
END-ISO-10303-21;
